OBJECTID,ULAND,UREGBEZ,UKREIS,UGEMEINDE,UJAHR,UMONAT,USTUNDE,UWOCHENTAG,UKATEGORIE,UART,UTYP1,ULICHTVERH,IstRad,IstPKW,IstFuss,IstKrad,IstGkfz,IstSonstig,LINREFX,LINREFY,XGCSWGS84,YGCSWGS84,STRZUSTAND
"49090","11","0","12","012","2019","01","13","6","3","5","3","0","1","1","0","0","0","0",794062.28375099995,5835083.82313000038,13.34146404600,52.58608514400,"1"
"49091","11","0","03","003","2019","01","09","5","3","5","3","0","1","1","0","0","0","0",799130.40068399999,5832327.41516999900,13.41356274500,52.55861543800,"0"
"49093","11","0","12","012","2019","03","21","6","3","0","1","2","1","0","0","0","0","0",795437.61296800000,5833549.45426000003,13.36033778900,52.57158588300,"0"
"49096","11","0","06","006","2019","01","07","6","2","6","4","1","0","1","1","0","0","0",786714.37541300000,5817042.13688000012,13.21776595200,52.42825102600,"1"
"49097","11","0","07","007","2019","02","15","3","3","2","6","0","0","1","0","0","0","0",796074.33421200002,5822724.90493000019,13.36006929000,52.47420801700,"0"
"49100","11","0","05","005","2019","01","07","5","3","2","6","2","0","1","0","0","0","0",784856.26116899995,5826356.23598999903,13.19846499000,52.51273314500,"1"
"49101","11","0","05","005","2019","01","08","3","3","6","6","0","0","1","1","0","0","0",783505.65020399995,5826701.33908999898,13.17891020300,52.51653113700,"0"
"49105","11","0","02","002","2019","01","07","5","3","6","2","0","0","1","1","0","0","0",803480.58151299995,5827610.53615999967,13.47322956200,52.51393265200,"1"
"49106","11","0","05","005","2019","02","18","1","3","5","2","2","0","1","0","0","0","0",783514.27700400003,5826711.66638999898,13.17904579700,52.51661925000,"0"
"49109","11","0","07","007","2019","01","17","5","3","3","2","2","0","1","0","0","0","1",798180.81570799998,5818901.14843999967,13.38757660200,52.43878651700,"0"
"49111","11","0","07","007","2019","01","18","5","3","2","6","2","0","1","0","0","0","1",796480.97332300001,5822570.43474000040,13.36590139400,52.47260275800,"0"
"49114","11","0","04","004","2019","01","16","5","2","0","1","2","0","0","0","1","0","0",792740.70916199998,5823246.87342999969,13.31158748400,52.48068423500,"0"
"49115","11","0","04","004","2019","02","12","6","3","2","6","0","0","0","0","0","1","1",791170.58218300005,5829471.67903000023,13.29397813200,52.53732879000,"0"
"49118","11","0","01","001","2019","03","13","5","3","2","6","0","0","1","0","0","0","0",798627.79799200001,5827029.86847999971,13.40141086300,52.51140634300,"0"
"49121","11","0","04","004","2019","01","17","4","3","2","6","2","0","1","0","0","0","0",790546.84484200005,5825193.69754999969,13.28107131300,52.49930944000,"1"
"49124","11","0","01","001","2019","01","12","4","3","2","6","0","0","1","0","0","0","0",798077.28257799998,5827663.24223999958,13.39389024800,52.51738483700,"1"
"49125","11","0","03","003","2019","01","13","4","3","5","3","0","0","1","0","0","1","0",798248.22637599998,5834742.93372999970,13.40276047900,52.58075091800,"0"
"49128","11","0","12","012","2019","01","17","4","3","6","2","2","0","1","1","0","0","0",795752.58383999998,5832685.93847000040,13.36420185500,52.56367428200,"1"
"49131","11","0","09","009","2019","01","06","4","3","3","6","2","0","1","0","1","0","0",806114.30099999998,5821639.80599999987,13.50643648800,52.45894914100,"1"
"49132","11","0","01","001","2019","02","06","7","2","5","2","2","0","1","0","1","0","0",796187.74399999995,5830191.84499999974,13.36837791900,52.54108077700,"0"
"49135","11","0","09","009","2019","01","05","4","3","3","6","2","0","1","0","0","1","0",804140.46067700000,5819917.88375000097,13.47590735600,52.44461788100,"1"
"49136","11","0","01","001","2019","01","11","1","3","5","3","0","1","0","0","0","0","0",796921.45327900001,5827454.81539999973,13.37672054200,52.51614702800,"1"
"49140","11","0","02","002","2019","01","08","4","3","5","3","1","1","1","0","0","0","0",803093.67129199998,5827633.67788999900,13.46756652800,52.51435520200,"1"
"49141","11","0","12","012","2019","02","15","6","3","5","3","0","0","1","0","0","0","1",793511.99839099997,5835884.64919999987,13.33407460100,52.59356118600,"0"
"49144","11","0","03","003","2019","01","07","4","3","6","4","2","0","1","1","0","0","0",801393.31135500001,5831071.62605000101,13.44570236700,52.54611207400,"1"
"49147","11","0","04","004","2019","01","07","4","3","2","6","2","0","1","0","0","0","0",791735.85398500005,5829205.12490000017,13.30205484600,52.53463687600,"1"
"49150","11","0","06","006","2019","01","07","4","2","6","2","2","0","1","1","0","0","0",786504.33030999999,5816947.16751000099,13.21460376500,52.42750957300,"1"
"49151","11","0","06","006","2019","02","18","3","3","2","6","2","0","1","0","0","0","0",792194.00481099996,5819596.85995000042,13.30036430800,52.44825505800,"0"
"49154","11","0","06","006","2019","01","09","3","3","2","6","0","0","1","0","0","0","0",785340.96707699995,5815774.97030999977,13.19654030500,52.41760744000,"1"
"49155","11","0","07","007","2019","02","10","7","3","2","6","0","0","1","0","0","0","0",798056.26228499995,5819439.92530000024,13.38623021800,52.44368396800,"0"
"49158","11","0","01","001","2019","01","19","3","3","2","6","2","0","1","0","0","0","0",796409.89922599995,5826288.54248999897,13.36816521300,52.50597078300,"1"
"49160","11","0","02","002","2019","01","19","3","3","2","6","2","1","0","0","0","0","0",802102.72272500000,5827496.00547999982,13.45288308300,52.51367100300,"1"
"49163","11","0","07","007","2019","01","17","3","3","5","3","2","0","1","0","0","0","0",797466.30802100000,5817929.80561000109,13.37623205800,52.43046844200,"1"
"49164","11","0","10","010","2019","02","10","4","2","5","3","0","1","1","0","0","0","0",807954.86514799995,5828854.35910000000,13.54010741700,52.52257208900,"0"
"49166","11","0","04","004","2019","03","14","4","3","2","6","0","0","1","0","0","0","0",792130.17146700004,5823763.91193000041,13.30307594100,52.48564636900,"0"
"49169","11","0","03","003","2019","01","12","3","3","4","1","0","0","1","0","0","0","0",802930.30301899998,5833241.27658000030,13.47027887100,52.56470568500,"1"
"49172","11","0","07","007","2019","01","19","2","3","6","4","2","0","0","1","0","0","1",797814.00860099995,5822706.02118000016,13.38559005900,52.47309300300,"1"
"49173","11","0","06","006","2019","01","17","4","2","0","1","2","0","0","0","1","0","0",783909.65467600001,5815944.99670999963,13.17569494400,52.41987634900,"1"
"49178","11","0","07","007","2019","01","12","1","3","6","2","0","0","1","1","0","0","0",797698.78085600003,5818765.90163999982,13.38038577400,52.43783676300,"0"
"49179","11","0","04","004","2019","02","05","6","3","0","1","1","0","0","0","1","0","0",790960.13295300002,5824654.00581999961,13.28667098200,52.49425089100,"1"
"49182","11","0","02","002","2019","01","11","7","3","5","2","0","0","1","0","0","0","0",802180.84900000005,5827729.14499999955,13.45424257300,52.51571735500,"0"
"49183","11","0","01","001","2019","01","11","1","3","5","3","0","1","0","0","0","0","0",796921.54699399997,5827454.83043000102,13.37672193300,52.51614711100,"1"
"49186","11","0","12","012","2019","01","07","6","3","2","2","1","0","1","0","0","0","0",794572.78178099997,5833802.73154000007,13.34783882800,52.57432504100,"1"
"49188","11","0","09","009","2019","01","19","6","3","2","6","2","0","1","0","0","0","0",803146.02778000000,5820827.15686000045,13.46214613300,52.45331990800,"0"
"49189","11","0","07","007","2019","02","12","6","3","5","2","0","1","1","0","0","0","0",799228.14513500000,5816332.37691999972,13.40064012500,52.41518865200,"0"
"49192","11","0","03","003","2019","01","18","6","3","5","3","2","1","1","0","0","0","0",800139.29842999997,5832459.02574000042,13.42851943700,52.55923997900,"1"
"49194","11","0","03","003","2019","01","20","4","3","5","3","2","1","0","0","0","0","1",798015.55691699998,5833645.40766000003,13.39835030100,52.57104064700,"0"
"49196","11","0","07","007","2019","01","18","6","3","1","5","2","1","1","0","0","0","0",795657.40563499997,5823950.33636999968,13.35503537700,52.48541892700,"1"
"49199","11","0","06","006","2019","01","18","5","3","5","2","2","1","1","0","0","0","0",793138.18781200005,5820207.45944999903,13.31475350900,52.45322350400,"0"
"49200","11","0","04","004","2019","02","02","7","2","0","1","2","0","1","0","0","0","0",790824.17857900006,5826587.65309999976,13.28636298200,52.51165855300,"1"
"49202","11","0","01","001","2019","03","17","7","3","2","7","1","1","1","0","0","0","0",798880.65663400001,5828063.98593000043,13.40605465000,52.52053725300,"0"
"49205","11","0","10","010","2019","01","18","4","3","2","6","2","0","1","0","0","0","0",808464.09716600005,5832381.08808999974,13.55086289400,52.55389005400,"1"
"49206","11","0","01","001","2019","02","16","5","3","0","6","0","1","1","0","0","0","0",795888.37569100002,5829545.26157999970,13.36340079800,52.53544741500,"0"
"49209","11","0","07","007","2019","01","13","4","3","5","3","0","0","1","0","0","1","0",795168.55423100002,5822981.69543999992,13.34699956300,52.47700020900,"0"
"49210","11","0","03","003","2019","01","14","2","3","0","2","1","1","1","0","0","0","0",799219.35184300004,5831430.52422999963,13.41406255200,52.55052736500,"0"
"49216","11","0","10","010","2019","03","16","3","3","5","2","0","0","1","0","0","0","0",812048.08480600000,5827139.68150999956,13.59863514400,52.50487964600,"0"
"49219","11","0","08","008","2019","01","03","4","3","3","6","2","0","1","0","0","1","0",802207.38717899995,5821926.65431999974,13.44937041900,52.46369459500,"1"
"49222","11","0","02","002","2019","01","04","3","3","2","6","2","0","1","0","0","0","0",797332.49392399995,5825588.42344000004,13.38109312600,52.49919298600,"1"
"49223","11","0","06","006","2019","01","11","3","2","5","2","0","0","1","0","0","0","0",794018.69099999999,5821046.74899999984,13.32841278800,52.46027449800,"1"
"49228","11","0","04","004","2019","01","05","3","3","9","1","2","0","1","0","0","0","0",790313.04731399997,5825487.57993000094,13.27789305300,52.50206856100,"1"
"49229","11","0","01","001","2019","02","10","4","1","5","2","0","1","0","0","0","1","0",799571.01199999999,5828269.92899999954,13.41638443100,52.52200439900,"0"
"49232","11","0","02","002","2019","01","02","3","3","2","6","2","0","1","0","0","0","0",797777.95764200005,5825474.65500000026,13.38753427400,52.49793029900,"1"
"49233","11","0","07","007","2019","01","21","7","3","2","6","2","0","1","0","0","0","0",797845.73234999995,5822074.49785999954,13.38549192900,52.46741480100,"1"
"49236","11","0","07","007","2019","01","14","6","3","5","2","0","1","1","0","0","0","0",797550.08799999999,5818304.14499999955,13.37779381900,52.43377847500,"0"
"49238","11","0","09","009","2019","01","02","3","3","2","4","2","0","1","1","0","0","0",802731.59739799995,5825212.33602000028,13.46004576400,52.49285397700,"1"
"49239","11","0","03","003","2019","02","18","5","3","2","6","2","0","1","0","0","0","0",800337.57641500002,5830029.63437000103,13.42923843900,52.53735546200,"0"
"49248","11","0","03","003","2019","02","15","6","3","6","2","0","0","1","1","0","0","0",801322.95690200001,5830980.63380999956,13.44458545000,52.54533542100,"0"
"49250","11","0","04","004","2019","03","12","6","3","5","2","0","0","0","0","1","0","1",793299.80037399998,5826818.80764999893,13.32294171900,52.51240525200,"0"
"49254","11","0","02","002","2019","02","20","4","3","2","6","2","1","0","0","0","0","0",802738.93670099997,5827670.92810000014,13.46238891100,52.51488607700,"0"
"49258","11","0","07","007","2019","01","23","7","2","9","1","2","0","1","0","0","0","0",798906.98262300005,5821904.27049000096,13.40091536400,52.46530936200,"1"
"49264","11","0","07","007","2019","02","06","2","3","2","6","0","0","1","0","0","0","1",797846.44492200005,5822349.19132000022,13.38574760400,52.46987673600,"0"
"49273","11","0","01","001","2019","02","16","2","3","5","7","0","0","1","0","0","0","0",796048.20989599999,5831337.49332999904,13.36734766400,52.55142619600,"0"
"49277","11","0","03","003","2019","02","18","4","3","6","4","1","1","0","1","0","0","0",799173.14086100005,5830789.64778000023,13.41280572600,52.54480828900,"0"
"49283","11","0","04","004","2019","01","13","6","3","2","6","0","0","1","0","0","0","0",790637.07976200001,5825050.80664000008,13.28227215500,52.49798036200,"0"
"49286","11","0","03","003","2019","02","19","3","3","1","5","2","1","1","0","0","0","0",800375.41473099997,5830010.80965000018,13.42977763300,52.53716587800,"0"
"49289","11","0","01","001","2019","03","14","7","3","4","6","0","1","1","0","0","0","0",797242.26489500003,5826765.30697999988,13.38081852700,52.50979160800,"1"
"49297","11","0","06","006","2019","01","19","5","2","6","4","2","0","1","1","0","0","0",782355.40628300002,5815729.75776000042,13.15271905100,52.41875051500,"1"
"49299","11","0","02","002","2019","02","13","5","3","5","3","0","1","0","0","0","0","0",801808.57443200005,5826347.66071000043,13.44752047500,52.50354113800,"0"
"49303","11","0","07","007","2019","02","16","3","3","2","6","0","0","1","0","0","0","0",795761.95400000003,5823111.60300000012,13.35582647900,52.47784370900,"0"
"49307","11","0","03","003","2019","01","12","3","3","5","2","0","1","0","0","0","1","0",800973.43476500001,5830485.58071000036,13.43899822200,52.54109138900,"0"
"49312","11","0","01","001","2019","02","22","7","3","2","6","2","0","1","0","0","0","0",798054.75404399994,5827659.62555999961,13.39355598100,52.51736473000,"0"
"49321","11","0","07","007","2019","02","08","5","2","6","2","0","0","1","1","0","0","0",795753.51500000001,5823099.57100000046,13.35569191300,52.47774042100,"0"
"49323","11","0","01","001","2019","03","22","5","3","2","2","2","1","0","0","0","0","1",798782.39159500005,5827998.14075000025,13.40455155100,52.52000089300,"0"
"49330","11","0","04","004","2019","01","07","4","3","3","6","1","0","1","0","0","0","0",790430.95975799998,5828269.05260000005,13.28205306500,52.52694190000,"1"
"49337","11","0","03","003","2019","02","14","7","3","5","3","0","1","1","0","0","0","0",801544.95499999996,5831193.72656999901,13.44804271800,52.54712255300,"0"
"49338","11","0","02","002","2019","03","07","6","3","1","1","0","0","1","0","0","0","0",797741.47844700003,5824501.89448000025,13.38612915300,52.48923052900,"0"
"49345","11","0","06","006","2019","01","12","4","2","2","6","0","0","1","0","0","0","0",785966.73661000002,5816632.55551999994,13.20644969400,52.42497000400,"1"
"49350","11","0","04","004","2019","02","18","1","3","2","6","2","0","1","0","0","0","0",793068.55937699997,5829585.48288000003,13.32198225700,52.53733162700,"0"
"49354","11","0","07","007","2019","01","07","2","3","2","6","2","0","1","0","0","0","0",799305.93375199998,5816197.57462999970,13.40165992800,52.41393778500,"1"
"49360","11","0","04","004","2019","02","14","7","3","3","6","0","0","1","0","0","0","1",790075.44923000003,5826321.71791000105,13.27512934400,52.50967309600,"0"
"49370","11","0","04","004","2019","02","19","4","3","2","6","2","0","1","0","0","0","0",791990.40418199997,5826616.30147000030,13.30352415800,52.51129234700,"0"
"49372","11","0","04","004","2019","03","12","4","3","2","6","0","0","1","0","0","0","0",790516.42900000000,5826393.68099999987,13.28167161000,52.51008357800,"0"
"49379","11","0","01","001","2019","01","12","3","3","3","6","0","1","1","0","0","0","0",799038.74027600000,5827532.03399000037,13.40789945000,52.51568241000,"0"
"49385","11","0","04","004","2019","02","09","5","3","5","7","0","0","1","0","1","0","0",792362.01343599998,5826678.44469000027,13.30903892300,52.51165039700,"0"
"49389","11","0","04","004","2019","01","06","7","3","5","2","1","0","1","0","0","0","1",792101.95075700001,5826635.13336000033,13.30517968300,52.51140144900,"0"
"49392","11","0","12","012","2019","01","10","6","3","2","6","0","0","1","0","0","0","1",791393.35148900002,5833814.01425000094,13.30106549900,52.57613782900,"1"
"49395","11","0","03","003","2019","02","12","6","2","5","2","0","0","1","0","0","0","1",799174.06121900002,5832231.90577999968,13.41411877100,52.55773536400,"0"
"49404","11","0","03","003","2019","01","00","1","3","3","6","2","0","1","0","0","0","0",799183.60385299998,5832120.82105999999,13.41415898400,52.55673442300,"1"
"49409","11","0","03","003","2019","02","17","6","3","3","6","1","1","1","0","0","0","0",800199.41268199997,5831003.08985999972,13.42808709800,52.54615693400,"0"
"49419","11","0","04","004","2019","02","10","2","3","2","6","0","0","1","0","0","1","0",790800.46770299994,5826935.51157000102,13.28631856700,52.51478974700,"0"
"49421","11","0","04","004","2019","03","08","2","3","3","6","0","0","1","0","0","1","0",790442.34235699999,5825254.70026999898,13.27958938700,52.49991196500,"0"
"49428","11","0","01","001","2019","01","10","3","3","5","2","0","0","1","0","0","0","0",796453.88100000005,5827390.80700000003,13.36979314000,52.51582761200,"1"
"49434","11","0","12","012","2019","02","11","4","3","2","2","0","0","1","0","0","0","0",795468.83888099995,5833468.68460999895,13.36072523900,52.57084491200,"0"
"49440","11","0","01","001","2019","01","06","5","3","6","2","2","0","1","1","0","0","0",798824.51309999998,5828011.07846000046,13.40518212000,52.52009378100,"1"
"49443","11","0","12","012","2019","02","16","5","3","2","6","0","0","1","0","0","0","0",795816.85270499997,5832407.69393999968,13.36489917200,52.56114518400,"0"
"49452","11","0","12","012","2019","01","17","5","3","3","6","2","0","1","0","0","0","0",795672.99366599997,5832907.14668000024,13.36322824600,52.56570042400,"0"
"49454","11","0","03","003","2019","03","23","6","3","5","2","2","0","1","0","0","0","0",799986.54073400004,5830197.62432000041,13.42422997000,52.53905455100,"0"
"49458","11","0","01","001","2019","02","18","4","3","2","2","2","1","1","0","0","0","0",799784.19803099998,5828665.24481999967,13.41987347600,52.52543060900,"0"
"49465","11","0","03","003","2019","02","18","6","3","1","5","2","1","0","0","0","0","1",800548.41524400003,5829803.14001999982,13.43213285100,52.53520911000,"0"
"49467","11","0","06","006","2019","03","12","7","3","1","1","0","0","1","0","0","0","0",779184.62002300005,5814995.88300999906,13.10560344800,52.41379650500,"0"
"49471","11","0","02","002","2019","02","15","4","3","3","6","0","1","1","0","0","0","0",802176.37805699999,5827706.48041999992,13.45415630300,52.51551669000,"0"
"49475","11","0","04","004","2019","01","11","2","3","3","6","0","0","1","0","0","0","0",791371.03030400001,5830534.09038999956,13.29785698800,52.54674599200,"0"
"49481","11","0","03","003","2019","02","15","3","3","5","3","0","1","1","0","0","0","0",802970.00256900000,5833351.90440999903,13.47096379400,52.56567512000,"0"
"49490","11","0","07","007","2019","02","15","3","3","2","6","0","0","1","0","0","0","0",795636.82194599998,5823954.69775000028,13.35473699900,52.48546916900,"0"
"49493","11","0","12","012","2019","03","14","6","3","0","7","0","0","1","0","0","0","0",787543.28809000005,5838730.95834999904,13.24867851700,52.62226787600,"0"
"49500","11","0","02","002","2019","01","16","5","3","5","2","0","1","1","0","0","0","0",802111.71128000005,5827388.09743999969,13.45291717500,52.51269884400,"0"
"49502","11","0","02","002","2019","02","15","5","3","6","7","0","1","0","1","0","0","0",803127.53875900002,5827630.32261000108,13.46806102500,52.51430630800,"0"
"49506","11","0","04","004","2019","02","09","2","3","5","7","0","1","1","0","0","0","0",790418.18251399999,5826358.66557000019,13.28019747700,52.50982197600,"0"
"49510","11","0","06","006","2019","01","19","3","3","0","6","2","0","0","0","1","0","1",789692.90399999998,5817964.52900000010,13.26225038100,52.43495163600,"1"
"49515","11","0","04","004","2019","02","14","7","3","2","6","0","0","1","0","0","0","0",791249.84292700002,5829816.29913999978,13.29544552300,52.54037590600,"0"
"49522","11","0","03","003","2019","01","08","3","3","3","6","0","0","1","0","0","1","0",799958.02520799998,5828910.68993000034,13.42264941400,52.52753501700,"0"
"49528","11","0","07","007","2019","02","15","2","3","2","6","0","0","1","0","0","0","1",796279.06447600003,5822691.60259000026,13.36304512900,52.47379847800,"0"
"49537","11","0","07","007","2019","02","07","6","3","3","6","1","0","1","0","0","0","0",799751.90239099995,5814179.81257999968,13.40639144500,52.39560708800,"1"
"49540","11","0","01","001","2019","03","07","5","3","0","5","0","1","1","0","0","0","0",799676.43497700000,5828479.04160999972,13.41812201200,52.52382083500,"1"
"49547","11","0","03","003","2019","01","14","4","3","1","5","0","1","1","0","0","0","0",799114.58360200003,5832339.20995000098,13.41334075300,52.55872984800,"0"
"49554","11","0","03","003","2019","02","15","7","3","5","2","0","1","1","0","0","0","0",799197.11106799997,5831455.21683000028,13.41375776600,52.55076091200,"0"
"49558","11","0","03","003","2019","01","15","2","2","6","4","0","0","1","1","0","0","0",800946.76156999997,5830492.91703000106,13.43861275200,52.54117187700,"0"
"49563","11","0","01","001","2019","02","15","6","3","1","5","0","0","1","0","0","0","0",795953.67732500006,5831634.00413000025,13.36622182300,52.55413548900,"0"
"49573","11","0","03","003","2019","02","17","4","3","5","7","2","1","0","0","0","0","1",798058.61272600002,5834034.66512000002,13.39933358400,52.57450620900,"0"
"49575","11","0","04","004","2019","03","09","3","2","2","6","0","0","1","0","0","1","0",790510.71311600006,5827472.39262999967,13.28252945100,52.51975732700,"0"
"49582","11","0","03","003","2019","01","17","3","3","5","3","1","1","1","0","0","0","0",798153.56361700001,5836012.72558999900,13.40251013100,52.59218459700,"1"
"49587","11","0","03","003","2019","02","15","4","3","4","6","0","1","0","0","0","0","0",799148.80875700002,5830786.73373000044,13.41244536000,52.54479552900,"0"
"49589","11","0","04","004","2019","03","10","4","3","0","6","0","1","1","0","0","0","0",788846.57697299996,5826110.73417000100,13.25688957300,52.50843364400,"1"
"49596","11","0","07","007","2019","01","12","4","2","5","3","0","0","1","0","0","0","1",797054.73926099995,5816808.28486000001,13.36920032700,52.42063859600,"0"
"49603","11","0","08","008","2019","02","18","6","3","3","6","1","0","1","0","0","1","0",801699.62864000001,5821804.61179000046,13.44180883800,52.46288128500,"0"
"49607","11","0","06","006","2019","01","02","1","3","9","1","2","0","1","0","0","0","0",794257.11711700005,5821457.53861000109,13.33227405400,52.46382870800,"2"
"49610","11","0","03","003","2019","01","21","5","2","0","5","2","0","1","0","1","0","0",799855.22269900003,5830225.51056000032,13.42232471600,52.53937677800,"1"
"49613","11","0","03","003","2019","02","11","6","3","5","3","0","1","1","0","0","0","0",798165.59586200002,5836120.96609999985,13.40278466400,52.59314821500,"0"
"49623","11","0","02","002","2019","02","19","1","3","2","6","2","0","1","0","0","0","0",797759.72017300001,5824117.58913999982,13.38605367800,52.48577572200,"1"
"49625","11","0","03","003","2019","03","17","1","3","2","6","0","0","1","0","0","0","0",800606.50361000001,5829927.69287000038,13.43309934200,52.53629346900,"0"
"49632","11","0","04","004","2019","01","16","2","3","2","6","0","0","1","0","0","0","0",793360.51128300000,5826868.21196999960,13.32387731900,52.51281549200,"0"
"49638","11","0","06","006","2019","02","16","4","3","2","6","0","0","1","0","0","0","0",789805.67318699998,5817996.93247000035,13.26393265700,52.43518240700,"0"
"49644","11","0","07","007","2019","01","19","5","3","2","6","2","0","1","0","0","0","0",798247.07701100002,5818690.61493000109,13.38836064500,52.43686318400,"1"
"49650","11","0","05","005","2019","02","18","5","3","2","6","2","0","1","0","0","0","0",785413.32342499995,5826207.64513000101,13.20652400800,52.51110967400,"1"
"49654","11","0","12","012","2019","01","21","7","3","3","6","2","0","1","0","1","0","0",793415.65657600004,5836179.16115999967,13.33291735000,52.59625327400,"0"
"49657","11","0","07","007","2019","01","18","5","2","6","4","2","0","1","1","0","0","0",795409.39845500002,5823400.76838999894,13.35090668200,52.48062668600,"1"
"49660","11","0","09","009","2019","02","18","5","3","5","2","2","1","1","0","0","0","0",806524.05347200006,5821210.68917999975,13.51205438600,52.45487358400,"0"
"49669","11","0","03","003","2019","02","05","6","3","6","2","2","0","1","1","0","0","0",801520.66759700002,5831177.58524999954,13.44767097800,52.54699132100,"0"
"49671","11","0","01","001","2019","03","22","7","3","2","2","2","0","1","0","0","0","0",796420.40266200004,5826328.37559000030,13.36835497900,52.50632214200,"0"
"49675","11","0","01","001","2019","02","06","4","2","5","3","1","0","1","0","0","0","1",795879.05695300002,5832057.27046999894,13.36550170500,52.55797019300,"0"
"49679","11","0","01","001","2019","01","02","1","2","6","4","2","0","1","1","0","0","0",799346.08404300001,5827965.92870999966,13.41280557600,52.51940302300,"1"
"49685","11","0","01","001","2019","02","11","2","3","3","6","0","1","0","0","0","1","0",797686.56938200002,5826838.68022000045,13.38741155800,52.51020703800,"0"
"49694","11","0","04","004","2019","02","23","2","3","3","6","2","0","1","0","0","0","0",792627.29208299995,5823373.06654999964,13.31003293500,52.48187631700,"0"
"49697","11","0","10","010","2019","03","11","6","3","5","3","0","1","1","0","0","0","0",812564.84693200001,5827180.93221000023,13.60626264500,52.50495353000,"1"
"49704","11","0","01","001","2019","01","14","4","3","2","6","0","0","1","0","0","0","0",796677.75274699996,5826255.04667999968,13.37207021500,52.50552494100,"0"
"49707","11","0","07","007","2019","02","18","4","3","6","7","1","1","0","1","0","0","0",797835.82539400004,5822235.16215999983,13.38548993700,52.46886038000,"0"
"49710","11","0","04","004","2019","03","10","7","3","2","6","0","0","1","0","0","0","0",790663.89586699998,5824994.82593000028,13.28261721300,52.49746420900,"1"
"49718","11","0","02","002","2019","01","07","5","3","1","5","0","0","1","1","0","0","0",803287.35443399998,5827630.90342000034,13.47040942800,52.51422267400,"0"
"49720","11","0","06","006","2019","02","14","5","3","2","6","0","0","1","0","0","0","0",793522.40298699995,5820378.91017000098,13.32054209500,52.45455432600,"0"
"49724","11","0","04","004","2019","02","14","3","3","5","3","0","0","1","0","0","0","0",787863.41487099999,5825952.01023999974,13.24230614200,52.50753029200,"0"
"49728","11","0","04","004","2019","01","13","3","3","2","6","0","0","1","0","0","1","0",790535.64592699998,5828603.84932999965,13.28388441800,52.52988757600,"0"
"49733","11","0","07","007","2019","02","18","1","3","2","6","2","0","1","0","0","0","0",795676.15313200001,5823968.19307999965,13.35532650200,52.48556884600,"0"
"49742","11","0","12","012","2019","02","11","5","3","2","2","0","0","1","0","0","0","0",791785.92862799997,5839413.61498999968,13.31177768900,52.62612566100,"0"
"49744","11","0","09","009","2019","03","06","5","3","2","6","0","0","0","0","0","1","0",805703.94193900004,5818830.73924000002,13.49784532800,52.43400244100,"1"
"49751","11","0","07","007","2019","01","13","4","3","2","6","0","0","1","0","0","0","0",796595.93638299999,5815991.63545999955,13.36174955200,52.41356679100,"0"
"49758","11","0","07","007","2019","02","14","7","3","0","1","0","0","0","0","1","0","0",795102.06985400000,5823020.83332000021,13.34605813000,52.47738698200,"0"
"49762","11","0","01","001","2019","01","16","1","3","2","6","2","0","1","0","0","0","0",796286.06939700001,5830278.27029999997,13.36990058200,52.54180203600,"0"
"49767","11","0","02","002","2019","02","15","6","2","0","1","0","1","0","0","0","0","0",802148.99304199999,5827725.84518000018,13.45377155100,52.51570542700,"0"
"49772","11","0","03","003","2019","02","08","1","3","0","7","0","0","1","0","0","0","0",800835.23912200006,5829741.57380000036,13.43629309100,52.53449904100,"0"
"49776","11","0","10","010","2019","01","14","2","3","2","6","0","0","1","0","0","0","0",813816.07178799994,5827138.75062999967,13.62459704200,52.50385738700,"1"
"49782","11","0","03","003","2019","02","10","7","2","9","1","0","0","1","0","0","0","0",799195.28952899994,5831415.73948999960,13.41369541000,52.55040806000,"0"
"49792","11","0","06","006","2019","02","08","4","3","2","6","0","0","1","0","0","1","0",789530.10951800004,5817972.00837999955,13.25986885400,52.43510489000,"0"
"49794","11","0","02","002","2019","03","13","4","3","5","2","0","1","1","0","0","0","0",803082.74531799997,5827634.79810999893,13.46740703200,52.51437131400,"0"
"49801","11","0","07","007","2019","01","16","4","3","2","6","1","0","1","0","0","0","0",798015.27645400004,5822313.79186000023,13.38819408700,52.46946734600,"0"
"49807","11","0","01","001","2019","02","16","6","3","3","6","0","0","1","0","1","0","0",795341.18368599995,5827193.00270000007,13.35326771000,52.51465814000,"0"
"49811","11","0","10","010","2019","01","10","7","1","6","4","0","0","1","1","0","0","0",807656.05228700000,5829873.13886999898,13.53665970000,52.53187103000,"1"
"49814","11","0","04","004","2019","01","22","5","3","9","1","2","0","1","0","0","0","0",790921.47057100001,5824686.83188000042,13.28613177400,52.49456578700,"1"
"49817","11","0","12","012","2019","02","14","6","3","5","3","0","1","1","0","0","0","0",794053.07299999997,5835100.46399999969,13.34134325300,52.58623929500,"0"
"49826","11","0","02","002","2019","02","19","6","3","5","7","2","0","1","0","0","0","0",802179.83114100003,5827735.00389000028,13.45423293900,52.51577043200,"0"
"49828","11","0","01","001","2019","03","12","7","3","0","6","0","0","1","0","0","0","1",799590.57257399999,5828313.67752000038,13.41671127500,52.52238579000,"0"
"49840","11","0","07","007","2019","02","13","2","3","5","7","0","0","0","0","0","0","1",798234.27222399996,5818746.06311000045,13.38822230800,52.43736719900,"0"
"49842","11","0","01","001","2019","03","13","2","3","2","6","0","0","1","0","0","0","0",796181.09180399997,5831025.74476000015,13.36902369600,52.54855945400,"0"