OBJECTID,ULAND,UREGBEZ,UKREIS,UGEMEINDE,UJAHR,UMONAT,USTUNDE,UWOCHENTAG,UKATEGORIE,UART,UTYP1,ULICHTVERH,IstRad,IstPKW,IstFuss,IstKrad,IstGkfz,IstSonstig,LINREFX,LINREFY,XGCSWGS84,YGCSWGS84,STRZUSTAND
"49849","11","0","07","007","2019","01","11","3","3","5","3","0","0","0","0","1","0","1",797550.82818900002,5818307.39432999957,13.37780756700,52.43380720000,"1"
"49855","11","0","12","012","2019","02","08","4","3","5","2","0","1","0","0","0","0","1",794559.15963799995,5833821.74057999998,13.34765528400,52.57450281400,"0"
"49859","11","0","04","004","2019","01","21","7","3","3","6","2","0","1","0","0","0","0",790146.94237299997,5826333.04335999954,13.27618969400,52.50973660900,"0"
"49862","11","0","01","001","2019","01","15","5","3","3","6","0","0","1","0","0","0","0",796439.12030499999,5826321.95375000034,13.36862423200,52.50625440700,"0"
"49865","11","0","03","003","2019","02","17","5","3","2","2","1","1","1","0","0","0","0",799180.74800000002,5830360.85800000001,13.41253140100,52.54096067400,"0"
"49874","11","0","02","002","2019","02","14","6","3","5","3","0","1","1","0","0","0","0",803499.95115099999,5827608.43487999961,13.47351220400,52.51390304200,"0"
"49876","11","0","01","001","2019","03","13","6","3","1","5","0","1","1","0","0","0","0",795899.67108200002,5831859.11390999891,13.36562823900,52.55618271700,"0"
"49880","11","0","01","001","2019","02","19","4","2","6","4","2","0","1","1","0","0","0",798209.58257299999,5826945.70261999965,13.39519118300,52.51088069800,"0"
"49884","11","0","04","004","2019","01","13","5","3","3","6","0","0","1","0","0","1","0",790467.86858899996,5825322.65971999988,13.28002364400,52.50050764200,"0"
"49890","11","0","04","004","2019","02","06","2","3","2","6","1","0","1","0","0","0","0",790479.51086399995,5828454.88183000032,13.28292907200,52.52858199600,"1"
"49894","11","0","04","004","2019","02","06","5","3","3","6","1","0","1","0","0","1","0",790861.74868900003,5824716.14527999982,13.28528016200,52.49486041300,"0"
"49898","11","0","07","007","2019","01","20","2","3","6","2","2","0","1","1","0","0","0",797867.58823999995,5820441.11359000020,13.38435523900,52.45276137300,"1"
"49904","11","0","02","002","2019","02","23","4","3","6","4","2","0","0","1","0","0","1",801877.05927400000,5826535.50636999961,13.44869668900,52.50518692900,"0"
"49909","11","0","04","004","2019","01","15","4","3","2","6","0","0","1","0","0","0","0",792214.14847999997,5829346.80420000013,13.30921088000,52.53565075900,"1"
"49912","11","0","09","009","2019","01","15","5","3","5","3","0","1","1","0","0","0","0",804104.64684900001,5824365.09499000106,13.47943433900,52.48449719700,"0"
"49915","11","0","02","002","2019","02","15","3","3","3","6","0","1","1","0","0","0","0",797792.31963499996,5825524.90799999982,13.38779014300,52.49837292200,"0"
"49918","11","0","12","012","2019","03","20","7","2","8","1","2","0","1","0","0","0","0",792106.09886499995,5832440.36730999965,13.31034374800,52.56344149100,"1"
"49926","11","0","02","002","2019","01","16","5","2","6","4","1","0","1","1","0","0","0",802977.58930300002,5827646.41208999977,13.46587273500,52.51453382900,"0"
"49928","11","0","03","003","2019","02","14","5","3","2","2","0","1","1","0","0","0","0",798001.24717400002,5833659.89369000029,13.39815279900,52.57117832800,"0"
"49932","11","0","09","009","2019","02","16","3","3","6","4","0","0","1","1","0","0","0",804106.56099999999,5824366.79000000004,13.47946398700,52.48451132300,"0"
"49933","11","0","02","002","2019","01","11","3","2","5","3","0","1","1","0","0","0","0",802178.10149399994,5827715.21705000103,13.45418955800,52.51559404100,"1"
"49937","11","0","07","007","2019","01","11","3","2","6","4","0","0","1","1","0","0","0",798282.68800800003,5818655.08476000000,13.38885124600,52.43652527500,"0"
"49942","11","0","06","006","2019","02","23","7","2","5","2","2","1","1","0","0","0","0",783889.22330700001,5815954.01857999992,13.17540296400,52.41996784200,"0"
"49951","11","0","10","010","2019","02","08","5","3","2","6","0","0","1","0","0","0","0",808084.48112200003,5827445.61359000020,13.54070742100,52.50987381400,"0"
"49953","11","0","10","010","2019","03","07","4","3","0","2","0","1","0","0","0","0","1",813046.81315299997,5827190.73840999976,13.61334959700,52.50476510900,"0"
"49959","11","0","02","002","2019","01","17","3","3","6","4","1","1","0","1","0","0","0",797848.78728000005,5825021.38475999981,13.38816929100,52.49382861600,"1"
"49964","11","0","09","009","2019","02","11","2","3","6","4","0","0","1","1","0","0","0",803257.54337299999,5824408.68360999972,13.46703748700,52.48535900800,"1"
"49967","11","0","07","007","2019","03","20","5","2","3","6","2","0","1","0","0","0","1",799326.56362699997,5821545.08990999963,13.40675104300,52.46186010100,"0"
"49974","11","0","04","004","2019","01","15","4","3","2","6","0","0","1","0","0","1","0",794328.93818299996,5823063.91719000041,13.33474545300,52.47819041400,"0"
"49980","11","0","07","007","2019","02","14","1","3","5","2","0","1","1","0","0","0","0",795496.13399999996,5823347.59999999963,13.35213303400,52.48010314200,"0"
"49981","11","0","01","001","2019","01","17","2","3","2","6","2","0","1","0","0","0","0",796696.03445000004,5826198.44673999958,13.37228833600,52.50500763800,"0"
"49985","11","0","07","007","2019","01","17","2","3","2","6","1","0","1","0","0","0","0",799194.30234199995,5816412.83511999995,13.40021592900,52.41592836300,"0"
"49991","11","0","03","003","2019","02","08","6","2","5","2","0","1","0","0","0","0","0",800459.54667099996,5829705.87028999906,13.43073864800,52.53438625500,"0"
"49996","11","0","01","001","2019","01","17","2","3","2","7","2","1","1","0","0","0","1",799186.24059700000,5828361.26346000005,13.41081242800,52.52303432900,"1"
"50002","11","0","04","004","2019","02","18","4","3","5","2","2","1","1","0","0","0","0",792757.40881000005,5826766.54050000012,13.31492609300,52.51222807900,"0"
"50004","11","0","05","005","2019","03","12","4","2","2","6","0","0","1","0","0","1","0",783541.71794700006,5826708.44324999955,13.17944636400,52.51657608400,"0"
"50008","11","0","04","004","2019","01","09","2","3","2","6","0","0","1","0","0","0","0",790769.78422100004,5824855.22446000017,13.28405076000,52.49615626700,"1"
"50012","11","0","07","007","2019","01","17","3","3","2","6","1","0","1","0","0","0","0",794753.12740200001,5823139.39293000102,13.34103997600,52.47863823500,"0"
"50018","11","0","01","001","2019","02","22","5","3","5","3","2","1","1","0","0","0","0",799313.36399300001,5827964.96554000024,13.41232392100,52.51941235000,"1"
"50019","11","0","07","007","2019","01","16","1","3","8","1","2","0","1","0","0","0","0",796999.68102100003,5822372.22109999973,13.37333913000,52.47054418500,"1"
"50023","11","0","03","003","2019","01","23","7","3","2","6","2","0","1","0","0","0","0",801342.92071900005,5831028.56472999975,13.44492244300,52.54575398700,"0"
"50025","11","0","01","001","2019","01","05","1","3","5","3","2","0","1","0","0","0","0",795879.01311800000,5832057.50588999968,13.36550127000,52.55797232700,"1"
"50026","11","0","04","004","2019","01","08","1","2","9","1","0","0","1","0","0","0","0",791135.36424499995,5824654.69302999973,13.28924538200,52.49416361100,"1"
"50030","11","0","04","004","2019","01","10","4","2","3","6","0","0","1","0","0","1","1",790463.14144200005,5828452.24339000043,13.28268614400,52.52856706400,"1"
"50037","11","0","07","007","2019","02","13","7","3","0","1","0","0","0","0","1","0","0",796212.24181299994,5822713.14199000038,13.36208331600,52.47402780200,"0"
"50038","11","0","04","004","2019","01","19","7","3","5","2","2","1","1","0","0","0","0",788939.72999999998,5826125.88800000027,13.25827145500,52.50852017200,"1"
"50042","11","0","12","012","2019","01","13","1","3","2","4","0","0","1","1","0","0","0",795831.08003700001,5832326.27163000032,13.36503585400,52.56040758500,"0"
"50044","11","0","03","003","2019","01","19","7","3","6","2","2","0","1","1","0","0","0",799962.34993300005,5830228.50141999964,13.42390223200,52.53934462900,"1"
"50046","11","0","02","002","2019","01","16","5","3","5","2","1","1","1","0","0","0","0",797852.92099100002,5825504.69893999957,13.38866215000,52.49815870000,"0"
"50049","11","0","07","007","2019","02","09","6","3","5","2","0","1","1","0","0","0","0",797884.34601300000,5820426.67860000022,13.38458823900,52.45262284700,"0"
"50054","11","0","07","007","2019","01","18","7","3","2","6","2","0","1","0","0","0","0",795895.60429199995,5824374.61163999978,13.35890970000,52.48909317200,"1"
"50060","11","0","03","003","2019","02","16","1","2","6","4","1","0","1","1","0","0","0",801790.87273299997,5831371.16189000104,13.45181955300,52.54857673000,"0"
"50062","11","0","07","007","2019","03","10","2","3","5","2","0","0","1","0","0","1","0",798879.53300000005,5817226.87100000028,13.39632855500,52.42339721800,"0"
"50069","11","0","12","012","2019","01","17","2","3","2","6","2","0","1","0","0","0","0",792028.78152700001,5838615.03177000023,13.31464997300,52.61883626400,"1"
"50075","11","0","04","004","2019","02","16","4","3","2","6","0","0","1","0","0","0","0",790797.87977300002,5826467.40075999964,13.28587147800,52.51059451000,"0"
"50081","11","0","03","003","2019","01","17","5","3","4","6","1","1","0","0","0","0","0",801562.58989199996,5829002.32588000037,13.44631337900,52.52747117500,"0"
"50084","11","0","10","010","2019","02","07","5","3","5","3","1","1","1","0","0","0","0",812581.72226700000,5827181.81304000039,13.60651129000,52.50495175600,"0"
"50093","11","0","02","002","2019","01","08","4","3","5","3","1","0","1","0","0","0","0",803502.54215400002,5827608.12968000025,13.47354998900,52.51389886500,"1"
"50096","11","0","04","004","2019","02","12","6","2","5","3","0","0","1","0","0","1","0",790513.84384800005,5826374.63422000036,13.28161700000,52.50991419900,"0"
"50106","11","0","12","012","2019","02","17","6","3","6","4","2","0","1","1","0","0","0",792365.73502200004,5837743.33342999965,13.31884254400,52.61084076100,"0"
"50108","11","0","04","004","2019","03","18","7","3","2","6","2","0","1","0","0","0","1",790629.87205300003,5825033.72527000029,13.28215137300,52.49783106400,"0"
"50112","11","0","04","004","2019","02","15","4","3","3","6","0","0","1","0","0","0","0",789163.03777599998,5826159.81830000039,13.26158206000,52.50870604400,"0"
"50116","11","0","12","012","2019","01","02","1","3","9","1","2","0","1","0","0","0","0",790618.14105600002,5835018.24775999971,13.29071400800,52.58734814400,"1"
"50122","11","0","12","012","2019","02","13","3","3","2","6","0","0","1","0","0","0","1",791221.30870299996,5833937.72164000012,13.29864253000,52.57733893000,"0"
"50127","11","0","03","003","2019","01","15","7","3","5","3","1","1","1","0","0","0","0",803322.82670700003,5833646.05828000046,13.47642215400,52.56811506200,"1"
"50132","11","0","02","002","2019","02","07","2","3","0","2","0","1","1","0","0","0","0",802144.42654999997,5827754.66170999967,13.45373062800,52.51596623900,"0"
"50135","11","0","12","012","2019","03","08","6","3","6","7","0","1","0","1","0","0","0",795424.15818000003,5833584.25671000034,13.36017083900,52.57190515700,"0"
"50142","11","0","12","012","2019","01","15","4","3","2","6","0","0","1","0","0","0","0",794532.25200199999,5834217.83930000011,13.34761125800,52.57806807900,"0"
"50147","11","0","03","003","2019","02","07","2","3","5","3","0","1","1","0","0","0","0",799592.43595099996,5830298.95304999966,13.41852783700,52.54017960700,"0"
"50148","11","0","03","003","2019","01","16","6","3","0","6","2","0","1","0","0","0","1",798038.13292600005,5833806.47692000028,13.39882718000,52.57247204300,"1"
"50151","11","0","04","004","2019","01","17","3","3","2","6","0","0","1","0","0","0","0",792753.12161799998,5823252.49873000104,13.31177467700,52.48072801000,"0"
"50152","11","0","07","007","2019","10","16","3","2","6","4","0","0","1","1","0","0","0",796007.08162099996,5824913.86699999962,13.36102579400,52.49386670700,"1"
"50153","11","0","01","001","2019","06","18","5","3","2","6","0","0","1","0","0","0","0",796770.12013199995,5826669.73641999997,13.37379679600,52.50919197600,"0"
"50154","11","0","11","011","2019","09","07","2","3","9","1","0","0","1","0","0","0","0",804232.95624099998,5827533.49404999893,13.48421209000,52.51282302900,"0"
"50155","11","0","04","004","2019","12","23","5","3","8","1","2","0","1","0","0","0","0",790489.74652000004,5825267.23880000040,13.28029669400,52.49999914200,"1"
"50156","11","0","07","007","2019","06","01","7","3","5","3","2","1","1","0","0","0","0",797846.30944500002,5822358.01073000021,13.38575348900,52.46995586600,"0"
"50157","11","0","01","001","2019","05","17","4","3","2","7","0","0","1","0","0","0","0",796206.13037499995,5830833.55657000095,13.36922046300,52.54682307100,"0"
"50158","11","0","04","004","2019","11","02","1","3","9","1","2","0","1","0","0","0","0",791741.01390999998,5829190.73039000109,13.30211806800,52.53450507100,"1"
"50159","11","0","03","003","2019","06","08","6","3","6","4","0","1","0","1","0","0","0",800154.96429399995,5830844.12782000005,13.42728994200,52.54475660400,"0"
"50160","11","0","07","007","2019","11","14","5","2","5","2","0","1","1","0","0","0","0",795233.80462600000,5823511.49780999962,13.34842661300,52.48171426100,"0"
"50161","11","0","02","002","2019","08","16","5","3","4","6","0","1","0","0","0","0","1",802733.55278699996,5827686.54889000021,13.46232402500,52.51502907300,"0"
"50162","11","0","06","006","2019","05","13","4","2","0","7","0","0","1","0","0","0","0",779143.58542300004,5814992.55482999980,13.10499891200,52.41378758900,"0"
"50163","11","0","04","004","2019","10","08","1","2","1","1","0","0","1","0","0","0","0",790358.90719499998,5826367.42789999954,13.27933416700,52.50993208600,"0"
"50164","11","0","04","004","2019","09","16","2","3","5","2","0","0","1","0","1","0","0",793155.10190200002,5826840.74614000041,13.32083492700,52.51267971000,"0"
"50166","11","0","04","004","2019","06","14","6","2","6","7","0","0","1","1","0","0","0",790729.03490700002,5826428.99480000045,13.28482635500,52.51028689700,"0"
"50167","11","0","02","002","2019","08","16","5","3","3","6","0","0","0","0","0","0","1",796888.96044499998,5825916.58201000094,13.37487107900,52.50237606700,"0"
"50168","11","0","04","004","2019","05","13","4","3","2","6","0","0","1","0","0","0","0",791848.08173600002,5826613.76319999993,13.30143072600,52.51134575800,"0"
"50169","11","0","07","007","2019","06","16","7","3","5","3","0","0","1","0","0","0","0",798087.45639099996,5822286.01071000099,13.38922870900,52.46917894100,"0"
"50170","11","0","07","007","2019","09","10","2","2","5","2","0","0","1","0","1","0","0",798286.02106399997,5818647.84191999957,13.38889366900,52.43645853400,"0"
"50171","11","0","06","006","2019","12","16","1","3","5","3","2","0","1","0","0","0","0",792449.22884500003,5819744.80944999959,13.30423859500,52.44944494300,"1"
"50172","11","0","05","005","2019","06","13","6","3","2","6","0","0","0","0","1","1","0",783505.53023699997,5826701.19546999969,13.17890831800,52.51652991200,"0"
"50173","11","0","06","006","2019","08","15","5","3","0","3","0","1","1","0","0","0","0",786710.21265300002,5817015.39049999975,13.21768196500,52.42801340200,"0"
"50174","11","0","03","003","2019","11","16","2","3","5","2","0","0","1","0","0","0","0",800958.47172399994,5830510.81180999894,13.43880111000,52.54132580300,"0"
"50175","11","0","04","004","2019","08","16","5","3","0","3","0","1","1","0","0","0","0",791299.71822000004,5826502.10371000040,13.29327556400,52.51063786000,"0"
"50176","11","0","04","004","2019","05","12","4","3","2","6","0","0","1","0","1","0","0",793472.43053899996,5826887.10878999904,13.32553846900,52.51292468800,"0"
"50177","11","0","11","011","2019","10","13","1","3","3","6","0","0","1","0","1","0","0",804860.08343100001,5827449.89257999975,13.49334813400,52.51172361900,"0"
"50178","11","0","07","007","2019","09","17","7","3","3","6","0","0","1","0","0","0","0",796008.04820700001,5824676.28168000001,13.36082890800,52.49173643200,"0"
"50180","11","0","12","012","2019","06","14","6","3","2","6","0","0","1","0","0","0","1",791683.06483900000,5830988.05690999981,13.30284428900,52.55064871300,"0"
"50181","11","0","02","002","2019","08","14","5","3","0","1","0","1","1","0","0","0","0",802149.16280900000,5827848.07895999961,13.45388504600,52.51680091400,"0"
"50182","11","0","02","002","2019","05","11","4","3","0","6","0","0","1","0","1","0","0",801657.60371599998,5828865.41865000036,13.44758549900,52.52619150400,"0"
"50183","11","0","04","004","2019","11","15","3","3","3","6","0","0","1","0","0","1","0",791541.10937600001,5826561.81943999976,13.29687471300,52.51104424400,"0"
"50184","11","0","07","007","2019","06","09","4","3","2","6","0","0","1","0","0","0","0",799410.43121700000,5815947.73388999980,13.40296830100,52.41164112400,"0"
"50185","11","0","04","004","2019","09","17","7","3","0","1","0","1","0","0","0","0","0",787967.64715600002,5825968.85964000039,13.24385223400,52.50762634500,"0"
"50186","11","0","05","005","2019","12","23","7","3","5","2","2","0","1","0","0","0","0",783517.18700000003,5826715.15000000037,13.17909153500,52.51664897200,"1"
"50187","11","0","04","004","2019","08","12","5","3","2","6","0","0","1","0","0","0","1",791795.79790100001,5826583.51379999984,13.30063597300,52.51110254800,"0"
"50188","11","0","03","003","2019","10","17","3","3","2","6","2","0","1","0","0","0","0",799205.22789500002,5832153.08970999904,13.41450608400,52.55701178000,"0"
"50189","11","0","02","002","2019","09","19","7","2","0","7","2","1","0","0","0","0","0",801810.21869000001,5826351.44921000022,13.44754806000,52.50357418500,"0"
"50190","11","0","06","006","2019","08","09","5","3","0","7","0","1","0","0","0","0","0",787857.29179499997,5817527.36495999992,13.23494698300,52.43200129400,"0"
"50191","11","0","07","007","2019","05","09","4","3","2","6","0","0","1","0","1","0","0",797808.26107100002,5823164.09035000019,13.38591470800,52.47720221400,"0"
"50192","11","0","01","001","2019","10","13","2","2","6","7","0","0","0","1","0","0","1",799234.94920300005,5827880.02402999904,13.41109528800,52.51869400900,"0"
"50193","11","0","03","003","2019","06","11","2","3","5","3","0","1","1","0","0","0","0",798175.83172300004,5836248.32234000042,13.40304997900,52.59428416000,"0"
"50194","11","0","03","003","2019","09","09","7","3","5","3","0","1","1","0","0","0","0",800844.05659499997,5830325.92588000000,13.43695170600,52.53973182200,"0"
"50196","11","0","02","002","2019","06","16","6","3","5","3","0","1","1","0","0","0","0",797065.08838400000,5825692.49229000043,13.37725832200,52.50027148200,"0"
"50197","11","0","04","004","2019","08","19","4","2","5","2","0","0","1","0","1","0","0",792744.96459400002,5826742.87416999973,13.31472242600,52.51202259700,"0"
"50198","11","0","03","003","2019","05","08","4","2","0","5","0","0","0","0","1","0","1",798175.97452000005,5836263.17851999961,13.40306545600,52.59441724500,"0"
"50199","11","0","04","004","2019","11","08","5","3","2","6","0","0","1","0","0","0","0",792099.06216199999,5823817.60530999955,13.30266616100,52.48614436700,"0"
"50200","11","0","01","001","2019","06","07","6","3","1","5","0","1","1","0","0","0","0",795927.42723799997,5831703.70897000097,13.36589791300,52.55477458700,"0"
"50201","11","0","12","012","2019","12","13","3","3","2","6","0","0","1","0","0","0","1",791653.96332300000,5830953.30891999975,13.30238578400,52.55035278900,"1"
"50202","11","0","01","001","2019","08","21","4","3","0","1","2","1","0","0","0","0","0",799254.99660299998,5827906.66512000002,13.41141382500,52.51892180600,"0"
"50203","11","0","12","012","2019","05","07","4","3","5","2","0","0","1","0","0","0","0",792354.49366799998,5837753.30527000036,13.31868581100,52.61093620000,"0"
"50204","11","0","01","001","2019","10","08","5","3","2","6","0","0","1","0","0","0","0",796162.32129200001,5825738.34788999893,13.36403880200,52.50117323600,"1"
"50205","11","0","02","002","2019","09","08","7","3","8","1","0","1","1","0","0","0","0",802124.54318699997,5828064.60639000032,13.45371995800,52.51875528700,"0"
"50207","11","0","04","004","2019","08","15","4","3","2","6","0","0","1","0","0","0","0",790564.59396500001,5825163.47592000011,13.28130567800,52.49902905000,"0"
"50208","11","0","02","002","2019","05","16","3","2","0","1","0","1","0","0","0","0","0",800940.94419499999,5827855.44821999967,13.43613986700,52.51753499500,"0"
"50209","11","0","02","002","2019","09","06","2","2","0","2","1","0","1","0","1","0","0",796852.29892500001,5825946.79014999978,13.37435948600,52.50266679800,"1"
"50210","11","0","01","001","2019","06","00","4","3","0","7","2","1","0","0","0","0","0",794603.40014499996,5827079.28658000007,13.34232623400,52.51403776200,"0"
"50211","11","0","01","001","2019","09","16","7","3","6","7","0","1","0","1","0","0","0",796735.86829599994,5827424.06931999978,13.37396620200,52.51597242600,"0"
"50212","11","0","07","007","2019","12","19","6","2","6","4","2","0","1","1","0","0","0",796077.40419999999,5825506.41909999959,13.36258527100,52.49914027900,"1"
"50213","11","0","04","004","2019","06","14","6","3","2","6","0","0","1","0","0","0","0",791314.14447900001,5830062.78507000022,13.29660710400,52.54255124000,"0"
"50214","11","0","02","002","2019","08","15","4","3","2","6","0","0","1","0","0","1","0",800453.84630300000,5827926.61454000045,13.42904720700,52.51844144700,"0"
"50215","11","0","11","011","2019","05","18","3","3","3","2","0","1","0","0","0","0","1",805619.75007099996,5827378.17427999992,13.50444149400,52.51065577600,"0"
"50216","11","0","12","012","2019","11","13","6","2","2","2","0","0","1","0","0","1","0",794380.16267400002,5834498.06180999894,13.34562213800,52.58066234700,"0"
"50217","11","0","01","001","2019","09","01","7","3","0","1","2","0","1","0","0","0","0",796480.25938199996,5827381.82431000099,13.37017272900,52.51573275200,"0"
"50218","11","0","01","001","2019","11","16","3","3","5","3","1","0","1","0","1","0","0",796094.76123499998,5829819.51527999993,13.36667907600,52.53779374400,"0"
"50219","11","0","07","007","2019","08","10","4","3","3","6","0","0","1","0","0","0","0",796073.27880099998,5825484.48304999899,13.36250517600,52.49894588000,"0"
"50220","11","0","01","001","2019","05","21","3","3","0","3","2","1","0","0","1","0","0",796349.33900000004,5826136.49799999967,13.36714022100,52.50464074500,"0"
"50221","11","0","09","009","2019","10","16","5","3","3","6","0","0","0","0","0","1","1",803811.06086199998,5823867.67251999956,13.47467089000,52.48020233500,"0"
"50222","11","0","07","007","2019","09","16","6","3","5","2","0","1","0","0","0","0","1",797630.51814499998,5818588.04750000034,13.37922617300,52.43627962700,"0"
"50224","11","0","07","007","2019","06","00","6","2","3","6","2","0","1","0","0","0","0",798497.92824899999,5822081.18938000035,13.39507022100,52.46711884800,"0"
"50225","11","0","07","007","2019","08","09","4","3","0","2","0","0","1","0","0","0","1",795661.56599699997,5823212.33949000109,13.35444197500,52.47880109200,"0"
"50226","11","0","03","003","2019","05","16","3","3","1","5","0","1","0","0","0","0","1",799210.60609400005,5831232.04461000022,13.41375511200,52.54875311100,"0"
"50227","11","0","01","001","2019","06","20","6","3","2","6","0","0","1","0","1","0","0",799235.54414799996,5827880.81378000043,13.41110474100,52.51870076200,"0"
"50228","11","0","01","001","2019","09","15","6","3","2","6","0","0","1","0","1","0","0",799107.10699000000,5827638.40242000017,13.40899957100,52.51659835800,"0"
"50229","11","0","01","001","2019","12","12","6","3","2","6","0","0","1","0","0","0","0",794720.23863100004,5827084.67948000040,13.34404778200,52.51402298500,"0"
"50230","11","0","07","007","2019","06","13","6","3","2","6","0","0","1","0","0","0","0",797803.45434599998,5818936.06139000040,13.38207267600,52.43930508700,"0"
"50231","11","0","04","004","2019","08","14","4","3","2","6","0","0","1","0","0","0","0",790902.90359999996,5824698.66344999894,13.28586939100,52.49468175400,"0"
"50232","11","0","01","001","2019","11","17","7","3","5","2","2","0","1","0","0","0","0",799107.00896200002,5827693.53431000095,13.40904769400,52.51709258900,"1"
"50233","11","0","01","001","2019","08","12","4","3","0","1","0","0","1","0","1","0","0",798931.28077900002,5828111.69306000043,13.40684141900,52.52093712900,"0"
"50234","11","0","05","005","2019","05","17","3","3","2","6","0","0","1","0","0","0","0",785333.16936199996,5826228.83643999975,13.20536429500,52.51134160900,"0"
"50235","11","0","02","002","2019","10","17","6","3","3","6","0","1","1","0","0","0","0",802136.90211200004,5827508.36962999962,13.45339644700,52.51376289200,"1"
"50236","11","0","09","009","2019","09","14","6","3","2","6","0","0","1","0","0","0","0",802865.26141499996,5825502.64649000019,13.46227241700,52.49538186300,"0"
"50238","11","0","12","012","2019","06","15","6","3","2","6","0","0","1","0","0","0","0",792156.71903399995,5831991.01680000033,13.31069277600,52.55938606400,"0"
"50239","11","0","07","007","2019","08","07","4","3","6","4","0","0","1","1","0","0","0",798289.55700000003,5818639.80399999954,13.38893835700,52.43638455400,"0"
"50240","11","0","07","007","2019","05","17","3","3","2","6","0","0","1","0","0","0","1",797547.66466400004,5818293.42494000029,13.37774873700,52.43368369900,"0"
"50241","11","0","02","002","2019","11","23","2","3","0","1","2","0","0","0","1","0","0",802113.45485700003,5827864.18185999990,13.45337503600,52.51696502500,"1"
"50242","11","0","03","003","2019","06","16","2","2","2","7","0","1","1","0","0","0","0",800048.45073000004,5829001.05534000043,13.42405989700,52.52829523300,"0"
"50243","11","0","03","003","2019","09","13","6","2","5","2","0","0","1","0","0","0","0",800620.00143199996,5829921.42502999958,13.43329208000,52.53622984400,"0"
"50244","11","0","11","011","2019","12","15","6","2","5","3","1","0","1","0","0","0","0",803684.20361400000,5835323.91707000043,13.48327434400,52.58295149100,"1"
"50245","11","0","04","004","2019","08","18","3","3","6","6","0","1","0","1","0","0","0",792510.66179399996,5826724.98085999954,13.31126397300,52.51198788800,"0"
"50246","11","0","07","007","2019","05","15","3","3","5","2","0","0","1","0","1","0","0",798286.35546300001,5818647.08176000044,13.38889789500,52.43645153700,"0"
"50247","11","0","12","012","2019","10","11","2","3","2","6","1","0","1","0","0","0","1",790642.28435600002,5835004.06359000038,13.29105693300,52.58720808700,"0"
"50248","11","0","02","002","2019","09","07","6","3","3","6","0","1","0","0","0","0","0",802691.98821800004,5827690.94759999961,13.46171737900,52.51509156700,"0"
"50249","11","0","03","003","2019","08","10","3","3","5","3","0","1","0","0","0","0","0",801390.50696300005,5829230.81374000013,13.44399156200,52.52961429300,"0"
"50250","11","0","03","003","2019","05","09","3","3","2","6","0","0","1","0","1","0","0",800175.76627300004,5832297.93902000040,13.42891007800,52.55777602100,"0"
"50251","11","0","03","003","2019","10","17","7","3","0","3","0","1","1","0","0","0","0",800711.62497500004,5829858.48959000036,13.43458192300,52.53561519500,"0"
"50252","11","0","03","003","2019","06","19","6","3","0","1","0","1","0","0","0","0","0",801390.83903300005,5829230.37428999972,13.44399604400,52.52961017100,"0"
"50253","11","0","01","001","2019","09","12","6","3","5","2","0","1","0","0","0","0","1",798799.36747900001,5828014.71227999963,13.40481588500,52.52014013200,"0"
"50255","11","0","02","002","2019","06","11","6","3","5","2","0","1","0","0","0","0","0",802451.83580000000,5827716.67659000028,13.45821253800,52.51545539700,"0"
"50256","11","0","02","002","2019","08","14","3","3","5","3","0","1","1","0","0","0","0",802119.89590000000,5828034.86658999976,13.45362466700,52.51849130400,"0"
"50257","11","0","09","009","2019","05","08","3","3","3","6","0","0","1","0","1","0","0",803255.23880499997,5824410.94620999973,13.46700571100,52.48538056700,"0"
"50258","11","0","10","010","2019","10","07","7","3","5","3","0","0","1","0","0","0","0",808903.92734000005,5833413.70756000001,13.55829057000,52.56289476600,"0"
"50259","11","0","03","003","2019","09","13","6","3","2","6","0","0","1","0","1","0","0",799220.35963800002,5831447.95631999988,13.41409308000,52.55068306300,"0"
"50261","11","0","04","004","2019","06","11","6","2","3","6","0","0","1","0","0","0","1",790628.29683100001,5825035.47835000046,13.28212976400,52.49784762000,"0"
"50262","11","0","02","002","2019","08","07","3","3","5","2","0","1","1","0","0","0","0",800955.29245299997,5827853.86024999898,13.43634924800,52.51751284400,"0"
"50263","11","0","04","004","2019","05","08","3","3","3","6","0","1","1","0","0","0","0",794023.81665900000,5826962.25306999963,13.33370659700,52.51330136900,"0"
"50264","11","0","03","003","2019","11","18","2","3","6","2","2","0","1","1","0","0","0",799999.60936999996,5830191.53799000103,13.42441658800,52.53899280400,"0"
"50265","11","0","07","007","2019","06","11","3","3","5","3","0","1","1","0","0","0","0",797936.83799999999,5820057.13599999994,13.38502877300,52.44928168800,"0"
"50266","11","0","07","007","2019","09","09","6","3","2","6","0","0","1","0","0","0","0",798508.46128000005,5822091.74564000033,13.39523425700,52.46720771700,"0"
"50267","11","0","01","001","2019","12","17","6","3","5","3","2","1","1","0","0","0","0",798821.90135299996,5828008.61725000106,13.40514153100,52.52007315100,"1"
"50268","11","0","03","003","2019","08","06","3","3","5","3","0","1","1","0","0","0","0",798329.47164100001,5834773.37963000033,13.40398337800,52.58097928200,"0"
"50269","11","0","03","003","2019","10","08","3","3","5","2","0","1","1","0","0","0","0",801548.72600000002,5831172.53500000015,13.44807892100,52.54693052500,"0"
"50270","11","0","11","011","2019","09","17","5","2","5","3","0","1","1","0","0","0","0",803720.48936300003,5827570.23328000028,13.47671723700,52.51343789600,"0"