OBJECTID,ULAND,UREGBEZ,UKREIS,UGEMEINDE,UJAHR,UMONAT,USTUNDE,UWOCHENTAG,UKATEGORIE,UART,UTYP1,ULICHTVERH,IstRad,IstPKW,IstFuss,IstKrad,IstGkfz,IstSonstig,LINREFX,LINREFY,XGCSWGS84,YGCSWGS84,STRZUSTAND
"50271","11","0","04","004","2019","08","09","3","3","2","6","0","0","1","0","0","0","0",792423.35863799998,5823351.65170999896,13.30701968900,52.48179358600,"0"
"50272","11","0","03","003","2019","05","16","2","3","5","3","0","1","0","0","0","0","1",799165.67829499999,5830373.86830999982,13.41232157400,52.54108556600,"0"
"50273","11","0","10","010","2019","10","10","1","3","9","1","0","0","1","0","0","0","0",808890.47417299997,5833379.29401999991,13.55806069900,52.56259399600,"0"
"50274","11","0","03","003","2019","06","12","1","3","4","6","0","0","1","0","0","0","0",798132.32156399998,5835510.54236000031,13.40174554400,52.58769491600,"0"
"50275","11","0","04","004","2019","09","16","5","3","2","6","0","0","1","0","0","0","0",791755.14321300003,5824164.07562999893,13.29791898500,52.48943433500,"0"
"50277","11","0","01","001","2019","06","15","6","2","0","6","0","1","0","0","0","0","0",799988.89694400004,5828081.82330999896,13.42235546600,52.52008859900,"0"
"50278","11","0","01","001","2019","05","22","2","3","5","2","2","0","1","0","0","0","0",796457.66485499998,5827391.41050999891,13.36984927600,52.51583096500,"0"
"50279","11","0","07","007","2019","11","17","4","3","2","6","2","0","1","0","0","0","0",796569.78613200004,5822512.09743000101,13.36715323800,52.47203160500,"0"
"50280","11","0","02","002","2019","06","15","6","3","0","7","0","0","0","0","1","0","1",802983.91929700004,5827645.81647999957,13.46596518900,52.51452497500,"1"
"50281","11","0","07","007","2019","12","11","2","2","6","7","0","0","1","1","0","0","0",798354.48977200000,5818485.51919000037,13.38975301700,52.43496614600,"1"
"50282","11","0","06","006","2019","08","08","3","3","6","2","0","0","1","1","0","0","0",791022.44683599996,5818795.34576999955,13.28247615500,52.44169426700,"0"
"50283","11","0","07","007","2019","05","18","2","3","2","6","0","0","1","0","0","0","0",794774.30277199997,5823140.03218000010,13.34135143300,52.47863253600,"1"
"50284","11","0","01","001","2019","10","08","3","3","5","2","0","0","0","0","0","1","0",799100.88859900006,5827683.36187000107,13.40894862100,52.51700476400,"0"
"50285","11","0","03","003","2019","09","09","5","3","0","1","0","1","0","0","0","0","0",798158.76639000000,5836482.58045000024,13.40300969500,52.59639328600,"0"
"50287","11","0","10","010","2019","08","17","2","3","5","3","0","1","0","0","0","0","0",808026.33964599995,5827457.77070000023,13.53986467600,52.51001559600,"0"
"50288","11","0","11","011","2019","05","07","2","3","5","2","0","1","1","0","0","0","0",804062.56828600005,5827550.87621000037,13.48172490500,52.51307382500,"0"
"50289","11","0","07","007","2019","09","16","7","3","2","6","1","0","1","0","0","0","0",795329.01082199998,5822539.92035999987,13.34896405900,52.47295325400,"1"
"50290","11","0","02","002","2019","06","11","3","3","5","3","0","1","1","0","0","0","0",797853.66379799997,5825504.45122999977,13.38867283800,52.49815607400,"0"
"50291","11","0","02","002","2019","09","17","5","3","3","7","0","1","1","0","0","0","0",802019.54253900005,5826954.06857999973,13.45116928000,52.50885966900,"0"
"50292","11","0","10","010","2019","12","07","6","3","3","6","2","0","1","0","0","0","0",808740.66355499998,5827422.75848000031,13.55032427400,52.50929803400,"1"
"50293","11","0","09","009","2019","06","14","6","3","6","4","0","0","1","1","0","0","0",803090.71605299995,5824571.60912999976,13.46473634800,52.48691192600,"0"
"50294","11","0","11","011","2019","08","12","2","3","2","6","0","0","1","0","1","0","0",803783.93210500001,5827580.28681000043,13.47765843300,52.51349267300,"0"
"50295","11","0","01","001","2019","05","10","2","3","3","6","0","1","0","0","0","0","0",796060.07781599998,5831336.12798000034,13.36752097100,52.55140750600,"0"
"50296","11","0","06","006","2019","11","17","5","3","2","6","2","0","1","0","0","0","0",789803.98241499998,5817996.14589999989,13.26390717400,52.43517625100,"0"
"50297","11","0","07","007","2019","11","14","2","3","6","4","0","0","1","1","0","0","0",797377.16526699997,5817559.26056999899,13.37459527900,52.42719530800,"0"
"50298","11","0","04","004","2019","08","13","1","3","2","6","0","0","1","0","0","0","0",792200.62833199999,5823706.74165999983,13.30406047200,52.48509614400,"0"
"50299","11","0","07","007","2019","05","14","1","3","0","7","0","0","1","0","1","0","0",797839.10491400003,5820695.81665000040,13.38416449000,52.45506003500,"0"
"50300","11","0","01","001","2019","10","15","4","3","4","6","0","1","0","0","0","0","1",796345.18338499998,5827359.83021000028,13.36816838500,52.51560900800,"1"
"50301","11","0","07","007","2019","09","17","5","2","6","4","0","0","1","1","0","0","0",796007.83297200000,5824667.38748000003,13.36081784500,52.49165682000,"0"
"50303","11","0","03","003","2019","06","14","6","2","6","4","0","0","1","1","0","0","0",800964.97020500002,5830472.06393000018,13.43886154200,52.54097491200,"0"
"50304","11","0","04","004","2019","08","13","1","3","2","6","0","0","1","0","0","0","0",790473.24441199994,5828433.97245000023,13.28281869000,52.52839788200,"0"
"50305","11","0","12","012","2019","05","19","1","3","1","5","0","0","1","0","0","0","0",795705.96504799998,5832823.52206999902,13.36363873100,52.56493290400,"0"
"50306","11","0","05","005","2019","06","05","5","3","2","6","0","0","1","0","0","0","0",785505.72766400001,5826183.30090000015,13.20786102000,52.51084304700,"0"
"50307","11","0","11","011","2019","09","17","5","3","0","2","0","1","1","0","0","0","0",803699.38780699996,5834826.09375999961,13.48304164400,52.57848125700,"0"
"50308","11","0","07","007","2019","12","07","5","3","2","6","1","0","1","0","0","0","0",796862.06926999998,5822400.74732999969,13.37134457900,52.47087469400,"1"
"50309","11","0","12","012","2019","06","07","5","3","3","6","0","1","0","0","0","1","0",795727.81900000002,5832801.13800000027,13.36394025300,52.56472038300,"0"
"50310","11","0","02","002","2019","08","09","7","3","2","6","0","0","1","0","0","0","0",802824.06455400004,5827662.16428000014,13.46363158800,52.51476027200,"0"
"50311","11","0","02","002","2019","11","15","6","3","2","6","0","1","0","0","0","0","0",797883.13578500005,5825415.19641000032,13.38902588100,52.49733992600,"0"
"50312","11","0","01","001","2019","08","17","7","3","5","2","0","0","1","0","0","0","0",796188.99421300006,5830190.81446000002,13.36839538100,52.54107086000,"0"
"50313","11","0","07","007","2019","09","08","6","3","0","1","0","1","0","0","0","0","0",795635.83181799995,5823239.06694999896,13.35408785200,52.47905461500,"1"
"50314","11","0","12","012","2019","05","08","1","2","5","2","0","0","1","0","0","0","0",795336.63932700001,5833744.81895000022,13.35902621000,52.57339194000,"0"
"50315","11","0","09","009","2019","10","17","5","3","2","6","0","0","1","0","0","0","0",802594.83887199999,5825112.94545000046,13.45794730800,52.49203897000,"1"
"50316","11","0","01","001","2019","09","19","5","3","3","6","2","0","1","0","1","0","0",798506.56800500001,5826978.96910999902,13.39958415400,52.51101645300,"0"
"50318","11","0","04","004","2019","06","19","5","3","5","7","1","0","1","0","0","0","0",788647.64406299999,5826078.72324999981,13.25393881400,52.50825195000,"1"
"50319","11","0","12","012","2019","08","14","7","3","2","6","0","0","1","0","0","0","0",790687.97878899996,5834901.70734000020,13.29163970900,52.58626606500,"0"
"50320","11","0","07","007","2019","05","16","1","3","2","6","0","1","1","0","0","0","1",795930.54011499998,5824446.47737000044,13.35948654900,52.48971845200,"0"
"50321","11","0","07","007","2019","11","08","2","3","6","4","0","0","1","1","0","0","0",798912.61944100005,5817146.89132000040,13.39674222000,52.42266222200,"1"
"50322","11","0","12","012","2019","06","15","7","3","5","2","0","0","1","0","0","0","0",794565.26699999999,5833796.23699999973,13.34772248900,52.57427089000,"0"
"50323","11","0","03","003","2019","09","09","5","3","4","6","0","1","0","0","0","0","0",799150.98870400002,5830806.27354000043,13.41249500900,52.54496947600,"0"
"50324","11","0","02","002","2019","12","21","5","3","2","6","2","0","1","0","0","0","0",802345.45619000006,5826034.51914000046,13.45512181400,52.50043723100,"0"
"50325","11","0","04","004","2019","08","14","7","3","2","6","0","0","1","0","1","0","0",790616.30172100000,5826143.45268999971,13.28292060300,52.50778707000,"0"
"50326","11","0","07","007","2019","09","14","5","3","2","6","0","0","1","0","0","0","0",797650.24215199996,5818636.94044000003,13.37955899900,52.43670717100,"0"
"50327","11","0","12","012","2019","05","15","7","3","0","1","2","0","1","0","0","0","0",792106.84517999995,5832490.73118999973,13.31039906800,52.56389258500,"0"
"50328","11","0","07","007","2019","10","09","7","3","5","3","0","0","1","0","0","0","0",797776.00001099997,5823851.90816999972,13.38605538300,52.48338531600,"0"
"50329","11","0","04","004","2019","09","19","5","3","2","6","1","0","1","0","0","0","0",791241.37506100000,5829783.84288999904,13.29529256600,52.54008946600,"0"
"50330","11","0","01","001","2019","08","22","7","3","6","7","2","1","0","1","0","0","0",796741.25718900003,5827439.33770999964,13.37405900100,52.51610635900,"0"
"50331","11","0","01","001","2019","05","17","6","3","5","2","0","0","1","0","0","0","0",796198.26199999999,5830980.25700000022,13.36923560500,52.54814236700,"0"
"50332","11","0","04","004","2019","10","15","5","2","9","1","0","0","0","0","1","0","0",790663.80736600002,5829000.45342000015,13.28611518400,52.53337480000,"0"
"50333","11","0","03","003","2019","06","11","6","3","8","1","0","0","1","0","0","0","0",803040.66627100005,5840272.96530999895,13.47833657200,52.62766657200,"0"
"50334","11","0","07","007","2019","09","07","5","3","5","3","0","1","1","0","0","0","0",797842.24199200002,5818949.30618999898,13.38265341300,52.43940269100,"0"
"50335","11","0","06","006","2019","12","13","3","3","5","3","0","0","1","0","0","0","0",785697.06088999996,5816404.75497000106,13.20229990700,52.42306839700,"0"
"50336","11","0","07","007","2019","06","21","5","3","6","4","1","0","1","1","0","0","0",795234.67653099995,5823510.93396999966,13.34843891500,52.48170873500,"1"
"50337","11","0","10","010","2019","05","07","6","3","2","6","0","0","1","0","0","0","0",808826.96630900004,5827437.51021999959,13.55160555900,52.50938138900,"0"
"50338","11","0","11","011","2019","11","15","2","3","2","6","0","0","1","0","0","0","1",804679.25746500003,5827466.75071999989,13.49070726200,52.51197573800,"0"
"50339","11","0","09","009","2019","06","16","5","3","5","2","0","1","1","0","0","0","0",802690.17658500001,5825212.27214000002,13.45943747400,52.49287637500,"1"
"50340","11","0","07","007","2019","11","21","7","3","1","5","2","0","1","0","0","0","0",797820.87368299998,5822905.17454999965,13.38586865500,52.47487444700,"0"
"50341","11","0","07","007","2019","08","20","6","2","0","1","2","1","0","0","0","0","0",797793.89980300004,5823466.04119999986,13.38597353500,52.47991669500,"0"
"50342","11","0","07","007","2019","05","02","6","2","9","1","2","0","1","0","0","0","0",796186.69957800000,5822718.69488999899,13.36171329100,52.47409143000,"0"
"50343","11","0","03","003","2019","10","17","2","3","2","6","1","0","1","0","0","0","1",799177.54553100001,5831060.62110000011,13.41311456800,52.54723472400,"0"
"50344","11","0","01","001","2019","09","06","5","3","5","2","0","1","1","0","0","0","0",796316.18637000001,5830076.21530000027,13.37016316000,52.53997444500,"0"
"50346","11","0","07","007","2019","06","11","5","3","1","5","0","0","1","0","0","0","1",795933.75043899997,5824415.61034000013,13.35950628200,52.48944001400,"0"
"50347","11","0","06","006","2019","08","19","6","2","0","1","0","1","0","0","0","0","0",782617.45433900005,5815791.12696000002,13.15661393200,52.41916552800,"0"
"50348","11","0","09","009","2019","05","08","6","3","0","2","0","0","1","0","0","0","1",802583.60441300005,5825070.23613999970,13.45774355800,52.49166239400,"0"
"50349","11","0","02","002","2019","06","09","2","3","5","2","0","1","1","0","0","0","0",802594.18640100001,5827701.30556000024,13.46028993500,52.51523867200,"0"
"50350","11","0","07","007","2019","09","16","4","3","5","2","0","1","1","0","0","0","0",798181.75199999998,5818924.80999999959,13.38761144400,52.43899810600,"0"
"50351","11","0","07","007","2019","12","07","3","3","2","6","0","0","1","0","0","0","0",795691.16447600001,5822605.38226000033,13.35433838400,52.47334414900,"1"
"50352","11","0","01","001","2019","06","16","5","3","5","2","0","0","1","0","0","0","0",796324.99319499999,5830068.24667000026,13.37028552800,52.53989822500,"1"
"50353","11","0","01","001","2019","08","20","6","3","2","6","0","0","1","0","0","0","0",796044.98984299996,5831371.57899000030,13.36733070300,52.55173348900,"0"
"50354","11","0","06","006","2019","05","13","5","3","2","6","0","0","1","0","0","0","0",792399.75923500000,5819711.29325999971,13.30348339600,52.44917093600,"0"
"50355","11","0","03","003","2019","11","18","3","3","3","6","2","0","1","0","1","0","0",800574.22068200004,5829844.63972999901,13.43254969400,52.53556685000,"1"
"50356","11","0","03","003","2019","11","03","7","3","5","3","2","1","1","0","0","0","0",799297.94745500002,5830349.81293999963,13.41424441700,52.54079731200,"0"
"50357","11","0","07","007","2019","08","20","6","3","0","1","0","0","0","0","1","0","0",795311.74356800003,5822564.48766000010,13.34873233000,52.47318281900,"0"
"50358","11","0","07","007","2019","05","13","5","3","5","2","0","0","1","0","0","0","1",795639.55196099996,5823234.88394000009,13.35413876200,52.47901510400,"0"
"50359","11","0","07","007","2019","05","13","5","2","3","6","0","0","1","0","0","1","0",798085.33544099994,5819031.51534000039,13.38629240000,52.44000716500,"0"
"50360","11","0","07","007","2019","11","17","3","2","2","6","2","0","1","0","0","0","1",799182.51248799998,5816440.86443999968,13.40006814800,52.41618605600,"0"
"50361","11","0","06","006","2019","06","14","4","3","2","6","0","0","1","0","0","0","0",785262.86709900002,5816291.81739000045,13.19583567900,52.42228230700,"0"
"50362","11","0","01","001","2019","12","01","1","2","0","1","2","0","0","0","0","0","1",799469.37400900002,5828080.25585000031,13.41472011400,52.52036010000,"0"
"50363","11","0","02","002","2019","08","23","6","3","0","7","2","1","0","0","0","0","0",797753.62419400003,5824436.37648000009,13.38624896800,52.48863661100,"0"
"50364","11","0","06","006","2019","05","16","5","2","2","6","0","0","1","0","0","0","1",786196.60660499998,5816802.09903999977,13.20996615000,52.42636994700,"0"
"50365","11","0","03","003","2019","10","17","3","2","5","3","0","1","1","0","0","0","0",800161.87222000002,5832359.31219999958,13.42876124900,52.55833378100,"0"
"50366","11","0","12","012","2019","09","13","4","3","2","6","0","0","1","0","0","0","0",795451.01552699995,5833483.25789999962,13.36047600100,52.57098522200,"0"
"50368","11","0","07","007","2019","08","12","6","3","0","7","0","0","1","0","0","0","0",798266.01699999999,5818640.25499999989,13.38859350300,52.43640143400,"0"
"50369","11","0","03","003","2019","05","11","5","3","0","7","0","1","0","0","0","0","0",798144.55439900002,5835933.65912999958,13.40230636200,52.59148082300,"0"
"50370","11","0","04","004","2019","09","14","7","3","5","2","0","1","1","0","0","0","0",791294.87262899999,5826501.35221000109,13.29320370800,52.51063371100,"1"
"50371","11","0","01","001","2019","06","07","3","3","5","2","0","1","1","0","0","0","0",796198.64602800005,5830206.41983999964,13.36855119600,52.54120550000,"0"
"50372","11","0","03","003","2019","09","10","3","3","6","6","0","1","0","1","0","0","0",800168.97102299996,5830827.38953000028,13.42748074500,52.54459885800,"0"
"50373","11","0","02","002","2019","12","18","4","3","3","6","2","0","1","0","1","0","0",797499.20845000003,5825541.46808999963,13.38349985700,52.49868122700,"0"
"50374","11","0","04","004","2019","06","09","4","3","3","6","0","0","1","0","0","0","0",790478.56659800000,5828451.83922000043,13.28291253400,52.52855522200,"0"
"50375","11","0","05","005","2019","08","09","6","3","6","4","0","0","1","1","0","0","0",783462.84777700005,5826655.73821999971,13.17824226000,52.51614451800,"0"
"50376","11","0","12","012","2019","05","12","5","3","5","3","0","1","1","0","0","0","0",795811.27399999998,5832439.70799999963,13.36484565500,52.56143518900,"0"
"50377","11","0","01","001","2019","11","18","4","2","6","4","2","0","1","1","0","0","0",798236.01040999999,5826933.62433000095,13.39556862400,52.51075798300,"1"
"50378","11","0","08","008","2019","11","13","7","3","2","2","0","0","1","0","0","0","0",802646.94241899997,5822050.83126999903,13.45593331500,52.46456432600,"0"
"50379","11","0","04","004","2019","08","08","6","3","6","4","0","0","1","1","0","0","0",791397.18734399998,5826517.22015000042,13.29472094800,52.51072131900,"0"
"50380","11","0","07","007","2019","05","12","5","3","5","2","0","0","1","0","1","0","0",795636.34259100002,5823238.49261999968,13.35409484200,52.47904919000,"0"
"50381","11","0","02","002","2019","10","10","4","3","6","4","0","0","1","1","0","0","0",802354.53836799995,5827709.97965000104,13.45677698100,52.51544931900,"1"
"50382","11","0","01","001","2019","09","09","3","3","6","4","0","0","1","1","0","0","0",799795.55652600003,5828617.96650000010,13.41999777700,52.52500059000,"1"
"50384","11","0","01","001","2019","06","15","4","3","1","5","0","1","0","0","0","0","1",796206.91529200005,5830826.65392000042,13.36922584800,52.54676076900,"0"
"50385","11","0","04","004","2019","08","15","6","2","5","3","0","1","1","0","0","0","0",788939.72999999998,5826125.88800000027,13.25827145500,52.50852017200,"0"
"50386","11","0","03","003","2019","05","10","5","3","0","1","0","1","0","0","0","0","0",802522.85669499997,5831672.89936999977,13.46285662400,52.55087516200,"0"
"50387","11","0","12","012","2019","11","12","6","3","5","2","0","1","1","0","0","0","0",794461.13223900006,5834349.29913999978,13.34668151300,52.57928499900,"0"
"50388","11","0","07","007","2019","06","05","5","3","2","6","0","0","1","0","0","0","0",798205.44611999998,5822270.41148999892,13.39094658200,52.46897472000,"0"
"50389","11","0","09","009","2019","09","18","3","2","6","4","0","1","0","1","0","0","0",802615.96378800005,5825142.12693999987,13.45828400900,52.49228881200,"1"
"50390","11","0","09","009","2019","12","12","3","3","2","6","0","0","1","0","0","1","0",802853.34549900005,5825484.36730000004,13.46208081500,52.49522464000,"0"
"50391","11","0","11","011","2019","06","16","3","3","3","6","0","0","1","0","0","0","0",804866.01487199997,5827449.45502000023,13.49343486500,52.51171638200,"0"
"50392","11","0","07","007","2019","08","14","6","3","2","6","0","0","1","0","0","0","0",797846.10000099998,5821267.21710999962,13.38477688100,52.46017821200,"0"
"50393","11","0","04","004","2019","10","16","5","3","2","6","2","0","1","0","0","0","0",787757.62005499995,5825935.15007000044,13.24073708600,52.50743494600,"0"
"50394","11","0","03","003","2019","08","13","6","3","2","6","0","0","1","0","0","0","0",798035.01478900004,5834113.48823999986,13.39905724600,52.57522566900,"0"
"50395","11","0","07","007","2019","09","13","6","3","0","2","0","0","1","0","0","0","1",795787.15410000004,5824110.23897000030,13.35708247500,52.48678205200,"1"
"50396","11","0","01","001","2019","05","08","5","3","1","5","0","1","0","0","0","0","1",799013.09627500002,5828214.17306999955,13.40813578900,52.52181085600,"0"
"50397","11","0","04","004","2019","10","22","4","3","3","6","2","0","1","0","0","0","1",790977.90560199996,5824665.89611999970,13.28694241300,52.49434801300,"1"
"50398","11","0","02","002","2019","09","14","3","3","6","4","0","0","1","1","0","0","0",802661.03827400005,5827678.73955999967,13.46125157200,52.51499932200,"1"
"50400","11","0","07","007","2019","06","10","3","3","6","7","0","0","0","1","0","0","1",797836.86928800005,5821305.69567999989,13.38467575400,52.46052816200,"0"
"50401","11","0","02","002","2019","08","17","5","3","5","2","0","1","1","0","0","0","0",797898.31033799995,5825432.66806999967,13.38926437700,52.49748825500,"0"
"50402","11","0","02","002","2019","05","22","4","3","0","6","2","1","0","1","0","0","0",802045.02493099996,5828039.68618999980,13.45252897300,52.51857597400,"0"
"50403","11","0","06","006","2019","11","17","7","3","6","2","2","0","1","1","0","0","0",791054.10628499999,5818813.33088999894,13.28295628400,52.44183865700,"0"
"50404","11","0","03","003","2019","06","19","7","2","5","3","0","0","1","0","1","0","0",798165.75030299998,5836122.44694000017,13.40278827000,52.59316140300,"0"
"50405","11","0","03","003","2019","12","08","4","3","0","4","0","0","0","1","0","0","1",800013.20215499995,5830341.62703999970,13.42475192600,52.54033061600,"0"
"50406","11","0","03","003","2019","08","17","5","3","5","2","0","1","0","0","0","0","1",799216.44960699999,5832076.54028999899,13.41460211100,52.55631947100,"0"
"50407","11","0","03","003","2019","05","18","4","2","5","3","0","1","1","0","0","0","0",800040.44827099994,5832914.22241999954,13.42747722300,52.56337449400,"0"
"50408","11","0","01","001","2019","10","13","7","3","3","6","0","1","0","0","0","0","0",799727.67272200005,5828567.22412999906,13.41895444200,52.52458308700,"0"
"50409","11","0","11","011","2019","09","14","3","3","5","3","0","1","1","0","0","0","0",804068.29781000002,5827550.29492000025,13.48180854300,52.51306542100,"1"
"50410","11","0","03","003","2019","08","16","5","3","5","2","0","1","1","0","0","0","0",796447.26699999999,5840400.38499999978,13.38132692400,52.63244715600,"0"
"50411","11","0","04","004","2019","05","17","4","3","2","7","0","1","1","0","0","0","0",791790.48061800003,5826582.60788000003,13.30055704900,52.51109727100,"0"
"50412","11","0","04","004","2019","10","10","4","3","2","6","0","0","1","0","0","0","0",791395.61922500003,5824511.64515999984,13.29294286700,52.49274231100,"1"
"50413","11","0","04","004","2019","06","07","5","3","3","6","0","0","1","0","0","1","0",790456.50800200005,5828429.42312000040,13.28256869800,52.52836601500,"1"
"50414","11","0","04","004","2019","09","09","3","3","2","6","0","0","1","0","0","0","0",791999.87199599994,5823923.30836000014,13.30130215500,52.48714504000,"0"
"50415","11","0","06","006","2019","12","08","6","3","5","3","0","1","1","0","0","0","0",788208.38803599996,5817684.02491999976,13.24023199500,52.43322098600,"0"
"50416","11","0","02","002","2019","06","15","3","3","5","2","0","1","1","0","0","0","0",802144.46804299997,5827754.51271000039,13.45373110200,52.51596488100,"0"
"50417","11","0","01","001","2019","05","05","4","3","0","1","1","0","1","0","0","0","1",798685.33830599999,5827893.49859999958,13.40303145800,52.51911608900,"1"
"50418","11","0","01","001","2019","11","10","1","3","0","6","0","1","0","0","0","0","1",798289.24176000000,5827697.43977999967,13.39703535800,52.51757548300,"0"
"50419","11","0","04","004","2019","06","16","3","3","2","6","0","0","1","0","0","0","0",788960.50018199999,5826129.46423999965,13.25857974300,52.50854123200,"0"
"50420","11","0","12","012","2019","11","19","5","3","5","3","2","0","1","0","0","0","1",792782.71151000005,5837343.27082999982,13.32462909500,52.60702998600,"1"
"50421","11","0","12","012","2019","08","15","5","3","2","6","0","0","1","0","0","0","0",792172.56905000005,5832086.58741999976,13.31101006100,52.56023431600,"0"
"50422","11","0","04","004","2019","05","15","4","3","2","6","0","0","1","0","0","0","0",789164.21163899999,5826160.00877999980,13.26159947300,52.50870713000,"0"
"50423","11","0","01","001","2019","10","20","1","3","2","6","2","0","1","0","0","0","0",796030.74103899999,5831374.83045999985,13.36712406400,52.55177038000,"0"
"50424","11","0","11","011","2019","09","07","3","3","5","2","0","1","1","0","1","0","0",804904.37652100006,5827465.10051999986,13.49401272300,52.51183516400,"0"
"50426","11","0","02","002","2019","06","08","3","2","3","6","0","1","0","0","0","0","0",801872.05347699998,5827776.15031000040,13.44974839700,52.51630966400,"0"
"50427","11","0","03","003","2019","08","15","5","3","2","6","0","0","1","0","1","0","0",800269.33167600003,5831879.70438999962,13.42990777200,52.55397570900,"0"
"50428","11","0","07","007","2019","05","15","4","3","3","6","0","0","1","0","1","0","0",797760.12097399996,5823856.89549999963,13.38582669400,52.48343868100,"0"
"50429","11","0","04","004","2019","06","18","1","3","6","2","0","0","1","1","0","0","0",792092.39647399995,5826654.73450999893,13.30505650100,52.51158228500,"0"
"50430","11","0","04","004","2019","09","15","3","3","6","4","0","0","1","1","0","0","0",791667.26566399995,5826561.82897000108,13.29872838900,52.51097688800,"1"
"50431","11","0","07","007","2019","12","17","2","3","5","2","2","0","1","0","0","0","0",797474.40168899996,5817965.55807999987,13.37638255700,52.43078452800,"1"
"50432","11","0","07","007","2019","06","09","3","2","1","5","0","0","1","0","0","0","0",799154.83311500004,5816563.44502000045,13.39977194300,52.41729997300,"0"
"50433","11","0","01","001","2019","08","15","5","3","5","2","0","1","1","0","0","0","0",796420.86542299995,5826329.93790999893,13.36836316800,52.50633589500,"0"
"50434","11","0","01","001","2019","04","18","3","3","2","6","0","0","1","0","0","0","0",796763.64295500005,5826668.49105000030,13.37370052700,52.50918433700,"0"
"50435","11","0","01","001","2019","11","15","2","3","0","6","0","1","0","0","0","1","1",797750.08948400000,5826848.82103999984,13.38835382900,52.51026327200,"1"
"50436","11","0","07","007","2019","08","11","5","3","3","6","0","0","1","0","1","0","0",796011.56863800006,5825166.15048000030,13.36131586400,52.49612577900,"0"
"50437","11","0","09","009","2019","04","13","3","3","5","3","0","1","1","0","0","0","0",804104.64684900001,5824365.09499000106,13.47943433900,52.48449719700,"0"
"50438","11","0","06","006","2019","10","03","2","3","0","7","2","0","1","0","0","0","0",787036.89031900000,5820675.02512000035,13.22561743700,52.46065378400,"0"
"50439","11","0","12","012","2019","09","08","2","3","2","6","0","0","1","0","0","0","0",790110.38499199995,5836039.90959999990,13.28413509700,52.59677828500,"0"
"50441","11","0","02","002","2019","06","08","3","3","5","2","0","1","0","0","0","0","1",802124.75458399998,5828063.40928999893,13.45372197700,52.51874444000,"0"
"50442","11","0","04","004","2019","08","10","5","3","2","6","0","0","1","0","0","0","0",790498.75478099997,5827507.07517000102,13.28238399300,52.52007462800,"0"
"50443","11","0","04","004","2019","04","07","3","3","2","6","0","0","1","0","0","0","0",792846.97446299996,5829535.08311999962,13.31868014600,52.53699893200,"0"
"50444","11","0","02","002","2019","11","15","4","3","5","2","1","1","1","0","0","0","1",802581.63689800003,5827686.70206999965,13.46009228200,52.51511474400,"1"
"50445","11","0","11","011","2019","06","15","4","2","5","2","0","1","0","0","0","1","0",803742.83400000003,5827568.25299999956,13.47704368800,52.51340770500,"0"
"50446","11","0","12","012","2019","09","21","2","2","6","4","2","0","1","1","0","0","0",795759.18728199997,5832650.13009999972,13.36426707000,52.56334970800,"0"
"50447","11","0","07","007","2019","12","08","2","3","2","6","0","0","1","0","0","1","1",794782.40182899998,5823140.12483000103,13.34147042400,52.47862899500,"0"
"50448","11","0","12","012","2019","08","08","5","3","5","2","0","0","1","0","1","0","0",795410.85545999999,5833589.95419999957,13.35998019800,52.57196344900,"0"
"50449","11","0","06","006","2019","10","12","4","3","2","6","0","0","1","0","0","0","0",792751.02428000001,5819955.20497000031,13.30885116800,52.45116957700,"0"
"50450","11","0","11","011","2019","09","20","2","2","0","1","2","0","0","0","1","0","0",803721.19630600000,5827570.16890999954,13.47672756400,52.51343692500,"0"
"50451","11","0","02","002","2019","08","07","5","3","5","3","0","1","1","0","0","0","0",802972.44854200003,5827662.84991999995,13.46581217700,52.51468401500,"0"
"50452","11","0","02","002","2019","04","07","3","3","0","2","0","1","1","0","0","0","0",797759.22691700002,5824125.58432000037,13.38605357700,52.48584765900,"0"
"50453","11","0","06","006","2019","10","13","3","3","2","6","0","0","1","0","0","1","0",791071.69165199995,5818846.71901000105,13.28324335600,52.44212862600,"1"
"50454","11","0","03","003","2019","09","16","2","3","3","6","0","1","1","0","0","0","0",799983.85696000000,5828905.99729999993,13.42302481600,52.52747874200,"0"
"50456","11","0","12","012","2019","06","19","3","3","5","3","1","0","1","0","0","0","0",794478.18590899999,5834318.18322000001,13.34690482000,52.57899684100,"0"
"50457","11","0","03","003","2019","08","19","4","2","6","4","0","1","0","1","0","0","0",799950.35105299996,5830206.13571000099,13.42370565400,52.53915076200,"0"
"50458","11","0","03","003","2019","04","17","3","3","5","2","0","1","1","0","0","0","0",801518.44074700004,5829102.61995000020,13.44575551300,52.52839453800,"0"
"50459","11","0","10","010","2019","11","05","6","2","5","3","2","0","1","0","0","0","0",808897.39509999997,5833398.14161999989,13.55818001900,52.56275897500,"0"
"50460","11","0","04","004","2019","10","11","3","2","0","1","0","0","0","0","1","0","0",791014.30519900005,5824659.46317000035,13.28747143400,52.49427093500,"0"
"50461","11","0","07","007","2019","09","16","2","2","5","3","0","0","1","0","1","0","0",799678.13665799994,5815247.72229999956,13.40626589000,52.40521992900,"1"
"50463","11","0","04","004","2019","06","07","2","3","2","6","0","0","1","0","0","0","0",788346.07737800002,5826030.16832999978,13.24946570900,52.50797611500,"0"
"50464","11","0","07","007","2019","08","14","4","3","2","6","0","0","1","0","0","0","0",799229.49919799995,5816329.15775999986,13.40065709700,52.41515905600,"1"