OBJECTID,ULAND,UREGBEZ,UKREIS,UGEMEINDE,UJAHR,UMONAT,USTUNDE,UWOCHENTAG,UKATEGORIE,UART,UTYP1,ULICHTVERH,IstRad,IstPKW,IstFuss,IstKrad,IstGkfz,IstSonstig,LINREFX,LINREFY,XGCSWGS84,YGCSWGS84,STRZUSTAND
"50465","11","0","05","005","2019","04","19","3","3","2","7","0","1","1","0","0","0","0",784035.32353599998,5826575.96272999980,13.18658799300,52.51513138100,"0"
"50466","11","0","02","002","2019","11","17","4","3","6","4","2","0","1","1","0","0","0",802685.75322399999,5827676.26121000107,13.46161241800,52.51496339400,"1"
"50467","11","0","01","001","2019","06","09","5","3","2","1","0","0","1","0","0","0","0",796317.13833400002,5828827.80161000043,13.36906413400,52.52878316600,"0"
"50468","11","0","04","004","2019","09","10","2","3","5","2","0","1","0","0","0","1","0",790514.02742000006,5826374.66487000044,13.28161972400,52.50991437600,"0"
"50469","11","0","07","007","2019","12","18","2","3","5","3","2","1","1","0","0","0","0",795794.93602000002,5824126.93152999971,13.35721156000,52.48692747200,"1"
"50470","11","0","01","001","2019","08","09","4","3","3","2","0","0","1","0","1","0","0",796917.37837399996,5827467.61031999998,13.37667208500,52.51626393900,"0"
"50471","11","0","10","010","2019","10","19","4","3","2","7","2","0","1","0","0","0","0",807965.93400000001,5831210.96600000001,13.54245338600,52.54368549200,"0"
"50472","11","0","08","008","2019","08","06","4","3","3","6","1","0","1","0","1","0","0",802276.38709600002,5821961.76888999902,13.45041477300,52.46397116600,"0"
"50473","11","0","03","003","2019","09","18","6","3","2","6","0","0","1","0","0","0","0",799933.92901600001,5830209.50248000026,13.42346728300,52.53918997900,"1"
"50474","11","0","07","007","2019","04","20","2","3","3","6","1","0","1","0","0","0","0",795337.84599199996,5822754.61044999957,13.34928385500,52.47487302800,"0"
"50475","11","0","11","011","2019","10","17","3","3","3","6","1","0","1","0","0","1","0",804316.10114499996,5827510.34253999963,13.48541234600,52.51256915100,"1"
"50476","11","0","04","004","2019","09","13","2","3","8","1","0","0","1","0","0","0","0",790973.94175799994,5828992.75318999961,13.29066774100,52.53314028800,"0"
"50478","11","0","01","001","2019","06","21","2","3","0","1","2","1","0","0","0","0","0",796247.09969399997,5825925.55901999958,13.36545064900,52.50280539300,"0"
"50479","11","0","01","001","2019","08","15","4","3","5","2","0","1","1","0","0","0","0",796420.23390400002,5826327.80585000105,13.36835199200,52.50631712700,"0"
"50480","11","0","03","003","2019","04","18","2","3","6","4","0","1","0","1","0","0","0",800301.29073699994,5831678.59776000027,13.43019583200,52.55215552500,"0"
"50481","11","0","02","002","2019","11","01","7","3","5","3","2","0","1","0","0","0","0",802148.96013999998,5827734.64809999987,13.45377906100,52.51578434600,"0"
"50482","11","0","05","005","2019","06","19","2","3","2","6","0","0","1","0","0","0","0",782197.98653300002,5824998.34307000041,13.15824645100,52.50193949900,"0"
"50483","11","0","01","001","2019","09","09","2","2","5","2","0","1","1","0","0","0","0",796450.27773600002,5827390.27278000023,13.36973971900,52.51582478200,"1"
"50484","11","0","04","004","2019","12","15","4","3","2","6","0","0","1","0","0","0","0",793456.26876500004,5829747.19792999979,13.32782504000,52.53857268100,"0"
"50485","11","0","07","007","2019","08","12","3","3","2","6","0","0","1","0","0","0","1",797827.08690200001,5822414.17930999957,13.38552148200,52.47046983500,"0"
"50486","11","0","03","003","2019","04","09","2","3","0","2","0","0","1","0","0","0","1",799975.02247700002,5830201.05319000036,13.42406374400,52.53909162600,"1"
"50487","11","0","07","007","2019","10","19","6","3","2","6","2","0","1","0","0","0","0",796472.61636700004,5822575.93884999957,13.36578361200,52.47265663400,"0"
"50488","11","0","10","010","2019","09","11","1","3","3","6","0","1","1","0","0","0","0",807653.71353700000,5829957.12456999905,13.53670305800,52.53262502600,"0"
"50489","11","0","02","002","2019","08","09","3","3","3","2","0","0","0","0","1","1","0",800456.07414399995,5827947.48457000032,13.42909879000,52.51862728400,"0"
"50490","11","0","01","001","2019","04","11","2","3","5","3","0","1","0","0","0","1","0",799123.21258900000,5827663.40278000012,13.40925868900,52.51681361700,"1"
"50491","11","0","07","007","2019","10","13","3","3","5","7","0","0","1","0","0","0","0",795679.78128200001,5823173.23976999894,13.35467473300,52.47844073100,"1"
"50492","11","0","02","002","2019","06","17","4","2","3","6","0","1","0","0","0","0","0",803373.29757000005,5827605.84441000037,13.47164917900,52.51395028200,"0"
"50493","11","0","04","004","2019","09","16","1","3","2","6","0","0","1","0","0","0","0",789745.04248499998,5824735.36067999993,13.26889409600,52.49562665900,"0"
"50494","11","0","01","001","2019","12","22","4","3","6","4","2","0","1","1","0","0","0",796342.47043700004,5830079.19725999981,13.37055224000,52.53998688200,"0"
"50495","11","0","03","003","2019","06","23","2","3","5","3","2","1","1","0","0","0","0",800953.03873599996,5830502.71205999982,13.43871390400,52.54125620500,"1"
"50496","11","0","08","008","2019","04","11","2","3","3","6","0","0","1","0","0","0","1",802157.56305500004,5821904.71583000105,13.44861940300,52.46352551100,"1"
"50497","11","0","02","002","2019","11","15","7","3","3","6","0","0","1","0","1","0","0",797901.63402200001,5825143.82161999959,13.38905487700,52.49489727700,"1"
"50498","11","0","02","002","2019","06","13","2","2","6","4","0","1","0","1","0","0","0",802842.21102100005,5827675.86950999964,13.46391065800,52.51487303500,"0"
"50499","11","0","01","001","2019","11","18","4","3","5","3","2","1","0","0","1","0","0",795800.86187999998,5827269.44639000110,13.36008992700,52.51509428500,"1"
"50500","11","0","07","007","2019","08","07","3","3","5","3","0","1","1","0","0","0","0",796913.23534799996,5816488.09408000018,13.36684148300,52.41784513500,"0"
"50501","11","0","12","012","2019","04","22","7","2","5","2","2","0","1","0","1","0","0",794559.29297099996,5833808.29798000026,13.34764530400,52.57438224000,"0"
"50502","11","0","03","003","2019","10","18","7","2","5","2","2","0","1","0","1","0","0",799196.51859700005,5831441.77862999961,13.41373694500,52.55064078500,"0"
"50503","11","0","07","007","2019","09","14","1","3","3","6","0","0","1","0","0","0","0",797794.46136700001,5823140.09473999962,13.38569069400,52.47699464500,"0"
"50505","11","0","12","012","2019","06","16","2","3","1","5","0","1","1","0","0","0","1",795372.32464200002,5833713.01197999995,13.35952291800,52.57308745600,"0"
"50506","11","0","03","003","2019","08","15","3","3","5","3","0","1","1","0","0","0","0",801175.02546100004,5830811.22248000000,13.44225695300,52.54389876600,"0"
"50507","11","0","07","007","2019","04","17","7","3","2","6","0","0","1","0","0","0","0",799461.40339600004,5815770.56063999981,13.40355698900,52.41002510500,"0"
"50508","11","0","03","003","2019","06","15","7","3","0","1","0","1","0","0","0","0","0",799197.89834800002,5831042.54270000011,13.41339753400,52.54706150200,"0"
"50509","11","0","01","001","2019","09","23","1","3","6","4","2","0","1","1","0","0","0",800020.00695600000,5828096.83397000097,13.42282613500,52.52020603100,"1"
"50510","11","0","04","004","2019","12","12","1","2","2","6","0","0","1","0","0","0","0",790876.64169199998,5828953.21033000108,13.28920273100,52.53283772400,"1"
"50511","11","0","04","004","2019","06","09","2","2","5","3","0","1","0","0","0","1","0",789801.73434199998,5826261.23293999955,13.27105485600,52.50927632000,"0"
"50512","11","0","04","004","2019","08","15","3","3","5","2","0","0","1","0","0","0","0",790523.79557800002,5826394.91722999979,13.28178092900,52.51009073700,"0"
"50513","11","0","04","004","2019","11","10","2","3","6","7","0","0","1","1","0","0","0",792073.09628099995,5826651.41897999961,13.30477000400,52.51156289700,"1"
"50514","11","0","11","011","2019","08","15","3","3","5","2","0","1","0","0","0","1","0",803737.29331099999,5827585.09831999987,13.47697766700,52.51356177000,"0"
"50515","11","0","03","003","2019","04","11","6","3","5","3","0","1","1","0","0","0","0",799131.13804899994,5832326.27096000034,13.41357255900,52.55860477700,"0"
"50516","11","0","10","010","2019","10","11","1","2","5","3","0","0","1","0","0","0","1",808903.92734000005,5833413.70756000001,13.55829057000,52.56289476600,"0"
"50517","11","0","04","004","2019","09","14","7","3","2","6","0","0","1","0","0","0","0",790401.19746900001,5827910.80724999961,13.28130272800,52.52374607000,"0"
"50519","11","0","02","002","2019","06","08","2","3","5","2","0","1","0","0","0","1","0",801641.13199999998,5828895.33299999963,13.44737057400,52.52646874200,"0"
"50520","11","0","07","007","2019","08","15","2","3","0","7","0","1","0","0","0","0","0",797777.72833199997,5823819.94823999982,13.38605221100,52.48309788900,"0"
"50521","11","0","04","004","2019","04","19","6","2","6","4","0","1","0","1","0","0","0",789859.79653599998,5826230.24433000106,13.27188099800,52.50896765300,"0"
"50522","11","0","02","002","2019","11","10","3","3","5","2","0","1","1","0","0","0","0",802592.05683799996,5827701.52991999965,13.46025885200,52.51524186400,"0"
"50523","11","0","01","001","2019","06","18","3","3","0","6","0","1","0","0","0","0","1",797244.89355599997,5827533.79193000030,13.38154357600,52.51667878100,"0"
"50524","11","0","03","003","2019","09","12","7","3","2","6","0","0","1","0","0","0","1",800442.51024700003,5829678.58267000038,13.43046357000,52.53415106100,"0"
"50525","11","0","02","002","2019","12","01","7","3","2","6","2","0","1","0","0","0","0",797087.66099999996,5825778.25905000046,13.37766638700,52.50102800200,"1"
"50526","11","0","07","007","2019","08","19","2","3","0","6","0","0","1","0","1","0","0",795661.39798500005,5823954.13903000019,13.35509737300,52.48545085300,"0"
"50527","11","0","02","002","2019","10","10","3","3","2","2","0","1","0","0","0","0","1",797899.20255900000,5825428.50965000037,13.38927376200,52.49745049300,"0"
"50528","11","0","04","004","2019","09","12","7","2","2","6","0","0","1","0","0","0","0",790485.57656900003,5828472.74767000042,13.28303384600,52.52873893100,"0"
"50529","11","0","01","001","2019","08","15","2","3","5","2","0","1","1","0","0","0","0",796285.79753700003,5830277.48539000098,13.36989588500,52.54179514800,"0"
"50530","11","0","02","002","2019","04","20","6","3","3","6","1","0","1","0","0","0","0",797899.97747699998,5825342.68824000005,13.38920839000,52.49668078400,"0"
"50531","11","0","04","004","2019","10","12","2","3","2","6","0","0","1","0","0","0","1",790547.77337700000,5825192.11653000023,13.28108357400,52.49929477100,"0"
"50532","11","0","03","003","2019","06","22","1","3","0","7","2","1","0","0","0","0","0",800118.07620100002,5829112.29533000104,13.42518357500,52.52925398800,"0"
"50533","11","0","03","003","2019","09","20","7","3","0","6","1","0","1","0","1","0","0",799415.99090500001,5830332.06369999982,13.41596378600,52.54057337000,"0"
"50535","11","0","10","010","2019","06","13","2","3","5","3","0","1","1","0","0","0","0",813337.29900000000,5827199.22499999963,13.61762335600,52.50467442700,"0"
"50536","11","0","06","006","2019","04","12","6","3","0","5","0","1","1","0","0","0","0",782904.50612200005,5815862.16901999991,13.16088375200,52.41965421800,"0"
"50537","11","0","04","004","2019","11","13","5","2","2","6","0","0","1","0","0","0","0",790480.23611399997,5828457.21872999892,13.28294177500,52.52860256000,"0"
"50538","11","0","09","009","2019","06","12","1","3","5","2","0","1","1","0","0","0","0",802585.01856300002,5825068.87564999890,13.45776308700,52.49164941600,"0"
"50539","11","0","04","004","2019","12","15","2","3","2","6","1","0","1","0","0","1","0",791273.32975000003,5829906.32117000036,13.29586978000,52.54117038600,"1"
"50540","11","0","10","010","2019","08","12","2","3","5","3","0","0","1","0","0","0","0",808905.87704599998,5833417.54853000026,13.55832281700,52.56292808100,"0"
"50541","11","0","01","001","2019","04","10","5","2","5","2","0","1","0","0","1","0","0",796554.30671899999,5827804.02029000036,13.37163708700,52.51947705500,"0"
"50542","11","0","07","007","2019","10","14","4","2","0","6","0","0","1","0","0","0","0",794458.03984600003,5821624.73225000035,13.33537051600,52.46521927600,"0"
"50543","11","0","10","010","2019","09","12","7","3","2","6","0","0","1","0","0","0","0",809293.64858000004,5827391.84307000041,13.55841762800,52.50870775700,"0"
"50545","11","0","07","007","2019","08","12","2","3","3","6","0","0","1","0","0","1","0",797680.65245900000,5818714.40892999899,13.38007401900,52.43738504900,"0"
"50546","11","0","04","004","2019","04","18","5","3","3","6","0","0","1","0","0","1","0",792570.16228900000,5823390.03904999979,13.30920896500,52.48205908400,"0"
"50547","11","0","01","001","2019","09","04","1","3","5","3","2","0","1","0","0","0","1",799788.81336399994,5828607.12641999964,13.41988890900,52.52490713400,"1"
"50548","11","0","01","001","2019","06","09","4","3","3","2","0","0","1","0","1","1","0",796920.28231399995,5827454.62753000110,13.37670316900,52.51614598100,"0"
"50549","11","0","07","007","2019","09","00","7","3","0","7","2","0","0","0","0","0","1",797783.79225900001,5823705.14996000007,13.38603870300,52.48206554600,"0"
"50550","11","0","03","003","2019","12","09","6","3","1","5","0","0","1","0","0","1","0",798635.60199999996,5832999.65199999977,13.40689064900,52.56491260200,"0"
"50551","11","0","06","006","2019","06","15","1","3","1","5","0","1","1","0","0","0","0",783371.12071399996,5815994.47448000032,13.16783895500,52.42059911900,"0"
"50552","11","0","01","001","2019","08","11","1","3","1","5","0","1","1","0","0","0","0",798712.78758300003,5827925.91194000002,13.40346390500,52.51939159500,"0"
"50553","11","0","03","003","2019","04","17","5","3","1","5","0","1","1","0","0","0","0",802044.48125800001,5831477.61643000040,13.45564515200,52.54939032200,"0"
"50554","11","0","01","001","2019","11","23","6","3","5","7","2","0","1","0","0","0","1",798698.58875700005,5827909.14532999974,13.40324021100,52.51924908300,"1"
"50555","11","0","03","003","2019","09","19","7","3","5","3","1","1","1","0","0","0","0",798705.80700000003,5832902.57000000030,13.40783590900,52.56400389600,"0"
"50556","11","0","07","007","2019","11","12","3","3","2","2","0","0","1","0","0","0","0",796608.83100000001,5815997.41100000031,13.36194370200,52.41361157800,"0"
"50557","11","0","01","001","2019","08","15","7","3","5","2","0","0","1","0","0","0","0",796048.44799999997,5831363.31300000008,13.36737418700,52.55165751300,"0"
"50558","11","0","01","001","2019","04","17","5","3","5","2","0","0","1","0","1","0","0",796467.94482900004,5826422.72903000098,13.36913742200,52.50714209700,"0"
"50559","11","0","11","011","2019","10","07","5","3","0","7","1","1","1","0","0","0","0",806431.84415200003,5827357.93958999962,13.51635173600,52.51001886600,"1"
"50560","11","0","04","004","2019","09","16","7","3","5","2","0","0","1","0","0","0","1",792272.06706899998,5826684.84322999977,13.30772292100,52.51175596100,"0"
"50562","11","0","04","004","2019","06","15","1","2","3","6","0","0","1","0","1","0","0",793312.17772399995,5826833.58007999975,13.32313660400,52.51253102500,"0"
"50563","11","0","04","004","2019","06","14","1","3","3","6","0","1","0","0","0","0","0",791640.70049299998,5826578.76083000097,13.29835289400,52.51114288400,"0"
"50564","11","0","07","007","2019","12","20","3","3","2","6","2","0","1","0","0","0","0",795753.51500000001,5823099.57100000046,13.35569191300,52.47774042100,"1"
"50565","11","0","03","003","2019","08","21","7","3","0","7","1","0","0","0","1","0","0",800067.37878899998,5829071.59123999998,13.42440173700,52.52891705200,"1"
"50566","11","0","02","002","2019","04","15","5","3","5","2","0","1","1","0","0","0","0",797898.72563700005,5825430.73247000109,13.38926874500,52.49747067800,"0"
"50567","11","0","07","007","2019","10","17","5","2","6","7","0","0","1","1","0","0","0",799212.34910300002,5816424.97826000024,13.40049134700,52.41602734700,"0"
"50568","11","0","04","004","2019","09","15","7","3","6","4","0","1","0","1","0","0","0",791841.95912200003,5826612.73170999903,13.30133985900,52.51133978700,"0"
"50570","11","0","02","002","2019","08","03","7","2","0","4","2","0","0","1","1","0","0",801878.72000600002,5826540.93381000031,13.44872600400,52.50523465700,"1"
"50571","11","0","04","004","2019","04","16","5","2","5","2","0","1","1","0","0","0","0",792738.84131499997,5826741.84217000101,13.31463154600,52.51201663200,"0"
"50572","11","0","02","002","2019","09","18","2","3","3","6","1","1","0","0","0","0","0",802027.63428100001,5826990.44383999985,13.45132115000,52.50918122200,"0"
"50573","11","0","01","001","2019","06","09","4","3","5","3","0","1","1","0","0","0","0",796775.21846500004,5826670.71666999906,13.37387257100,52.50919799000,"0"
"50574","11","0","06","006","2019","09","16","6","3","0","2","0","1","1","0","0","0","0",789579.52099899994,5817961.03858000040,13.26058416300,52.43498038300,"0"
"50575","11","0","03","003","2019","12","12","7","3","3","6","0","0","0","0","0","1","1",800060.30900000001,5833694.43699999992,13.42847506300,52.57035679200,"0"
"50576","11","0","06","006","2019","06","00","1","3","1","1","2","0","1","0","0","0","0",789733.66000000003,5817963.40799999982,13.26284725100,52.43491999800,"0"
"50577","11","0","03","003","2019","04","15","5","3","6","4","0","1","0","1","0","0","0",799182.62961099995,5830889.96514999960,13.41303559400,52.54570226800,"0"
"50578","11","0","02","002","2019","11","23","6","3","5","2","2","1","1","0","0","0","0",802149.08885399997,5827727.21043999959,13.45377419800,52.51571761100,"1"
"50579","11","0","03","003","2019","11","17","3","3","2","6","2","0","1","0","0","0","0",800556.17583399999,5829815.70538999978,13.43225828600,52.53531745700,"0"
"50580","11","0","07","007","2019","08","15","6","3","5","2","0","0","1","0","0","0","0",795642.14881799999,5823232.06199999992,13.35417438600,52.47898840200,"0"
"50581","11","0","10","010","2019","04","09","5","3","6","4","0","0","1","1","0","0","0",808298.37014400004,5832010.78653000109,13.54808241800,52.55066532300,"0"
"50582","11","0","01","001","2019","10","16","5","3","4","7","0","1","0","0","0","0","1",798193.30076500005,5827681.86761000101,13.39561167200,52.51748836600,"0"
"50583","11","0","04","004","2019","09","14","6","3","5","3","0","0","1","0","0","0","0",791746.93000000005,5826596.72200000007,13.29992951500,52.51124709700,"0"
"50585","11","0","03","003","2019","06","12","1","2","5","7","0","0","1","0","0","0","1",800153.31105799996,5830148.17035000026,13.42663686600,52.53851945100,"0"
"50586","11","0","11","011","2019","08","18","5","3","6","4","0","0","1","1","0","0","0",803774.25951200002,5827581.22484999895,13.47751719200,52.51350646800,"0"
"50587","11","0","02","002","2019","04","14","4","3","0","2","0","0","1","1","0","0","0",797851.71224000002,5825505.10202999972,13.38864475700,52.49816297300,"0"
"50588","11","0","04","004","2019","06","12","6","3","6","7","0","0","1","1","0","0","0",792975.42958200001,5826782.07022000011,13.31814324100,52.51225023800,"0"
"50589","11","0","05","005","2019","09","14","6","3","2","6","0","0","1","0","0","0","1",785172.62821500003,5826271.77264000010,13.20304188200,52.51181053100,"0"
"50590","11","0","11","011","2019","12","21","7","3","2","6","2","0","1","0","0","0","0",804467.50277699996,5827509.63238000032,13.48763581800,52.51247830100,"1"
"50591","11","0","07","007","2019","06","19","7","3","1","5","0","1","0","0","0","0","1",795820.20048799994,5824178.93439000100,13.35762870700,52.48737994700,"0"
"50592","11","0","07","007","2019","08","17","5","3","0","6","0","0","1","0","0","0","1",797849.42790999997,5821462.68781000096,13.38500013600,52.46192858100,"0"
"50593","11","0","02","002","2019","04","18","4","3","5","3","0","1","1","0","0","0","0",801666.91743200005,5828906.27419999987,13.44775943300,52.52655254100,"0"
"50594","11","0","04","004","2019","11","13","1","3","2","6","0","0","1","0","0","0","1",792324.28523299994,5826672.14594000019,13.30847903300,52.51161415100,"1"
"50595","11","0","02","002","2019","08","15","5","3","0","6","0","1","0","1","0","0","0",801801.33688700001,5826330.98481000029,13.44739905600,52.50339567400,"0"
"50596","11","0","06","006","2019","04","18","4","3","5","3","0","1","1","0","0","0","0",785697.00893699995,5816404.71824000031,13.20229911400,52.42306809500,"0"
"50597","11","0","04","004","2019","10","11","6","3","2","6","0","0","1","0","0","0","1",790747.29500899999,5824897.19070999976,13.28375705300,52.49654447800,"0"
"50598","11","0","12","012","2019","09","08","6","3","5","3","0","1","1","0","0","0","0",791926.86194300000,5838837.03146000020,13.31334475900,52.62088115200,"0"
"50600","11","0","07","007","2019","06","13","7","3","2","6","0","0","1","0","0","0","0",797825.78000000003,5822442.52699999977,13.38552760600,52.47072465300,"0"
"50601","11","0","01","001","2019","08","15","5","3","5","3","0","1","1","0","0","0","0",796446.55276300001,5826426.69637000095,13.36882669000,52.50718928500,"0"
"50602","11","0","03","003","2019","04","17","4","3","2","6","0","0","1","0","0","0","0",801131.04505500000,5838302.42865000106,13.44841473700,52.61106682200,"0"
"50603","11","0","10","010","2019","11","15","2","3","1","5","1","0","1","0","1","0","0",807653.76649600000,5829953.42595000099,13.53670041300,52.53259184900,"1"
"50604","11","0","07","007","2019","06","20","3","3","1","5","0","1","1","0","0","0","0",797807.16936299996,5822854.12057999987,13.38562189400,52.47442427800,"0"
"50605","11","0","11","011","2019","09","16","6","3","3","6","0","0","1","0","1","0","0",807467.61720500002,5827460.19758999906,13.53166016400,52.51035253100,"0"
"50606","11","0","12","012","2019","12","19","6","3","6","2","2","0","1","1","0","0","0",795752.24482100003,5832687.77685999963,13.36419850700,52.56369094500,"1"
"50607","11","0","01","001","2019","08","08","5","3","2","2","0","0","1","0","0","0","0",796285.49558999995,5830276.61359999981,13.36989066800,52.54178749700,"0"
"50608","11","0","07","007","2019","04","14","4","3","6","4","0","0","1","1","0","0","0",797827.00070099998,5820682.44208000042,13.38397495500,52.45494674100,"0"
"50609","11","0","02","002","2019","10","17","2","3","6","4","2","0","1","1","0","0","0",803598.72670500004,5827581.36534999963,13.47493861000,52.51360545500,"1"
"50610","11","0","07","007","2019","09","06","5","3","3","6","2","0","1","0","0","1","0",799682.66971100005,5821465.10570000019,13.41190503500,52.46094798200,"0"
"50611","11","0","07","007","2019","08","10","5","3","5","3","0","1","1","0","0","0","0",797543.60426699999,5818275.46305999998,13.37767320200,52.43352489600,"0"
"50612","11","0","10","010","2019","04","15","4","2","6","4","0","0","1","1","0","0","0",809443.45248600002,5834521.91956999898,13.56725826500,52.57251969000,"0"
"50613","11","0","06","006","2019","10","18","7","3","2","6","1","0","1","0","0","0","0",792496.15541200002,5819782.53536999971,13.30496017500,52.44975804600,"0"
"50614","11","0","07","007","2019","06","23","7","3","3","6","2","0","1","0","0","0","0",798700.95255199994,5821988.78564000037,13.39796726600,52.46617960600,"0"
"50615","11","0","07","007","2019","09","16","5","3","2","6","0","0","1","0","0","0","0",795229.66582400003,5823514.10013999976,13.34836814800,52.48173982700,"0"
"50617","11","0","01","001","2019","06","21","7","3","2","6","1","0","1","0","0","0","0",795906.01109799999,5829519.77372999955,13.36363735000,52.53520936600,"0"
"50618","11","0","06","006","2019","04","09","4","3","5","2","0","0","1","0","0","0","0",783888.86709399999,5815954.17587000038,13.17539787400,52.41996943800,"0"
"50619","11","0","01","001","2019","11","07","4","3","2","6","0","0","1","0","0","0","0",796333.01066000003,5828828.59578999970,13.36929813200,52.52878165800,"0"
"50620","11","0","12","012","2019","06","12","7","3","0","7","0","0","1","0","0","0","0",791805.92378099996,5831252.11055000033,13.30488319300,52.55295007900,"0"
"50621","11","0","04","004","2019","12","18","1","3","3","6","2","0","1","0","0","1","0",790451.57171599998,5828412.61538000032,13.28248145400,52.52821796300,"0"
"50622","11","0","02","002","2019","08","07","5","3","1","6","0","0","1","0","0","0","0",800349.29400899995,5827946.55363999959,13.42752898500,52.51867775800,"0"
"50623","11","0","02","002","2019","04","08","4","2","0","2","0","1","1","0","0","0","0",802638.18327100005,5827696.65763999987,13.46093209300,52.51517260200,"0"
"50624","11","0","07","007","2019","10","08","3","3","2","6","0","0","1","0","1","0","0",795196.70463800000,5822909.05508999899,13.34734854400,52.47633382200,"0"
"50625","11","0","01","001","2019","09","15","5","3","3","6","0","0","1","0","0","0","0",799323.92446600005,5827946.39596999902,13.41246238800,52.51924010500,"0"
"50627","11","0","02","002","2019","07","11","4","2","0","7","0","1","0","0","0","0","0",801101.16078999999,5827854.87497000024,13.43849338600,52.51744142500,"0"
"50628","11","0","07","007","2019","04","11","3","2","2","6","0","0","1","0","0","1","0",795522.18033899995,5822676.78339000046,13.35192098900,52.47407566100,"0"
"50629","11","0","04","004","2019","09","14","7","3","2","6","0","0","1","0","0","0","0",792927.27800000005,5823108.47800000012,13.31420528900,52.47934351000,"1"
"50630","11","0","03","003","2019","06","09","3","3","3","6","0","1","0","0","0","0","1",801625.28000000003,5831258.45299999975,13.44928248100,52.54765823000,"0"
"50631","11","0","06","006","2019","09","13","5","2","0","7","0","1","0","0","0","0","0",791258.37112100003,5818953.71992000006,13.28607534600,52.44298850200,"0"
"50632","11","0","09","009","2019","12","14","6","3","3","6","0","0","1","0","0","0","1",804585.28086299996,5823115.89470000006,13.48534946900,52.47303314800,"1"
"50633","11","0","01","001","2019","06","01","7","3","2","6","2","0","1","0","0","0","0",798817.93648999999,5827216.85082999896,13.40437217000,52.51297825400,"0"
"50634","11","0","01","001","2019","07","22","4","3","5","2","2","1","1","0","0","0","0",796420.23390400002,5826327.80585000105,13.36835199200,52.50631712700,"1"
"50635","11","0","04","004","2019","04","10","3","3","2","6","0","0","1","0","0","0","0",792237.86720300000,5823643.68439000100,13.30455202700,52.48451091500,"0"
"50636","11","0","11","011","2019","11","07","4","2","5","2","0","1","1","0","0","0","0",804910.92354100000,5827464.53756000008,13.49410838200,52.51182645900,"1"
"50637","11","0","05","005","2019","11","14","1","3","5","3","0","0","1","0","1","0","0",783586.09906100004,5826696.28859999962,13.18008829600,52.51644402500,"0"
"50638","11","0","02","002","2019","07","14","4","3","0","6","0","1","0","0","0","0","0",803298.62763100001,5827613.42372999899,13.47055911100,52.51405973900,"0"
"50639","11","0","03","003","2019","04","05","3","2","6","7","0","0","1","0","0","0","1",799924.47863499995,5828818.27433000039,13.42207303800,52.52672511900,"0"
"50640","11","0","02","002","2019","10","10","4","3","6","7","0","0","0","1","0","0","1",803535.86013599997,5827604.20509000029,13.47403588100,52.51384515000,"1"
"50641","11","0","02","002","2019","09","09","5","3","3","6","0","1","0","0","0","0","0",801423.41526599997,5827821.68733999971,13.44319811800,52.51696595000,"0"
"50643","11","0","07","007","2019","05","06","6","3","5","3","0","0","1","0","0","0","0",798153.94999999995,5819054.33299999963,13.38731919800,52.44017429700,"0"
"50644","11","0","04","004","2019","07","13","4","3","5","2","0","1","0","0","0","1","0",790539.65466000000,5826379.00507999957,13.28200006300,52.50993963700,"0"
"50645","11","0","06","006","2019","04","11","3","3","5","7","0","1","1","0","0","0","0",789806.27850799996,5817997.21406999975,13.26394178100,52.43518461100,"0"
"50646","11","0","09","009","2019","06","20","5","3","6","4","0","1","0","1","0","0","0",802623.85159600002,5825153.02297999989,13.45840973000,52.49238210000,"0"
"50647","11","0","07","007","2019","09","06","5","3","2","6","0","0","1","0","0","0","1",799900.90800800000,5821458.25277000107,13.41510140900,52.46076683300,"1"
"50648","11","0","03","003","2019","12","07","4","3","6","2","0","0","1","1","0","0","0",800362.73052700004,5829550.80829000100,13.42917545800,52.53304975500,"0"
"50649","11","0","04","004","2019","05","13","6","3","5","2","0","1","1","0","0","0","0",792530.18720599997,5826706.70232999977,13.31153480200,52.51181355500,"0"
"50650","11","0","01","001","2019","07","18","3","3","6","6","0","0","0","1","0","0","1",799602.47771699994,5828290.81625000108,13.41686562700,52.52217433300,"0"
"50651","11","0","04","004","2019","11","05","6","3","5","2","2","0","1","0","0","0","0",793267.36490399996,5823001.75377999991,13.31910474200,52.47820423700,"0"
"50652","11","0","01","001","2019","07","23","3","3","5","3","2","1","0","0","0","0","1",796761.80936499999,5826668.13850000035,13.37367327500,52.50918217400,"0"
"50653","11","0","01","001","2019","09","17","6","3","2","6","0","0","1","0","0","0","0",795911.10278099997,5831794.58887000103,13.36573884600,52.55559810400,"1"
"50654","11","0","01","001","2019","04","11","3","3","2","6","0","0","1","0","1","0","0",796696.38227800000,5826198.21516999975,13.37229324000,52.50500537300,"0"
"50655","11","0","04","004","2019","10","00","5","3","5","3","2","0","1","0","0","0","0",791852.39093100000,5826614.51269000024,13.30149470000,52.51135017100,"1"
"50656","11","0","11","011","2019","09","05","5","3","2","6","2","0","1","0","0","1","0",805670.20075700001,5827389.16920000035,13.50519267200,52.51072605000,"1"
"50658","11","0","03","003","2019","05","19","6","2","1","5","1","1","1","0","0","0","0",799020.10859800002,5832456.65433000028,13.41205711300,52.55983443800,"1"
"50659","11","0","03","003","2019","07","22","3","3","3","2","2","0","1","0","1","0","0",798366.26217200002,5833481.98952999897,13.40336266700,52.56938372100,"0"