OBJECTID,ULAND,UREGBEZ,UKREIS,UGEMEINDE,UJAHR,UMONAT,USTUNDE,UWOCHENTAG,UKATEGORIE,UART,UTYP1,ULICHTVERH,IstRad,IstPKW,IstFuss,IstKrad,IstGkfz,IstSonstig,LINREFX,LINREFY,XGCSWGS84,YGCSWGS84,STRZUSTAND
"50852","11","0","12","012","2019","04","22","2","3","0","3","2","0","1","0","1","0","0",795712.62311699998,5832840.06011999957,13.36375141300,52.56507753500,"0"
"50853","11","0","07","007","2019","10","13","7","3","5","3","0","1","1","0","0","0","0",798153.94999999995,5819054.33299999963,13.38731919800,52.44017429700,"0"
"50854","11","0","04","004","2019","09","20","6","3","0","1","2","1","1","0","0","0","0",790860.64870100003,5826431.28005000018,13.28676220700,52.51023722200,"0"
"50856","11","0","07","007","2019","05","10","2","2","0","7","0","1","0","0","0","0","0",796423.85767000006,5815399.87186000030,13.35870294400,52.40835525500,"0"
"50857","11","0","12","012","2019","07","17","4","3","1","5","0","1","1","0","0","0","0",795413.53670499998,5833583.14872999955,13.36001358300,52.57190099000,"0"
"50858","11","0","01","001","2019","04","18","2","3","0","5","0","1","0","0","0","0","1",798902.65461400000,5828084.71597000025,13.40639652700,52.52071101000,"0"
"50859","11","0","05","005","2019","11","17","3","1","6","4","1","0","1","1","0","0","1",785375.07644099998,5826217.72142999899,13.20597060100,52.51122002900,"1"
"50860","11","0","01","001","2019","06","11","3","3","5","2","0","1","1","0","0","0","0",799761.89562900004,5828627.23369999975,13.41951146000,52.52510216300,"0"
"50861","11","0","06","006","2019","09","06","6","3","3","6","0","0","1","0","0","0","0",785936.51727800001,5819063.56207999960,13.20808595000,52.44678230800,"0"
"50862","11","0","04","004","2019","12","18","6","2","2","6","2","0","1","0","0","0","0",790481.00196599995,5828459.68646000046,13.28295518900,52.52862427500,"1"
"50863","11","0","02","002","2019","07","15","4","3","0","1","0","1","0","0","0","0","0",802030.39927099994,5828104.72183999978,13.45237312500,52.51916698900,"0"
"50864","11","0","09","009","2019","10","13","3","3","2","6","0","0","1","0","0","0","0",806635.91269699996,5821121.05819999985,13.51361311200,52.45400754200,"0"
"50865","11","0","04","004","2019","09","13","6","3","3","6","0","0","1","0","0","0","1",790463.37450300006,5825454.98792000022,13.28007304900,52.50169636900,"0"
"50866","11","0","12","012","2019","06","15","7","3","2","6","0","0","1","0","0","0","0",792033.13861499995,5831711.13403999992,13.30862871600,52.55694329800,"0"
"50867","11","0","12","012","2019","09","13","6","3","0","6","0","0","0","0","0","0","1",791557.86198000005,5830732.13922000024,13.30077827800,52.54842149900,"0"
"50868","11","0","12","012","2019","12","13","2","3","3","6","0","0","1","0","0","1","0",795749.25450200005,5832703.99241000041,13.36416897400,52.56383792600,"0"
"50869","11","0","02","002","2019","05","09","2","3","3","6","0","1","1","0","0","0","0",797758.55997700000,5824138.59618000034,13.38605540800,52.48596465900,"0"
"50870","11","0","03","003","2019","07","19","4","2","2","7","0","0","1","0","0","0","0",801220.07038799999,5837679.90582999960,13.44915890100,52.60543787900,"0"
"50871","11","0","05","005","2019","04","15","2","3","0","7","0","0","1","0","0","0","1",783319.44611000002,5826476.39785000030,13.17598190600,52.51461102000,"0"
"50872","11","0","07","007","2019","11","12","2","3","0","6","0","0","1","0","1","0","0",798192.19600000000,5818900.19199999981,13.38774267000,52.43877173800,"1"
"50873","11","0","07","007","2019","07","07","4","3","2","6","0","0","1","0","0","0","1",798084.32149799995,5819322.40115999989,13.38653698800,52.44261519600,"0"
"50874","11","0","04","004","2019","04","08","2","3","5","2","0","1","1","0","0","0","0",791173.68691199995,5826482.47444000002,13.29140656000,52.51052917400,"0"
"50875","11","0","07","007","2019","10","17","1","3","0","7","0","1","1","0","0","0","0",797871.85932199995,5821606.16748000029,13.38545737300,52.46320249200,"0"
"50876","11","0","12","012","2019","09","12","6","3","6","7","0","0","0","1","0","1","0",795493.14872000006,5833372.00997999962,13.36099675600,52.56996512100,"0"
"50878","11","0","04","004","2019","05","15","1","3","6","4","0","1","0","1","0","0","0",792766.75180700002,5826768.12612000015,13.31506476900,52.51223727900,"0"
"50879","11","0","04","004","2019","07","15","4","3","2","6","0","0","1","0","0","1","0",793199.57360999996,5823013.94170999900,13.31812014100,52.47834989700,"0"
"50880","11","0","02","002","2019","04","08","2","3","5","3","0","1","1","0","0","0","0",803308.64139400003,5827628.70265999995,13.47072015000,52.51419111300,"0"
"50881","11","0","03","003","2019","11","22","3","3","0","3","2","1","1","0","0","0","0",798165.69820800005,5836121.94742999971,13.40278705400,52.59315695500,"1"
"50882","11","0","03","003","2019","06","07","4","2","5","3","0","1","0","0","0","0","0",799162.76039900002,5830629.88430999964,13.41250922300,52.54338195600,"0"
"50883","11","0","04","004","2019","09","12","6","3","2","6","0","0","1","0","0","0","0",790561.41538400005,5825168.88812000025,13.28126370700,52.49907926300,"0"
"50884","11","0","02","002","2019","12","13","7","3","1","5","0","1","1","0","0","0","1",802041.42035799997,5827052.41715000104,13.45157990100,52.50972905900,"0"
"50885","11","0","09","009","2019","07","16","4","3","5","2","0","0","1","0","0","0","0",803117.58092800004,5824546.01403000019,13.46510750400,52.48666760500,"0"
"50886","11","0","12","012","2019","10","09","4","3","3","6","0","0","1","0","0","0","0",795438.76308399998,5833516.53753999993,13.36032538700,52.57129019200,"0"
"50887","11","0","07","007","2019","09","15","6","3","8","7","0","0","1","0","0","0","0",796604.02242099994,5816011.46217000019,13.36188566000,52.41374014200,"0"
"50888","11","0","07","007","2019","07","14","4","3","3","6","0","0","1","0","1","0","1",797780.01979499997,5823444.98135000095,13.38575095000,52.47973548500,"0"
"50889","11","0","12","012","2019","04","00","1","3","5","2","2","1","1","0","0","0","0",792728.40839400003,5837423.79440999962,13.32390070800,52.60778107800,"0"
"50890","11","0","04","004","2019","10","00","3","3","5","2","2","0","1","0","0","0","0",791027.76199999999,5826458.48500000034,13.28924144700,52.51039198200,"0"
"50891","11","0","04","004","2019","06","13","2","3","2","6","0","0","1","0","0","1","0",790539.50921299995,5825848.34513000026,13.28153476000,52.50518231300,"0"
"50892","11","0","11","011","2019","09","20","5","3","5","2","2","1","1","0","0","0","0",804870.07695100002,5827449.15536000021,13.49349426200,52.51171142600,"0"
"50894","11","0","10","010","2019","05","02","1","3","6","4","2","0","0","1","0","0","1",808704.00492099999,5832916.88430000003,13.55488843900,52.55855577700,"0"
"50895","11","0","10","010","2019","07","19","4","3","2","6","0","0","1","0","0","0","0",809474.72480600001,5827395.02873999998,13.56108013400,52.50863362000,"0"
"50896","11","0","04","004","2019","04","13","7","3","2","6","0","0","1","0","0","0","0",792327.40937699995,5823539.61919999961,13.30577564300,52.48353005600,"0"
"50897","11","0","05","005","2019","11","07","5","2","4","6","1","1","0","0","0","0","0",780347.00735600002,5822457.68922000006,13.12891136200,52.48011206400,"0"
"50898","11","0","04","004","2019","05","17","1","3","2","6","0","0","1","0","0","0","0",791279.79963899998,5829931.11942999903,13.29598665300,52.54138924000,"0"
"50899","11","0","04","004","2019","12","16","3","3","5","2","2","1","1","0","0","0","0",791031.91326499998,5826459.16744999960,13.28930304000,52.51039588600,"1"
"50900","11","0","02","002","2019","07","20","3","3","2","6","0","0","1","0","0","0","1",801956.68358499999,5827767.69369999971,13.45098412400,52.51618701900,"0"
"50901","11","0","04","004","2019","04","01","7","3","5","3","2","0","1","0","0","0","0",791859.78099999996,5826594.45399999991,13.30158569500,52.51116639500,"0"
"50902","11","0","02","002","2019","10","08","5","2","0","2","0","1","1","0","0","0","0",802589.28123199998,5827701.82234000042,13.46021834000,52.51524602500,"1"
"50903","11","0","03","003","2019","09","06","5","3","5","2","1","1","0","0","0","1","0",799197.16561200004,5831456.20899999980,13.41375946200,52.55076977500,"0"
"50905","11","0","03","003","2019","07","18","3","3","1","5","0","1","1","0","0","0","1",799244.83053499996,5830348.47883000039,13.41346233900,52.54081452600,"0"
"50906","11","0","02","002","2019","04","00","7","3","6","4","2","0","1","1","0","0","0",802586.28500000003,5827702.13800000027,13.46017460700,52.51525051600,"0"
"50907","11","0","04","004","2019","09","17","2","3","8","1","0","0","1","0","0","0","0",792467.44509000005,5822711.22016000003,13.30710529900,52.47602862900,"1"
"50908","11","0","02","002","2019","06","05","4","3","2","6","0","0","1","0","0","0","0",801554.84791400004,5827808.34236999974,13.44511710000,52.51677368200,"0"
"50909","11","0","04","004","2019","09","11","5","3","5","2","0","1","1","0","0","0","0",791025.95136800001,5826476.84628999978,13.28923089900,52.51055755700,"0"
"50910","11","0","01","001","2019","12","17","6","3","2","6","2","1","0","0","0","0","0",800161.21482300002,5828007.34525999986,13.42482029800,52.51932620600,"0"
"50911","11","0","04","004","2019","05","00","1","3","0","1","2","1","0","0","0","0","0",790487.11638599995,5826370.17263999954,13.28122039000,52.50988843400,"0"
"50912","11","0","12","012","2019","07","16","3","3","5","3","0","1","1","0","0","0","0",794405.17360200000,5834451.55642999895,13.34594888700,52.58023193200,"0"
"50913","11","0","02","002","2019","04","11","7","2","5","3","0","0","1","0","0","0","1",802179.99714200001,5827734.04837999959,13.45423451000,52.51576177600,"0"
"50914","11","0","02","002","2019","11","09","6","3","6","7","0","1","0","1","0","0","0",802971.62549999997,5827662.93353000097,13.46580016200,52.51468522100,"0"
"50915","11","0","01","001","2019","09","06","5","3","5","2","0","1","1","0","0","0","0",796552.04944500001,5826607.73137999978,13.37053779300,52.50875475100,"1"
"50916","11","0","03","003","2019","11","16","3","3","2","2","2","0","1","0","0","0","0",799994.55115199997,5830220.96026000008,13.42436879400,52.53925930900,"0"
"50917","11","0","12","012","2019","07","14","3","3","5","3","0","0","1","0","0","0","0",794097.83713300002,5835017.60286999959,13.34192853400,52.58547231000,"0"
"50918","11","0","03","003","2019","04","15","6","3","5","2","0","0","1","0","0","0","1",799144.69645699998,5832234.25341999996,13.41368902700,52.55777253800,"0"
"50919","11","0","01","001","2019","10","17","5","3","6","4","0","1","0","1","0","0","0",796020.69134999998,5827317.97716000024,13.36336317200,52.51541005100,"0"
"50920","11","0","09","009","2019","09","16","4","3","6","7","0","0","0","1","0","0","1",802700.45242300001,5825200.28581000026,13.45957747700,52.49276324400,"0"
"50922","11","0","01","001","2019","05","11","7","3","5","3","0","0","1","0","1","0","0",795878.99121000001,5832057.62354999967,13.36550105200,52.55797339300,"0"
"50923","11","0","12","012","2019","07","14","3","3","6","4","0","1","0","1","0","0","0",795607.10634800000,5833078.74681000039,13.36241192700,52.56727443000,"0"
"50924","11","0","10","010","2019","04","09","6","3","1","6","0","0","1","0","0","0","1",807658.42546699999,5830125.92724000011,13.53692854200,52.53413516700,"0"
"50925","11","0","12","012","2019","06","11","6","3","2","6","0","0","1","0","0","0","1",794004.71038399998,5835187.83990000002,13.34070899600,52.58704869400,"0"
"50926","11","0","07","007","2019","09","10","4","3","2","6","0","0","1","0","0","0","0",798532.60257200000,5822076.61890999973,13.39557504400,52.46705893400,"0"
"50927","11","0","06","006","2019","12","17","6","3","0","2","2","1","1","0","0","0","0",783380.82287300006,5815986.78299000021,13.16797473000,52.42052512900,"0"
"50928","11","0","03","003","2019","05","11","7","3","6","6","0","1","0","1","0","0","0",799105.49278900004,5832323.69766999967,13.41319307300,52.55859579800,"0"
"50929","11","0","03","003","2019","07","12","3","3","3","6","0","1","1","0","0","0","0",802026.34594399994,5831470.09398999903,13.45537166500,52.54933295400,"0"
"50930","11","0","12","012","2019","11","00","7","3","3","2","2","0","1","0","0","0","0",794573.02627200005,5833797.85599999968,13.34783809400,52.57428120300,"1"
"50931","11","0","01","001","2019","07","07","3","2","6","4","0","0","0","1","0","1","0",798299.41673199995,5827699.10666999966,13.39718636000,52.51758485900,"0"
"50932","11","0","09","009","2019","04","12","6","3","2","2","0","0","1","0","0","0","0",804106.56099999999,5824366.79000000004,13.47946398700,52.48451132300,"0"
"50933","11","0","03","003","2019","10","07","6","3","0","7","0","0","1","0","0","0","1",799610.71194800001,5840103.44204000011,13.42766062000,52.62804977500,"0"
"50934","11","0","02","002","2019","09","09","4","3","1","5","0","0","1","0","1","0","0",802952.94763700000,5827648.73068000004,13.46551282800,52.51456829800,"0"
"50936","11","0","01","001","2019","05","03","7","3","2","6","2","1","1","0","0","0","0",795936.07636499999,5831656.85300000012,13.36598334300,52.55434987000,"0"
"50937","11","0","09","009","2019","07","10","3","3","0","1","0","1","0","0","0","0","0",805389.65353100002,5822331.01874999981,13.49643676800,52.46554957200,"0"
"50938","11","0","03","003","2019","04","23","6","3","1","5","2","1","1","0","0","0","1",800191.51355499995,5829229.62552999891,13.42636882600,52.53026522000,"0"
"50939","11","0","03","003","2019","11","14","2","3","1","5","0","1","1","0","0","0","0",799476.78203799995,5830320.66308000032,13.41684719800,52.54043777500,"1"
"50940","11","0","12","012","2019","06","06","3","3","2","6","0","0","1","0","0","0","0",790265.26766699995,5835720.57443000097,13.28613543300,52.59383283300,"0"
"50941","11","0","12","012","2019","09","14","4","3","5","2","0","1","1","0","0","0","0",795741.53253199998,5832766.01116000023,13.36411066800,52.56439805700,"1"
"50942","11","0","03","003","2019","12","15","6","3","1","5","1","1","1","0","0","0","1",800243.12845399999,5829312.09018999897,13.42720190400,52.53097594900,"1"
"50943","11","0","01","001","2019","07","16","3","3","0","4","0","1","0","1","0","0","0",795880.57758799999,5832049.10381999984,13.36551678900,52.55789616100,"0"
"50944","11","0","03","003","2019","04","16","6","3","5","3","0","1","1","0","0","0","0",800081.88832599996,5832712.61918999907,13.42790441800,52.56154463900,"0"
"50945","11","0","01","001","2019","10","11","2","3","3","6","0","0","1","0","1","0","0",797771.06645100005,5826852.16995000094,13.38866500600,52.51028184100,"0"
"50946","11","0","06","006","2019","09","14","3","2","0","1","0","0","0","0","1","0","0",794283.89421099995,5821479.33970000036,13.33268628600,52.46400972400,"0"
"50947","11","0","04","004","2019","07","10","3","3","2","6","0","0","1","0","0","0","0",790469.02151700004,5828470.11165000033,13.28278819000,52.52872412100,"0"
"50948","11","0","03","003","2019","04","07","6","3","2","6","0","0","1","0","0","0","0",800254.41032499995,5831890.38472000044,13.42969801100,52.55407966500,"0"
"50949","11","0","01","001","2019","10","20","7","3","5","3","2","1","0","0","0","0","1",795877.14487399999,5832069.08530000038,13.36548411500,52.55807714000,"0"
"50950","11","0","02","002","2019","06","07","7","3","5","2","0","0","1","0","0","0","0",802580.98600300006,5827686.76740000024,13.46008277900,52.51511569100,"0"
"50951","11","0","06","006","2019","09","17","3","3","5","2","0","1","1","0","0","0","0",784010.98448200000,5815896.44943999965,13.17713977800,52.41938847500,"0"
"50953","11","0","02","002","2019","05","14","7","2","6","4","0","0","1","1","0","0","0",797848.36037899996,5825020.27981000021,13.38816203300,52.49381894400,"0"
"50954","11","0","10","010","2019","04","09","5","2","5","3","0","0","1","0","0","0","1",808896.70932100003,5833396.48030999955,13.55816838800,52.56274447600,"0"
"50955","11","0","09","009","2019","11","16","3","2","4","6","1","1","0","0","0","0","0",802744.12035500002,5825182.78691999987,13.46020280400,52.49258218500,"0"
"50956","11","0","03","003","2019","05","23","6","3","5","3","2","1","1","0","0","0","0",799218.32719400001,5832063.73225000035,13.41461817800,52.55620363600,"0"
"50957","11","0","07","007","2019","12","03","1","3","3","6","2","0","1","0","0","0","0",795427.11644899996,5823727.64704000019,13.35145648500,52.48354733300,"0"
"50958","11","0","03","003","2019","07","08","3","3","2","6","0","0","1","0","0","1","0",797987.55936399999,5834232.53689999972,13.39846603400,52.57631875600,"0"
"50959","11","0","07","007","2019","04","08","5","3","2","6","0","0","1","0","0","0","0",795882.54027700005,5822666.93008000031,13.35720232700,52.47379224600,"0"
"50960","11","0","07","007","2019","10","17","3","2","1","5","1","1","1","0","0","0","0",795777.94200000004,5824124.05399999954,13.35695946200,52.48691088400,"0"
"50961","11","0","12","012","2019","09","17","3","3","9","1","0","0","1","0","0","0","0",791725.78683400003,5831080.54540000018,13.30355384400,52.55145497000,"0"
"50963","11","0","03","003","2019","07","08","3","3","1","5","0","1","1","0","0","0","0",799410.26596500003,5830311.44668000005,13.41586104400,52.54039171600,"0"
"50964","11","0","12","012","2019","04","17","5","2","6","2","0","0","1","1","0","0","0",794572.16084200004,5833819.00241999980,13.34784414700,52.57447123200,"0"
"50965","11","0","07","007","2019","09","14","7","3","2","6","0","0","1","0","0","0","0",795779.93874200003,5822653.88250000030,13.35568457700,52.47373085400,"0"
"50966","11","0","07","007","2019","06","07","3","2","0","1","0","0","0","0","1","0","0",798507.05824599997,5822075.57072999980,13.39519919500,52.46706349500,"0"
"50967","11","0","03","003","2019","09","09","3","3","5","2","0","1","0","0","1","0","0",797964.74036599998,5834379.81474000029,13.39826265800,52.57765138600,"0"
"50968","11","0","07","007","2019","12","15","4","3","2","6","1","0","0","0","1","0","1",796527.01638900000,5822534.85195000097,13.36654564300,52.47225879800,"0"
"50969","11","0","02","002","2019","05","19","6","2","6","4","0","0","1","1","0","0","0",801720.02346900001,5827775.40723999962,13.44751406100,52.51638712900,"0"
"50970","11","0","02","002","2019","07","08","3","3","2","6","0","0","1","0","0","0","0",802402.82251600001,5827721.97661999986,13.45749726300,52.51553007800,"0"
"50971","11","0","02","002","2019","07","19","3","3","3","6","0","0","1","0","0","0","0",802240.85211099999,5827722.52410000004,13.45511811900,52.51562476500,"0"
"50972","11","0","07","007","2019","04","17","5","3","6","4","0","0","1","1","0","0","0",797488.40242199996,5818027.40407000110,13.37664290200,52.43133130600,"0"
"50973","11","0","04","004","2019","10","16","1","3","0","1","0","0","1","0","0","0","0",791606.30293000001,5824315.24017999973,13.29586536500,52.49086904100,"0"
"50974","11","0","03","003","2019","06","17","1","3","1","5","0","1","1","0","0","0","0",798036.68793999997,5833871.05441000033,13.39886396000,52.57305167900,"0"
"50975","11","0","02","002","2019","09","09","3","3","5","2","0","1","1","0","0","0","0",802087.26241600001,5827268.67033999972,13.45244959400,52.51164195700,"0"
"50977","11","0","12","012","2019","05","11","6","3","2","6","0","0","1","0","0","0","0",790734.87802199996,5834804.23782999907,13.29224448200,52.58536720500,"0"
"50978","11","0","01","001","2019","04","10","4","3","3","6","0","0","1","0","0","0","0",796158.50133899995,5825729.91251000110,13.36397518900,52.50109969300,"0"
"50979","11","0","04","004","2019","11","18","4","3","2","6","2","0","1","0","0","0","0",790538.82063099998,5825782.93933000043,13.28146756500,52.50459631200,"0"
"50980","11","0","03","003","2019","05","07","6","2","6","4","0","0","1","1","0","0","0",798121.73162199999,5835643.26262999978,13.40170911600,52.58889036000,"0"
"50981","11","0","11","011","2019","12","18","2","2","6","4","2","0","1","1","0","0","0",804235.39944600000,5827533.24332999904,13.48424775200,52.51281941900,"1"
"50982","11","0","12","012","2019","07","16","2","3","5","2","0","1","1","0","0","0","0",795766.15553900006,5832696.09891999979,13.36441054800,52.56375798800,"1"
"50983","11","0","01","001","2019","04","13","4","3","3","6","0","0","0","0","1","0","1",796257.19440399995,5829008.33162000030,13.36834395300,52.53043401900,"0"
"50984","11","0","12","012","2019","10","09","4","3","0","2","0","0","0","0","1","1","0",794482.80794099998,5834309.74992000032,13.34696534200,52.57891874200,"0"
"50985","11","0","02","002","2019","09","16","3","3","1","5","0","0","1","0","0","0","1",797853.82646699995,5825034.42764000036,13.38825495700,52.49394278000,"0"
"50987","11","0","03","003","2019","07","16","2","3","2","7","0","0","0","0","1","1","0",799838.10100000002,5839521.12200000044,13.43048191200,52.62270491200,"1"
"50988","11","0","12","012","2019","04","11","4","3","0","6","0","1","0","1","0","0","0",792202.12298400002,5837875.65794000030,13.31654998800,52.61211496800,"0"
"50989","11","0","04","004","2019","09","06","1","2","0","1","1","1","0","0","0","0","0",788602.22866799997,5826071.41531999968,13.25326517400,52.50821045900,"1"
"50990","11","0","03","003","2019","06","07","3","2","5","2","0","1","1","0","0","0","0",801323.08726599999,5830980.74954999890,13.44458747200,52.54533638600,"0"
"50991","11","0","07","007","2019","09","10","2","3","6","7","0","0","0","1","1","0","0",797802.74594299996,5822956.90962999966,13.38564873900,52.47534807800,"0"
"50992","11","0","01","001","2019","12","08","6","3","3","6","0","0","1","0","0","0","1",797606.90712999995,5826825.79612999968,13.38622968600,52.51013501400,"0"
"50993","11","0","10","010","2019","05","08","6","2","2","6","0","0","1","0","0","0","0",808656.09496100002,5827443.15486999974,13.54910105500,52.50952867500,"0"
"50994","11","0","02","002","2019","07","14","2","3","6","4","0","1","0","1","0","0","0",797831.64951100003,5824972.55396000016,13.38787395400,52.49340025700,"0"
"50995","11","0","03","003","2019","04","10","4","3","5","3","0","1","1","0","0","0","0",799237.06370800000,5831941.67437999975,13.41478369200,52.55509928700,"0"
"50996","11","0","04","004","2019","11","21","5","3","5","3","2","0","1","0","0","0","0",791239.74341000000,5824612.92145999987,13.29074198000,52.49373344400,"1"
"50997","11","0","04","004","2019","09","20","2","3","5","2","2","0","1","0","1","0","0",790652.96778199996,5826416.50886000041,13.28369776300,52.51021549600,"0"
"50998","11","0","07","007","2019","11","16","2","3","2","6","2","0","1","0","0","0","0",797236.80871799996,5822344.16368999891,13.37679479200,52.47016370700,"0"
"50999","11","0","07","007","2019","07","19","2","3","2","6","0","0","1","0","0","1","0",797689.97002899996,5818746.41763000097,13.38023918900,52.43766690400,"0"
"51000","11","0","01","001","2019","04","14","4","3","0","4","0","0","0","1","0","0","1",799199.25939100003,5828376.16296000034,13.41101714600,52.52316073700,"0"
"51001","11","0","03","003","2019","10","16","4","3","2","6","0","0","1","0","0","0","0",800266.24062399997,5831893.35068000015,13.42987466000,52.55409972800,"1"
"51002","11","0","02","002","2019","09","19","2","3","3","6","1","0","1","0","1","0","0",797907.08079499996,5825155.66227999981,13.38914545800,52.49500044200,"0"
"51004","11","0","07","007","2019","05","13","6","2","0","3","0","0","1","0","0","0","1",796612.54774199997,5816012.40486000013,13.36201147500,52.41374397300,"0"
"51005","11","0","11","011","2019","07","15","2","3","0","2","0","1","1","0","0","0","0",804514.46929599997,5827504.73036000039,13.48832127800,52.51240814900,"1"
"51006","11","0","01","001","2019","04","08","4","2","1","5","0","1","1","0","0","0","0",798021.48871099995,5827659.21007000096,13.39306681900,52.51737918500,"0"
"51007","11","0","09","009","2019","06","15","5","3","2","6","0","0","1","0","0","0","0",806767.83740299998,5820992.65414999891,13.51543052000,52.45278272300,"0"
"51008","11","0","01","001","2019","09","18","2","3","6","4","0","1","0","1","0","0","0",796214.67504799995,5827351.11517000105,13.36624298600,52.51560178200,"0"
"51009","11","0","01","001","2019","12","21","5","3","5","7","2","0","1","0","0","0","0",799103.26300000004,5827687.45000000019,13.40898718400,52.51704010600,"1"
"51010","11","0","03","003","2019","05","13","6","3","0","7","0","1","1","0","0","0","0",799804.79823900003,5830235.66435000021,13.42159261500,52.53949553400,"0"
"51011","11","0","07","007","2019","07","13","2","3","0","1","0","0","1","0","0","0","0",799731.08176099998,5821397.32373000029,13.41255459600,52.46031386300,"0"
"51012","11","0","03","003","2019","11","17","6","3","0","6","2","0","1","0","0","0","1",797968.87656999996,5834464.31395000033,13.39839946600,52.57840653600,"0"
"51013","11","0","04","004","2019","07","00","2","3","3","6","2","0","1","0","0","0","0",791183.69494500000,5829569.33069000021,13.29425649200,52.53819721800,"0"
"51014","11","0","10","010","2019","09","09","6","2","2","6","0","0","1","0","0","1","0",807863.85754800006,5827447.25423999969,13.53746835800,52.51001306500,"1"
"51015","11","0","09","009","2019","04","21","4","3","5","3","2","1","0","0","0","0","0",802794.65899999999,5825161.93400000036,13.46092596700,52.49236725000,"0"
"51016","11","0","07","007","2019","10","17","5","3","2","6","0","0","1","0","0","0","0",796530.18342599995,5822537.80451000109,13.36659475700,52.47228354600,"1"
"51017","11","0","06","006","2019","09","18","2","3","5","3","0","1","1","0","0","0","0",787893.81558699999,5817567.20765999984,13.23551703300,52.43233929200,"0"
"51019","11","0","07","007","2019","05","15","6","3","2","6","0","0","1","0","0","0","0",796424.99182200001,5822607.30566999968,13.36511239000,52.47296365600,"0"
"51020","11","0","02","002","2019","07","17","1","3","3","7","0","0","1","0","1","0","0",801822.84559100005,5826380.54258999974,13.44775989600,52.50382796800,"0"
"51021","11","0","12","012","2019","04","15","4","3","5","7","0","0","1","0","1","0","0",795697.55900000001,5832844.84300000034,13.36353408000,52.56512859100,"0"
"51022","11","0","04","004","2019","11","06","2","3","2","6","2","0","1","0","0","0","0",793849.25161599996,5823006.05190999899,13.32765175900,52.47792998900,"1"
"51023","11","0","07","007","2019","06","15","7","3","2","6","0","0","1","0","0","0","0",797910.88283400005,5820199.64520000014,13.38477508400,52.45057327500,"0"
"51024","11","0","01","001","2019","09","17","2","3","5","2","0","1","1","0","0","0","0",796285.62237600004,5830276.97965999972,13.36989285900,52.54179071000,"0"
"51025","11","0","07","007","2019","12","09","5","3","0","6","0","0","1","0","1","0","0",797463.10459500004,5817915.65498000011,13.37617249200,52.43034333600,"0"
"51026","11","0","01","001","2019","07","13","1","3","0","7","0","1","0","0","0","0","0",796044.40081499994,5827309.65560000017,13.36370414600,52.51532258700,"0"
"51027","11","0","03","003","2019","04","08","4","3","0","6","0","1","0","0","0","0","0",800011.46861800004,5830335.86036999896,13.42472123500,52.54027988100,"0"
"51028","11","0","04","004","2019","10","18","1","3","2","6","2","0","1","0","0","0","0",790652.63535400003,5828832.26865999959,13.28580387600,52.53187298500,"0"
"51029","11","0","07","007","2019","09","09","2","3","2","6","0","0","1","0","0","0","0",796549.97710599995,5822524.95595000032,13.36687389000,52.47215762500,"0"
"51030","11","0","12","012","2019","07","00","1","3","2","7","2","0","1","0","0","0","1",794771.44878500002,5833773.84965999983,13.35073625100,52.57395857500,"1"
"51031","11","0","02","002","2019","04","06","4","2","1","1","0","0","1","0","0","1","1",801827.33167999994,5826230.76381999999,13.44769002300,52.50248300600,"0"
"51032","11","0","03","003","2019","10","00","6","3","0","1","2","0","0","0","0","0","1",801077.37414600002,5830653.49880000018,13.44067837500,52.54253904000,"0"
"51033","11","0","03","003","2019","06","14","6","3","2","6","0","0","1","0","0","0","0",804470.59334599995,5839656.90732999891,13.49883000200,52.62134573300,"0"
"51034","11","0","02","002","2019","09","08","2","3","2","6","0","0","1","0","0","1","0",803524.94462199998,5827605.49084999971,13.47387669500,52.51386274800,"0"
"51036","11","0","01","001","2019","05","16","6","3","5","2","0","0","1","0","0","0","1",796455.75699999998,5827391.14199999999,13.36982100300,52.51582959500,"0"
"51037","11","0","04","004","2019","04","17","3","3","5","2","0","1","1","0","0","0","0",793092.55339300004,5826823.30219000019,13.31990050400,52.51255694500,"0"
"51038","11","0","01","001","2019","11","05","2","3","8","1","0","1","0","0","0","0","0",797926.39624999999,5827647.24246999901,13.39165884100,52.51732386600,"0"
"51039","11","0","07","007","2019","05","17","6","3","2","6","0","0","1","0","1","0","0",795497.77650000004,5822691.51876000036,13.35157579400,52.47422095600,"0"
"51040","11","0","04","004","2019","11","05","7","3","0","3","2","0","1","0","0","0","1",791578.39331499999,5826568.22599999979,13.29742815600,52.51108175000,"0"
"51041","11","0","02","002","2019","07","23","7","3","2","6","2","0","1","0","1","0","0",801652.41613300005,5828924.63274000026,13.44756298100,52.52672511400,"1"
"51042","11","0","01","001","2019","04","08","3","3","2","6","0","0","1","0","0","0","0",796160.71833900001,5829148.78440999892,13.36705102500,52.53174546500,"0"
"51043","11","0","09","009","2019","10","17","2","3","3","6","2","0","1","0","1","0","0",802594.16962900001,5825112.02096999902,13.45793664200,52.49203105500,"0"
"51044","11","0","04","004","2019","09","11","2","3","2","7","0","0","1","0","1","0","0",792058.02201700001,5826627.71707000025,13.30452771100,52.51135848500,"0"
"51046","11","0","11","011","2019","07","22","7","3","5","2","2","1","1","0","0","0","0",804236.39401399996,5827518.61679000035,13.48424899100,52.51268777200,"1"