OBJECTID,ULAND,UREGBEZ,UKREIS,UGEMEINDE,UJAHR,UMONAT,USTUNDE,UWOCHENTAG,UKATEGORIE,UART,UTYP1,ULICHTVERH,IstRad,IstPKW,IstFuss,IstKrad,IstGkfz,IstSonstig,LINREFX,LINREFY,XGCSWGS84,YGCSWGS84,STRZUSTAND
"51047","11","0","08","008","2019","04","10","3","3","3","6","0","0","1","0","0","1","0",801964.15683700005,5821841.43520999979,13.44572397300,52.46306522700,"0"
"51048","11","0","01","001","2019","06","17","2","3","5","3","0","1","1","0","0","0","0",798121.05163799995,5827657.62827000022,13.39452834600,52.51731059000,"0"
"51049","11","0","07","007","2019","09","11","2","3","5","2","0","0","1","0","0","1","0",797707.77228999999,5818784.22388000041,13.38053397500,52.43799610900,"0"
"51050","11","0","03","003","2019","12","04","3","3","8","1","2","0","0","0","0","0","1",801214.05823900003,5837883.66530000046,13.44925583300,52.60726748800,"1"
"51051","11","0","07","007","2019","05","13","5","3","2","6","0","0","1","0","0","0","0",796876.32122100005,5822382.46602000017,13.37153751000,52.47070307400,"0"
"51052","11","0","04","004","2019","07","19","7","3","6","4","0","1","0","1","0","0","0",791409.09405299998,5826519.06675999984,13.29489751500,52.51073151300,"0"
"51053","11","0","12","012","2019","04","11","3","3","2","6","0","0","1","0","0","0","0",794556.77073700004,5833930.94216000009,13.34771714700,52.57548301000,"0"
"51054","11","0","01","001","2019","11","10","3","3","3","6","0","0","1","0","0","0","0",798664.27329899999,5827054.41268999968,13.40196876700,52.51160637900,"1"
"51055","11","0","12","012","2019","11","18","7","3","2","2","2","0","1","0","0","0","0",792730.09616099996,5837421.63360000029,13.32392364900,52.60776079800,"0"
"51056","11","0","09","009","2019","07","18","7","3","2","6","0","0","1","0","0","0","0",805709.32094400004,5818826.94075000100,13.49792073100,52.43396539100,"0"
"51057","11","0","03","003","2019","04","19","3","2","5","2","1","1","1","0","0","0","0",799220.50238299998,5832049.38604999892,13.41463723400,52.55607385000,"0"
"51058","11","0","04","004","2019","10","11","3","2","5","2","0","1","1","0","0","0","0",790511.25095400005,5826392.81728000008,13.28159477300,52.51007859200,"0"
"51059","11","0","03","003","2019","09","08","2","3","6","7","0","1","0","1","0","0","0",800810.42626099999,5829758.71538999956,13.43594389200,52.53466637900,"0"
"51061","11","0","03","003","2019","05","11","5","2","2","6","0","0","1","0","0","0","0",800574.52943999995,5829845.13444000017,13.43255468000,52.53557111400,"0"
"51062","11","0","02","002","2019","07","15","7","2","0","1","0","1","0","0","0","0","0",802175.19985199999,5827755.04054000042,13.45418309300,52.51595258600,"0"
"51063","11","0","11","011","2019","04","11","3","2","2","6","0","0","1","0","0","0","0",803804.04820299998,5827578.33595999982,13.47795217100,52.51346398500,"0"
"51064","11","0","11","011","2019","11","18","5","2","2","6","2","0","1","0","0","0","1",806053.92379200005,5827375.20218000002,13.51081639000,52.51038572900,"1"
"51065","11","0","03","003","2019","06","08","5","3","5","3","0","1","1","0","0","0","0",800646.34172300005,5830008.81744000036,13.43375832200,52.53699863100,"0"
"51066","11","0","04","004","2019","09","08","2","3","6","4","0","0","1","1","0","0","0",792614.05546599999,5826720.81054999959,13.31277951700,52.51189504600,"0"
"51067","11","0","12","012","2019","12","08","3","2","6","2","0","0","1","1","0","0","0",792723.78117300000,5837429.71855000034,13.32383781100,52.60783667600,"0"
"51068","11","0","12","012","2019","07","13","7","3","2","2","0","0","1","0","0","0","0",795762.21696899994,5832712.26417999994,13.36436702300,52.56390503300,"0"
"51069","11","0","03","003","2019","10","18","5","3","3","6","2","0","1","0","0","0","0",799141.30567300005,5830404.20827000029,13.41199058400,52.54137089700,"0"
"51070","11","0","07","007","2019","07","09","7","3","1","5","0","1","0","0","0","1","0",795252.42769399995,5823542.35493999999,13.34872737600,52.48198080500,"0"
"51071","11","0","01","001","2019","09","08","6","3","5","3","0","1","1","0","0","0","0",796193.71430200001,5830186.92370999977,13.36846130800,52.54103341700,"0"
"51072","11","0","04","004","2019","04","07","3","2","2","6","0","0","1","0","1","0","0",790517.47895699996,5825215.22690999974,13.28065871300,52.49951808700,"0"
"51073","11","0","01","001","2019","04","16","3","3","1","5","0","1","1","0","0","0","0",797616.88560899999,5827564.84179999959,13.38703725100,52.51675423600,"0"
"51074","11","0","11","011","2019","11","04","4","2","6","4","2","0","0","1","1","0","0",803727.62000000000,5827569.58399999980,13.47682139900,52.51342810600,"1"
"51075","11","0","04","004","2019","11","23","1","3","3","6","2","0","1","0","0","0","0",793547.42732899997,5822990.75879000034,13.32320694400,52.47795520700,"0"
"51076","11","0","02","002","2019","07","16","6","3","5","3","0","1","0","0","0","0","0",802206.75700200000,5826088.72357999999,13.45313394900,52.50099989300,"0"
"51077","11","0","02","002","2019","04","14","3","3","2","2","0","1","1","0","0","0","0",803088.98799699999,5827651.01912999898,13.46751351900,52.51451323100,"0"
"51078","11","0","07","007","2019","10","17","4","3","2","6","0","0","1","0","0","0","1",795896.77244199999,5822688.00451999996,13.35742994900,52.47397345300,"1"
"51079","11","0","04","004","2019","09","01","1","2","1","5","2","1","1","0","0","0","0",786743.83544699999,5825852.75052999891,13.22577000600,52.50722998500,"0"
"51081","11","0","03","003","2019","05","19","5","3","1","3","0","1","1","0","0","0","1",798890.30494299997,5832685.01467000041,13.41035370400,52.56195259800,"0"
"51082","11","0","04","004","2019","07","17","6","2","3","6","0","0","0","0","1","0","1",790518.86932399997,5825333.24999000039,13.28078209700,52.50057543400,"0"
"51083","11","0","07","007","2019","04","14","3","3","0","6","0","0","1","0","1","0","0",795191.75830900006,5822938.25514000002,13.34730177400,52.47659825500,"0"
"51084","11","0","02","002","2019","06","15","5","3","2","6","0","0","1","0","0","0","0",803177.33197299996,5827625.38956000004,13.46878805000,52.51423442000,"0"
"51085","11","0","07","007","2019","09","06","1","3","9","1","0","0","1","0","0","0","0",797953.46595800004,5820021.67076999974,13.38524109100,52.44895471800,"0"
"51086","11","0","02","002","2019","12","13","3","3","5","2","0","1","1","0","0","0","0",802578.19571400003,5827687.04746999964,13.46004204000,52.51511974900,"0"
"51087","11","0","04","004","2019","05","18","5","3","5","2","0","1","1","0","0","0","0",791229.54885400005,5826510.17116999906,13.29225159600,52.51074765200,"0"
"51088","11","0","02","002","2019","07","09","6","3","5","3","0","1","1","0","0","0","0",802577.13144699996,5827703.12781000044,13.46004102600,52.51526446600,"0"
"51089","11","0","07","007","2019","10","17","5","3","5","3","2","0","1","0","1","0","0",797055.35791899997,5816809.69376000017,13.36921064800,52.42065089000,"0"
"51090","11","0","12","012","2019","07","19","5","3","1","1","0","1","1","0","0","0","0",795429.44898400002,5833570.57139999978,13.36023648900,52.57177960900,"0"
"51091","11","0","02","002","2019","09","00","6","3","5","3","2","1","1","0","0","0","0",797862.41871600004,5825448.28055999987,13.38875119300,52.49764779300,"0"
"51092","11","0","03","003","2019","04","14","3","3","2","6","0","0","1","0","0","0","1",800297.18527400005,5831697.85013999976,13.43015287600,52.55233035200,"0"
"51093","11","0","03","003","2019","10","18","4","3","3","6","1","0","1","0","1","0","0",799138.22800000000,5832315.26900000032,13.41366691500,52.55850226700,"1"
"51094","11","0","02","002","2019","08","22","7","2","6","7","2","0","1","1","0","0","0",802567.39007600001,5827688.13203999959,13.45988427400,52.51513546400,"0"
"51096","11","0","02","002","2019","05","17","5","3","5","2","0","1","1","0","0","0","0",801917.06769599998,5827771.61192999966,13.45040563700,52.51624407000,"0"
"51097","11","0","01","001","2019","07","13","5","3","0","7","0","1","0","0","0","0","0",795417.86548299994,5827218.21408000030,13.35441682100,52.51484261200,"0"
"51098","11","0","02","002","2019","04","20","2","3","5","5","1","1","1","0","0","0","0",801799.60644100001,5828639.06859000027,13.44946688400,52.52408413400,"0"
"51099","11","0","02","002","2019","11","10","1","3","0","7","0","0","0","0","0","0","1",801804.68214599998,5826239.63427999988,13.44736539400,52.50257504000,"1"
"51100","11","0","12","012","2019","06","21","7","3","0","6","1","0","1","0","1","0","0",795749.37051000004,5832703.36333999969,13.36417012000,52.56383222400,"0"
"51101","11","0","03","003","2019","12","13","5","3","0","7","0","0","1","0","0","0","0",799245.74756699998,5831882.35190999974,13.41485792100,52.55456278400,"0"
"51102","11","0","01","001","2019","07","09","5","3","6","4","0","0","0","1","0","0","1",798684.40688000002,5827892.39872999955,13.40301678500,52.51910674100,"0"
"51103","11","0","01","001","2019","04","17","2","2","5","3","0","1","1","0","0","0","0",795878.11921699997,5832062.30664000008,13.36549240200,52.55801584600,"0"
"51104","11","0","12","012","2019","10","11","7","3","2","6","0","0","1","0","0","0","1",792180.41749499994,5838398.46183000039,13.31669211200,52.61681330900,"0"
"51105","11","0","07","007","2019","08","19","7","3","5","7","2","0","1","0","0","0","0",797869.71927700005,5820511.09547999967,13.38444892600,52.45338752500,"0"
"51106","11","0","06","006","2019","07","11","5","3","5","2","0","0","1","0","0","0","0",793968.64599999995,5821061.70799999963,13.32769150400,52.46043552300,"0"
"51107","11","0","02","002","2019","04","17","2","3","5","2","0","1","1","0","0","0","0",797883.96453999996,5825411.81469000038,13.38903502900,52.49730916000,"0"
"51108","11","0","06","006","2019","10","14","4","3","2","6","0","0","1","0","0","0","0",790365.72351499996,5818432.57378000021,13.27252630400,52.43879102900,"0"
"51109","11","0","04","004","2019","06","17","5","3","2","2","0","1","1","0","0","0","0",792374.66446700005,5826680.55489000026,13.30922666300,52.51166253400,"0"
"51110","11","0","02","002","2019","08","20","7","3","5","3","2","0","1","0","0","0","0",802797.38362500002,5827665.06718999892,13.46324224900,52.51480110300,"0"
"51111","11","0","10","010","2019","12","11","6","3","5","2","0","1","1","0","0","0","0",808946.27454100002,5827441.11058999971,13.55336127700,52.50934610400,"0"
"51112","11","0","03","003","2019","05","07","5","3","3","6","0","0","1","0","1","0","0",798156.08507999999,5836030.42377999984,13.40256317400,52.59234185200,"0"
"51113","11","0","04","004","2019","04","09","2","2","3","6","0","0","1","0","0","0","0",790902.61881899997,5828964.15409999993,13.28959419500,52.53292197100,"0"
"51114","11","0","07","007","2019","11","11","1","3","5","3","0","0","1","0","0","0","0",798176.38001700002,5818922.96745000035,13.38753100600,52.43898451900,"0"
"51115","11","0","01","001","2019","05","11","5","3","5","3","0","0","1","0","1","0","0",799805.59664500004,5828633.95813000109,13.42015974000,52.52513840800,"0"
"51116","11","0","04","004","2019","11","14","6","3","3","6","0","0","1","0","0","0","0",793545.11278900004,5826882.17944999970,13.32660207800,52.51284138800,"0"
"51117","11","0","06","006","2019","07","10","5","2","0","1","0","0","1","0","1","0","0",794215.31549399998,5821402.05355000030,13.33161161600,52.46335381900,"0"
"51118","11","0","01","001","2019","04","15","2","3","2","6","0","0","1","0","0","0","0",796154.32713500003,5831088.93424999900,13.36868648700,52.54914043400,"0"
"51119","11","0","12","012","2019","10","20","2","2","3","6","2","0","1","0","1","0","0",795874.14117700001,5832087.68099000026,13.36545651400,52.55824546300,"0"
"51120","11","0","06","006","2019","08","17","7","2","2","6","0","0","1","0","1","0","0",791805.14638499997,5819301.43209000025,13.29440069800,52.44581423600,"0"
"51122","11","0","08","008","2019","05","15","5","2","0","1","0","0","1","0","0","0","0",802925.56609500002,5821234.66500999965,13.45928141200,52.45709462800,"0"
"51123","11","0","04","004","2019","07","11","5","3","3","6","0","0","1","0","0","0","0",790689.56706599996,5824985.30867999978,13.28298599600,52.49736521300,"0"
"51124","11","0","03","003","2019","04","16","2","3","5","3","0","0","0","0","1","0","1",798165.87399999995,5836123.63300000038,13.40279115800,52.59317196700,"0"
"51125","11","0","01","001","2019","06","21","1","3","2","6","1","0","1","0","0","0","0",796312.94490799995,5830049.48378999904,13.37009166500,52.53973658700,"0"
"51126","11","0","04","004","2019","08","13","7","2","2","6","0","0","1","0","0","0","0",789176.99175000004,5826162.08263000101,13.26178905800,52.50871894800,"0"
"51127","11","0","03","003","2019","12","05","2","3","5","2","2","1","1","0","0","0","0",800204.57732799998,5831035.23434999958,13.42819208600,52.54644220800,"0"
"51128","11","0","07","007","2019","05","07","5","3","2","6","0","0","1","0","0","0","0",797476.35806700005,5822327.30953999981,13.38029592300,52.46988223700,"0"
"51129","11","0","02","002","2019","07","16","4","3","2","6","0","0","1","0","0","0","0",797741.95339200005,5824190.60864000022,13.38585803100,52.48643994800,"0"
"51130","11","0","07","007","2019","04","16","2","3","5","2","0","0","1","0","1","0","0",797576.09258800000,5818418.30166000035,13.37827681500,52.43478763300,"0"
"51131","11","0","04","004","2019","11","05","2","3","2","6","2","0","1","0","0","0","0",790545.63295700005,5825872.34750000015,13.28164567600,52.50539423500,"1"
"51132","11","0","01","001","2019","07","23","4","2","5","2","2","0","1","0","0","0","0",796044.80088600004,5831345.09530000016,13.36730431000,52.55149619300,"0"
"51133","11","0","07","007","2019","04","14","1","3","2","6","0","0","1","0","0","0","0",799441.91799200000,5815871.58050999977,13.40336172900,52.41094128100,"0"
"51134","11","0","04","004","2019","10","06","2","3","2","6","2","0","1","0","0","0","0",792095.90241300000,5823821.05430999957,13.30262278200,52.48617697700,"0"
"51135","11","0","10","010","2019","08","23","6","2","0","7","2","1","0","0","0","0","0",808123.46247599996,5827460.23024000041,13.54129351800,52.50998279200,"0"
"51137","11","0","07","007","2019","05","07","5","2","3","6","0","0","1","0","1","0","1",798505.10343599995,5822093.84963999968,13.39518685600,52.46722841100,"0"
"51138","11","0","07","007","2019","07","21","4","3","5","2","1","0","1","0","1","0","0",796006.26185799995,5825068.80241999961,13.36115141900,52.49525601600,"0"
"51139","11","0","03","003","2019","04","14","1","3","6","4","0","1","0","1","0","0","0",799220.90613999998,5831457.33432000037,13.41410956700,52.55076682100,"0"
"51140","11","0","09","009","2019","11","08","4","3","3","6","0","0","1","0","0","1","0",802871.86222300003,5821359.92569999956,13.45860708200,52.45824710500,"1"
"51141","11","0","01","001","2019","06","13","4","3","5","2","0","0","1","0","1","0","0",796161.78052300005,5825737.15373999998,13.36402979700,52.50116282500,"0"
"51142","11","0","07","007","2019","08","18","6","3","2","6","0","0","1","0","0","0","0",795785.62150500005,5822628.48991999961,13.35574548100,52.47350015100,"0"
"51143","11","0","04","004","2019","12","11","2","3","3","6","0","0","1","0","0","0","0",791565.95507799997,5826544.85173000023,13.29722491800,52.51087885100,"0"
"51144","11","0","07","007","2019","07","17","4","3","2","6","0","0","1","0","1","0","0",795761.95400000003,5823111.60300000012,13.35582647900,52.47784370900,"0"
"51145","11","0","10","010","2019","10","14","4","3","2","6","0","0","1","0","0","0","0",812796.86271799996,5827178.29019999970,13.60966735700,52.50479690100,"0"
"51146","11","0","01","001","2019","08","17","6","3","4","6","0","1","0","0","0","0","1",796376.57853000006,5826159.74222999904,13.36756106000,52.50483431200,"0"
"51147","11","0","07","007","2019","07","19","3","3","1","5","0","1","1","0","0","0","0",795836.57831100002,5824212.77871000022,13.35789924700,52.48767446000,"0"
"51148","11","0","04","004","2019","04","11","1","3","3","6","0","0","1","0","0","0","0",790511.09635600005,5825608.99357999954,13.28090847700,52.50305163700,"0"
"51149","11","0","01","001","2019","10","14","3","3","6","4","0","1","0","1","0","0","0",799760.54226599995,5828624.86058000010,13.41948943200,52.52508163600,"1"
"51150","11","0","03","003","2019","08","09","6","3","2","6","0","0","0","0","0","1","1",802180.15105700004,5831519.27763000038,13.45767783000,52.54968848700,"0"
"51152","11","0","12","012","2019","05","17","4","3","2","6","0","0","1","0","0","0","0",792241.79983899998,5837848.77146000043,13.31711055400,52.61185261100,"1"
"51153","11","0","01","001","2019","07","17","3","3","5","2","0","1","1","0","0","0","0",799100.07024300005,5827681.95287000109,13.40893533000,52.51699258400,"0"
"51154","11","0","02","002","2019","04","18","1","3","0","1","0","0","0","0","1","0","0",802367.67036400002,5826025.64436999895,13.45544001200,52.50034537800,"0"
"51155","11","0","07","007","2019","11","07","6","3","2","7","1","0","1","0","0","0","0",797379.34106999997,5817574.35551999975,13.37464060600,52.42732943800,"0"
"51156","11","0","07","007","2019","05","17","4","3","2","6","0","0","1","0","0","0","0",796859.20863699995,5822386.65610000025,13.37129005000,52.47074993400,"0"
"51157","11","0","07","007","2019","12","17","3","3","1","5","2","0","1","0","0","0","0",797830.64586399996,5822692.23285000026,13.38582196800,52.47296033500,"1"
"51158","11","0","12","012","2019","07","17","3","3","0","2","0","1","1","0","0","0","0",795872.47297100001,5832096.70760000031,13.36544002500,52.55832728400,"0"
"51159","11","0","04","004","2019","04","18","1","3","0","4","0","1","0","1","0","0","0",793989.17501799995,5826974.48367999960,13.33320839500,52.51342968200,"0"
"51160","11","0","12","012","2019","10","07","6","3","2","6","1","0","1","0","1","0","0",791584.31561799999,5830791.24189000018,13.30121919700,52.54893718200,"0"
"51161","11","0","01","001","2019","08","14","6","3","3","6","0","1","1","0","0","0","1",795880.80328300002,5832047.89171000104,13.36551902800,52.55788517300,"0"
"51163","11","0","12","012","2019","07","10","3","3","2","6","0","0","1","0","0","0","0",791190.87709800003,5833997.25659999996,13.29824700500,52.57788893100,"0"
"51164","11","0","04","004","2019","04","18","1","3","2","6","0","0","1","0","0","0","0",790533.59748500003,5825185.88054000027,13.28086989200,52.49924641300,"0"
"51165","11","0","03","003","2019","10","11","3","3","6","4","0","0","0","1","0","0","1",799982.79880100000,5830224.28545999993,13.42419903200,52.53929558400,"1"
"51166","11","0","07","007","2019","06","22","4","3","2","6","2","0","1","0","0","0","0",797850.92317099997,5821997.63289000094,13.38549950500,52.46672296200,"0"
"51167","11","0","11","011","2019","08","12","6","3","5","2","0","1","1","0","0","0","0",803718.52006400004,5827570.41260000039,13.47668847100,52.51344059900,"0"
"51168","11","0","09","009","2019","12","19","7","3","2","6","2","0","1","0","0","0","0",802683.78176100005,5825234.86921000108,13.45936410000,52.49308245700,"0"
"51169","11","0","06","006","2019","05","10","4","3","5","2","0","1","1","0","0","0","0",789585.57500399998,5817974.92355000041,13.26068499600,52.43510166200,"1"
"51170","11","0","07","007","2019","04","16","1","3","6","7","0","1","0","1","0","0","0",798215.97417900001,5818805.10842000041,13.38800660600,52.43790645300,"0"
"51171","11","0","09","009","2019","11","18","7","2","5","3","2","1","1","0","0","0","0",806054.70217099995,5821679.95624999981,13.50559886200,52.45934236300,"1"
"51172","11","0","06","006","2019","10","09","3","3","5","2","0","1","0","0","0","0","1",786727.16119500005,5817022.87342000008,13.21793697100,52.42807161100,"1"
"51173","11","0","03","003","2019","08","11","6","3","3","6","0","1","1","0","0","0","0",799968.14850000001,5830202.48696999904,13.42396398800,52.53910826100,"0"
"51175","11","0","04","004","2019","05","12","4","3","2","6","0","0","1","0","1","0","0",791548.34722800006,5826541.83846000023,13.29696355900,52.51086124800,"1"
"51176","11","0","07","007","2019","07","09","3","3","2","6","0","0","1","0","0","0","0",797832.75687100005,5822646.22078999970,13.38581187300,52.47254673700,"0"
"51177","11","0","11","011","2019","04","15","1","3","0","2","0","0","1","0","1","0","0",805676.32596000005,5827388.92057999969,13.50528241800,52.51072039000,"0"
"51178","11","0","12","012","2019","11","14","7","3","5","3","0","0","1","0","0","0","0",794470.97141100001,5834331.34671000019,13.34681035100,52.57911874500,"1"
"51179","11","0","02","002","2019","05","12","4","3","2","2","0","0","1","0","0","0","0",803462.48787099996,5827596.73187999986,13.47295116100,52.51381899400,"0"
"51180","11","0","02","002","2019","08","10","6","3","6","4","0","1","0","1","0","0","0",803079.81661200000,5827651.94424000010,13.46737962300,52.51452661900,"0"
"51181","11","0","04","004","2019","12","06","4","3","2","6","2","0","1","0","0","0","0",791384.44489799999,5830310.42848999891,13.29785803200,52.54473372900,"0"
"51182","11","0","11","011","2019","07","09","3","3","3","6","0","0","1","0","0","1","0",803618.11791499995,5827594.88329999987,13.47523581600,52.51371582000,"0"
"51183","11","0","04","004","2019","04","12","7","2","6","4","0","1","0","1","0","0","0",790456.76067700004,5826365.10539000109,13.28076994000,52.50985917000,"0"
"51184","11","0","07","007","2019","10","20","6","3","2","6","2","0","1","0","0","0","0",794749.67853899999,5822037.53383999970,13.34001564700,52.46876256400,"0"
"51185","11","0","11","011","2019","08","09","6","3","5","2","0","1","0","0","0","0","1",804248.02945999999,5827531.96724999975,13.48443212500,52.51280093800,"0"
"51186","11","0","07","007","2019","07","08","3","2","3","6","0","1","1","0","0","1","0",797757.31268099998,5823903.83036000002,13.38582738400,52.48386093100,"0"
"51187","11","0","04","004","2019","04","12","7","2","6","4","0","1","0","1","0","0","0",790456.76067700004,5826365.10539000109,13.28076994000,52.50985917000,"0"
"51188","11","0","04","004","2019","10","15","3","3","2","6","0","0","1","0","0","0","0",790734.97392799996,5826273.99397000019,13.28477822600,52.50889414500,"1"
"51189","11","0","07","007","2019","06","16","5","3","2","6","0","0","1","0","0","0","1",796848.02674799995,5822389.39403000101,13.37112835200,52.47078055300,"1"
"51190","11","0","03","003","2019","08","06","5","3","3","6","1","1","0","0","0","0","0",800498.00501199998,5829767.66296000034,13.43135980100,52.53491891600,"0"
"51191","11","0","03","003","2019","12","21","5","3","0","3","2","1","0","0","0","0","1",800986.72564399999,5830506.25162999891,13.43921233300,52.54126932400,"1"
"51192","11","0","01","001","2019","05","13","4","3","6","4","0","0","1","1","0","0","0",796759.38504400000,5826667.67238000035,13.37363724300,52.50917931400,"0"
"51193","11","0","07","007","2019","04","23","7","3","2","6","2","0","1","0","0","0","0",796845.69755599997,5822389.96434000041,13.37109467000,52.47078693100,"0"
"51194","11","0","03","003","2019","11","00","1","3","6","7","2","1","0","1","0","0","0",799180.94208299997,5830873.10233000107,13.41299559300,52.54555204500,"0"
"51195","11","0","10","010","2019","05","14","3","3","5","3","0","0","1","0","0","1","0",808897.22705600003,5833397.73453999963,13.55817716900,52.56275542200,"0"
"51196","11","0","12","012","2019","11","08","5","3","0","2","0","1","1","0","0","0","0",794093.91683999996,5835024.90923999995,13.34187732200,52.58553992600,"1"
"51197","11","0","06","006","2019","07","18","3","3","8","1","0","0","1","0","0","0","0",793152.76054199995,5820216.11832000036,13.31497494900,52.45329331400,"0"
"51198","11","0","01","001","2019","04","23","7","3","2","6","2","0","1","0","0","0","0",797658.22669200005,5826834.09901000094,13.38699106700,52.51018143900,"0"
"51199","11","0","07","007","2019","10","18","7","2","2","6","2","0","1","0","1","0","0",799523.09937800001,5815623.21064000018,13.40432949800,52.40867054500,"0"
"51200","11","0","01","001","2019","08","22","5","3","5","2","2","1","0","0","1","0","0",796966.73100000003,5826707.26400000043,13.37671874500,52.50942137900,"0"
"51202","11","0","02","002","2019","05","18","3","2","6","7","0","1","0","1","0","0","0",802422.02335599996,5827702.72269000020,13.45776185800,52.51534686000,"0"
"51203","11","0","02","002","2019","07","03","3","3","6","7","2","0","0","1","0","0","1",801904.11928300001,5826621.21540999971,13.44917188100,52.50594017300,"0"
"51204","11","0","03","003","2019","04","13","7","3","3","6","0","0","1","0","1","0","0",799192.12872899999,5830358.65952000022,13.41269673100,52.54093472000,"0"
"51205","11","0","01","001","2019","06","15","7","2","5","3","0","0","1","0","1","0","0",796438.49445000000,5826320.12366000004,13.36861340800,52.50623834200,"0"
"51206","11","0","12","012","2019","08","20","5","3","0","1","2","1","0","0","0","0","0",792650.27940400003,5837493.80178000033,13.32281214700,52.60845072200,"0"
"51207","11","0","07","007","2019","12","12","1","3","5","2","0","0","1","0","0","0","0",797841.99272500002,5818949.22066999972,13.38264968000,52.43940206000,"1"
"51208","11","0","04","004","2019","05","21","3","2","8","1","2","0","0","0","1","0","0",790989.38015999994,5829001.85520000011,13.29090266900,52.53321364500,"1"
"51209","11","0","03","003","2019","07","15","3","3","0","1","0","1","0","0","0","0","0",797952.04299999995,5834558.36000000034,13.39823630700,52.57925874200,"0"
"51210","11","0","04","004","2019","11","10","2","3","5","2","0","1","1","0","0","0","0",792734.81388300005,5826741.16339999996,13.31457177200,52.51201270900,"1"
"51211","11","0","10","010","2019","07","15","3","3","2","6","0","0","1","0","1","0","0",812736.85238000005,5827175.30152000021,13.60878329000,52.50480451600,"0"
"51212","11","0","03","003","2019","04","00","7","3","4","6","2","1","0","0","0","0","0",799179.68643999996,5831080.74055999983,13.41316417000,52.54741388800,"0"
"51213","11","0","04","004","2019","10","13","1","3","2","2","0","0","1","0","0","0","0",792111.54633799999,5826636.73673999961,13.30532208200,52.51141068400,"0"
"51214","11","0","04","004","2019","08","17","5","3","3","6","0","0","1","0","1","0","0",790589.08863899997,5826405.88061000034,13.28274987900,52.51015424600,"0"
"51216","11","0","03","003","2019","05","10","3","3","5","2","0","1","1","0","0","0","0",799197.16561200004,5831456.20899999980,13.41375946200,52.55076977500,"0"
"51217","11","0","06","006","2019","07","02","3","3","3","6","2","0","1","0","0","0","1",792928.58635899995,5820077.02204000019,13.31156342500,52.45216652400,"0"
"51218","11","0","06","006","2019","04","15","7","2","5","7","0","0","1","0","1","0","0",781838.58692100004,5815614.25965000037,13.14504230400,52.41798127500,"0"
"51219","11","0","04","004","2019","11","13","3","3","2","6","0","0","1","0","0","0","0",790523.45783400000,5826376.25511999987,13.28175967700,52.50992361000,"0"
"51220","11","0","01","001","2019","06","08","4","3","6","4","0","0","0","1","1","0","0",800022.42647700000,5828095.78818000015,13.42286074500,52.52019532600,"0"
"51221","11","0","01","001","2019","08","15","5","3","0","7","0","1","0","0","0","0","0",799788.52069699997,5828166.40763999987,13.41948735700,52.52095695600,"0"
"51222","11","0","03","003","2019","12","21","7","3","0","6","2","0","1","0","0","0","0",798340.51872399997,5834789.05329000019,13.40416004100,52.58111371500,"1"
"51223","11","0","02","002","2019","07","14","2","3","3","2","0","0","1","0","1","0","0",803498.35456999997,5827608.62294000015,13.47348892000,52.51390561600,"0"
"51224","11","0","03","003","2019","10","16","3","3","2","6","1","0","1","0","0","0","0",801399.36834100005,5829219.08674999978,13.44411116400,52.52950428400,"0"
"51225","11","0","04","004","2019","08","13","5","3","2","6","0","0","1","0","0","0","0",794052.67389700003,5823007.57335999981,13.33063970100,52.47783413800,"0"
"51226","11","0","02","002","2019","07","15","2","3","2","2","0","1","0","0","0","0","0",802769.38973699999,5827667.87435000110,13.46283353300,52.51484180300,"0"
"51227","11","0","01","001","2019","04","11","7","3","2","6","0","0","1","0","0","0","0",799252.39106800000,5827861.69462999981,13.41133508700,52.51852014300,"0"
"51228","11","0","07","007","2019","10","12","2","3","2","6","0","0","1","0","0","0","0",797376.45814899995,5822340.35118000023,13.37884120200,52.47005353200,"0"
"51229","11","0","11","011","2019","06","09","2","3","6","6","0","1","0","1","0","0","0",806962.62775600003,5827389.40302999970,13.52417724100,52.51000244500,"0"
"51230","11","0","07","007","2019","08","12","5","3","1","5","0","0","1","0","0","0","1",799288.06119699997,5816185.57086000033,13.40138719900,52.41383995800,"0"
"51232","11","0","04","004","2019","05","06","3","3","2","6","0","0","1","0","0","0","0",790306.42319700005,5825486.82754999958,13.27779508300,52.50206534100,"0"
"51233","11","0","04","004","2019","04","13","7","3","2","6","0","0","1","0","0","0","1",790771.07431900001,5824852.81706000026,13.28406760900,52.49613399700,"0"
"51234","11","0","01","001","2019","11","17","5","3","5","2","2","1","1","0","0","0","0",797680.74687499995,5826837.74235999957,13.38732517900,52.51020180900,"0"
"51235","11","0","10","010","2019","05","18","2","3","5","7","0","0","1","0","0","0","0",813543.92000000004,5827174.34599999990,13.62063412900,52.50433280000,"1"
"51236","11","0","03","003","2019","12","21","3","3","2","6","2","0","1","0","0","0","1",798004.26276900002,5833674.86768999975,13.39821061900,52.57131089800,"1"
"51237","11","0","04","004","2019","07","23","1","3","6","4","2","0","1","1","0","0","0",787898.84606100002,5825957.73778000008,13.24283169700,52.50756294500,"0"
"51238","11","0","04","004","2019","04","15","6","3","3","6","0","0","1","0","1","0","0",790800.14779600000,5826479.34288000036,13.28591523800,52.51070036300,"0"
"51239","11","0","06","006","2019","10","10","4","3","5","3","0","0","1","0","0","0","0",786515.83980399999,5816928.09793000109,13.21475624000,52.42733256800,"0"