OBJECTID,ULAND,UREGBEZ,UKREIS,UGEMEINDE,UJAHR,UMONAT,USTUNDE,UWOCHENTAG,UKATEGORIE,UART,UTYP1,ULICHTVERH,IstRad,IstPKW,IstFuss,IstKrad,IstGkfz,IstSonstig,LINREFX,LINREFY,XGCSWGS84,YGCSWGS84,STRZUSTAND
"51240","11","0","04","004","2019","08","17","5","2","2","6","0","0","1","0","0","0","0",789824.01893400005,5824849.86655000038,13.27015379700,52.49661129600,"0"
"51242","11","0","09","009","2019","07","21","1","2","5","2","2","0","1","0","1","0","0",802673.88277999999,5825221.09932999965,13.45920623200,52.49296452700,"0"
"51243","11","0","07","007","2019","04","12","6","2","6","2","0","0","1","1","0","0","0",797790.81303600001,5818931.74705999997,13.38188341000,52.43927329700,"0"
"51244","11","0","04","004","2019","09","05","2","3","3","6","2","0","1","0","0","0","0",790772.13049699995,5824850.84616000019,13.28408140200,52.49611576500,"1"
"51245","11","0","11","011","2019","06","11","4","3","2","6","0","0","1","0","0","0","0",804055.35570700001,5827536.82340000011,13.48160610900,52.51295189500,"0"
"51246","11","0","07","007","2019","08","12","5","2","2","6","0","0","1","0","0","0","1",796822.91316600004,5822395.54318000004,13.37076519100,52.47084932000,"0"
"51247","11","0","04","004","2019","12","17","6","3","2","6","2","0","1","0","0","0","0",795144.97783300001,5822973.61144999973,13.34664628000,52.47694048300,"1"
"51248","11","0","04","004","2019","05","17","2","3","2","6","0","0","1","0","0","0","0",790560.25043300004,5825137.13748999964,13.28121889400,52.49879523600,"1"
"51249","11","0","03","003","2019","07","22","7","3","5","2","2","0","1","0","0","0","0",799988.74100000004,5830196.77699999977,13.42426155000,52.53904574500,"1"
"51250","11","0","12","012","2019","04","09","6","3","0","1","0","0","0","0","1","0","0",795707.58746700000,5832819.40699999966,13.36365892900,52.56489513600,"0"
"51251","11","0","09","009","2019","11","08","6","2","5","2","0","1","0","0","0","0","0",806307.63643900002,5821444.29188999906,13.50909371900,52.45708854400,"0"
"51252","11","0","07","007","2019","08","11","5","3","1","5","0","1","0","0","0","0","1",795306.44224999996,5823638.72817999963,13.34960582600,52.48281551500,"0"
"51253","11","0","07","007","2019","11","13","3","3","1","5","0","0","1","0","0","0","0",798063.25544700003,5819356.78868000023,13.38625864500,52.44293492600,"0"
"51254","11","0","07","007","2019","07","18","7","3","2","6","0","0","1","0","0","0","0",797778.04681700002,5823813.91890999954,13.38605150100,52.48304366900,"0"
"51255","11","0","01","001","2019","04","09","6","3","0","7","0","1","0","0","0","1","0",799329.40719199996,5827978.55367000028,13.41257188600,52.51952534100,"0"
"51256","11","0","04","004","2019","10","13","5","3","2","6","0","0","1","0","0","1","0",791759.62837799999,5824177.68647000100,13.29799677200,52.48955395700,"0"
"51257","11","0","07","007","2019","08","16","4","3","6","4","0","0","0","1","1","0","0",795341.82890600001,5823442.18814000022,13.34995129700,52.48103453300,"0"
"51259","11","0","06","006","2019","05","21","2","2","5","2","1","1","1","0","0","0","0",783889.73793299997,5815936.79989000037,13.17539590200,52.41981318500,"1"
"51260","11","0","01","001","2019","07","15","7","3","2","6","0","0","1","0","1","0","0",795884.44060400000,5829550.89666000009,13.36334796700,52.53550006500,"1"
"51261","11","0","07","007","2019","04","20","6","3","1","5","1","0","1","0","0","0","0",797803.98744499998,5822926.06546999980,13.38563942400,52.47507091800,"0"
"51262","11","0","04","004","2019","06","18","6","3","0","1","0","1","0","0","0","0","0",791686.60236000002,5826565.06288999971,13.29901534500,52.51099554000,"0"
"51263","11","0","11","011","2019","08","16","4","3","5","2","0","0","1","1","0","0","0",803720.08378900005,5827586.52510999981,13.47672614800,52.51358414100,"0"
"51264","11","0","07","007","2019","12","10","6","3","2","6","0","0","1","0","0","1","0",798145.60715800000,5822274.33834999893,13.39007179800,52.46904257900,"0"
"51265","11","0","04","004","2019","05","19","2","2","0","1","0","0","0","0","1","0","0",791262.01774499996,5824599.15017999988,13.29105710100,52.49359809900,"1"
"51266","11","0","04","004","2019","07","14","7","3","2","6","0","0","1","0","0","0","0",789936.03724500001,5824993.83794000000,13.27192457100,52.49784252900,"0"
"51267","11","0","03","003","2019","11","21","6","2","6","4","2","0","1","1","0","0","0",800915.20053100004,5829686.33017999958,13.43741839100,52.53395974200,"1"
"51268","11","0","03","003","2019","07","18","6","3","6","7","0","0","0","1","0","0","1",799218.66420799994,5830353.53352000006,13.41308221700,52.54087420300,"0"
"51269","11","0","02","002","2019","04","21","6","2","6","4","2","0","1","1","0","0","0",802887.66348900006,5827671.46179000102,13.46457440800,52.51480829000,"0"
"51270","11","0","07","007","2019","10","16","6","3","2","6","0","0","1","0","0","0","0",798519.81914499996,5822084.62889999989,13.39539458900,52.46713771800,"0"
"51271","11","0","03","003","2019","08","08","4","3","5","3","0","1","0","0","0","0","0",800305.65344499995,5830074.18652999960,13.42880944500,52.53777238700,"0"
"51273","11","0","10","010","2019","05","15","2","2","5","3","0","1","1","0","0","0","0",808587.43710800004,5832617.59198000003,13.55289616000,52.55593967100,"0"
"51274","11","0","01","001","2019","08","17","3","3","3","2","0","1","1","0","0","0","0",799760.53225900000,5828624.84303999972,13.41948926900,52.52508148400,"0"
"51275","11","0","01","001","2019","11","09","4","3","5","3","0","1","1","0","0","0","0",796197.72303999995,5830205.58516999893,13.36853688200,52.54119851900,"0"
"51276","11","0","06","006","2019","07","09","6","2","0","4","0","1","0","1","0","0","0",789190.71982500004,5817994.92673000041,13.25491018400,52.43548991300,"0"
"51277","11","0","03","003","2019","04","21","5","3","2","6","2","0","1","0","0","0","0",797962.43421099999,5834550.08263000101,13.39838176500,52.57917885700,"0"
"51278","11","0","04","004","2019","10","14","6","3","2","6","0","0","1","0","1","0","0",790661.85320000001,5826399.27422999963,13.28381326900,52.51005625200,"0"
"51279","11","0","03","003","2019","08","17","3","3","2","6","0","0","1","0","0","0","0",800046.57723699999,5833714.74803999998,13.42829143400,52.57054641400,"0"
"51281","11","0","04","004","2019","05","07","2","3","2","6","0","0","1","0","0","1","0",790679.34321800002,5828859.44141000044,13.28622026000,52.53210234500,"0"
"51282","11","0","01","001","2019","07","21","6","3","5","3","1","0","1","0","0","0","0",796248.21375700005,5829982.30690999981,13.36908011700,52.53916960900,"0"
"51283","11","0","03","003","2019","04","18","5","3","3","6","0","1","0","0","0","0","0",799162.53289200005,5830671.42666000035,13.41254329100,52.54375444400,"0"
"51284","11","0","07","007","2019","06","13","6","3","6","7","0","0","1","1","0","0","0",797898.49072700005,5820269.10627999995,13.38465522600,52.45120267200,"0"
"51285","11","0","02","002","2019","08","15","3","3","3","6","0","1","0","0","0","0","1",801833.74851099995,5826409.22599000018,13.44794604000,52.50407902800,"0"
"51286","11","0","03","003","2019","12","02","7","3","0","1","2","0","0","0","1","0","0",799256.94275199994,5830346.13903999981,13.41363829400,52.54078690200,"1"
"51287","11","0","09","009","2019","05","07","2","3","0","7","0","0","0","0","0","0","1",803176.30538799998,5820757.15579000022,13.46252678800,52.45267569700,"0"
"51288","11","0","07","007","2019","07","20","6","3","0","7","1","1","1","0","0","0","0",795900.49054999999,5824346.08103999961,13.35895612100,52.48883477000,"0"
"51289","11","0","03","003","2019","04","15","5","2","2","2","0","1","0","0","1","0","0",800032.51316600002,5828977.10878000036,13.42380405800,52.52808936300,"0"
"51290","11","0","04","004","2019","11","12","1","3","0","7","0","0","0","0","1","0","0",791423.65086499997,5824487.90469999984,13.29333381400,52.49251451300,"1"
"51291","11","0","01","001","2019","07","18","6","3","4","7","0","1","0","0","0","0","1",796947.96628000005,5826723.71502000000,13.37645774200,52.50957905900,"0"
"51292","11","0","01","001","2019","04","15","5","3","0","1","0","1","0","0","0","0","0",794461.46007399994,5827039.68783000018,13.34020558200,52.51375943300,"0"
"51293","11","0","06","006","2019","10","00","7","2","5","2","2","1","1","0","0","0","0",791047.98565100005,5818810.08705000021,13.28286366500,52.44181283300,"0"
"51294","11","0","03","003","2019","08","13","3","3","6","4","0","1","0","1","0","0","0",800964.84922600002,5830471.87074000016,13.43885958900,52.54097324700,"0"
"51296","11","0","01","001","2019","05","09","2","3","2","6","0","0","1","0","1","0","0",796209.43306700001,5830216.17465000041,13.36871848600,52.54128707800,"0"
"51297","11","0","04","004","2019","07","13","6","3","2","6","0","0","1","0","0","0","0",793657.88579199999,5822996.35560999904,13.32483361200,52.47794599700,"0"
"51298","11","0","04","004","2019","04","10","5","3","3","6","0","0","1","0","0","0","0",790524.98995299998,5825555.49521000031,13.28106591100,52.50256462300,"0"
"51299","11","0","10","010","2019","11","16","2","3","6","2","1","0","1","1","0","0","0",813535.54809399997,5827175.35405000020,13.62051213900,52.50434664400,"1"
"51300","11","0","06","006","2019","06","18","3","3","2","6","0","0","1","0","1","0","0",791486.99330800003,5819087.17611000035,13.28954587400,52.44406312400,"0"
"51301","11","0","04","004","2019","08","08","3","3","6","4","0","0","0","1","0","0","1",791225.58400000003,5826509.51800000016,13.29219276700,52.51074391300,"0"
"51302","11","0","04","004","2019","12","21","6","3","3","6","2","0","1","0","0","1","0",792322.68845999998,5823565.33830999956,13.30572887400,52.48376315100,"1"
"51303","11","0","08","008","2019","07","13","6","3","2","6","0","0","1","0","1","0","0",802701.22851900000,5821622.71475000028,13.45634169700,52.46069702900,"1"
"51304","11","0","06","006","2019","04","17","4","3","5","7","0","0","1","0","1","0","0",782691.79806800000,5815809.60479999986,13.15771983300,52.41929281400,"0"
"51305","11","0","07","007","2019","10","22","2","3","1","5","2","1","1","0","0","0","0",795609.62559499999,5823904.82660000026,13.35429342400,52.48503683800,"0"
"51306","11","0","09","009","2019","08","08","3","3","5","2","0","1","0","0","0","1","0",806755.26397400000,5821005.24127000105,13.51525763300,52.45290258800,"0"
"51307","11","0","04","004","2019","07","12","6","3","0","6","0","0","1","0","1","0","0",792307.28815000004,5826690.75954000000,13.30824563700,52.51179012600,"1"
"51308","11","0","09","009","2019","04","16","4","3","2","6","0","0","1","0","0","0","0",806237.16774800001,5818433.81419999991,13.50530089300,52.43014675500,"0"
"51309","11","0","04","004","2019","10","07","1","3","2","6","0","0","1","0","0","0","0",791554.32799999998,5824359.97676999960,13.29514116600,52.49129786400,"0"
"51310","11","0","05","005","2019","06","10","7","3","0","3","0","1","1","0","0","0","0",780179.24025599996,5822276.78364999965,13.12629545400,52.47857600900,"0"
"51311","11","0","07","007","2019","08","19","3","2","0","6","0","0","1","0","1","0","0",795295.75108800002,5822728.08482000045,13.34864240100,52.47465800400,"0"
"51313","11","0","03","003","2019","05","09","2","3","5","2","0","1","1","0","0","0","0",799197.11106799997,5831455.21683000028,13.41375776600,52.55076091200,"0"
"51314","11","0","01","001","2019","04","16","4","3","2","6","0","0","1","0","0","0","0",796186.44596299995,5829111.31128999963,13.36739580600,52.53139557600,"0"
"51315","11","0","01","001","2019","11","09","4","3","5","3","0","1","1","0","0","0","0",800017.95305799996,5828097.72173000034,13.42279675600,52.52021511800,"0"
"51316","11","0","02","002","2019","05","13","1","3","5","3","0","0","1","0","1","0","0",802179.54968299996,5827722.55836000014,13.45421750100,52.51565903900,"0"
"51317","11","0","11","011","2019","12","08","2","3","2","6","1","0","1","0","0","0","1",806222.53560700000,5827368.21310999896,13.51328669200,52.51022847100,"0"
"51318","11","0","01","001","2019","07","16","6","3","1","5","0","1","1","0","0","0","0",799641.73309999995,5828421.18494999968,13.41755992900,52.52332131300,"0"
"51319","11","0","03","003","2019","04","08","4","3","5","2","0","1","1","0","0","0","0",800024.03047899995,5829000.64866000041,13.42370063200,52.52830502800,"0"
"51320","11","0","04","004","2019","10","19","3","3","9","1","2","0","1","0","0","0","0",790984.32886300003,5824647.06644999981,13.28702031200,52.49417578100,"0"
"51321","11","0","01","001","2019","08","12","3","3","2","2","0","1","0","0","0","1","0",799552.29640100000,5828281.39697999973,13.41611973700,52.52211747300,"0"
"51323","11","0","01","001","2019","07","09","6","3","0","7","0","0","1","0","1","0","0",796932.01319199998,5827450.00937000103,13.37687141600,52.51609819800,"1"
"51324","11","0","03","003","2019","04","08","4","3","5","3","0","0","1","0","0","0","0",798165.63060000003,5836121.29918000009,13.40278547500,52.59315118100,"0"
"51325","11","0","04","004","2019","09","16","7","3","0","6","0","0","0","0","1","1","0",792468.60743300000,5822720.80209000036,13.30713076700,52.47611390700,"1"
"51326","11","0","02","002","2019","06","16","3","3","2","6","0","1","1","0","0","0","0",803173.40126499999,5827625.77897999994,13.46873065900,52.51424009500,"0"
"51327","11","0","09","009","2019","08","15","2","3","3","6","0","0","1","0","0","0","0",806704.68849800003,5821033.60419999994,13.51454174800,52.45318516500,"0"
"51328","11","0","03","003","2019","12","16","6","3","5","3","2","0","1","0","0","0","1",798042.23362299998,5833911.47589000035,13.39898187900,52.57341096400,"1"
"51329","11","0","04","004","2019","05","11","1","2","1","5","0","1","1","0","0","0","0",792532.25142900005,5826707.04951000027,13.31156543800,52.51181556000,"0"
"51330","11","0","03","003","2019","07","08","6","3","2","6","0","0","1","0","0","0","0",802794.52245399996,5832859.63164999895,13.46793354200,52.56136062700,"1"
"51331","11","0","06","006","2019","04","17","3","2","5","7","0","0","1","0","1","0","0",783794.35904300003,5815996.40527999960,13.17404768700,52.42039710400,"0"
"51332","11","0","10","010","2019","11","08","5","3","2","6","0","0","1","0","0","0","0",813259.49021399999,5827202.62449999992,13.61648393700,52.50474956500,"1"
"51333","11","0","05","005","2019","11","07","2","3","2","6","0","0","1","0","0","0","0",785343.59499400004,5826226.06439999957,13.20551512600,52.51131130100,"1"
"51334","11","0","04","004","2019","07","07","6","3","5","2","0","1","0","0","0","0","1",790174.41912900005,5826317.71038999967,13.27658005300,52.50958453100,"1"
"51335","11","0","04","004","2019","04","20","3","3","2","6","2","0","1","0","0","0","0",791186.97898699995,5829532.78796000034,13.29427275300,52.53786786200,"0"
"51336","11","0","01","001","2019","10","12","4","3","5","5","0","0","1","0","0","0","0",799212.97998399998,5827854.35745999962,13.41074939300,52.51847600100,"1"
"51337","11","0","01","001","2019","08","15","2","3","2","6","0","1","0","0","0","0","0",797174.20379699999,5826753.80633999966,13.37980834500,52.50972559800,"0"
"51339","11","0","07","007","2019","05","05","1","2","1","5","0","0","1","0","0","0","0",797932.76364899997,5820079.21329000033,13.38498868900,52.44948180800,"0"
"51340","11","0","02","002","2019","07","07","6","3","5","2","0","1","1","0","0","0","0",801682.24096700002,5828879.22236999962,13.44796008000,52.52630159600,"1"
"51341","11","0","10","010","2019","04","12","3","3","2","6","0","0","1","0","0","1","0",809332.26051099994,5827392.71738999896,13.55898555200,52.50869370100,"0"
"51342","11","0","02","002","2019","06","01","5","3","5","2","2","1","1","0","0","0","0",802133.78946400003,5827644.81847000029,13.45347460800,52.51498760700,"1"
"51343","11","0","01","001","2019","08","11","2","3","5","3","0","1","0","0","0","0","1",796274.41599999997,5830256.42700000014,13.36970977000,52.54161257000,"0"
"51344","11","0","01","001","2019","12","05","5","3","6","2","2","0","1","1","0","0","0",796043.61749199999,5831374.85931000020,13.36731344600,52.55176364000,"1"
"51345","11","0","03","003","2019","05","11","7","3","5","2","0","1","1","0","0","0","0",800595.60410400003,5829932.51633000094,13.43294349100,52.53634271400,"0"
"51346","11","0","07","007","2019","07","07","6","3","5","3","0","1","1","0","0","0","0",800561.61581900006,5812278.85096000042,13.41655178800,52.37812387100,"1"
"51347","11","0","12","012","2019","11","05","6","3","4","6","2","1","0","0","0","0","0",794558.98563799995,5833829.69445000030,13.34765979000,52.57457420800,"1"
"51348","11","0","01","001","2019","07","08","5","3","2","6","0","0","1","0","1","0","0",799237.76016199996,5827883.75537999999,13.41113994800,52.51872591300,"0"
"51349","11","0","09","009","2019","09","09","5","3","5","3","0","0","1","0","0","0","1",806532.07235300005,5821202.86715999991,13.51216484700,52.45479898400,"0"
"51350","11","0","07","007","2019","04","13","3","2","6","6","0","1","0","1","0","0","0",798584.30065600004,5817877.34937999956,13.39258040400,52.42938919800,"0"
"51351","11","0","02","002","2019","10","16","5","3","2","7","0","0","1","0","0","0","0",801809.13728599995,5826348.95756999962,13.44752991800,52.50355245100,"1"
"51352","11","0","03","003","2019","08","14","1","3","2","6","0","0","1","0","0","0","0",798391.17291700002,5833449.22590999957,13.40369965000,52.56907638900,"0"
"51354","11","0","11","011","2019","05","08","7","3","2","6","0","0","1","0","0","0","1",803800.11536699999,5827578.71736999974,13.47789474300,52.51346959400,"0"
"51355","11","0","01","001","2019","07","15","5","3","1","5","0","0","1","0","1","0","0",795924.28444600001,5831801.75054999907,13.36593909300,52.55565513900,"0"
"51356","11","0","09","009","2019","04","13","3","3","6","4","0","0","1","1","0","0","0",802700.81427800003,5825200.14080000017,13.45958265900,52.49276174300,"0"
"51357","11","0","03","003","2019","11","17","1","3","2","6","2","0","1","0","0","0","0",800237.70094100002,5839241.91124000028,13.43611374700,52.61998166000,"1"
"51358","11","0","02","002","2019","06","08","7","3","6","4","0","0","1","1","0","0","0",802144.71696500003,5827753.61883000098,13.45373394700,52.51595673100,"0"
"51359","11","0","07","007","2019","12","18","5","3","3","6","2","0","1","0","0","0","0",798497.32623200002,5822081.56591000035,13.39506172200,52.46712255200,"0"
"51360","11","0","04","004","2019","07","12","5","2","0","1","0","0","0","0","1","0","0",790317.09994700004,5825487.61017999984,13.27795261600,52.50206667600,"0"
"51361","11","0","04","004","2019","04","14","3","3","2","6","0","0","1","0","0","0","0",792039.80181900004,5823881.18981000036,13.30185163400,52.48674609500,"0"
"51362","11","0","04","004","2019","10","14","7","2","0","7","0","0","1","0","0","0","1",790132.98538400000,5826310.58404999971,13.27596504000,52.50954268100,"0"
"51363","11","0","03","003","2019","08","13","1","3","2","6","0","0","1","0","0","0","0",801012.95126899995,5838518.95327000041,13.44687292500,52.61307293100,"0"
"51364","11","0","12","012","2019","07","17","4","3","8","7","0","0","1","0","0","0","0",790150.98574899998,5836038.86579000019,13.28473192100,52.59674726600,"0"
"51365","11","0","04","004","2019","04","15","3","3","2","6","0","0","1","0","0","0","0",792410.77616600005,5823666.62538999971,13.30711122000,52.48462400300,"0"
"51366","11","0","01","001","2019","10","06","4","3","2","7","2","0","1","0","0","0","0",798966.75569500006,5827456.04843000043,13.40677351800,52.51504077100,"1"
"51367","11","0","05","005","2019","06","09","6","3","0","2","0","1","1","0","0","0","0",784031.29013199999,5826577.03232000023,13.18652962700,52.51514307200,"0"
"51368","11","0","07","007","2019","08","18","1","2","8","1","0","0","1","0","0","0","0",795191.39415499999,5822938.70485999994,13.34729682500,52.47660248300,"0"
"51369","11","0","04","004","2019","12","19","7","3","9","1","2","0","1","0","0","0","0",791266.22795700002,5824629.15995000023,13.29114517700,52.49386488900,"0"
"51370","11","0","04","004","2019","05","19","7","3","2","6","0","0","1","0","0","0","0",791494.51282499998,5824411.12363999989,13.29430741200,52.49178833800,"0"
"51371","11","0","08","008","2019","04","15","3","3","2","6","0","0","1","0","0","0","0",802014.89721900003,5821840.85154000018,13.44646803700,52.46303195400,"0"
"51372","11","0","04","004","2019","11","12","2","3","2","6","0","0","1","0","0","0","0",790489.16030200000,5828482.85223999992,13.28309535400,52.52882760900,"0"
"51373","11","0","12","012","2019","05","12","7","3","2","6","0","0","1","0","0","0","0",791694.80209999997,5831013.69065999985,13.30303942300,52.55087222800,"0"
"51374","11","0","09","009","2019","11","18","7","2","6","4","2","0","1","1","0","0","0",804561.16285099997,5823160.99380999897,13.48503666400,52.47345080500,"0"
"51375","11","0","04","004","2019","07","14","4","3","2","6","0","0","1","0","0","0","0",792184.66239399998,5823724.16913999990,13.30384129400,52.48526092300,"0"
"51376","11","0","07","007","2019","04","07","3","3","6","7","0","0","1","1","0","0","0",796421.94839899999,5815395.23024000041,13.35867084900,52.40831468000,"0"
"51377","11","0","04","004","2019","07","17","4","3","2","6","0","0","1","0","0","0","0",793771.17564899998,5822989.03622999974,13.32649046900,52.47781945400,"0"
"51378","11","0","09","009","2019","04","07","3","3","6","4","0","0","0","1","1","0","0",802773.58469499997,5825330.39316000044,13.46076959700,52.49388882900,"0"
"51379","11","0","12","012","2019","11","20","2","3","5","2","2","0","1","0","0","0","0",795336.63932700001,5833744.81895000022,13.35902621000,52.57339194000,"1"
"51380","11","0","07","007","2019","06","11","2","2","0","1","0","0","0","0","1","0","0",796165.58932699997,5822721.45564999897,13.36140584600,52.47412762500,"0"
"51381","11","0","04","004","2019","08","16","7","3","2","6","0","0","1","0","0","0","0",791133.32282000000,5829052.23335000034,13.29306288800,52.53358841200,"0"
"51382","11","0","12","012","2019","12","14","6","3","2","6","0","0","1","0","0","0","0",791510.31536999997,5830620.06890000030,13.29998068800,52.54744225800,"1"
"51383","11","0","03","003","2019","07","06","4","3","5","2","0","1","0","0","0","0","1",798224.72782000003,5835174.74603999965,13.40280326500,52.58463435300,"0"
"51384","11","0","03","003","2019","04","07","2","3","0","2","0","1","1","0","0","0","1",800623.15865700005,5829919.63169999979,13.43333686600,52.53621202800,"1"
"51385","11","0","11","011","2019","10","07","2","3","0","2","0","1","1","0","0","0","0",803768.22718399996,5827581.80986000039,13.47742910600,52.51351507000,"0"
"51386","11","0","10","010","2019","08","14","7","3","2","6","0","0","1","0","0","0","0",809541.71905499999,5827393.51499999966,13.56206269700,52.50858204800,"0"
"51387","11","0","01","001","2019","07","06","4","3","3","6","0","0","1","0","0","1","0",796573.99251400004,5827397.24065000098,13.37156374500,52.51581998300,"0"
"51388","11","0","08","008","2019","04","06","2","3","5","3","2","0","1","0","0","1","0",801657.34453700006,5821809.10828999896,13.44119240000,52.46294493200,"0"
"51389","11","0","04","004","2019","10","23","6","2","8","1","2","0","1","0","0","0","0",790869.12800000003,5824710.14699999988,13.28538331400,52.49480270500,"1"
"51390","11","0","01","001","2019","06","16","6","3","5","3","0","1","0","0","0","0","1",798866.19331200002,5828077.04863000102,13.40585385600,52.52066226800,"0"
"51391","11","0","12","012","2019","08","13","7","3","5","2","0","1","1","0","0","0","0",795677.41131500003,5832895.94252999965,13.36328324500,52.56559759000,"0"
"51393","11","0","07","007","2019","05","12","7","3","4","6","0","1","0","0","0","0","0",797552.31990799995,5818313.94278000016,13.37783527200,52.43386508900,"0"
"51394","11","0","03","003","2019","04","05","2","3","5","3","2","0","1","0","0","0","0",800602.79392199998,5829929.26075000037,13.43304623100,52.53630956800,"0"
"51395","11","0","03","003","2019","11","15","3","3","6","2","0","0","1","1","0","0","0",799998.66110499995,5830219.68647999968,13.42442806200,52.53924562900,"0"
"51396","11","0","10","010","2019","05","14","7","3","2","6","0","0","1","0","0","0","0",813572.56810100004,5827170.59905999992,13.62105129000,52.50428276200,"0"
"51397","11","0","12","012","2019","11","12","7","3","5","3","0","0","1","0","0","0","0",792144.23620399996,5832837.33655000106,13.31125434800,52.56697971200,"0"
"51398","11","0","06","006","2019","07","10","3","3","1","5","0","0","1","0","0","0","0",785784.95252699999,5816470.24038000032,13.20364486800,52.42360964900,"0"
"51399","11","0","04","004","2019","04","16","2","3","2","6","0","0","1","0","0","1","0",790481.40000000002,5828460.96899999958,13.28296216000,52.52863556100,"0"
"51400","11","0","06","006","2019","10","16","3","2","5","2","0","1","1","0","0","0","0",782755.71632899996,5815836.87378999963,13.15868027400,52.41950430300,"0"
"51401","11","0","03","003","2019","08","11","7","3","1","5","0","0","1","0","0","0","0",802151.40350500005,5831524.76045999955,13.45726013700,52.54975357500,"0"
"51403","11","0","01","001","2019","07","17","3","3","2","6","0","0","1","0","0","0","0",796454.61300200003,5826462.21200999897,13.36897672900,52.50750326900,"0"
"51404","11","0","09","009","2019","04","14","2","3","2","6","0","0","1","0","0","0","0",802727.92007899994,5825296.26738000009,13.46006802600,52.49360829000,"0"
"51405","11","0","01","001","2019","09","00","7","3","5","3","2","0","1","0","0","0","0",796045.43758499995,5831343.74392000027,13.36731246800,52.55148373300,"0"
"51406","11","0","04","004","2019","06","20","2","3","2","6","0","0","1","0","0","0","1",791502.60844600003,5824421.03421000019,13.29443498400,52.49187286200,"0"
"51407","11","0","10","010","2019","08","07","7","3","2","6","0","0","1","0","0","0","0",813515.22047599999,5827163.88380999956,13.62020283300,52.50425553900,"0"
"51408","11","0","04","004","2019","12","13","4","3","2","6","0","0","1","0","0","0","0",791158.90111099998,5829478.01095999964,13.29381194200,52.53739179600,"0"
"51409","11","0","04","004","2019","05","14","7","2","2","6","0","0","1","0","0","0","0",791886.40891200001,5824043.30559999961,13.29974099800,52.48828147500,"0"
"51410","11","0","04","004","2019","07","09","3","3","2","6","0","0","1","0","0","0","1",790425.32260900002,5827781.59092000034,13.28154447900,52.52257479000,"0"
"51411","11","0","07","007","2019","04","13","2","3","1","1","0","0","1","0","0","0","0",799736.32657300006,5814353.28290999960,13.40631839000,52.39717055700,"0"
"51412","11","0","04","004","2019","11","20","4","3","5","3","2","0","1","0","0","0","0",791588.41515699995,5824351.90294000041,13.29563473500,52.49120727500,"1"
"51413","11","0","02","002","2019","11","18","7","3","5","3","2","0","1","0","0","0","0",797886.58437699999,5825489.42009999976,13.38914291200,52.49800337000,"0"
"51414","11","0","02","002","2019","07","22","3","3","5","3","2","1","1","0","0","0","0",797059.12141599995,5825704.88984000031,13.37718173600,52.50038586100,"0"
"51415","11","0","09","009","2019","04","10","2","3","5","2","0","1","1","0","0","0","0",802847.22242000001,5825474.97130999900,13.46198235600,52.49514382200,"0"
"51416","11","0","04","004","2019","10","10","3","3","3","6","0","0","1","0","0","0","1",791543.84087499999,5826562.29042000044,13.29691526100,52.51104700600,"0"
"51417","11","0","04","004","2019","08","12","6","2","2","6","0","0","1","0","0","0","0",790548.04357400001,5827364.12377000041,13.28298351700,52.51876680400,"0"
"51419","11","0","07","007","2019","05","16","7","3","2","2","0","0","1","0","1","0","0",797709.96313900000,5818788.60338000022,13.38057001000,52.43803417400,"0"
"51420","11","0","07","007","2019","07","19","3","3","5","3","0","0","0","0","1","0","1",798179.11955099995,5818923.90708999895,13.38757202700,52.43899144800,"0"
"51421","11","0","03","003","2019","04","09","2","3","3","6","0","1","1","0","0","0","0",800195.79697699996,5829281.62298000045,13.42647873400,52.53072893000,"0"
"51422","11","0","04","004","2019","11","11","6","3","2","6","0","0","1","0","0","0","0",791233.46807900001,5829753.53641999979,13.29514974300,52.53982199900,"0"
"51423","11","0","02","002","2019","06","07","5","3","3","6","0","0","1","0","1","0","0",802065.55572299997,5827317.54841999989,13.45217507200,52.51209207300,"1"
"51424","11","0","07","007","2019","08","18","6","3","1","5","0","1","1","0","0","0","0",797819.05323199998,5821087.59310999978,13.38421972900,52.45858281700,"0"
"51425","11","0","11","011","2019","12","08","3","3","5","2","0","1","1","0","0","0","0",803718.52006400004,5827570.41260000039,13.47668847100,52.51344059900,"1"
"51426","11","0","03","003","2019","05","23","6","2","6","4","2","0","1","1","0","0","0",799989.79913000006,5830222.48440000042,13.42430031400,52.53927558700,"0"
"51427","11","0","02","002","2019","07","19","2","3","2","6","0","0","1","0","0","0","0",797854.22352700005,5825450.75619000103,13.38863304300,52.49767445700,"0"
"51428","11","0","06","006","2019","10","14","5","3","5","5","0","0","1","0","0","0","0",778592.67456499999,5814901.62684000004,13.09684420700,52.41325289000,"0"
"51429","11","0","06","006","2019","07","22","2","3","0","1","2","1","0","0","0","0","0",791863.75670799997,5819374.80264000036,13.29532471300,52.44644072000,"0"
"51430","11","0","07","007","2019","09","20","5","3","2","6","2","0","1","0","1","0","0",795896.52941299998,5824376.51468000002,13.35892497500,52.48910973000,"0"
"51431","11","0","04","004","2019","04","09","2","3","5","3","0","0","1","0","1","0","0",791868.16150599997,5826595.79930000007,13.30171001300,52.51117397100,"0"
"51432","11","0","01","001","2019","10","22","4","3","2","6","2","0","1","0","0","0","0",798857.17988700001,5827294.57278999966,13.40501853300,52.51365342200,"0"
"51433","11","0","07","007","2019","08","18","6","3","0","7","0","1","0","0","0","0","0",797773.69707899995,5823585.85680999979,13.38578393800,52.48100172300,"0"