OBJECTID,ULAND,UREGBEZ,UKREIS,UGEMEINDE,UJAHR,UMONAT,USTUNDE,UWOCHENTAG,UKATEGORIE,UART,UTYP1,ULICHTVERH,IstRad,IstPKW,IstFuss,IstKrad,IstGkfz,IstSonstig,LINREFX,LINREFY,XGCSWGS84,YGCSWGS84,STRZUSTAND
"51435","11","0","02","002","2019","05","23","6","3","2","6","2","0","1","0","0","0","0",802886.23735800001,5825795.88109000027,13.46284707700,52.49799846100,"0"
"51436","11","0","07","007","2019","07","14","2","2","0","1","0","0","0","0","1","0","0",794682.56565300003,5823146.43120000046,13.34001022100,52.47873940800,"1"
"51437","11","0","01","001","2019","04","08","2","3","5","3","0","1","1","0","0","0","0",796195.04599999997,5830185.82600000035,13.36847990800,52.54102285400,"0"
"51438","11","0","07","007","2019","11","16","7","3","0","3","1","1","1","0","0","0","0",796409.57885900000,5815365.15869999956,13.35846291400,52.40805180600,"0"
"51439","11","0","04","004","2019","06","19","7","3","2","6","0","0","1","0","0","0","0",792124.12388099998,5826638.82488999981,13.30550872200,52.51142266800,"0"
"51440","11","0","01","001","2019","12","11","4","3","5","3","0","0","1","0","0","0","0",795868.31511600001,5829573.98850999959,13.36313147500,52.53571581600,"0"
"51441","11","0","02","002","2019","07","19","1","3","0","2","0","1","1","0","0","0","0",797898.72563700005,5825430.73247000109,13.38926874500,52.49747067800,"0"
"51442","11","0","03","003","2019","04","07","2","2","0","7","0","0","1","0","0","0","0",797962.50673300005,5834549.11708000023,13.39838196500,52.57917016300,"0"
"51443","11","0","07","007","2019","10","19","6","3","2","6","2","0","1","0","1","0","0",796518.80013400002,5822544.20528999902,13.36643335000,52.47234710200,"0"
"51444","11","0","09","009","2019","08","17","6","2","5","3","0","1","1","0","0","0","0",806541.97577599995,5821193.15612000041,13.51230122000,52.45470639600,"0"
"51445","11","0","07","007","2019","07","23","1","3","0","6","2","0","1","0","0","0","1",796007.64356600004,5824786.69477999955,13.36092105800,52.49272641100,"0"
"51446","11","0","02","002","2019","03","16","1","3","5","3","0","1","0","0","1","0","0",803481.89817800000,5827610.39687999990,13.47324877800,52.51393067100,"0"
"51447","11","0","01","001","2019","10","08","4","2","5","2","0","0","1","0","0","0","0",799808.16687299998,5828638.05740000028,13.42020120800,52.52517373800,"1"
"51448","11","0","07","007","2019","06","19","5","3","2","6","0","0","1","0","0","0","0",797853.91599999997,5820519.74000000022,13.38422476200,52.45347362500,"0"
"51449","11","0","02","002","2019","08","23","6","3","1","5","2","1","1","0","0","0","1",797754.33185399999,5824624.96442000009,13.38642786400,52.49032670000,"0"
"51450","11","0","02","002","2019","12","19","6","3","6","4","1","0","1","1","0","0","0",802063.95700000005,5828101.28600000031,13.45286307200,52.51911760800,"1"
"51451","11","0","01","001","2019","05","17","6","3","2","6","0","0","1","0","0","0","0",796044.91394799994,5829317.45724999905,13.36549904000,52.53332036200,"0"
"51452","11","0","12","012","2019","03","19","1","3","0","1","1","0","0","0","1","0","0",792115.55569700000,5837979.47482999973,13.31536678800,52.61309216900,"0"
"51453","11","0","02","002","2019","11","06","1","3","9","1","2","0","1","0","0","0","0",802110.76268399996,5828008.35305999964,13.45346639700,52.51825872300,"0"
"51454","11","0","03","003","2019","05","10","6","3","3","1","0","1","1","0","0","0","0",798175.94645299995,5836260.25853999984,13.40306241400,52.59439108700,"0"
"51455","11","0","03","003","2019","11","18","5","3","6","2","2","0","1","1","0","0","0",801537.83100000001,5831187.98599999957,13.44793276500,52.54707504300,"1"
"51456","11","0","01","001","2019","07","06","1","3","5","2","0","0","1","0","0","0","0",796045.19758899999,5831344.25330999959,13.36730939300,52.55148842900,"0"
"51457","11","0","04","004","2019","03","16","1","2","3","6","0","0","1","0","1","0","0",793439.94472100004,5829759.95664000046,13.32759631100,52.53869584700,"0"
"51458","11","0","01","001","2019","10","01","1","2","5","2","2","0","1","0","0","0","0",796186.94634599995,5830196.82842999976,13.36837063500,52.54112588200,"0"
"51459","11","0","07","007","2019","08","16","6","3","2","6","0","0","1","0","0","0","0",797486.71941899997,5822327.29753999971,13.38044799700,52.46987648800,"0"
"51461","11","0","04","004","2019","05","16","6","3","3","6","0","0","1","0","0","0","0",790489.83954800002,5825304.79734999966,13.28033082200,52.50033580800,"0"
"51462","11","0","09","009","2019","07","23","7","3","0","4","2","0","0","1","1","0","0",806683.33431099996,5821054.54356999975,13.51424771300,52.45338481100,"1"
"51463","11","0","01","001","2019","03","12","7","3","6","4","0","0","1","1","0","0","0",799806.06380899996,5828634.70320999902,13.42016727700,52.52514483000,"0"
"51464","11","0","07","007","2019","06","23","7","3","1","5","2","1","1","0","0","0","0",795571.86015800002,5823898.22329999972,13.35373303400,52.48499808900,"0"
"51465","11","0","03","003","2019","08","15","6","2","5","2","0","1","0","0","0","0","1",799220.48894499999,5832049.47343999986,13.41463711600,52.55607464100,"0"
"51466","11","0","06","006","2019","12","13","2","3","5","2","0","0","1","0","0","0","0",786509.84684799996,5816949.62428000011,13.21468678200,52.42752871100,"1"
"51467","11","0","01","001","2019","05","09","6","3","5","2","0","1","1","0","0","0","0",799762.16835299996,5828627.71191000100,13.41951589900,52.52510629900,"0"
"51468","11","0","07","007","2019","07","16","7","2","5","3","0","0","1","0","0","0","0",796422.33038499998,5815396.15888999961,13.35867727000,52.40832279700,"0"
"51469","11","0","03","003","2019","03","10","6","3","2","6","0","0","1","0","0","0","0",799513.93689699995,5840900.09303999972,13.42695714600,52.63524364600,"0"
"51470","11","0","09","009","2019","11","17","2","3","2","6","2","0","1","0","0","1","0",806610.80900000001,5818274.52039000019,13.51063330700,52.42850982600,"0"
"51471","11","0","12","012","2019","07","15","7","3","5","3","0","1","1","0","0","0","0",791923.47921500006,5838850.57684999891,13.31330689000,52.62100439700,"0"
"51472","11","0","03","003","2019","03","16","6","2","2","6","0","0","1","0","0","0","0",804494.64535500004,5839633.58994999900,13.49916273000,52.62112327800,"0"
"51473","11","0","03","003","2019","10","19","1","3","5","7","2","1","0","0","0","0","1",799432.69788600004,5830328.93377000093,13.41620657400,52.54053613500,"1"
"51474","11","0","08","008","2019","08","15","6","3","2","6","0","0","1","0","0","0","0",801666.93599999999,5821775.71899999958,13.44130297300,52.46264036100,"0"
"51476","11","0","07","007","2019","05","12","6","3","2","7","0","0","1","0","0","0","0",797772.56560700003,5823910.84903999977,13.38605760700,52.48391552700,"0"
"51477","11","0","07","007","2019","07","13","7","3","2","2","0","0","1","0","1","0","0",797549.08394899999,5818299.70340000000,13.37777514100,52.43373920700,"0"
"51478","11","0","04","004","2019","03","19","6","3","0","1","2","1","0","0","0","0","0",794100.76366000006,5826993.95897999965,13.33486523700,52.51354411000,"0"
"51479","11","0","12","012","2019","11","13","4","2","6","2","0","0","1","1","0","0","0",792117.81919499999,5837988.87851000018,13.31540842700,52.61317525200,"0"
"51480","11","0","03","003","2019","10","14","2","3","6","4","0","1","0","1","0","0","0",800003.40761700005,5830309.04513000045,13.42457852000,52.54004396600,"0"
"51481","11","0","11","011","2019","08","11","6","3","5","3","0","1","1","0","0","0","0",803673.60527800000,5835100.26439000107,13.48291348900,52.58095291100,"0"
"51483","11","0","07","007","2019","05","09","6","2","0","7","0","0","1","0","0","0","0",797404.32962199999,5822340.11194000021,13.37925009200,52.47003621500,"0"
"51484","11","0","07","007","2019","07","12","7","3","2","3","0","0","1","0","0","0","0",797550.59138899995,5818306.35481000040,13.37780316900,52.43379801000,"0"
"51485","11","0","09","009","2019","03","11","5","3","5","3","0","0","1","0","0","0","1",802581.76672399999,5825080.81441999972,13.45772617900,52.49175822600,"1"
"51486","11","0","06","006","2019","06","12","2","3","5","2","0","0","0","0","1","0","0",792443.57999999996,5819762.08600000013,13.30417083600,52.44960284800,"0"
"51487","11","0","04","004","2019","08","12","6","3","2","6","0","0","1","0","1","0","0",793155.15800000005,5826843.20999999996,13.32083792200,52.51270176700,"0"
"51488","11","0","12","012","2019","12","17","2","3","6","2","2","0","0","1","0","0","1",792710.75896100001,5837441.59901999962,13.32365656400,52.60795019000,"0"
"51489","11","0","07","007","2019","05","12","5","3","0","7","0","1","0","0","0","0","1",795512.20762100001,5823337.19041000027,13.35235980200,52.48000113000,"1"
"51490","11","0","01","001","2019","07","09","6","2","5","2","0","1","0","0","0","1","0",796050.87797300005,5831331.17772999965,13.36738126800,52.55136813300,"0"
"51491","11","0","04","004","2019","03","15","5","3","2","6","0","0","1","0","0","0","1",791565.08424800006,5824367.87332000025,13.29530605200,52.49136291100,"0"
"51492","11","0","07","007","2019","11","16","3","3","0","6","1","0","1","0","0","0","1",797569.51007199998,5818389.40529000107,13.37815455300,52.43453218700,"0"
"51493","11","0","03","003","2019","11","18","6","3","2","6","2","0","1","0","0","0","0",800862.17296200001,5829753.83542999905,13.43670007800,52.53459407700,"0"
"51494","11","0","07","007","2019","07","21","6","3","5","2","2","0","1","0","1","0","0",797827.96100000001,5822395.49299999978,13.38551763000,52.47030185600,"0"
"51495","11","0","04","004","2019","03","19","5","3","3","6","2","0","1","0","0","0","0",790659.69114300003,5826398.91560999956,13.28378118800,52.51005418900,"1"
"51496","11","0","01","001","2019","10","20","2","3","3","2","2","1","1","0","0","0","0",799552.18874200003,5828281.46434000041,13.41611821600,52.52211813600,"0"
"51497","11","0","03","003","2019","08","07","6","3","3","6","0","0","1","0","1","0","0",799238.99934400001,5831928.66234000027,13.41480042800,52.55498159100,"0"
"51499","11","0","12","012","2019","05","10","5","3","0","3","0","1","1","0","0","0","0",794392.45710200001,5834475.20151999965,13.34578275600,52.58045077200,"1"
"51500","11","0","02","002","2019","07","18","6","3","3","2","0","0","1","0","1","0","0",800385.82502800005,5827977.20734000020,13.42809342900,52.51893239600,"0"
"51501","11","0","01","001","2019","03","08","4","3","5","2","0","1","1","0","0","0","0",796195.99437800003,5830184.96788999904,13.36849308600,52.54101464600,"0"
"51502","11","0","04","004","2019","11","16","4","3","6","4","2","0","1","1","0","0","0",791841.62450399995,5826612.67533999961,13.30133489300,52.51133946000,"0"
"51503","11","0","10","010","2019","06","16","4","2","2","6","0","0","0","0","1","0","1",811559.18672799994,5827117.91272000037,13.59143506400,52.50496394300,"0"
"51504","11","0","01","001","2019","08","00","6","3","0","7","2","0","0","0","0","0","1",798793.38869800000,5827981.82565999962,13.40469849100,52.51984862600,"0"
"51505","11","0","03","003","2019","12","05","2","3","5","3","2","1","1","0","0","0","0",800283.87000000000,5830084.74799999967,13.42849877600,52.53787905500,"0"
"51506","11","0","12","012","2019","07","12","6","3","0","2","0","1","1","0","0","0","0",794572.25362900004,5833815.93573000096,13.34784278700,52.57444369100,"0"
"51507","11","0","04","004","2019","09","17","5","3","0","5","0","0","1","0","1","0","0",790317.51104999997,5826341.94201000035,13.27870368500,52.50972563500,"0"
"51508","11","0","10","010","2019","10","22","4","3","2","6","2","0","1","0","0","0","0",808924.24251899996,5833401.13580000028,13.55857761200,52.56277057700,"0"
"51509","11","0","04","004","2019","08","18","5","2","5","2","0","1","1","0","0","0","0",791847.99877399998,5826592.40744999982,13.30141077900,52.51115435200,"0"
"51510","11","0","04","004","2019","07","10","6","3","0","7","0","0","0","0","1","0","0",791928.86659600004,5824014.61340999976,13.30033939000,52.48800155100,"1"
"51511","11","0","06","006","2019","09","19","5","3","5","2","2","1","1","0","0","0","0",789578.88401699997,5817961.21678999905,13.26057497300,52.43498231800,"0"
"51512","11","0","04","004","2019","03","15","4","3","2","6","0","0","1","0","0","0","0",790696.64493199997,5826994.26716000028,13.28484423100,52.51537183900,"0"
"51513","11","0","04","004","2019","10","16","3","3","2","6","0","0","1","0","0","0","0",793044.66344300006,5823051.14372999966,13.31587841500,52.47876654800,"0"
"51514","11","0","04","004","2019","08","16","5","3","2","6","0","0","1","0","0","0","1",791591.77394099999,5824344.68534999900,13.29567774900,52.49114077600,"0"
"51516","11","0","03","003","2019","05","18","5","2","5","3","0","1","1","0","0","0","0",800659.39410100004,5841394.12937999982,13.44428185400,52.63903871700,"1"
"51517","11","0","03","003","2019","07","06","6","3","6","2","0","0","0","1","0","1","0",797154.71056299994,5838890.64572999906,13.39039212400,52.61852787500,"0"
"51518","11","0","07","007","2019","03","23","4","2","9","1","2","0","1","0","1","0","0",795774.30828300002,5824115.06981000025,13.35689813100,52.48683231600,"1"
"51519","11","0","01","001","2019","11","09","7","3","5","3","0","0","1","0","0","0","0",795861.74034500006,5832069.08406000026,13.36525754600,52.55808549800,"1"
"51520","11","0","07","007","2019","05","13","5","3","0","7","0","0","0","0","1","0","0",795680.12866599998,5823993.20901000034,13.35540706900,52.48579094200,"1"
"51521","11","0","01","001","2019","08","16","5","3","5","7","0","0","1","0","0","0","0",794455.48354100005,5827038.69531000033,13.34011688800,52.51375376200,"0"
"51522","11","0","10","010","2019","12","13","4","3","2","6","0","0","1","0","0","1","1",807672.08939300000,5830081.39388999902,13.53708813100,52.53372834900,"0"
"51523","11","0","04","004","2019","07","09","6","3","2","6","0","0","1","0","0","0","0",791935.90700000001,5824007.08299999963,13.30043618600,52.48793027700,"0"
"51524","11","0","05","005","2019","03","08","4","3","2","6","0","0","1","0","0","0","0",782998.09052299999,5825977.18620999902,13.17083439200,52.51030176400,"1"
"51525","11","0","04","004","2019","10","13","6","3","2","6","0","0","1","0","1","0","0",792116.76129800000,5826637.60254000034,13.30539946700,52.51141565300,"0"
"51526","11","0","12","012","2019","08","16","5","3","5","7","0","1","1","0","0","0","0",795807.90212400001,5832370.43826000020,13.36473430900,52.56081608600,"0"
"51527","11","0","10","010","2019","07","04","6","2","5","3","1","0","1","0","0","0","1",808905.25657099998,5833416.32617999986,13.55831255500,52.56291747900,"0"
"51528","11","0","03","003","2019","03","07","4","2","6","4","0","0","1","1","0","0","0",801390.54218200000,5831069.25965000037,13.44565950700,52.54609239600,"0"
"51529","11","0","10","010","2019","10","11","3","3","0","1","0","0","0","0","1","0","0",810344.21050499997,5827069.58808999974,13.57354706400,52.50522327400,"1"
"51530","11","0","03","003","2019","06","17","4","3","6","3","0","0","1","1","0","0","0",800033.99924799998,5833416.03409000020,13.42783619500,52.56787590500,"0"
"51531","11","0","12","012","2019","08","15","5","2","9","1","0","0","0","0","1","0","0",792890.77599999995,5832239.12399999984,13.32170911400,52.56121589200,"0"
"51532","11","0","01","001","2019","12","21","4","3","2","6","2","0","1","0","0","0","0",796288.19085599994,5830309.40730000008,13.36995954200,52.54207999400,"1"
"51533","11","0","02","002","2019","05","09","5","3","2","6","0","0","1","0","0","0","0",803064.77877199999,5827636.84781999979,13.46714494900,52.51439966800,"1"
"51534","11","0","07","007","2019","03","05","4","3","0","7","0","0","1","0","0","0","0",800327.44413299998,5821568.28648999892,13.42145952600,52.46151887700,"0"
"51535","11","0","06","006","2019","11","19","7","2","5","3","2","0","1","0","0","0","0",790942.72794600006,5818771.21948000044,13.28128562100,52.44152039100,"1"
"51536","11","0","11","011","2019","05","07","5","3","6","7","0","0","1","1","0","0","0",804234.91230900004,5827533.29332000017,13.48424064100,52.51282013900,"1"
"51537","11","0","01","001","2019","11","17","4","3","3","6","2","1","1","0","0","0","0",798178.75188500003,5826923.82419000100,13.39471863300,52.51070143900,"1"
"51538","11","0","04","004","2019","07","14","5","3","2","6","0","0","1","0","0","0","0",790773.09149300004,5826385.42478999961,13.28543563300,52.50987280800,"0"
"51539","11","0","07","007","2019","03","17","4","3","6","7","1","1","0","1","0","0","0",797120.45741200005,5816959.25117000099,13.37029794800,52.42195620500,"1"
"51540","11","0","08","008","2019","10","14","7","3","2","6","0","0","1","0","0","0","0",802673.78497000004,5821698.32825999986,13.45600756400,52.46138995700,"0"
"51541","11","0","12","012","2019","08","18","5","2","0","6","0","0","0","0","1","0","1",795377.99901799997,5833673.66805000044,13.35957136000,52.57273169600,"0"
"51543","11","0","04","004","2019","05","07","5","2","2","6","0","0","1","0","0","0","1",793782.29943799996,5823002.65950999968,13.32666578900,52.47793559700,"1"
"51544","11","0","12","012","2019","09","13","5","3","5","7","0","0","1","0","0","0","1",793211.33510499995,5836738.26604000013,13.33040460200,52.60137549300,"0"
"51545","11","0","02","002","2019","07","21","5","2","5","2","1","1","1","0","0","0","0",802031.41631400003,5826155.31195999961,13.45061910000,52.50169380400,"0"
"51546","11","0","03","003","2019","03","15","3","3","6","4","0","0","1","1","0","0","0",799141.76503799995,5830376.93986999895,13.41197278500,52.54112622600,"0"
"51547","11","0","01","001","2019","06","20","7","3","2","6","0","0","1","0","0","0","0",796302.92573300004,5826046.76477000024,13.36637855600,52.50386157800,"0"
"51548","11","0","03","003","2019","08","11","5","3","0","4","0","1","0","1","0","0","0",800309.37610600004,5829465.45822999906,13.42831413300,52.53231413800,"0"
"51549","11","0","02","002","2019","12","12","1","3","1","1","0","0","1","0","0","0","0",797901.85847900005,5825108.90947999991,13.38902695400,52.49458420900,"0"
"51550","11","0","12","012","2019","05","17","5","3","4","6","0","1","0","0","0","0","0",795694.00265399995,5832888.25093999971,13.36352045400,52.56551963200,"0"
"51551","11","0","06","006","2019","07","16","5","3","2","2","0","1","0","0","0","0","1",789556.53808400000,5817966.49567000102,13.26025175700,52.43504147600,"0"
"51552","11","0","02","002","2019","11","03","1","2","6","4","2","0","1","1","0","0","0",797897.30285099999,5825437.36371000018,13.38925377900,52.49753089600,"1"
"51553","11","0","04","004","2019","07","14","5","3","5","2","0","1","1","0","0","0","0",791028.11064800003,5826477.20024000015,13.28926293500,52.51055957800,"0"
"51554","11","0","07","007","2019","03","09","3","3","2","6","0","0","1","0","0","0","0",795225.43749799998,5822896.66256000008,13.34775939800,52.47620720100,"0"
"51555","11","0","04","004","2019","10","19","1","3","2","6","2","0","1","0","0","0","0",790540.81579599995,5825172.67965999991,13.28096441100,52.49912422200,"0"
"51556","11","0","01","001","2019","08","11","5","3","6","7","0","0","0","1","1","0","0",798942.94273100002,5828148.68926000036,13.40704603600,52.52126235300,"0"
"51558","11","0","07","007","2019","05","15","4","3","2","6","0","0","1","0","0","0","0",799736.49633200001,5814606.87299000099,13.40654775000,52.39944358200,"0"
"51559","11","0","03","003","2019","07","14","5","3","5","2","0","1","1","0","0","0","0",800047.27869800001,5828999.18278999906,13.42404098200,52.52827909400,"0"
"51560","11","0","04","004","2019","03","10","3","3","2","6","0","0","1","0","0","0","0",791035.19641199999,5826478.36175999977,13.28936806500,52.51056621100,"0"
"51561","11","0","04","004","2019","11","15","3","3","2","6","0","0","1","0","0","0","1",790567.41703600006,5826402.24134000018,13.28242827200,52.51013316400,"0"
"51562","11","0","01","001","2019","06","13","3","3","2","6","0","0","1","0","0","0","0",799254.08445600001,5827905.44656999968,13.41139932600,52.51891138400,"0"
"51563","11","0","03","003","2019","08","11","5","2","5","2","0","1","1","0","0","0","0",801348.71446900000,5831003.31732999906,13.44498471800,52.54552448800,"0"
"51564","11","0","01","001","2019","12","19","7","3","2","6","2","0","1","0","0","0","0",796210.26080900000,5829941.73127000034,13.36848598200,52.53882652100,"1"
"51565","11","0","02","002","2019","07","14","5","2","1","5","0","1","0","0","1","0","0",801878.99391800002,5826541.82897999976,13.44873083900,52.50524252800,"0"
"51566","11","0","03","003","2019","10","13","3","3","2","6","0","0","1","0","0","0","0",799186.01520599995,5831182.08129000105,13.41334852000,52.54831877400,"0"
"51567","11","0","06","006","2019","08","09","5","3","5","2","0","1","1","0","0","0","0",789559.99223600002,5817980.31414999906,13.26031439500,52.43516353500,"0"
"51568","11","0","10","010","2019","07","19","4","3","5","3","0","0","1","0","0","0","0",808905.64652499999,5833417.09439999983,13.55831900400,52.56292414200,"0"
"51569","11","0","04","004","2019","03","18","2","3","5","3","1","0","1","0","0","0","0",787161.90851099999,5825838.96217000019,13.23190104500,52.50688645900,"0"
"51570","11","0","12","012","2019","10","06","2","3","3","6","2","0","1","0","0","1","0",791651.57940699998,5833559.51291000098,13.30464147400,52.57371797300,"0"
"51571","11","0","03","003","2019","06","11","1","3","5","2","0","1","1","0","0","0","0",798113.40440400003,5835762.42506000027,13.40169379000,52.58996303800,"0"
"51572","11","0","02","002","2019","08","19","5","3","6","7","0","0","0","1","0","0","1",800630.25546300004,5827889.77534999978,13.43160594800,52.51801403000,"0"
"51574","11","0","12","012","2019","05","12","4","3","3","6","0","0","1","0","1","0","0",792107.31349400000,5831888.41976999957,13.30987575000,52.55849282200,"0"
"51575","11","0","10","010","2019","03","11","2","3","5","2","0","0","1","0","0","0","0",808936.86924599996,5827406.55590000004,13.55319106400,52.50904175900,"1"
"51576","11","0","06","006","2019","11","20","4","3","5","2","2","0","1","0","0","0","0",789567.88399999996,5817964.12600000016,13.26041613600,52.43501422400,"1"
"51577","11","0","04","004","2019","05","09","4","2","2","6","0","0","1","0","1","0","0",791190.06891200005,5824633.72391999979,13.29003055300,52.49394644100,"0"
"51578","11","0","07","007","2019","12","14","2","3","6","4","0","0","1","1","0","0","0",796071.80330300005,5825476.63735000044,13.36247652900,52.49887635100,"0"
"51579","11","0","03","003","2019","07","19","4","3","1","5","0","1","0","0","0","0","1",800270.75705999997,5831439.28051999956,13.42953042900,52.55002730100,"0"
"51580","11","0","07","007","2019","03","14","2","2","2","6","0","0","1","0","0","0","0",796430.66800299997,5822603.56718000025,13.36519239000,52.47292706400,"1"
"51581","11","0","06","006","2019","10","17","4","2","9","1","2","0","1","0","0","0","0",785748.07058299996,5816442.88638999965,13.20308058500,52.42338365200,"0"
"51582","11","0","12","012","2019","08","17","4","3","5","3","0","0","1","0","0","0","0",793418.63592599996,5836163.67480000015,13.33294748800,52.59611284100,"0"
"51584","11","0","12","012","2019","06","10","4","3","5","3","0","1","1","0","0","0","0",792784.11186599999,5837340.84391000029,13.32464756800,52.60700747600,"0"
"51585","11","0","06","006","2019","08","17","4","2","0","7","0","1","0","0","0","0","0",786353.27879400004,5816879.97407000046,13.21233072100,52.42698619800,"0"
"51586","11","0","02","002","2019","12","19","1","3","6","6","2","1","0","1","0","0","0",801839.86375699996,5826426.35359000042,13.44805138900,52.50422916200,"1"
"51587","11","0","03","003","2019","07","16","4","3","5","3","0","1","1","0","0","0","0",800037.05379899999,5833451.99842000008,13.42791365800,52.56819657800,"0"
"51588","11","0","06","006","2019","09","17","4","3","1","1","0","0","1","0","0","0","0",778814.02678099996,5814981.86419000104,13.10015709700,52.41385969500,"1"
"51589","11","0","07","007","2019","10","11","4","3","1","5","0","1","1","0","0","0","0",797981.34124700003,5819862.75480000023,13.38550829400,52.44751501500,"0"
"51590","11","0","04","004","2019","08","07","4","2","2","6","0","0","0","0","1","0","1",793666.39592599997,5822996.78681000043,13.32495893700,52.47794528700,"0"
"51591","11","0","01","001","2019","07","13","4","3","3","6","0","0","1","0","1","0","0",798196.01692600001,5827671.08035000041,13.39564191400,52.51739018700,"0"
"51592","11","0","04","004","2019","03","15","2","3","2","6","0","0","1","0","0","0","0",793967.89453499997,5823000.83987000026,13.32938905500,52.47781941600,"0"
"51593","11","0","12","012","2019","10","13","3","3","2","6","0","0","1","0","0","1","0",794591.60647300002,5833807.49708999973,13.34812004100,52.57435757100,"1"
"51594","11","0","04","004","2019","08","05","4","3","3","6","1","0","1","0","0","0","0",790479.33971400000,5828454.33036000002,13.28292607500,52.52857714300,"0"
"51596","11","0","03","003","2019","05","09","4","3","2","6","0","0","1","0","1","0","0",800659.62796600000,5830030.14924999978,13.43397292200,52.53718250200,"0"
"51597","11","0","02","002","2019","07","10","4","3","0","5","0","1","0","0","0","0","1",802041.23718000005,5828082.46186000016,13.45251215700,52.51896147100,"0"
"51598","11","0","06","006","2019","03","13","2","2","5","3","0","0","1","0","0","0","0",790944.26771900000,5818772.12521999981,13.28130899900,52.44152769200,"1"
"51599","11","0","02","002","2019","11","09","5","3","5","3","0","1","1","0","0","0","0",802119.89590000000,5828034.86658999976,13.45362466700,52.51849130400,"0"
"51600","11","0","02","002","2019","05","08","4","3","5","3","0","1","1","0","0","0","0",802576.87213799998,5827703.15584999975,13.46003724200,52.51526486100,"0"
"51601","11","0","01","001","2019","12","18","3","3","2","6","2","0","1","0","0","0","0",796277.06011900003,5830013.14666000009,13.36953169900,52.53943037300,"1"
"51602","11","0","04","004","2019","07","15","4","3","2","6","0","0","1","0","1","0","0",793224.52296099998,5823009.01917999983,13.31848212200,52.47829237300,"0"
"51603","11","0","11","011","2019","03","10","1","3","5","2","0","1","1","0","0","0","0",803685.61198399996,5835336.13032000046,13.48330625700,52.58306016700,"0"
"51604","11","0","12","012","2019","10","19","5","3","2","6","2","0","1","0","1","0","0",795841.44343700004,5832182.23089999985,13.36505988100,52.55911077300,"0"
"51605","11","0","01","001","2019","08","15","4","3","6","6","0","0","0","1","0","0","1",799557.90800000005,5828277.88599999994,13.41619903700,52.52208292000,"0"
"51607","11","0","10","010","2019","07","20","3","3","5","3","0","0","1","0","0","0","0",807685.58351999999,5829675.05772999953,13.53691035300,52.53007916900,"0"
"51608","11","0","03","003","2019","03","18","1","3","3","6","1","0","1","0","1","0","0",799235.11704399996,5831712.90856000036,13.41454886500,52.55304983400,"0"
"51609","11","0","12","012","2019","09","14","2","3","5","2","0","1","0","0","0","1","0",794572.22338400001,5833816.93535999954,13.34784323000,52.57445266900,"0"
"51610","11","0","09","009","2019","06","07","4","3","5","2","0","0","1","0","1","0","0",805161.24174500001,5822577.89508000016,13.49331072000,52.46788983600,"0"
"51611","11","0","11","011","2019","08","12","4","3","6","4","0","1","0","1","0","0","0",803720.48671700002,5827586.49170999974,13.47673203700,52.51358361700,"0"
"51612","11","0","09","009","2019","12","10","7","3","3","6","0","0","1","0","0","0","0",802841.41415099998,5825466.05467000045,13.46188895700,52.49506712600,"1"
"51613","11","0","10","010","2019","05","22","4","2","0","1","2","1","0","0","0","0","0",808205.88800000004,5827481.04399999976,13.54252347600,52.51012276300,"0"
"51614","11","0","12","012","2019","07","12","3","3","6","4","0","1","0","1","0","0","0",795759.62260500004,5832647.76948999893,13.36427136900,52.56332831100,"0"
"51615","11","0","04","004","2019","03","11","7","3","2","6","0","0","1","0","0","0","0",791946.70592099999,5826608.94830999896,13.30287563100,52.51124981700,"0"
"51616","11","0","03","003","2019","11","22","6","2","6","7","2","0","1","1","0","0","0",799232.48178000003,5830360.91174999904,13.41329199600,52.54093275000,"1"
"51617","11","0","07","007","2019","11","16","3","3","3","6","2","0","1","0","1","0","0",796002.37443199998,5824606.70954000019,13.36068377900,52.49111585300,"0"
"51618","11","0","01","001","2019","07","18","3","3","5","2","0","1","1","0","0","0","0",796448.88300000003,5827390.06599999964,13.36971904100,52.51582368600,"0"
"51619","11","0","04","004","2019","03","14","7","2","2","6","0","0","1","0","0","0","0",790528.03899999999,5828623.16999999993,13.28378948100,52.53006484000,"0"
"51620","11","0","04","004","2019","10","20","5","3","2","6","2","0","1","0","0","0","0",790649.62292700005,5828805.55205000099,13.28573623100,52.53163507700,"0"
"51621","11","0","10","010","2019","08","10","4","3","2","6","0","0","0","0","0","1","1",813517.16849299998,5827163.63088999968,13.62023120100,52.50425215400,"0"
"51623","11","0","02","002","2019","05","18","4","3","5","2","0","1","1","0","0","0","0",801681.43003100005,5828880.88714999892,13.44794967300,52.52631696600,"0"
"51624","11","0","06","006","2019","09","16","4","3","0","7","0","0","1","0","0","0","0",785296.75295100000,5818126.59960000031,13.19789810300,52.43871560300,"1"
"51625","11","0","02","002","2019","07","01","3","3","6","4","2","0","1","1","0","0","0",801832.67174000002,5826406.21016999893,13.44792749100,52.50405259300,"0"
"51626","11","0","10","010","2019","03","16","7","3","2","4","0","0","1","1","0","1","0",807741.99545799999,5830568.98981000111,13.53856697800,52.53805868300,"0"
"51627","11","0","02","002","2019","06","11","6","3","6","4","0","1","0","1","0","0","0",802965.24297599995,5827663.58186000027,13.46570698400,52.51469457700,"0"
"51628","11","0","01","001","2019","08","10","4","2","6","4","0","1","0","1","0","0","0",796753.71139199997,5826688.72900999896,13.37357266200,52.50937115200,"0"