OBJECTID,ULAND,UREGBEZ,UKREIS,UGEMEINDE,UJAHR,UMONAT,USTUNDE,UWOCHENTAG,UKATEGORIE,UART,UTYP1,ULICHTVERH,IstRad,IstPKW,IstFuss,IstKrad,IstGkfz,IstSonstig,LINREFX,LINREFY,XGCSWGS84,YGCSWGS84,STRZUSTAND
"51629","11","0","07","007","2019","12","22","6","3","0","1","2","0","0","0","1","0","0",798587.06503900001,5817928.99141000025,13.39266705100,52.42985060200,"0"
"51630","11","0","01","001","2019","05","11","3","3","0","7","0","1","0","0","0","0","0",796341.95135400002,5827359.31135000102,13.36812043200,52.51560611300,"0"
"51631","11","0","03","003","2019","07","17","2","3","2","6","0","0","1","0","0","0","1",800068.21098800004,5833964.47771000024,13.42883563800,52.57277286900,"0"
"51632","11","0","06","006","2019","03","21","7","3","5","3","2","0","1","0","0","0","1",783872.07084700000,5815945.42733000033,13.17514412600,52.41989970700,"0"
"51633","11","0","02","002","2019","11","03","7","3","5","3","2","0","1","0","0","0","1",803314.38081600005,5827611.86390000023,13.47078912000,52.51403699900,"1"
"51634","11","0","02","002","2019","07","17","2","3","2","6","0","0","1","0","0","0","0",797289.48013200006,5825592.96726000030,13.38046540100,52.49925715100,"0"
"51635","11","0","04","004","2019","03","13","6","3","3","6","0","0","1","0","0","0","1",790664.15560800000,5824993.77618000004,13.28262011200,52.49745465900,"0"
"51636","11","0","02","002","2019","10","18","6","3","5","2","2","0","1","0","0","0","0",802146.93785999995,5827744.21982000023,13.45375804200,52.51587125800,"1"
"51637","11","0","01","001","2019","08","10","4","3","3","6","0","1","1","0","0","0","0",797799.05445299996,5827595.38633999974,13.38974129900,52.51692859000,"0"
"51639","11","0","03","003","2019","05","19","3","3","3","6","1","1","0","0","0","0","0",800985.05142599996,5830503.53825999983,13.43918526300,52.54124592900,"0"
"51640","11","0","12","012","2019","07","12","2","3","5","3","0","1","1","0","0","0","0",793552.56890800002,5835835.29227000102,13.33462806600,52.59309683900,"0"
"51641","11","0","02","002","2019","03","07","6","2","3","5","0","1","0","0","0","1","0",799825.80799999996,5828730.51200000010,13.42054381600,52.52599274400,"0"
"51642","11","0","05","005","2019","11","17","2","2","6","4","2","0","1","1","0","0","0",783517.18700000003,5826715.15000000037,13.17909153500,52.51664897200,"1"
"51643","11","0","10","010","2019","06","21","3","2","2","6","2","0","1","0","0","0","0",808323.55269200006,5832068.28244999982,13.54850603000,52.55116633600,"0"
"51644","11","0","11","011","2019","08","20","3","3","5","2","1","1","1","0","0","0","0",804246.88609100005,5827532.07923999988,13.48441543000,52.51280257900,"0"
"51645","11","0","02","002","2019","12","18","6","3","3","6","2","0","1","0","1","0","0",797270.41395500000,5825597.44474999979,13.38018935600,52.49930767300,"1"
"51646","11","0","03","003","2019","07","10","2","3","1","5","0","1","1","0","0","0","0",798256.15627699997,5834745.75942000002,13.40287970700,52.58077189900,"0"
"51647","11","0","07","007","2019","09","12","4","3","0","1","0","0","0","0","1","0","0",797480.51183199999,5817992.54865999985,13.37649617500,52.43102315100,"1"
"51648","11","0","07","007","2019","03","04","6","3","1","5","2","0","1","0","0","0","0",798761.93089299998,5817448.10127000045,13.39480181000,52.42544451300,"0"
"51649","11","0","11","011","2019","10","15","2","3","2","6","0","0","1","0","0","0","0",804463.89033600001,5827510.01231000107,13.48758309800,52.51248372200,"0"
"51650","11","0","04","004","2019","08","17","3","3","2","6","0","0","1","0","0","0","0",790928.51898900000,5824683.90017000027,13.28623274200,52.49453574700,"0"
"51651","11","0","07","007","2019","07","11","2","3","5","3","0","0","1","0","0","0","0",797550.33884600003,5818305.24617999978,13.37779847800,52.43378821000,"0"
"51652","11","0","03","003","2019","03","12","6","3","6","4","0","0","1","1","0","0","0",800302.47082499997,5829454.41198000032,13.42820266000,52.53221893100,"0"
"51653","11","0","07","007","2019","10","21","7","2","3","6","2","1","1","0","0","0","0",796006.26734200004,5825100.50078000035,13.36117966600,52.49554016100,"1"
"51654","11","0","09","009","2019","06","12","7","3","2","2","0","0","1","0","0","0","1",806743.13605199999,5821017.24787000101,13.51509074600,52.45301700100,"0"
"51655","11","0","04","004","2019","08","14","3","3","2","6","0","0","1","0","0","0","0",791525.33420299995,5830618.58447000105,13.30020024500,52.54742091300,"0"
"51657","11","0","07","007","2019","05","18","3","3","5","2","0","1","1","0","0","0","0",797560.19681400002,5818348.52134000044,13.37798157200,52.43417076800,"0"
"51658","11","0","06","006","2019","03","20","5","3","2","6","2","0","1","0","0","0","0",785183.40673399996,5816009.33573000040,13.19442953700,52.41979093500,"0"
"51659","11","0","12","012","2019","11","14","3","3","2","6","0","0","1","0","0","0","0",795354.32475799997,5833735.88843000028,13.35927846200,52.57330229000,"0"
"51660","11","0","03","003","2019","05","17","3","3","0","6","0","0","1","0","0","0","1",799147.39015700005,5830774.01819999982,13.41241305200,52.54468233300,"0"
"51661","11","0","04","004","2019","12","12","1","3","2","6","0","0","1","0","0","0","0",790676.16086299997,5827056.13382999972,13.28459726400,52.51593739300,"0"
"51662","11","0","07","007","2019","07","11","2","3","5","3","0","1","0","0","0","0","0",800144.91899699997,5813083.22283000033,13.41116832000,52.38556237900,"0"
"51663","11","0","12","012","2019","03","15","5","2","2","6","0","0","1","0","0","0","0",790688.14144000004,5834901.36930999905,13.29164180600,52.58626294700,"0"
"51664","11","0","02","002","2019","10","18","3","3","5","3","1","1","1","0","0","0","0",797033.44524499995,5825871.96286000032,13.37695361700,52.50189747200,"0"
"51665","11","0","04","004","2019","08","09","3","3","5","5","0","0","1","0","0","0","0",793530.18037299998,5826879.71583999973,13.32638049600,52.51282733900,"0"
"51667","11","0","12","012","2019","09","11","4","3","2","6","0","0","1","0","0","0","1",793461.53888999997,5835935.33581000101,13.33337673300,52.59404278700,"1"
"51668","11","0","01","001","2019","07","09","2","2","5","3","0","1","1","0","0","0","0",795877.56283499999,5832065.92946000025,13.36548744900,52.55804862400,"0"
"51669","11","0","02","002","2019","03","13","5","3","2","6","0","0","1","0","0","0","0",803575.86733299994,5827599.49256000016,13.47461932400,52.51378064800,"0"
"51670","11","0","01","001","2019","09","15","7","3","2","6","0","0","1","0","1","0","0",799780.20540199999,5828593.32031999994,13.41974996400,52.52478811700,"1"
"51671","11","0","02","002","2019","06","16","3","2","0","6","0","0","1","0","1","0","0",803158.33831999998,5827627.27127000038,13.46851072600,52.51426184200,"0"
"51672","11","0","07","007","2019","08","18","3","3","2","6","0","0","1","0","0","0","0",795695.81969999999,5823157.98003999982,13.35489666900,52.47829525500,"0"
"51673","11","0","02","002","2019","12","07","4","3","5","2","2","1","1","0","0","0","0",802589.47254700004,5827701.80217999965,13.46022113200,52.51524573800,"0"
"51674","11","0","04","004","2019","05","13","3","3","3","6","0","0","1","0","0","1","0",790462.78995100001,5828451.01403000019,13.28267990300,52.52855623100,"0"
"51675","11","0","02","002","2019","07","15","2","3","0","5","0","1","0","0","0","0","1",802831.30644800002,5825819.70153000019,13.46206202700,52.49824244400,"0"
"51676","11","0","07","007","2019","03","08","5","2","5","2","0","0","1","0","1","0","0",795340.44815800001,5823460.91277999990,13.34994761200,52.48120313300,"0"
"51677","11","0","12","012","2019","11","06","4","2","6","2","2","0","1","1","0","0","0",792726.69642399997,5837425.98620999977,13.32387743700,52.60780164800,"0"
"51678","11","0","06","006","2019","11","13","1","3","5","3","0","0","1","0","0","0","0",790163.36782299995,5818265.48666999955,13.26941270800,52.43740044200,"0"
"51679","11","0","01","001","2019","07","14","2","3","0","1","0","1","0","0","0","0","0",799164.80626200000,5828336.73271000106,13.41047538000,52.52282620800,"0"
"51680","11","0","03","003","2019","03","08","4","3","2","6","0","1","1","0","0","0","0",798981.56456299999,5832525.15029999986,13.41155193600,52.56046956100,"0"
"51681","11","0","03","003","2019","10","19","4","3","0","7","2","0","1","0","0","0","0",800615.29179299995,5838918.41428000014,13.44138051500,52.61687339200,"1"
"51682","11","0","04","004","2019","08","18","3","3","3","6","0","0","1","0","0","0","0",788403.40148300002,5822716.16377000045,13.24743916500,52.47823419800,"0"
"51684","11","0","01","001","2019","05","09","3","3","3","6","0","1","0","0","0","0","0",796395.10685400001,5827381.12256000005,13.36892090600,52.51577274400,"0"
"51685","11","0","04","004","2019","09","11","4","3","2","6","0","0","1","0","0","0","0",790750.19519999996,5826318.49100999907,13.28504074100,52.50928495000,"1"
"51686","11","0","03","003","2019","06","18","1","3","5","2","0","1","1","0","0","0","0",799969.43865400006,5830202.22247000039,13.42398271500,52.53910518000,"0"
"51687","11","0","03","003","2019","03","12","4","2","4","6","0","0","1","0","0","0","0",803617.91718100000,5833949.87165000103,13.48104071100,52.57067351700,"0"
"51688","11","0","02","002","2019","06","18","5","3","3","6","0","0","0","0","1","0","1",797888.97324800002,5825475.09657999966,13.38916518700,52.49787367300,"0"
"51689","11","0","12","012","2019","08","09","3","2","5","3","0","0","1","0","1","0","0",792366.81114500004,5837742.37884000037,13.31885754800,52.61083162500,"0"
"51690","11","0","03","003","2019","12","16","3","3","1","5","2","1","0","0","0","0","1",799408.58438500005,5830311.76197999995,13.41583660700,52.54039546700,"1"
"51691","11","0","03","003","2019","05","07","3","3","5","2","0","1","1","0","0","0","0",798986.05166899995,5832517.14929999970,13.41161072300,52.56039538100,"0"
"51692","11","0","10","010","2019","06","12","1","3","2","6","0","0","1","0","0","0","0",810870.40323699999,5827099.28624000028,13.58130239300,52.50518987800,"0"
"51693","11","0","07","007","2019","09","15","4","3","3","6","0","0","0","0","0","1","1",797907.70802699996,5818832.24641000107,13.38350932700,52.43831771400,"1"
"51694","11","0","04","004","2019","09","07","3","3","2","6","0","0","1","0","0","0","0",793428.48999899998,5822988.12701999955,13.32145839700,52.47799553000,"0"
"51695","11","0","03","003","2019","06","11","1","3","2","6","0","0","1","0","0","0","0",800882.39273199998,5838672.21571000107,13.44508988800,52.61451890700,"0"
"51696","11","0","02","002","2019","03","08","3","3","5","2","0","1","1","0","0","0","0",801643.54131400003,5828891.93706999905,13.44740290000,52.52643697100,"0"
"51697","11","0","04","004","2019","09","15","1","3","9","1","0","0","1","0","0","0","0",790014.04856300005,5825102.08203999978,13.27316477400,52.49877150600,"1"
"51698","11","0","01","001","2019","06","12","4","3","3","6","0","1","0","0","0","0","1",797333.05369299999,5827548.51130999904,13.38285212600,52.51676266700,"0"
"51699","11","0","04","004","2019","08","09","3","3","5","2","0","0","1","0","0","0","0",790527.72241699998,5826395.57622000016,13.28183920300,52.51009455400,"0"
"51700","11","0","07","007","2019","12","17","6","3","2","6","2","0","1","0","0","0","0",797953.42846500000,5820021.88525000028,13.38524073200,52.44895666100,"0"
"51701","11","0","01","001","2019","05","14","3","3","5","3","0","0","1","0","0","0","1",798774.43485900003,5827160.77214999963,13.40368269700,52.51249941700,"0"
"51702","11","0","07","007","2019","06","01","7","3","8","1","2","0","1","0","0","0","0",795712.02500000002,5823161.08700000029,13.35513734100,52.47831433200,"0"
"51703","11","0","02","002","2019","03","08","3","2","1","5","0","0","1","0","1","0","0",797784.32828899997,5825472.63095000107,13.38762603300,52.49790868000,"0"
"51704","11","0","04","004","2019","11","23","5","3","3","6","2","0","1","0","0","0","0",790535.17987999995,5825734.39981000032,13.28137171900,52.50416309000,"0"
"51705","11","0","06","006","2019","08","16","2","3","2","6","0","0","1","0","0","0","0",787009.48242000001,5820634.87086000014,13.22518061700,52.46030816500,"0"
"51706","11","0","01","001","2019","11","11","3","3","2","2","0","0","1","0","0","1","0",796200.27008299995,5830207.88848999981,13.36857638300,52.54121778200,"0"
"51707","11","0","07","007","2019","06","23","6","3","3","6","2","0","1","0","1","0","0",798862.16284200002,5817210.35439999960,13.39605911300,52.42325865300,"0"
"51708","11","0","02","002","2019","03","15","3","3","6","6","0","1","0","1","0","0","0",803058.04824200005,5827654.15524999890,13.46706183200,52.51455853100,"0"
"51709","11","0","12","012","2019","10","11","5","3","2","6","0","0","1","0","0","0","0",792815.90134500002,5837285.75040000025,13.32506692200,52.60649647300,"0"
"51710","11","0","02","002","2019","08","17","2","3","4","6","0","1","0","0","0","0","0",801840.64260100003,5826428.53498000000,13.44806480600,52.50424828300,"0"
"51712","11","0","10","010","2019","05","13","2","3","3","6","0","0","1","0","1","0","0",808732.88837700000,5827423.00191999972,13.55021029900,52.50930461600,"0"
"51713","11","0","07","007","2019","09","14","3","3","0","7","0","0","0","1","0","0","1",797847.05897999997,5818950.95885000098,13.38272554100,52.43941488200,"0"
"51714","11","0","01","001","2019","06","10","6","3","5","2","0","1","1","0","0","0","0",799130.00052400003,5827673.98947999999,13.40936794300,52.51690478800,"0"
"51715","11","0","01","001","2019","03","09","2","2","6","4","0","0","0","1","0","0","1",797916.55812800000,5826875.48550000042,13.39082334800,52.51041139900,"0"
"51716","11","0","01","001","2019","06","16","5","3","1","5","0","1","1","0","0","0","0",796685.23593199998,5827430.17418999970,13.37322767400,52.51605469500,"0"
"51717","11","0","09","009","2019","08","17","2","3","3","6","0","0","1","0","1","0","0",805353.03421900002,5819077.25913000107,13.49292480000,52.43640790200,"0"
"51718","11","0","03","003","2019","12","16","6","3","6","2","1","0","1","1","0","0","0",799992.49042900000,5830221.62120999955,13.42433909800,52.53926636800,"0"
"51719","11","0","10","010","2019","05","13","2","3","0","1","0","1","0","0","0","0","0",807885.26899500005,5831010.47614999954,13.54108184500,52.54193431200,"0"
"51720","11","0","05","005","2019","06","16","6","2","4","6","0","1","0","0","0","0","0",785757.01763500005,5826116.07766999956,13.21149601400,52.51010874500,"0"
"51721","11","0","07","007","2019","09","12","3","3","5","2","0","0","1","0","1","0","0",797116.21494099998,5816949.50033000018,13.37022708400,52.42187110000,"0"
"51722","11","0","02","002","2019","11","17","6","3","0","1","2","0","0","0","1","0","0",803085.26199999999,5827634.51099999994,13.46744374400,52.51436734200,"1"
"51723","11","0","04","004","2019","06","16","6","3","2","6","0","0","1","0","0","0","0",791368.92454499996,5830210.33662000019,13.29754201000,52.54384472300,"0"
"51724","11","0","02","002","2019","09","20","5","3","1","5","2","1","1","0","0","0","0",797500.37500799994,5825541.44385000039,13.38351697000,52.49868037300,"1"
"51725","11","0","07","007","2019","03","15","2","3","2","6","0","0","1","0","0","0","0",795242.36045100004,5823551.71396000031,13.34858785000,52.48207014500,"1"
"51726","11","0","11","011","2019","10","20","5","2","0","7","2","1","0","0","0","0","0",803674.88776800002,5835180.17961999960,13.48300557500,52.58166843900,"1"
"51727","11","0","12","012","2019","08","15","2","3","2","6","0","0","1","0","0","0","0",793322.43095900002,5836598.82871000096,13.33191672200,52.60006560800,"0"
"51729","11","0","01","001","2019","05","06","2","3","2","6","0","0","1","0","0","0","0",799764.48109500005,5828631.76728999894,13.41955354200,52.52514137800,"0"
"51730","11","0","07","007","2019","06","07","6","2","3","7","0","0","1","0","0","0","0",799348.13214200002,5821553.09561000019,13.40707473900,52.46192004700,"0"
"51731","11","0","08","008","2019","03","07","2","3","2","6","0","0","1","0","0","0","0",801823.20245800004,5821815.81185999978,13.44363235500,52.46291343300,"0"
"51732","11","0","12","012","2019","11","18","2","3","6","2","2","0","1","1","0","0","0",795337.57637599995,5833744.48103999998,13.35903969600,52.57338840300,"1"
"51733","11","0","04","004","2019","06","14","1","2","4","7","0","0","1","0","0","0","0",787380.77396899997,5825874.56532999966,13.23514762800,52.50709041400,"0"
"51734","11","0","07","007","2019","08","15","2","3","8","1","0","0","1","0","0","0","0",796247.32510000002,5822702.13614999969,13.36258855800,52.47391011700,"0"
"51735","11","0","03","003","2019","12","09","5","3","2","6","0","0","1","0","0","0","0",798558.44117400004,5833142.40687999967,13.40588413600,52.56623450400,"0"
"51736","11","0","04","004","2019","06","07","6","3","3","6","0","0","1","0","0","0","1",793006.65122600005,5829567.10673000105,13.32105589500,52.53720018200,"0"
"51737","11","0","07","007","2019","09","08","2","3","2","6","0","0","1","0","1","0","0",799134.72520200000,5821626.52735000104,13.40400880500,52.46269512700,"0"
"51738","11","0","03","003","2019","03","06","2","2","5","3","1","1","1","0","0","0","0",800091.15763000003,5834035.62361999974,13.42923760100,52.57339791400,"0"
"51739","11","0","02","002","2019","10","01","1","3","8","1","2","0","1","0","0","0","0",802258.19514099997,5827720.61041999981,13.45537118200,52.51559800100,"0"
"51740","11","0","04","004","2019","08","15","2","3","5","3","0","1","0","0","0","0","0",789152.95822300005,5826158.18267000094,13.26143253700,52.50869672300,"0"
"51741","11","0","02","002","2019","06","16","5","1","6","4","0","0","1","1","0","0","0",801117.58619599999,5827836.88203999959,13.43871843700,52.51727108200,"0"
"51742","11","0","04","004","2019","03","10","2","3","5","2","0","0","1","0","0","0","0",790530.96938999998,5826396.12112000026,13.28188738800,52.51009770900,"0"
"51743","11","0","04","004","2019","10","15","6","3","2","6","0","0","1","0","0","0","0",790563.93195700005,5825164.60312999971,13.28129693600,52.49903950800,"1"
"51744","11","0","07","007","2019","06","14","6","2","2","6","0","0","1","0","0","0","0",800160.72623000003,5821487.49070999958,13.41894036100,52.46088626300,"0"
"51745","11","0","03","003","2019","08","14","2","3","3","6","0","0","1","0","0","0","0",800244.54342000000,5830074.53333999962,13.42791145300,52.53780916600,"0"
"51747","11","0","01","001","2019","05","20","1","3","5","3","1","1","1","0","0","0","0",800021.67783900001,5828096.11177000031,13.42285003600,52.52019863800,"0"
"51748","11","0","01","001","2019","03","12","7","3","2","7","0","1","1","0","0","0","1",798920.96090199996,5828128.17064000014,13.40670458000,52.52109048400,"0"
"51749","11","0","02","002","2019","11","17","2","2","6","4","2","0","1","1","0","0","0",802289.31824399997,5827717.17621000018,13.45582531800,52.51554997200,"0"
"51750","11","0","07","007","2019","05","14","1","3","3","6","0","0","1","0","1","0","0",797810.71309800004,5823117.12540999893,13.38590876400,52.47677988900,"0"
"51751","11","0","01","001","2019","11","11","7","3","6","4","0","0","1","1","0","0","0",796778.23687100003,5826693.33294999972,13.37393708100,52.50939907900,"0"
"51752","11","0","04","004","2019","06","18","5","3","6","7","0","0","1","1","0","0","0",792253.66454799997,5826682.15627999976,13.30745016400,52.51174173400,"0"
"51753","11","0","05","005","2019","03","14","7","3","3","6","0","0","1","0","0","0","0",783997.34343999997,5826585.76197000034,13.18603816700,52.51523902200,"1"
"51754","11","0","10","010","2019","10","07","2","3","5","7","0","1","1","0","0","0","0",808755.61462600005,5827439.68986999895,13.55055957700,52.50944130900,"0"
"51755","11","0","07","007","2019","08","19","2","3","1","5","0","1","1","0","0","0","0",795580.54881900002,5823905.61435000040,13.35386716900,52.48505964100,"0"
"51757","11","0","01","001","2019","06","10","5","2","5","2","0","1","1","0","0","0","0",796343.92299999995,5830077.93699999992,13.37057247100,52.53997479500,"0"
"51758","11","0","11","011","2019","03","15","7","2","5","3","0","1","1","0","0","0","0",803768.09406699997,5827581.82277000044,13.47742716300,52.51351526000,"1"
"51759","11","0","04","004","2019","06","18","2","3","0","7","0","0","0","0","1","0","0",792740.27841999999,5826763.64254999906,13.31467183800,52.51221129400,"1"
"51760","11","0","03","003","2019","08","13","2","3","5","3","0","1","1","0","0","0","0",800899.65282500000,5830368.74748000037,13.43780776500,52.54008494200,"0"
"51761","11","0","07","007","2019","12","05","3","3","3","6","2","0","1","0","0","1","0",797061.56366900005,5822358.77993999980,13.37423550400,52.47039005000,"1"
"51762","11","0","10","010","2019","05","14","1","2","2","2","0","0","1","0","1","0","0",807973.05010800005,5827458.14960000012,13.53908229300,52.51004907800,"0"
"51763","11","0","02","002","2019","06","22","5","2","0","7","2","1","0","0","0","0","0",797424.25168300001,5825533.61758000031,13.38239190700,52.49865171200,"0"
"51764","11","0","04","004","2019","03","17","7","3","2","6","1","0","1","0","0","0","0",790454.61193100002,5827635.37497999985,13.28184727200,52.52124835600,"1"
"51765","11","0","10","010","2019","11","20","3","2","6","7","2","0","0","1","0","0","1",809438.10753899999,5834508.78461000044,13.56716739300,52.57240501900,"0"
"51766","11","0","03","003","2019","11","20","7","3","2","7","2","0","1","0","1","0","0",800266.59065100003,5831419.83715999965,13.42945158500,52.54985532200,"0"
"51767","11","0","02","002","2019","06","07","5","3","3","6","0","1","0","0","0","0","0",803398.99055999995,5827603.21937000100,13.47202424100,52.51391246300,"0"
"51768","11","0","03","003","2019","03","08","6","3","3","6","0","1","1","0","0","0","0",801555.47894299997,5831202.20682999957,13.44820514600,52.54719273700,"1"
"51769","11","0","08","008","2019","10","14","3","2","3","6","0","0","1","0","0","1","0",802041.14899300004,5821834.95304000005,13.44684793200,52.46296457500,"0"
"51770","11","0","03","003","2019","08","07","2","3","6","4","0","1","0","1","0","0","0",799215.04713199998,5831327.48556999955,13.41390640800,52.54960615000,"1"
"51772","11","0","01","001","2019","05","22","7","3","5","3","2","1","1","0","0","0","0",800001.16927700001,5828076.52849000040,13.42253102100,52.52003438900,"0"
"51773","11","0","06","006","2019","06","15","5","2","1","7","0","0","1","0","0","0","0",784436.31421500002,5815847.25136999972,13.18333547800,52.41872645000,"0"
"51774","11","0","12","012","2019","03","11","6","3","6","7","0","0","1","1","0","0","0",795697.95339299995,5832843.84267000109,13.36353899000,52.56511941000,"0"
"51775","11","0","02","002","2019","11","18","5","3","3","6","2","1","0","0","0","0","1",802148.55847299995,5827565.45440000016,13.45361952600,52.51426808600,"1"
"51776","11","0","07","007","2019","06","14","5","3","2","6","0","0","1","0","1","0","0",799116.25720600004,5821698.34712999966,13.40380214600,52.46334900600,"0"
"51777","11","0","09","009","2019","08","22","1","3","2","6","2","0","1","0","0","0","0",802593.79580900003,5825111.50458000042,13.45793068400,52.49202663300,"1"
"51778","11","0","01","001","2019","12","18","3","3","2","6","2","0","1","0","0","0","0",796187.74399999995,5830191.84499999974,13.36837791900,52.54108077700,"0"
"51779","11","0","03","003","2019","06","08","5","3","2","6","0","0","1","0","1","0","0",799029.40430599998,5832440.16337000020,13.41217897100,52.55968151800,"0"
"51780","11","0","04","004","2019","10","19","5","3","7","7","2","0","1","0","0","0","1",788373.02054099995,5826034.53271999955,13.24986537500,52.50800100200,"0"
"51781","11","0","01","001","2019","06","23","4","3","5","3","2","0","1","0","0","0","0",796200.94498100004,5830200.85800000001,13.36858003700,52.54115439400,"0"
"51782","11","0","09","009","2019","09","16","5","3","0","7","0","1","0","0","0","0","0",805667.46431600000,5822054.26131999958,13.50025997700,52.46291379200,"0"
"51783","11","0","03","003","2019","03","14","6","3","4","5","0","0","1","0","0","0","1",802878.77407100005,5833097.35790000018,13.46938960800,52.56344444800,"1"
"51784","11","0","01","001","2019","10","14","4","3","5","2","0","1","0","0","0","0","1",796952.40587799996,5826724.47161000036,13.37652364100,52.50958342500,"0"
"51785","11","0","01","001","2019","08","21","1","3","5","3","2","0","1","0","0","0","1",798809.03558999998,5827996.49306000024,13.40494158600,52.51997152500,"0"
"51787","11","0","02","002","2019","05","13","7","3","5","2","0","1","1","0","0","0","0",797898.93330599996,5825429.76456999965,13.38927093000,52.49746188900,"0"
"51788","11","0","12","012","2019","06","16","4","3","0","5","0","1","0","0","0","0","1",795682.44217099994,5832918.22393999994,13.36337711000,52.56579458900,"0"
"51789","11","0","04","004","2019","03","12","6","3","2","6","0","0","1","0","0","0","1",790610.23461900000,5827223.14587999973,13.28377434000,52.51746979400,"0"
"51790","11","0","01","001","2019","11","14","7","3","5","2","0","0","1","0","0","0","0",796453.88100000005,5827390.80700000003,13.36979314000,52.51582761200,"1"
"51791","11","0","03","003","2019","06","00","7","3","2","7","2","1","1","0","0","0","0",800293.04706100002,5829439.33696999960,13.42805053200,52.53208900100,"0"
"51792","11","0","04","004","2019","12","07","4","3","5","3","0","0","1","0","0","0","0",788356.40621799999,5826031.85537999962,13.24961893600,52.50798578100,"1"
"51793","11","0","03","003","2019","06","15","4","3","2","6","0","0","1","0","0","0","0",797969.99457099999,5834305.93221999984,13.39827356200,52.57698625800,"0"
"51794","11","0","03","003","2019","03","11","6","3","5","2","0","1","1","0","0","0","0",800370.86001800001,5829563.81890999898,13.42930670400,52.53316189300,"0"
"51795","11","0","04","004","2019","10","14","6","3","5","3","0","1","1","0","0","0","0",791568.87787800003,5826566.60742999893,13.29728692300,52.51107232600,"0"
"51796","11","0","03","003","2019","08","08","1","2","0","1","0","1","0","0","0","0","0",798627.24031300005,5833015.07160000037,13.40678153300,52.56505540200,"1"
"51797","11","0","01","001","2019","06","14","4","3","6","7","0","0","1","1","0","0","0",799196.96796399995,5828373.54050999973,13.41098111300,52.52313848800,"0"
"51798","11","0","02","002","2019","03","18","5","3","0","6","2","0","1","0","1","0","0",802114.31660799996,5827861.15615999978,13.45338495000,52.51693742900,"1"
"51799","11","0","06","006","2019","10","17","5","3","2","6","2","0","1","0","0","0","0",793496.65167199995,5820406.00537999999,13.32018803000,52.45481105500,"0"
"51800","11","0","12","012","2019","06","14","4","3","2","6","0","0","1","0","1","0","0",793477.79672800004,5835916.49069999997,13.33359935700,52.59386508000,"0"
"51801","11","0","01","001","2019","09","15","5","3","5","3","0","1","1","0","0","0","0",795861.87594499998,5832068.32835999969,13.36525886700,52.55807865000,"0"
"51802","11","0","07","007","2019","03","20","5","3","3","2","2","0","1","0","0","0","0",795708.91888500005,5823145.27204999980,13.35507771400,52.47817424500,"1"
"51803","11","0","11","011","2019","10","13","5","3","5","2","0","0","1","0","0","0","0",804172.06501599995,5827539.74261999968,13.48332328600,52.51291299100,"0"
"51804","11","0","10","010","2019","08","08","1","2","0","7","0","0","1","0","0","0","0",807685.76741400000,5830275.57610000018,13.53746890400,52.53546087700,"1"
"51806","11","0","07","007","2019","05","17","7","3","6","7","0","0","1","1","0","0","0",797776.94406799995,5823516.87880000006,13.38577000400,52.48038164200,"1"
"51807","11","0","10","010","2019","06","13","4","3","5","3","0","0","1","0","0","0","0",807965.93400000001,5831210.96600000001,13.54245338600,52.54368549200,"0"
"51808","11","0","03","003","2019","03","20","5","3","5","2","2","1","1","0","0","0","0",799995.34042499994,5830193.59580000024,13.42435569100,52.53901359800,"1"
"51809","11","0","09","009","2019","11","03","1","2","5","3","2","1","1","0","0","0","0",802586.73311399994,5825078.40331999958,13.45779691600,52.49173386200,"0"
"51810","11","0","12","012","2019","06","22","7","3","2","6","2","0","1","0","0","0","1",794967.99074599997,5833754.41213000100,13.35361075700,52.57367785100,"0"
"51811","11","0","11","011","2019","08","06","7","3","2","6","0","0","1","0","0","0","1",807011.58509800001,5827382.53321000095,13.52489001900,52.50991332700,"0"
"51812","11","0","03","003","2019","12","15","5","3","5","2","0","0","1","0","0","0","1",800041.50800000003,5828989.96300000045,13.42394785200,52.52819963000,"0"
"51813","11","0","04","004","2019","06","13","4","3","5","3","0","0","1","0","0","1","0",790669.21664799994,5828852.89279999956,13.28606566600,52.53204903800,"0"
"51814","11","0","07","007","2019","03","15","5","3","2","6","0","0","1","0","0","0","0",795184.81990600005,5822467.79468999896,13.34678354100,52.47238463500,"1"
"51815","11","0","02","002","2019","10","19","7","3","2","6","2","0","1","0","1","0","0",803062.30525600002,5827653.72286999971,13.46712397900,52.51455229000,"0"
"51816","11","0","07","007","2019","08","09","7","3","0","5","0","0","1","0","0","0","0",799241.67905899999,5816300.14369000029,13.40080970800,52.41489232200,"0"
"51817","11","0","03","003","2019","06","12","4","3","3","6","0","0","1","0","0","0","0",801086.28535100003,5838395.94483000040,13.44784079700,52.61192979600,"0"
"51818","11","0","03","003","2019","03","04","4","3","5","2","2","0","1","0","0","1","0",799163.10030699999,5830601.11861999985,13.41248831500,52.54312393000,"1"
"51819","11","0","07","007","2019","10","06","4","3","6","7","2","1","0","1","0","0","0",796533.24102199997,5815693.92504999973,13.36056673300,52.41093199900,"1"
"51820","11","0","09","009","2019","06","06","5","3","5","3","0","0","1","0","0","0","0",804104.38320000004,5824364.86153000034,13.47943025600,52.48449525200,"0"
"51821","11","0","01","001","2019","08","18","7","3","5","3","0","0","1","0","0","0","0",795879.19497900002,5832056.52919999976,13.36550307400,52.55796347300,"0"