OBJECTID,ULAND,UREGBEZ,UKREIS,UGEMEINDE,UJAHR,UMONAT,USTUNDE,UWOCHENTAG,UKATEGORIE,UART,UTYP1,ULICHTVERH,IstRad,IstPKW,IstFuss,IstKrad,IstGkfz,IstSonstig,LINREFX,LINREFY,XGCSWGS84,YGCSWGS84,STRZUSTAND
"51822","11","0","03","003","2019","12","06","7","2","5","3","2","1","1","0","0","0","0",800844.64767199999,5830326.90397000033,13.43696128000,52.53974026200,"1"
"51823","11","0","10","010","2019","05","10","7","3","6","2","0","0","1","1","0","0","0",810877.08194399998,5827088.08853999991,13.58139002000,52.50508572500,"0"
"51824","11","0","04","004","2019","03","12","4","2","3","6","0","0","1","0","0","1","0",790718.48372799996,5828897.65347999986,13.28682907300,52.53242404100,"0"
"51825","11","0","01","001","2019","11","14","1","3","6","7","0","0","0","1","0","0","1",796039.07927700004,5827321.09917999990,13.36363613500,52.51542805700,"0"
"51826","11","0","07","007","2019","05","09","6","2","2","6","0","0","1","0","1","0","0",796315.56132400001,5822674.78846000042,13.36356595700,52.47362795600,"0"
"51827","11","0","04","004","2019","11","16","6","3","2","6","2","0","1","0","1","0","0",790191.50749800005,5826320.64945999999,13.27683370100,52.50960179000,"0"
"51828","11","0","09","009","2019","06","10","4","3","2","6","0","0","1","0","0","0","0",802855.26705100003,5821389.31125999987,13.45839024200,52.45851968500,"0"
"51829","11","0","03","003","2019","03","14","4","3","5","3","0","1","1","0","0","0","0",798772.77969999996,5832845.87636999972,13.40876995600,52.56345897800,"0"
"51830","11","0","01","001","2019","10","22","2","3","5","2","2","0","1","0","0","0","1",798797.75839099998,5828013.25468000025,13.40479093200,52.52012794800,"0"
"51831","11","0","07","007","2019","08","08","6","3","6","2","0","0","0","1","0","0","1",795225.43799999997,5823516.56799999997,13.34830825800,52.48176423500,"0"
"51833","11","0","10","010","2019","05","17","6","2","6","4","0","0","1","1","0","0","0",809405.34729299997,5834433.22379000019,13.56661504300,52.57174650300,"0"
"51834","11","0","02","002","2019","06","20","3","3","5","2","0","1","1","0","0","0","0",797850.25469900004,5825505.58808999974,13.38862378400,52.49816812500,"0"
"51835","11","0","02","002","2019","03","18","4","3","3","7","1","1","0","0","0","0","0",801820.57899099996,5826233.40844000038,13.44759323900,52.50251044500,"0"
"51836","11","0","12","012","2019","06","14","2","3","5","2","0","0","0","0","0","0","1",793624.59020099998,5835746.78852999955,13.33560977100,52.59226458700,"0"
"51837","11","0","09","009","2019","08","15","6","3","5","3","0","1","1","0","0","0","0",805566.04830999998,5822152.34992999956,13.49886165700,52.46384963300,"0"
"51838","11","0","02","002","2019","12","07","2","3","5","3","1","0","1","0","0","0","1",801649.81799999997,5828881.30200000014,13.44748549200,52.52633817500,"0"
"51839","11","0","04","004","2019","05","13","6","3","2","6","0","0","1","0","1","0","0",789689.80232599995,5826244.85883000027,13.26939594500,52.50918897500,"0"
"51840","11","0","01","001","2019","06","12","3","3","2","6","0","0","1","0","1","0","0",796190.05708399997,5830189.93833999988,13.36841022700,52.54106242800,"0"
"51841","11","0","01","001","2019","03","19","4","3","2","1","2","0","1","0","0","0","0",796199.58663899999,5830207.27044000011,13.36856578400,52.54121261300,"1"
"51842","11","0","03","003","2019","11","12","3","2","6","3","0","0","1","1","0","0","0",800162.09041499998,5832358.34838000033,13.42876358600,52.55832502200,"0"
"51843","11","0","12","012","2019","11","09","6","3","5","3","0","0","1","0","0","1","0",790296.29400100000,5835658.78699999955,13.28653802500,52.59326235600,"1"
"51844","11","0","09","009","2019","06","10","3","3","6","7","0","0","1","1","0","0","0",806365.11153700005,5821364.63437000103,13.50986386400,52.45634240900,"0"
"51845","11","0","07","007","2019","03","17","3","3","2","6","1","0","1","0","0","0","0",796401.58234399999,5822622.72379000019,13.36478245200,52.47311456900,"0"
"51846","11","0","01","001","2019","10","12","2","3","3","5","0","1","1","0","0","0","0",799327.44726100005,5827976.89364999905,13.41254159300,52.51951153700,"0"
"51847","11","0","12","012","2019","08","15","6","3","5","3","0","1","1","0","0","0","0",794058.98555300001,5835089.78191999998,13.34142079300,52.58614034300,"0"
"51849","11","0","03","003","2019","05","15","5","3","5","2","0","1","0","0","0","1","0",799220.29902200005,5831446.95665000100,13.41409128800,52.55067413600,"0"
"51850","11","0","02","002","2019","06","10","3","3","3","2","0","0","1","0","1","0","0",802364.94799999997,5826026.87799999956,13.45540114900,52.50035794400,"0"
"51851","11","0","02","002","2019","03","10","3","3","5","2","0","1","1","0","0","0","0",802592.05683799996,5827701.52991999965,13.46025885200,52.51524186400,"1"
"51852","11","0","07","007","2019","11","12","4","3","2","6","0","0","1","0","0","1","0",797410.56301699998,5817681.44715999998,13.37519367800,52.42827244600,"1"
"51853","11","0","05","005","2019","06","14","4","3","2","6","0","0","1","0","0","0","1",783585.03888999997,5826696.57894999906,13.18007296100,52.51644718000,"0"
"51854","11","0","04","004","2019","08","08","6","3","2","6","0","0","1","0","0","0","1",787396.02254300006,5825877.04583999980,13.23537382200,52.50710462100,"0"
"51855","11","0","07","007","2019","12","15","2","3","2","6","1","0","1","0","0","0","0",796507.07338299998,5822553.08432000037,13.36626910300,52.47243306000,"1"
"51856","11","0","09","009","2019","06","09","3","2","5","2","0","1","1","0","0","0","0",806441.40611900005,5821308.44453999959,13.51093161600,52.45579604500,"0"
"51857","11","0","11","011","2019","09","08","2","3","5","2","0","1","0","0","0","0","1",803744.82832099998,5827568.05243999977,13.47707280300,52.51340479700,"0"
"51858","11","0","07","007","2019","10","17","4","3","5","2","2","1","1","0","0","0","0",795792.09980299999,5824121.09363000095,13.35716473200,52.48687667600,"0"
"51859","11","0","10","010","2019","08","12","6","3","5","3","0","1","1","0","0","0","0",807870.29423300002,5830969.55434000026,13.54082381100,52.54157603600,"0"
"51860","11","0","07","007","2019","06","09","3","2","5","3","0","1","0","0","1","0","0",795341.70314600004,5823442.26523000095,13.34994951900,52.48103529200,"0"
"51861","11","0","09","009","2019","03","05","3","3","2","6","1","0","1","0","0","0","0",803094.30649700004,5820911.75918000005,13.46146411500,52.45410687800,"0"
"51862","11","0","10","010","2019","10","05","3","3","2","6","2","0","1","0","0","0","0",811009.36611199996,5827105.73318000045,13.58334919500,52.50516846300,"0"
"51863","11","0","04","004","2019","08","09","6","3","5","2","0","1","1","0","0","0","0",793675.08840000001,5826903.62330000009,13.32853079100,52.51296365600,"0"
"51865","11","0","03","003","2019","05","09","5","3","0","7","0","1","0","0","0","0","0",799138.12493100006,5830640.27067000046,13.41215638600,52.54348858000,"0"
"51866","11","0","08","008","2019","06","17","3","3","2","6","0","0","1","0","0","0","0",801845.69485099998,5821805.42869000044,13.44395303000,52.46280794300,"0"
"51867","11","0","03","003","2019","03","08","2","3","5","3","0","1","1","0","0","0","0",800037.62176899996,5833458.72381000035,13.42792809600,52.56825654700,"1"
"51868","11","0","10","010","2019","11","16","6","3","2","6","2","0","1","0","0","0","0",810649.08130600001,5827082.46659000032,13.57803639100,52.50516519900,"0"
"51869","11","0","04","004","2019","05","09","5","3","2","6","0","1","1","0","0","0","0",790849.93195999996,5826429.53543000109,13.28660321700,52.51022729600,"1"
"51870","11","0","03","003","2019","12","20","3","3","0","1","2","0","0","0","1","0","0",802749.74882300000,5831845.32051999960,13.46634992900,52.55229448100,"2"
"51871","11","0","03","003","2019","06","16","3","3","5","2","0","1","1","0","0","0","0",801171.37276800000,5830805.38805000018,13.44219796300,52.54384849100,"0"
"51872","11","0","12","012","2019","03","16","2","2","9","1","0","0","1","0","0","0","1",795212.57779999997,5833740.43568000011,13.35719697700,52.57341995400,"1"
"51873","11","0","07","007","2019","10","08","6","2","5","2","0","0","1","0","1","0","0",798586.45401300001,5817930.46384000033,13.39265940500,52.42986413400,"0"
"51874","11","0","02","002","2019","08","09","6","3","5","3","0","1","0","0","0","0","0",802719.09261399996,5825868.96372000035,13.46045883100,52.49874623200,"0"
"51876","11","0","07","007","2019","06","14","3","3","5","2","0","1","1","0","0","0","0",798728.98583799996,5817525.86550000031,13.39438818400,52.42615956800,"0"
"51877","11","0","01","001","2019","03","18","1","3","2","6","2","0","1","0","0","0","0",796191.43131300004,5825802.62908000033,13.36452356900,52.50173365900,"1"
"51878","11","0","04","004","2019","10","09","3","3","5","2","0","0","1","0","0","0","0",790143.45832300000,5826312.38532999903,13.27612049300,52.50955326000,"1"
"51879","11","0","01","001","2019","06","19","4","3","2","6","0","0","1","0","0","0","0",796424.34435399994,5826341.68305000104,13.36842473300,52.50643928900,"0"
"51880","11","0","04","004","2019","08","08","6","3","2","6","0","0","1","0","0","0","0",788848.59589800006,5826111.05903999973,13.25691952000,52.50843548700,"0"
"51881","11","0","11","011","2019","12","15","2","3","5","3","1","1","1","1","0","0","0",803720.18184800004,5827570.26128000021,13.47671274500,52.51343831800,"0"
"51882","11","0","07","007","2019","05","06","5","3","0","6","1","0","1","0","0","0","0",795309.78373100003,5822792.15476999898,13.34890513300,52.47522476100,"0"
"51883","11","0","10","010","2019","03","09","1","3","2","6","0","0","1","0","0","0","0",808357.15682300006,5832104.23799000029,13.54903346200,52.55146954000,"0"
"51884","11","0","01","001","2019","11","09","7","3","0","7","0","1","0","1","0","0","0",796221.08799999999,5830710.80800000019,13.36933092200,52.54571462400,"1"
"51885","11","0","07","007","2019","11","13","4","3","2","2","0","0","1","0","0","0","0",797761.00261800003,5823839.95303000044,13.38582450500,52.48328633100,"1"
"51886","11","0","09","009","2019","06","08","3","3","5","2","0","1","0","0","0","0","1",806130.04398900003,5821623.89414000046,13.50665287800,52.45879771400,"0"
"51887","11","0","02","002","2019","03","09","1","3","0","1","0","0","0","0","1","0","0",801880.94206599996,5826548.19572000019,13.44876522700,52.50529851600,"0"
"51888","11","0","09","009","2019","10","07","6","3","2","6","1","0","1","0","0","0","0",804106.56099999999,5824366.79000000004,13.47946398700,52.48451132300,"1"
"51889","11","0","12","012","2019","08","07","6","3","6","4","0","1","1","1","0","0","0",795756.51458900003,5832664.62327000033,13.36424067500,52.56348107700,"0"
"51891","11","0","03","003","2019","05","09","4","3","0","3","0","1","1","0","0","0","0",799238.24088599999,5831933.86734999903,13.41479396600,52.55502866200,"0"
"51892","11","0","07","007","2019","09","08","2","3","5","2","0","1","0","0","0","0","1",798857.18171399995,5817279.69462000020,13.39604802300,52.42388292800,"0"
"51893","11","0","03","003","2019","06","14","2","3","6","4","0","0","0","1","1","0","0",798455.45716999995,5833336.11931999959,13.40454354800,52.56802731600,"0"
"51894","11","0","09","009","2019","03","16","7","3","0","2","0","1","1","0","0","0","0",802664.62396999996,5825208.52168000024,13.45905884800,52.49285692800,"1"
"51895","11","0","05","005","2019","06","02","7","3","9","1","2","0","1","0","0","0","0",783596.10730300006,5826693.54765000101,13.18023305500,52.51641424500,"0"
"51896","11","0","03","003","2019","12","09","7","3","6","4","0","0","1","1","0","0","0",801350.14207299997,5831004.52515000105,13.44500680200,52.54553452500,"0"
"51897","11","0","09","009","2019","05","16","4","3","2","6","0","0","1","0","1","0","1",806505.47573499999,5821228.66394999903,13.51179833900,52.45504509800,"0"
"51898","11","0","07","007","2019","11","16","1","3","2","6","0","0","1","0","0","0","1",798052.46134399995,5819460.04495999962,13.38619240800,52.44386639100,"1"
"191144","11","0","12","012","2019","01","11","4","3","6","7","0","1","0","1","0","0","0",791681.75919799996,5838148.27900000010,13.30912696600,52.61483841700,"1"
"191145","11","0","11","011","2019","01","17","4","3","5","3","2","0","1","0","0","0","0",805414.16719800001,5833318.89013999980,13.50688140000,52.56401365900,"1"
"191146","11","0","06","006","2019","01","17","4","3","5","2","2","1","1","0","0","0","0",795683.62747399998,5816883.62002999894,13.34916326000,52.42205646300,"1"
"191147","11","0","07","007","2019","01","17","4","3","1","5","2","1","0","0","0","0","1",798485.03949300002,5821664.58985999972,13.39450843800,52.46339157900,"1"
"191148","11","0","06","006","2019","01","16","4","3","5","3","2","1","0","0","0","0","1",793391.86653600005,5820412.05272000004,13.31865569500,52.45492152300,"1"
"191149","11","0","10","010","2019","01","16","4","3","5","3","2","0","1","0","0","0","0",808402.19588999997,5833051.47534000035,13.55057562400,52.55993294500,"1"
"191150","11","0","10","010","2019","01","07","4","3","6","7","1","0","1","1","0","0","0",808563.90347500006,5830111.05028999969,13.55022179600,52.53349000800,"1"
"191151","11","0","01","001","2019","01","07","4","3","5","2","2","1","0","0","0","0","1",796666.74446800002,5831961.09171999991,13.37700073600,52.55667952300,"1"
"191152","11","0","04","004","2019","01","07","4","3","5","2","2","1","1","0","0","0","0",793333.61800000002,5823074.25100000016,13.32014125000,52.47881856800,"1"
"191153","11","0","01","001","2019","01","06","4","3","2","6","2","0","1","0","0","0","0",798552.71936700004,5827799.38956999965,13.40099828500,52.51834515100,"1"
"191154","11","0","07","007","2019","01","06","4","3","6","4","2","0","1","1","0","0","0",797670.58554799994,5823851.13155000098,13.38450693900,52.48343583200,"1"
"191155","11","0","01","001","2019","01","15","4","3","5","3","1","0","1","0","1","0","0",795151.50913699996,5831044.88618000038,13.35390088700,52.54928985400,"1"
"191156","11","0","07","007","2019","01","05","4","3","5","7","1","0","1","0","0","0","1",795521.95203000004,5824979.32098999899,13.35395895500,52.49471632900,"1"
"191157","11","0","03","003","2019","01","07","4","3","5","2","2","1","1","0","0","0","0",798135.55700000003,5835470.37999999989,13.40175702100,52.58733314700,"1"
"191158","11","0","05","005","2019","01","08","4","3","6","7","2","0","1","1","0","0","0",783150.39820000005,5827365.07964000013,13.17425385900,52.52266699800,"1"
"191159","11","0","06","006","2019","01","08","4","3","1","5","0","0","1","0","0","0","1",794724.96959700005,5821642.71415000036,13.33930422700,52.46523655500,"1"
"191160","11","0","01","001","2019","01","10","4","3","6","7","0","0","1","1","0","0","0",796800.84974800004,5830360.09771000035,13.37754207800,52.54225537000,"1"
"191161","11","0","10","010","2019","01","06","4","3","2","2","2","0","1","0","0","0","0",811156.63771299995,5829142.58141999971,13.58741648200,52.52333742200,"1"
"191162","11","0","08","008","2019","01","10","4","3","2","6","0","0","1","0","0","0","0",804800.41463799996,5817834.71676999982,13.48368813200,52.42557952900,"1"
"191163","11","0","06","006","2019","01","10","4","2","6","2","0","0","1","1","0","0","0",795366.66622200003,5818441.87028999906,13.34589196200,52.43619646800,"1"
"191164","11","0","03","003","2019","01","10","4","2","2","6","0","0","1","0","0","0","0",798965.80354300002,5835022.43596000038,13.41357138600,52.58286241700,"1"
"191165","11","0","03","003","2019","01","09","4","3","0","7","0","0","1","0","0","0","0",802887.34373199998,5833540.90196000040,13.46992058200,52.56741504500,"1"
"191166","11","0","05","005","2019","01","05","4","3","3","6","2","0","1","0","0","1","0",789585.28935300000,5829308.58322000038,13.27052799800,52.53671133600,"1"
"191167","11","0","04","004","2019","01","16","4","3","5","2","0","0","1","0","0","0","0",791388.21772800002,5828585.68630999979,13.29640112700,52.52926967300,"1"
"191168","11","0","02","002","2019","01","18","4","3","5","3","2","0","1","0","0","0","0",799550.52461600001,5825854.84063000046,13.41390970800,52.50036807300,"1"
"191169","11","0","01","001","2019","01","16","3","2","6","4","1","0","1","1","0","0","0",794815.65279500000,5830253.85759999976,13.34825990600,52.54238077400,"0"
"191170","11","0","12","012","2019","01","18","3","3","2","6","2","0","1","0","0","0","0",793422.88714600005,5833181.41134000011,13.33036966700,52.56937645700,"1"
"191171","11","0","08","008","2019","01","18","4","3","2","6","2","0","1","0","0","0","0",801403.89398599998,5821113.14441999979,13.43684473000,52.45684666600,"1"
"191172","11","0","02","002","2019","01","10","3","3","1","5","0","1","1","0","0","0","0",801855.25764900004,5827407.85343999974,13.44916753400,52.51301789600,"1"
"191173","11","0","01","001","2019","01","10","3","3","6","4","0","1","0","1","0","0","0",797863.95999999996,5827637.30900000036,13.39073252700,52.51726892900,"1"
"191174","11","0","02","002","2019","01","07","3","3","5","3","2","0","1","0","0","0","0",801767.78000000003,5826253.66700000037,13.44683610400,52.50272122600,"1"
"191175","11","0","02","002","2019","01","22","3","3","6","2","2","0","1","1","0","0","0",798447.10624200001,5826543.44706999976,13.39832007900,52.50714511000,"1"
"191176","11","0","10","010","2019","01","19","3","3","6","2","2","0","1","1","0","0","0",808401.65976499999,5831204.46021000110,13.54885223900,52.54338074400,"1"
"191177","11","0","07","007","2019","01","20","3","3","6","7","2","0","1","1","0","0","0",795252.81085999997,5825058.62241999991,13.35007637400,52.49557286700,"1"
"191178","11","0","12","012","2019","01","20","3","2","5","3","2","0","1","0","0","0","0",791424.98639099998,5838774.09841999970,13.30589666700,52.62058640500,"1"
"191179","11","0","07","007","2019","01","20","3","3","6","4","1","0","1","1","0","0","0",794696.05404199997,5825759.42396000028,13.34251916400,52.50215601100,"1"
"191180","11","0","11","011","2019","01","19","3","3","1","5","2","1","1","0","0","0","0",803271.67668599996,5828979.78653999977,13.47140886200,52.52632113600,"1"
"191181","11","0","05","005","2019","01","18","3","3","2","7","2","0","1","0","0","0","0",784038.96658200002,5832447.64733999968,13.19166189800,52.56777552800,"1"
"191182","11","0","07","007","2019","01","18","3","3","2","6","2","0","1","0","0","0","0",797419.21955399995,5817417.88733999990,13.37508625400,52.42590516800,"1"
"191183","11","0","05","005","2019","01","18","3","2","6","2","2","0","1","1","0","0","0",784801.30493800004,5828808.96071999986,13.19975790200,52.53475298700,"1"
"191184","11","0","04","004","2019","01","18","3","3","6","2","2","0","1","1","0","0","0",792901.71619099996,5823283.33970000036,13.31398358900,52.48092480900,"1"
"191185","11","0","09","009","2019","01","18","3","3","2","6","2","0","1","0","0","0","0",810755.17285900004,5821229.50231999997,13.57414018500,52.45265327200,"1"
"191186","11","0","06","006","2019","01","18","3","3","2","6","2","0","1","0","0","0","0",792278.51045800000,5818604.11187000107,13.30073581300,52.43930996500,"1"
"191187","11","0","06","006","2019","01","18","3","2","6","2","2","0","1","1","0","0","0",793894.24601200002,5820966.09719999973,13.32651543200,52.45961842600,"1"
"191188","11","0","01","001","2019","01","18","3","3","5","3","2","0","1","0","0","0","0",795162.72085799999,5827238.23885999992,13.35068557600,52.51516025600,"1"
"191189","11","0","04","004","2019","01","18","3","3","2","6","2","0","1","0","0","0","0",792016.04724300001,5824048.57077000104,13.30164945200,52.48825934800,"1"
"191190","11","0","08","008","2019","01","17","3","3","5","3","2","1","1","0","0","0","0",802483.12996599998,5822557.72293000109,13.45398886900,52.46919833900,"1"
"191191","11","0","06","006","2019","01","15","3","2","6","4","1","0","1","1","0","0","0",793970.86537200003,5820791.21930000000,13.32748588300,52.45800950600,"1"
"191192","11","0","01","001","2019","01","09","3","3","5","2","0","0","1","0","0","0","1",795680.84100000001,5830926.04999999981,13.36157889800,52.54793754000,"1"
"191193","11","0","02","002","2019","01","17","3","3","5","3","2","1","1","0","0","0","0",802670.49692499998,5828101.14097000100,13.46177479300,52.51878001500,"1"
"191194","11","0","01","001","2019","01","17","3","2","0","7","1","0","0","0","1","0","1",796964.39090799994,5830547.83136999980,13.38011432700,52.54384907900,"1"
"191195","11","0","06","006","2019","01","17","3","2","6","4","2","0","1","1","0","0","0",788952.81327599997,5816380.58029999956,13.25002545800,52.42114214800,"1"
"191196","11","0","04","004","2019","01","16","3","3","3","6","2","0","1","0","1","0","1",792280.25100000005,5825933.72599999979,13.30718363200,52.50501798900,"1"
"191197","11","0","03","003","2019","01","16","3","2","6","4","2","0","1","1","0","0","0",801441.22561199998,5830948.67179999966,13.44629522700,52.54498352200,"1"
"191198","11","0","12","012","2019","01","16","3","3","6","2","2","0","1","1","0","0","0",796755.91311800003,5833625.17152000032,13.37980055000,52.57154746300,"1"
"191199","11","0","01","001","2019","01","15","3","3","5","3","0","1","1","0","0","0","0",798550.90632900002,5827801.87053999957,13.40097387100,52.51836838200,"1"
"191200","11","0","01","001","2019","01","14","3","2","5","2","0","1","1","0","0","0","0",794569.47475499997,5828430.72025000025,13.34302451800,52.52617078300,"1"
"191201","11","0","12","012","2019","01","13","3","2","6","4","0","0","0","1","1","0","0",793107.70654699998,5837644.82861999981,13.32968173100,52.60955811700,"1"
"191202","11","0","11","011","2019","01","13","3","3","5","3","0","0","1","0","0","0","1",806200.08439400000,5832525.38838000037,13.51770761800,52.55646077700,"1"
"191203","11","0","01","001","2019","01","11","3","3","3","6","0","0","1","0","1","0","0",794549.64520799997,5828928.15526999906,13.34317376200,52.53064066000,"1"
"191204","11","0","04","004","2019","01","11","3","3","5","3","0","0","1","0","0","0","0",789490.87851700000,5826788.58464000002,13.26694605300,52.51416920700,"1"
"191205","11","0","04","004","2019","01","11","3","3","5","3","0","0","1","0","0","0","0",791149.15221299999,5822595.99375000037,13.28764966900,52.47569997500,"1"
"191206","11","0","07","007","2019","01","12","3","3","0","6","0","0","1","0","0","0","1",796068.96096800000,5824041.76561000105,13.36115973900,52.48601549900,"1"
"191207","11","0","09","009","2019","01","06","3","3","6","2","2","0","1","1","0","0","0",812138.26121100003,5820058.41014000028,13.59333345600,52.44137073800,"1"
"191208","11","0","04","004","2019","01","17","3","1","6","2","2","0","1","1","0","0","0",790860.25760999997,5823812.35491999984,13.28446932900,52.48675867700,"1"
"191209","11","0","09","009","2019","01","17","2","3","2","7","1","0","1","0","0","0","0",806806.75968599995,5822000.22319999989,13.51692734400,52.46179103000,"0"
"191210","11","0","07","007","2019","01","16","2","3","6","4","1","0","1","1","0","0","0",795513.70351999998,5825400.15802999958,13.35421116100,52.49849327400,"1"
"191211","11","0","10","010","2019","01","18","2","2","6","4","2","0","1","1","0","0","0",811217.49337100005,5828829.62065999955,13.58801774400,52.52049815100,"1"
"191212","11","0","06","006","2019","01","19","2","3","1","5","2","0","1","0","0","0","0",788744.68783600000,5820133.20813000109,13.25021528000,52.45489641000,"1"
"191213","11","0","06","006","2019","01","19","2","3","2","6","2","0","1","0","0","0","0",790386.15338100004,5820826.21387999970,13.27490699600,52.46023975600,"1"
"191214","11","0","01","001","2019","01","18","2","3","3","6","2","0","1","0","0","0","0",795248.65965799999,5830966.19740999956,13.35525953300,52.54853183100,"1"
"191215","11","0","05","005","2019","01","21","2","2","9","1","2","0","1","0","0","0","0",782433.73184000002,5830474.47960999981,13.16636186500,52.55091874600,"1"
"191216","11","0","08","008","2019","01","22","2","3","2","6","2","0","1","0","0","0","0",800780.12022299995,5824334.08530999906,13.43059629800,52.48606075400,"1"
"191217","11","0","01","001","2019","01","21","2","3","5","2","2","1","0","0","0","0","0",794622.31442700000,5829867.79731000029,13.34507490600,52.53902460300,"1"
"191218","11","0","12","012","2019","01","20","2","2","6","2","2","0","1","1","0","0","0",795271.60402400000,5836364.30102000013,13.36040347200,52.59690834500,"1"
"191219","11","0","08","008","2019","01","15","2","3","2","2","0","0","1","0","0","0","0",801457.41799999995,5823887.89199999999,13.44013712900,52.48168789800,"1"
"191220","11","0","03","003","2019","01","08","2","3","1","5","1","1","0","0","0","0","1",803691.76946700003,5831996.15072999895,13.48033904400,52.55312192000,"1"
"191221","11","0","05","005","2019","01","07","2","3","2","6","1","0","1","0","0","0","0",780851.10625199997,5820365.75038999971,13.13455344200,52.46109501100,"1"
"191222","11","0","03","003","2019","01","11","2","3","6","4","0","1","0","1","0","0","0",802230.87721499999,5829345.13401999976,13.45644603800,52.53017368200,"1"
"191223","11","0","12","012","2019","01","08","2","3","6","2","0","0","1","1","0","0","0",792457.93603099999,5837312.80145000108,13.31981981900,52.60693167100,"1"
"191224","11","0","06","006","2019","01","17","2","3","2","2","2","0","1","0","0","0","0",793196.53455999994,5819800.52991000097,13.31525244500,52.44954418700,"1"
"191225","11","0","02","002","2019","01","17","2","3","6","2","2","0","1","1","0","0","0",802288.70213200001,5826308.91031000018,13.45453735500,52.50292804200,"1"
"191226","11","0","01","001","2019","01","17","2","3","5","2","2","1","1","0","0","0","0",796947.14178399998,5826781.32295999955,13.37649702400,52.51009590200,"1"
"191227","11","0","03","003","2019","01","17","2","3","5","3","2","1","1","0","0","0","0",797412.63405700005,5833971.33772000019,13.38977262300,52.57429195100,"1"
"191228","11","0","06","006","2019","01","17","2","3","1","5","2","0","1","0","0","0","0",792307.43108400004,5819306.05903999973,13.30177410100,52.44558741700,"1"
"191229","11","0","04","004","2019","01","17","2","3","5","2","2","0","1","0","0","0","0",792707.63025299995,5825468.01907000039,13.31305293600,52.50061394900,"1"
"191230","11","0","11","011","2019","01","16","2","3","3","6","2","1","1","0","0","0","0",807683.65683300002,5824547.50843000039,13.53214309000,52.48412708000,"1"
"191231","11","0","05","005","2019","01","16","2","3","5","3","1","0","1","0","0","0","0",782246.81862399995,5827617.44436000008,13.16118556100,52.52539831700,"1"
"191232","11","0","01","001","2019","01","16","2","3","5","2","1","1","1","0","0","0","0",796555.03788399999,5831635.62526999973,13.37506709000,52.55382291900,"1"
"191233","11","0","03","003","2019","01","10","2","3","5","7","0","0","1","0","0","0","0",796038.61810399999,5836681.63111000042,13.37197819900,52.59933584400,"1"
"191234","11","0","11","011","2019","01","15","2","3","5","3","0","1","1","0","0","0","0",807451.09420699999,5824781.36400999967,13.52894479100,52.48635391500,"1"
"191235","11","0","06","006","2019","01","14","2","3","2","2","0","0","1","0","0","0","0",790288.47199999995,5814825.28199999966,13.26826290700,52.40649146100,"1"
"191236","11","0","11","011","2019","01","10","2","3","5","3","0","0","1","0","0","0","0",806690.76742399996,5833399.32055999991,13.52573029400,52.56401690900,"1"
"191237","11","0","02","002","2019","01","14","2","3","4","1","0","0","1","0","0","0","0",799006.61835300003,5824116.71879000030,13.40436110300,52.48508650100,"1"
"191238","11","0","02","002","2019","01","09","2","2","0","1","0","0","0","0","1","0","0",802499.27438700001,5828272.43666000012,13.45941481400,52.52041032600,"1"
"191239","11","0","01","001","2019","01","12","2","3","2","6","0","0","1","0","0","0","0",795189.14099999995,5831031.92399999965,13.35444274500,52.54915326800,"1"
"191240","11","0","04","004","2019","01","11","2","3","5","2","0","0","1","0","1","0","0",792978.34758499998,5824197.77302999981,13.31591252500,52.48908132300,"1"
"191241","11","0","04","004","2019","01","16","2","3","5","2","2","0","1","0","0","0","0",791793.20114100003,5827482.79102000035,13.30138645100,52.51916580300,"1"
"191242","11","0","02","002","2019","01","09","2","3","5","3","1","1","1","0","0","0","0",800663.97467899998,5825829.87275000103,13.43024078800,52.49953195400,"1"
"191243","11","0","06","006","2019","01","15","2","3","4","6","0","0","1","0","0","0","0",790235.11349200003,5817526.81137000024,13.26982390200,52.43073991700,"1"
"191244","11","0","12","012","2019","01","11","2","3","6","2","0","0","1","1","0","0","0",792370.24050299998,5834065.16495999973,13.31566180500,52.57786533900,"1"
"191245","11","0","12","012","2019","01","15","2","3","2","6","1","0","1","0","0","0","0",793010.84513599996,5832184.23318000045,13.32342682700,52.56065922400,"1"
"191246","11","0","04","004","2019","01","09","2","3","5","2","0","0","1","0","1","0","0",794080.36802299996,5826308.07369999960,13.33395951400,52.50740652800,"1"
"191247","11","0","01","001","2019","01","08","2","3","6","4","0","0","1","1","0","0","0",798072.84427000000,5828938.18666000012,13.39496767600,52.52881548700,"1"
"191248","11","0","06","006","2019","01","08","2","2","5","2","0","0","1","0","0","0","0",793602.88787900005,5815904.58129000105,13.31779368400,52.41439995100,"1"
"191249","11","0","04","004","2019","01","08","2","3","5","2","1","1","1","0","0","0","0",793066.19177300006,5827662.75934000034,13.32025259200,52.52009651000,"1"
"191250","11","0","01","001","2019","01","08","2","2","6","4","0","0","1","1","0","0","0",796423.60764499998,5830099.48017999995,13.37176318700,52.54012456600,"1"
"191251","11","0","04","004","2019","01","07","2","3","6","2","1","0","1","1","0","0","0",792903.04414100002,5827393.84193000104,13.31761818500,52.51777342300,"1"
"191252","11","0","08","008","2019","01","07","2","2","6","4","2","0","1","1","0","0","0",800497.62873200001,5819307.98570000008,13.42192329200,52.44116518600,"1"