OBJECTID,ULAND,UREGBEZ,UKREIS,UGEMEINDE,UJAHR,UMONAT,USTUNDE,UWOCHENTAG,UKATEGORIE,UART,UTYP1,ULICHTVERH,IstRad,IstPKW,IstFuss,IstKrad,IstGkfz,IstSonstig,LINREFX,LINREFY,XGCSWGS84,YGCSWGS84,STRZUSTAND
"191253","11","0","05","005","2019","01","06","2","3","6","2","2","0","1","1","0","0","0",785772.79647499998,5828538.10496000014,13.21380885800,52.53181600700,"1"
"191254","11","0","12","012","2019","01","06","2","3","5","3","2","0","1","0","1","0","0",791052.55798299995,5835457.89998000022,13.29749443900,52.59105726400,"1"
"191255","11","0","10","010","2019","01","18","2","3","1","5","2","1","0","0","0","0","1",806707.63189600001,5830267.09420999978,13.52308535400,52.53593616500,"1"
"191256","11","0","02","002","2019","01","11","2","3","5","3","0","0","1","0","0","0","1",798599.08467300003,5825578.71765000094,13.39968755600,52.49841443900,"1"
"191257","11","0","09","009","2019","01","13","1","3","1","5","0","1","1","0","0","0","0",814597.81480599998,5820806.93448000029,13.63010440900,52.44666894600,"0"
"191258","11","0","01","001","2019","01","18","1","3","2","6","2","0","1","0","0","0","0",797521.14632299996,5829439.68336000014,13.38730788500,52.53361217100,"0"
"191259","11","0","05","005","2019","01","17","1","2","5","3","2","1","1","0","0","0","0",787974.97457199998,5830384.89996999968,13.24778476100,52.54721428700,"0"
"191260","11","0","02","002","2019","01","16","1","3","2","6","2","0","1","0","0","0","0",800796.04825500003,5828199.00841000024,13.43432156800,52.52069433900,"0"
"191261","11","0","01","001","2019","01","16","1","3","5","2","2","1","1","0","0","0","0",799582.70425600000,5828043.69675000105,13.41635249000,52.51997015600,"0"
"191262","11","0","06","006","2019","01","14","1","2","5","3","0","1","1","0","0","0","0",790022.82514400000,5815953.84032000042,13.26534646000,52.41675022600,"0"
"191263","11","0","12","012","2019","01","03","1","2","6","4","2","0","1","1","0","0","0",793835.92646200000,5836156.96155999973,13.33908450500,52.59582735300,"0"
"191264","11","0","07","007","2019","01","14","7","3","3","7","0","1","1","0","0","0","0",795683.97903000005,5824075.81233999971,13.35553688700,52.48652933200,"1"
"191265","11","0","01","001","2019","01","11","7","3","2","6","0","0","1","0","0","0","0",795748.08047100005,5831894.93711999990,13.36343068100,52.55658618000,"1"
"191266","11","0","01","001","2019","01","09","7","2","4","1","0","0","1","0","0","0","1",794288.61940099997,5829929.11307999957,13.34022325300,52.53975457000,"1"
"191267","11","0","01","001","2019","01","06","7","3","5","3","2","1","1","0","0","0","0",799682.22849300003,5827210.08313999977,13.41706407400,52.51244342900,"1"
"191268","11","0","08","008","2019","01","00","7","3","2","2","2","0","1","0","0","1","0",800515.36486400000,5823440.35618000012,13.42590340800,52.47819570600,"1"
"191269","11","0","08","008","2019","01","21","7","3","6","2","2","0","1","1","0","0","0",800523.70704799995,5823439.84152000025,13.42602540700,52.47818650300,"1"
"191270","11","0","03","003","2019","01","18","7","3","6","7","2","0","1","1","0","0","0",799550.12674700003,5829909.84759999998,13.41755508700,52.53671515900,"1"
"191271","11","0","10","010","2019","01","17","7","3","2","6","2","0","1","0","0","0","0",806566.56639000005,5828143.40092999954,13.51905420800,52.51698263900,"1"
"191272","11","0","05","005","2019","01","17","7","3","2","6","2","0","1","0","0","0","0",783707.07941500004,5830174.89984000009,13.18483552700,52.54757091900,"1"
"191273","11","0","06","006","2019","01","17","7","3","6","4","2","0","1","1","0","0","0",793277.38335500006,5819081.06039999984,13.31580711400,52.44305095300,"2"
"191274","11","0","10","010","2019","01","19","6","2","0","1","2","0","0","0","1","0","0",809978.96190800006,5832086.21492999978,13.57285967400,52.55038757200,"1"
"191275","11","0","12","012","2019","01","12","6","3","5","2","0","1","1","0","0","0","0",795583.18867900001,5833129.15402000025,13.36210499200,52.56773926900,"0"
"191276","11","0","07","007","2019","01","22","6","3","5","3","2","0","1","0","0","0","0",799071.37131399999,5821704.56914999895,13.40314899900,52.46342934700,"1"
"191277","11","0","05","005","2019","01","21","6","3","8","1","2","0","1","0","0","0","0",779812.44773400004,5827763.77374999970,13.12552014800,52.52796535200,"1"
"191278","11","0","01","001","2019","01","21","6","3","3","6","2","0","0","0","1","0","1",796810.36885199999,5828836.17834000010,13.37632104000,52.52858993300,"1"
"191279","11","0","12","012","2019","01","20","6","2","6","4","2","0","1","1","0","0","0",792550.20630700001,5832825.25573999994,13.31721623100,52.56665339800,"1"
"191280","11","0","02","002","2019","01","18","6","3","6","4","2","1","0","1","0","0","0",802724.44933199999,5826970.82151000109,13.46153926200,52.50861913000,"1"
"191281","11","0","11","011","2019","01","13","6","3","5","2","0","1","1","0","0","0","0",806700.28834299999,5833982.64922000002,13.52640959900,52.56923935500,"1"
"191282","11","0","10","010","2019","01","15","6","3","5","3","0","1","1","0","0","0","0",811939.03905799997,5828947.76331000030,13.59872848300,52.52114460400,"1"
"191283","11","0","04","004","2019","01","14","6","3","1","5","0","0","1","0","0","0","0",791884.59979999997,5830685.55068000033,13.30554226400,52.54782887200,"1"
"191284","11","0","04","004","2019","01","15","6","3","5","3","1","1","1","0","0","0","0",791526.22293299995,5823555.47699999996,13.29402465300,52.48410057600,"1"
"191285","11","0","12","012","2019","01","14","6","3","6","2","0","0","1","1","0","0","0",795762.23268599994,5832568.70614999905,13.36423928700,52.56261816900,"1"
"191286","11","0","02","002","2019","01","16","6","3","6","4","2","1","0","1","0","0","0",801344.37555500004,5825832.70210999902,13.44023628700,52.49918203200,"1"
"191287","11","0","02","002","2019","01","13","6","3","0","7","0","0","1","0","1","0","0",799182.93733300001,5825887.24615999963,13.40853981200,52.50086019600,"1"
"191288","11","0","04","004","2019","01","10","6","3","5","5","0","0","1","0","0","0","0",791604.71084299998,5825598.56290000025,13.29696546000,52.50237476500,"1"
"191289","11","0","04","004","2019","01","13","6","3","5","5","0","0","1","0","0","1","0",791003.64848600002,5827416.24954999890,13.28972477200,52.51899117400,"1"
"191290","11","0","06","006","2019","01","14","6","3","2","3","0","0","1","0","0","0","0",795325.85229600000,5819972.57780999970,13.34664618400,52.44994039000,"1"
"191291","11","0","12","012","2019","01","13","6","3","1","5","0","0","1","0","0","0","0",795019.44263499998,5832550.56340000033,13.35329705400,52.56285851800,"1"
"191292","11","0","11","011","2019","01","08","6","3","5","3","1","0","1","0","0","0","1",804831.71720800002,5833773.04731999990,13.49873253600,52.56841038900,"1"
"191293","11","0","11","011","2019","01","05","6","3","5","3","2","1","1","0","0","0","0",806141.16343800002,5826839.33911000099,13.51160505400,52.50553421600,"1"
"191294","11","0","05","005","2019","01","05","6","3","6","2","2","0","1","1","0","0","0",781549.00732800004,5830710.24773999956,13.15354800700,52.55349080600,"0"
"191295","11","0","08","008","2019","01","12","6","3","5","3","0","0","1","0","0","0","1",802005.57212200004,5823298.88217999972,13.44765098300,52.47610565400,"1"
"191296","11","0","02","002","2019","01","11","5","3","0","6","0","0","1","0","0","0","1",800239.27545299998,5824610.48761999980,13.42290426900,52.48883594200,"0"
"191297","11","0","01","001","2019","01","15","5","3","2","6","0","0","1","0","0","0","0",797271.70318600000,5831271.24100000039,13.38528015700,52.55016598200,"0"
"191298","11","0","05","005","2019","01","15","5","2","5","2","0","0","1","0","1","0","0",785164.46299999999,5828949.43599999975,13.20521800200,52.53582257900,"0"
"191299","11","0","08","008","2019","01","22","5","3","5","2","2","0","1","0","0","0","0",802008.67220499995,5822421.63289999962,13.44690228600,52.46824103100,"0"
"191300","11","0","04","004","2019","01","14","5","2","5","3","0","1","1","0","0","0","0",790741.71015900001,5822643.99655000027,13.28170947600,52.47634737200,"0"
"191301","11","0","09","009","2019","01","14","5","3","5","3","0","1","1","0","0","0","0",811002.35722100001,5821743.47601000033,13.57824465800,52.45711870700,"0"
"191302","11","0","04","004","2019","01","14","5","3","5","2","0","0","1","0","0","0","0",793513.19870199997,5825445.26831999980,13.32486626200,52.49997729700,"1"
"191303","11","0","03","003","2019","01","12","5","2","6","4","0","0","1","1","0","0","0",802011.46618800005,5829665.87191000022,13.45351280400,52.53317005000,"0"
"191304","11","0","09","009","2019","01","19","5","3","6","4","2","0","1","1","0","0","0",814210.09499999997,5822012.57299999986,13.62555253000,52.45769556500,"0"
"191305","11","0","01","001","2019","01","13","5","3","5","2","0","0","1","0","1","0","0",795271.40300000005,5826033.42300000042,13.35121371000,52.50430117600,"1"
"191306","11","0","05","005","2019","01","17","5","2","6","4","2","0","1","1","0","0","0",782241.29356799996,5830282.97477999981,13.16336844700,52.54930139600,"0"
"191307","11","0","03","003","2019","01","17","5","3","5","2","2","1","1","0","0","0","0",802590.61603699997,5829279.20478000026,13.46167297500,52.52938320300,"0"
"191308","11","0","12","012","2019","01","21","5","2","0","1","2","0","0","0","1","0","0",793461.14736499998,5836991.59796999954,13.33430715600,52.60351166200,"0"
"191309","11","0","01","001","2019","01","11","5","3","5","2","0","0","1","0","0","0","0",795437.32760399999,5829538.44474999979,13.35676414600,52.53563099800,"1"
"191310","11","0","07","007","2019","01","11","5","3","6","7","0","0","1","1","0","0","0",795083.04321200005,5825592.15276999958,13.34805562500,52.50044740500,"1"
"191311","11","0","04","004","2019","01","10","5","2","5","3","0","1","1","0","0","0","0",789838.07966900000,5827374.65661999956,13.27255873900,52.51923904200,"0"
"191312","11","0","07","007","2019","01","08","5","3","3","6","0","1","0","0","0","0","1",797408.77471999999,5820428.28808000032,13.37761189800,52.45289622600,"0"
"191313","11","0","08","008","2019","01","08","5","3","5","3","0","1","1","0","0","0","0",804215.01301300002,5816452.57765000034,13.47384872800,52.41351734500,"0"
"191314","11","0","05","005","2019","01","06","5","3","5","2","2","0","1","0","0","0","0",780872.98751500004,5828321.92231000029,13.14158390400,52.53242466700,"0"
"191315","11","0","01","001","2019","01","06","5","3","6","2","2","0","1","1","0","0","0",796097.89934100001,5828437.10486999899,13.36549383500,52.52540007000,"0"
"191316","11","0","08","008","2019","01","21","4","3","1","5","2","1","1","0","0","0","0",801099.30132099998,5822182.29145000037,13.43333995800,52.46659766900,"0"
"191317","11","0","03","003","2019","01","18","4","3","0","5","2","0","1","0","1","0","0",800484.43440200004,5829484.34661999997,13.43090420300,52.53238696400,"1"
"191318","11","0","04","004","2019","01","18","4","3","5","3","2","1","1","0","0","0","0",792965.10756200005,5826950.74743000045,13.31814007400,52.51376791100,"0"
"191319","11","0","02","002","2019","01","16","4","3","2","6","2","0","1","0","0","0","0",801385.65428300004,5828739.20320999902,13.44347464500,52.52521062100,"1"
"191320","11","0","01","001","2019","01","14","4","3","3","6","0","0","1","0","0","0","0",797734.09607700002,5827617.16722999979,13.38880631700,52.51715929500,"0"
"191321","11","0","06","006","2019","01","13","4","3","2","6","0","0","1","0","0","0","0",791938.57676299999,5819049.86433999985,13.29613854300,52.44348770500,"1"
"191322","11","0","08","008","2019","01","12","4","3","5","3","0","0","1","0","0","0","0",801239.35702300002,5822480.49663999956,13.43566462700,52.46919336900,"1"
"191323","11","0","04","004","2019","01","12","4","3","6","2","0","0","1","1","0","0","0",790701.94701600005,5822699.46217000019,13.28117401600,52.47686579400,"0"
"191324","11","0","10","010","2019","01","12","4","3","2","6","0","0","1","0","0","0","1",806514.93591300002,5829428.77173000108,13.51948024400,52.52853138900,"1"
"191325","11","0","04","004","2019","01","11","4","2","6","4","0","0","0","1","0","0","1",793448.34462900006,5826561.31470999960,13.32489729600,52.51001704900,"1"
"191326","11","0","07","007","2019","01","10","4","3","5","3","0","0","1","0","0","0","0",799936.36325499997,5816020.42196999956,13.41074264500,52.41200478300,"1"
"191327","11","0","06","006","2019","01","07","4","3","2","7","1","0","1","0","0","0","0",790181.29158399999,5815258.34353999980,13.26706704700,52.41043084200,"1"
"191328","11","0","11","011","2019","01","13","4","3","4","7","0","0","1","0","0","0","0",805314.47950400005,5827226.31632999890,13.49981798900,52.50946569700,"0"
"191329","11","0","12","012","2019","01","16","3","3","4","1","2","0","1","0","0","0","0",790857.19995699998,5839961.15132999979,13.29857761100,52.63153221700,"1"
"191330","11","0","07","007","2019","01","17","3","2","2","6","2","0","1","0","0","0","0",793973.21265200002,5822309.52895000018,13.32885780600,52.47161925700,"1"
"191331","11","0","06","006","2019","01","17","3","3","6","2","2","0","1","1","0","0","0",795051.19337999995,5819613.27252999973,13.34229896500,52.44686772500,"1"
"191332","11","0","08","008","2019","01","16","3","3","5","3","2","0","1","0","0","0","0",805840.76754499995,5816730.83043000102,13.49793189200,52.41510535500,"1"
"191333","11","0","05","005","2019","01","06","3","3","2","6","2","0","1","0","0","0","0",787003.10357299994,5828154.79824000038,13.23156553900,52.52773299700,"1"
"191334","11","0","02","002","2019","01","05","3","3","5","3","2","0","1","0","0","0","0",798931.04842100001,5826353.18578999955,13.40525838100,52.50517473800,"1"
"191335","11","0","01","001","2019","01","17","3","3","1","5","2","0","1","0","0","0","0",796295.34135100001,5828281.20992000028,13.36825671500,52.52389536000,"1"
"191336","11","0","01","001","2019","01","02","3","2","6","4","2","0","1","1","0","0","0",800120.20198799996,5826877.77247000020,13.42319889500,52.50922400700,"1"
"191337","11","0","01","001","2019","01","03","3","3","6","2","2","0","1","1","0","0","0",796032.84109899995,5830350.53270000033,13.36624192300,52.54258743300,"1"
"191338","11","0","07","007","2019","01","15","4","3","1","5","0","1","1","0","0","0","0",796131.36314300005,5824119.69436000008,13.36214528100,52.48668022200,"1"
"191339","11","0","02","002","2019","01","04","3","3","5","2","2","0","1","0","0","0","0",801758.05732799997,5826253.30475999974,13.44669297200,52.50272335600,"1"
"191340","11","0","07","007","2019","01","00","3","2","6","4","2","0","1","1","0","0","0",794995.88338400004,5823455.02329999954,13.34488330800,52.48133658600,"1"
"191341","11","0","07","007","2019","01","01","3","2","5","3","2","0","1","0","0","0","1",799789.65385200002,5813976.94806999899,13.40676313000,52.39376800100,"1"
"191342","11","0","01","001","2019","01","03","3","3","5","3","2","0","1","0","0","0","1",797560.82013600005,5827406.86655000038,13.38607216600,52.51536876700,"1"
"191345","11","0","01","001","2019","01","15","4","3","2","6","0","0","1","0","0","0","0",794584.17412700003,5828548.33872000035,13.34334476600,52.52721721000,"1"
"191353","11","0","07","007","2019","01","15","4","3","2","6","0","0","1","0","0","0","0",795831.25530500000,5820978.76726000011,13.35495285800,52.45868690400,"1"
"191362","11","0","05","005","2019","01","14","4","3","5","3","0","0","1","0","0","0","0",788046.75539399998,5829307.03483000025,13.24790577900,52.53751284200,"0"
"191366","11","0","05","005","2019","01","14","4","3","5","3","0","0","1","0","0","0","1",782450.64978700003,5828511.16366999969,13.16494136700,52.53330618600,"1"
"191369","11","0","04","004","2019","01","17","4","2","0","7","2","0","1","0","0","0","0",791120.43197899999,5829146.56395999994,13.29295600400,52.53444096200,"1"
"191371","11","0","03","003","2019","01","13","4","3","5","3","0","0","1","0","0","0","0",796557.95576299995,5840100.93534999900,13.38268892100,52.62970255700,"1"
"191372","11","0","08","008","2019","01","13","4","3","5","7","0","0","1","0","0","0","0",801331.13390200003,5819998.80111000035,13.43477175200,52.44689857100,"1"
"191376","11","0","02","002","2019","01","13","4","3","5","7","0","0","1","0","1","0","0",797846.36329100002,5825288.10582999978,13.38837216000,52.49622077900,"1"
"191378","11","0","06","006","2019","01","12","4","3","5","3","0","0","1","0","0","0","0",789617.12369599997,5819794.85950999893,13.26272523500,52.45140140400,"1"
"191381","11","0","04","004","2019","01","16","4","3","2","6","1","0","1","0","0","0","0",793363.22675999999,5829646.41940999962,13.32636815700,52.53771934900,"1"
"191388","11","0","03","003","2019","01","18","4","3","2","2","2","0","1","0","0","0","0",800051.10930100002,5835717.65142999962,13.43017106800,52.58849633300,"1"
"191391","11","0","01","001","2019","01","18","4","3","5","3","2","0","1","0","0","0","0",800315.84153199999,5827620.45060999971,13.42674309500,52.51577321500,"1"
"191400","11","0","04","004","2019","01","12","4","3","2","6","0","0","1","0","0","0","0",793147.59462900006,5825616.96580999903,13.31964693600,52.50171302600,"1"
"191406","11","0","11","011","2019","01","19","6","3","0","1","2","0","1","0","0","0","0",803556.14028399996,5829737.47023999970,13.47628086200,52.53295372400,"1"
"191407","11","0","01","001","2019","01","17","6","2","1","5","2","1","1","0","0","0","0",797337.10873800004,5827137.56066999957,13.38254448800,52.51307675300,"1"
"191408","11","0","12","012","2019","01","17","6","3","1","5","2","0","1","0","0","0","0",794629.57199199998,5832993.65402000025,13.34795565300,52.56704158100,"1"
"191409","11","0","01","001","2019","01","17","6","3","5","3","2","0","1","0","0","0","0",798573.03215400001,5826872.26731999964,13.40046488800,52.51002364100,"0"
"191410","11","0","09","009","2019","01","16","6","3","0","6","0","0","1","0","0","0","1",812540.84496000002,5820115.60414000042,13.59929053400,52.44165335300,"0"
"191411","11","0","05","005","2019","01","15","6","2","1","1","0","0","1","0","0","1","0",785353.53190299997,5827856.65110999905,13.20705988700,52.52592582100,"0"
"191412","11","0","06","006","2019","01","15","6","3","0","1","0","0","0","0","1","0","0",787445.91098100005,5816273.06622999907,13.22783468600,52.42097181600,"2"
"191413","11","0","10","010","2019","01","14","6","3","2","2","0","0","1","0","0","0","0",813363.65406099998,5830117.11787999980,13.62075855400,52.53080634300,"0"
"191414","11","0","10","010","2019","01","14","6","3","5","2","0","1","1","0","0","0","0",809052.60571200005,5828645.99280999973,13.55604205700,52.52008372400,"1"
"191415","11","0","04","004","2019","01","14","6","3","1","5","0","0","1","0","0","0","0",792163.28583299997,5827963.17676000018,13.30724717400,52.52327418800,"0"
"191416","11","0","01","001","2019","01","13","6","3","5","2","0","0","1","0","0","0","0",798703.14599999995,5827080.37700000033,13.40256317200,52.51181782800,"0"
"191417","11","0","11","011","2019","01","13","6","3","5","7","0","0","1","0","0","0","1",803243.90631400002,5830239.80217999965,13.47215019800,52.53762979200,"0"
"191418","11","0","05","005","2019","01","13","6","2","2","6","0","0","1","0","0","0","0",785302.75850899995,5830833.74261000101,13.20886994700,52.55264463900,"0"
"191419","11","0","01","001","2019","01","12","6","3","5","2","0","1","0","0","0","1","0",796230.77753199998,5828511.85701000039,13.36751332100,52.52599796800,"0"
"191420","11","0","02","002","2019","01","00","6","3","5","3","2","1","1","0","0","0","0",800119.07739400002,5825731.95021000039,13.42214957100,52.49895417200,"1"
"191421","11","0","11","011","2019","01","06","6","3","6","4","2","0","1","1","0","0","0",803297.67264400003,5826311.23806000035,13.46935863600,52.50238902800,"1"
"191422","11","0","10","010","2019","01","06","6","3","6","2","2","0","1","1","0","0","0",810915.12502100004,5829239.80932000000,13.58395911200,52.52434647800,"1"
"191423","11","0","03","003","2019","01","07","6","3","5","3","1","1","1","0","0","0","0",798347.31698200002,5838420.91328999959,13.40753232000,52.61366399300,"2"
"191424","11","0","07","007","2019","01","07","6","3","6","2","1","0","1","1","0","0","0",794807.57239099999,5824461.89817999955,13.34300897300,52.49046429300,"1"
"191425","11","0","02","002","2019","01","07","6","2","6","4","1","0","1","1","0","0","0",800728.15696599998,5828471.67855000030,13.43357050600,52.52317579000,"1"
"191426","11","0","07","007","2019","01","08","6","3","6","2","0","0","1","1","0","0","0",794426.77756099997,5822340.79753999971,13.33554355200,52.47165528700,"1"
"191427","11","0","01","001","2019","01","08","6","3","6","4","0","1","0","1","0","0","0",799722.76432800002,5827451.54117999971,13.41787708400,52.51458545100,"1"
"191428","11","0","07","007","2019","01","08","6","3","1","5","0","1","1","0","0","0","0",795383.50168099999,5824674.19857000094,13.35165502100,52.49205607700,"0"
"191429","11","0","10","010","2019","01","09","6","3","5","2","0","0","1","0","0","0","0",809592.16974399996,5828542.28536999971,13.56387238200,52.51884829600,"1"
"191430","11","0","01","001","2019","01","11","6","3","2","7","0","0","1","0","0","0","0",798476.01780499995,5826665.28942000028,13.39885404100,52.50822144900,"0"
"191431","11","0","08","008","2019","01","10","6","3","2","6","0","0","1","0","0","0","1",803593.26458800002,5818127.47525999974,13.46625507500,52.42887461500,"1"
"191432","11","0","12","012","2019","01","12","6","3","5","3","0","0","1","0","0","0","1",791009.04281400004,5831336.57450000010,13.29323712700,52.55413364500,"0"
"191433","11","0","01","001","2019","01","10","1","3","5","3","0","0","1","0","0","0","0",796401.62393700005,5826271.43493000045,13.36802841500,52.50582192600,"0"
"191434","11","0","02","002","2019","01","10","6","3","1","7","0","0","1","0","0","0","0",801302.16687900003,5827438.22859000042,13.44106944000,52.51359595000,"0"
"191435","11","0","01","001","2019","01","07","5","3","5","2","2","1","1","0","0","0","0",794577.31200000003,5829787.05300000031,13.34434170300,52.53832511800,"1"
"191436","11","0","01","001","2019","01","05","5","3","5","2","2","0","1","0","0","0","0",795522.70296899998,5828217.89286000002,13.35684534600,52.52374710300,"1"
"191437","11","0","04","004","2019","01","21","5","3","6","2","2","0","1","1","0","0","0",792295.04117900005,5825875.46712000016,13.30734977100,52.50448778800,"1"
"191438","11","0","09","009","2019","01","20","5","2","3","6","2","1","1","0","0","0","0",811813.97439600003,5818128.41368000023,13.58677819800,52.42426013200,"1"
"191439","11","0","07","007","2019","01","19","5","3","6","7","2","0","1","1","0","0","0",794039.67166899994,5821660.77137999982,13.32926165500,52.46576766000,"1"
"191440","11","0","10","010","2019","01","19","5","3","6","3","2","0","1","1","0","0","0",809554.07657699997,5834201.24189999979,13.56858609200,52.56958303900,"1"
"191441","11","0","11","011","2019","01","18","5","2","6","2","2","0","1","1","0","0","0",806327.03483699996,5833881.20347999968,13.52082593900,52.56854035100,"1"
"191442","11","0","03","003","2019","01","18","7","3","4","6","2","0","1","0","0","0","0",804114.51825900003,5841795.36041000020,13.49555408600,52.64071064800,"1"
"191443","11","0","01","001","2019","01","19","5","3","2","6","2","0","1","0","0","0","0",795780.42065099999,5831878.15044000000,13.36389136100,52.55641814000,"1"
"191444","11","0","01","001","2019","01","18","5","3","5","3","1","1","1","0","0","0","0",796972.82102599996,5831932.16504999902,13.38147634200,52.55625341100,"1"
"191445","11","0","02","002","2019","01","18","5","3","5","2","2","1","1","0","0","0","0",797663.41185999999,5826303.92147000041,13.38659316200,52.50542619500,"1"
"191446","11","0","08","008","2019","01","18","5","3","5","7","2","0","1","0","1","0","0",801806.34594100004,5822373.62652000040,13.44388946300,52.46792254500,"1"
"191447","11","0","09","009","2019","01","18","5","2","6","2","2","0","1","1","0","0","0",805021.37474700005,5822710.88843000028,13.49137971500,52.46915990600,"1"
"191448","11","0","01","001","2019","01","18","5","3","3","6","2","1","1","0","0","0","0",797479.14968100004,5827939.21014999971,13.38534817200,52.52018515300,"1"
"191449","11","0","02","002","2019","01","18","5","2","0","2","2","0","1","0","0","0","1",801214.30383600004,5828623.93154999893,13.44085218400,52.52427211700,"1"
"191450","11","0","04","004","2019","01","13","5","3","6","2","0","0","1","1","0","0","0",792076.72584700002,5826805.57046999969,13.30495862900,52.51294288800,"0"
"191451","11","0","01","001","2019","01","11","5","2","6","4","0","0","0","1","0","0","1",797241.92745900003,5829079.20629999973,13.38288122400,52.53053326000,"0"
"191452","11","0","06","006","2019","01","12","5","3","1","5","0","1","1","0","0","0","0",795101.92240100005,5818278.26274000015,13.34186436400,52.43487271700,"0"
"191453","11","0","04","004","2019","01","14","5","2","5","7","0","0","1","0","0","0","0",793918.28401199996,5825306.03070000000,13.33069373200,52.49851107100,"0"
"191454","11","0","04","004","2019","01","18","7","3","1","5","2","1","1","0","0","0","1",791116.69577100000,5824761.65251000039,13.28906465000,52.49513246000,"0"
"191455","11","0","06","006","2019","01","14","5","2","2","3","0","1","1","0","0","0","0",790189.32518799999,5815242.84185000043,13.26717138700,52.41028760500,"0"
"191456","11","0","01","001","2019","01","15","5","3","1","5","0","1","1","0","0","0","0",793488.31453600002,5828518.98548000026,13.32721169000,52.52754513100,"1"
"191457","11","0","07","007","2019","01","15","5","3","5","2","0","0","1","0","1","0","0",796383.92251499998,5819736.31219999958,13.36196045600,52.44724985800,"0"
"191458","11","0","07","007","2019","01","14","1","2","6","2","0","0","1","1","0","0","0",799069.39136400004,5813141.24026999902,13.39546382900,52.38667051100,"0"
"191459","11","0","04","004","2019","01","16","5","2","6","2","0","0","1","1","0","0","0",793436.36263300001,5823916.36612999905,13.32239100700,52.48631262100,"0"
"191460","11","0","07","007","2019","01","16","5","3","0","2","1","0","1","0","0","0","1",797303.00494899997,5817285.06611999962,13.37326407400,52.42477770300,"0"
"191461","11","0","04","004","2019","01","17","5","3","2","1","1","0","1","0","0","0","0",794423.50850700005,5825451.06666999962,13.33824293600,52.49953889700,"1"
"191462","11","0","04","004","2019","01","17","5","3","1","5","1","0","1","0","0","0","0",790463.63088399998,5822808.58755000029,13.27777001100,52.47797091900,"1"
"191463","11","0","09","009","2019","01","17","5","2","2","6","1","0","1","0","1","0","0",807427.79594600003,5818120.33060999960,13.52246990400,52.42666949500,"1"
"191464","11","0","08","008","2019","01","17","5","3","8","1","1","0","1","0","0","0","0",802492.82546700002,5820704.40127000026,13.45245172000,52.45258149000,"1"
"191465","11","0","11","011","2019","01","10","5","2","9","1","0","0","1","0","0","0","0",808692.14137400000,5834353.10041000042,13.55605025100,52.57143339300,"0"
"191466","11","0","08","008","2019","01","22","4","2","1","1","2","0","1","0","0","0","1",804670.08456700004,5816843.70837000106,13.48087493100,52.41676989900,"0"
"191467","11","0","01","001","2019","01","21","4","2","6","4","2","1","0","1","0","0","0",796774.75479000004,5830528.50688999891,13.37730887500,52.54377918400,"0"
"191468","11","0","01","001","2019","01","21","4","3","1","5","2","1","1","0","0","0","0",799013.92525299999,5828896.58074000012,13.40876155600,52.52792718500,"0"
"191469","11","0","03","003","2019","01","21","4","3","5","3","2","1","1","0","0","0","0",800158.71728999994,5831670.99010999966,13.42809246900,52.55216592100,"0"
"191470","11","0","01","001","2019","01","17","4","3","2","6","2","0","1","0","0","0","0",796528.26547700004,5828672.24383999966,13.37202852900,52.52727395100,"0"
"191471","11","0","05","005","2019","01","14","4","3","2","6","0","0","1","0","0","0","1",786774.41121000005,5828202.25439000037,13.22824462200,52.52827882600,"0"
"191472","11","0","11","011","2019","01","15","4","3","5","2","0","0","1","0","0","0","0",803882.32220900001,5827895.19871000107,13.47939143700,52.51626032500,"0"
"191473","11","0","12","012","2019","01","14","4","3","2","3","0","1","1","0","0","0","0",786427.13972800004,5837332.67045999970,13.23102465000,52.61032114400,"0"
"191474","11","0","04","004","2019","01","13","4","3","5","3","0","0","1","0","0","0","0",790492.07789199997,5826558.61973999999,13.28145777400,52.51157523200,"0"
"191475","11","0","05","005","2019","01","13","4","3","5","3","0","0","1","0","0","0","1",784032.54495000001,5827417.46499000024,13.18726568100,52.52267786300,"0"
"191476","11","0","04","004","2019","01","11","4","3","6","4","0","0","1","1","0","0","0",793341.73910400004,5827268.67014999967,13.32395452700,52.51641551900,"1"
"191477","11","0","08","008","2019","01","10","4","3","6","4","0","0","1","1","0","0","0",800632.91396499996,5822062.08595999982,13.42638692200,52.46577704100,"1"
"191478","11","0","03","003","2019","01","07","4","3","5","3","1","1","1","0","0","0","0",799979.52325500001,5831084.88001000043,13.42492801300,52.54701116200,"1"
"191479","11","0","07","007","2019","01","12","4","3","6","2","0","0","1","1","0","0","0",795888.04182000004,5816196.50719000027,13.35155297200,52.41578644000,"0"
"191480","11","0","06","006","2019","01","09","4","3","6","2","0","0","0","1","1","0","0",790650.50962499995,5817860.91901000030,13.27620701500,52.43351473100,"1"
"191481","11","0","11","011","2019","01","07","4","3","5","2","1","0","1","0","0","1","0",806092.18446100003,5831389.44625000097,13.51507387200,52.54634091000,"1"
"191482","11","0","07","007","2019","01","17","7","3","5","2","2","1","0","0","0","0","1",798697.84086600004,5816021.29346000031,13.39258843400,52.41268977400,"0"
"191483","11","0","03","003","2019","01","07","4","3","6","4","1","0","1","1","0","0","0",800705.54954799998,5830952.30680000037,13.43548259100,52.54542263500,"1"