OBJECTID,ULAND,UREGBEZ,UKREIS,UGEMEINDE,UJAHR,UMONAT,USTUNDE,UWOCHENTAG,UKATEGORIE,UART,UTYP1,ULICHTVERH,IstRad,IstPKW,IstFuss,IstKrad,IstGkfz,IstSonstig,LINREFX,LINREFY,XGCSWGS84,YGCSWGS84,STRZUSTAND
"191484","11","0","10","010","2019","01","07","4","3","5","3","1","1","1","0","0","0","0",813010.83530300006,5830201.99688000046,13.61565427500,52.53176963500,"1"
"191485","11","0","12","012","2019","01","08","4","3","5","2","0","0","1","0","0","0","0",795479.73324400000,5833414.80295000039,13.36083751400,52.57035600100,"1"
"191486","11","0","04","004","2019","01","09","4","3","5","3","0","0","1","0","0","0","0",793379.17565500003,5821960.21968000010,13.31983025400,52.46880718000,"1"
"191487","11","0","08","008","2019","01","15","4","3","6","2","0","0","0","1","0","0","1",800514.98298700002,5824466.16930999979,13.42682249400,52.48739066800,"0"
"191488","11","0","01","001","2019","01","12","3","3","5","2","0","1","1","0","0","0","0",797642.78017599997,5831852.41048000008,13.39125774600,52.55517277900,"0"
"191489","11","0","01","001","2019","01","22","3","2","0","1","2","0","0","0","1","0","0",797656.72781399998,5828081.41853000037,13.38808489200,52.52136297700,"1"
"191490","11","0","05","005","2019","01","18","3","3","6","2","2","0","1","1","0","0","0",785242.32801900001,5832250.66406000033,13.20919894200,52.56538018000,"1"
"191491","11","0","05","005","2019","01","17","3","3","9","1","2","0","1","0","0","0","0",782710.26434200001,5826940.25934000034,13.16742290200,52.51908629900,"1"
"191492","11","0","10","010","2019","01","12","3","3","2","2","0","0","1","0","0","0","0",806486.52164499997,5829660.63516000006,13.51927644000,52.53062536300,"1"
"191493","11","0","04","004","2019","01","20","3","3","0","3","2","0","0","0","1","0","1",788855.61811299995,5827183.00691999961,13.25795320400,52.51804214700,"1"
"191494","11","0","07","007","2019","01","17","7","3","5","2","1","0","1","0","0","0","0",798710.90564000001,5817580.32093000039,13.39417170000,52.42665756900,"0"
"191495","11","0","07","007","2019","01","20","3","3","5","3","2","0","1","0","0","0","1",797341.77713900001,5818586.03196000028,13.37498940500,52.43641860400,"0"
"191496","11","0","04","004","2019","01","16","3","3","0","1","2","0","0","0","1","0","0",787272.27372800000,5826012.67925999966,13.23367259300,52.50838583700,"1"
"191497","11","0","10","010","2019","01","16","3","2","6","2","2","0","1","1","0","0","0",809844.87025299994,5831011.17846999969,13.56988557500,52.54082990700,"1"
"191498","11","0","12","012","2019","01","16","3","3","0","5","0","0","1","0","1","0","0",791302.60050499998,5833223.85505999997,13.29921162800,52.57089578000,"1"
"191499","11","0","04","004","2019","01","14","3","3","2","2","0","0","0","0","0","1","1",793915.16162999999,5825542.65600000042,13.33085669600,52.50063398000,"1"
"191500","11","0","05","005","2019","01","14","3","3","0","2","0","0","1","0","0","0","1",789043.33080000000,5829715.14941000100,13.26291345200,52.54064401800,"1"
"191501","11","0","12","012","2019","01","14","3","3","1","5","0","0","1","0","0","0","0",789962.86878400005,5835542.50860999897,13.28152780200,52.59239779700,"1"
"191502","11","0","03","003","2019","01","13","3","3","5","3","0","0","1","0","0","0","0",801752.64577700000,5829154.39630000014,13.44924444200,52.52872902700,"1"
"191503","11","0","08","008","2019","01","10","3","3","0","7","0","0","1","0","0","0","0",801144.16838499997,5823779.03297000099,13.43544000600,52.48088500200,"1"
"191504","11","0","02","002","2019","01","10","3","3","5","3","1","1","1","0","0","0","0",802909.37349499995,5827125.54495000094,13.46439647900,52.50990325300,"1"
"191505","11","0","03","003","2019","01","10","3","3","1","5","0","1","1","0","0","0","0",800728.07548500004,5831963.52044000011,13.43672955700,52.55447386900,"1"
"191506","11","0","03","003","2019","01","09","3","3","5","3","0","0","1","0","0","0","0",799604.28760200005,5834019.45361000020,13.42206025300,52.57352119900,"1"
"191507","11","0","01","001","2019","01","05","3","3","5","2","2","0","0","0","0","0","1",799242.90216599999,5828468.56788999960,13.41174163000,52.52396505900,"0"
"191508","11","0","02","002","2019","01","22","3","3","6","3","2","0","1","1","0","0","0",801645.54984400002,5826476.48070999980,13.44524266900,52.50478591400,"1"
"191509","11","0","03","003","2019","01","17","3","3","2","2","1","0","1","0","0","1","0",800672.32310699997,5830653.37182000000,13.43472350800,52.54276156400,"1"
"191510","11","0","06","006","2019","01","17","3","3","6","4","1","0","1","1","0","0","0",793679.23661400005,5818213.56697999965,13.32094019500,52.43505845600,"1"
"191511","11","0","12","012","2019","01","17","3","2","6","4","1","0","1","1","0","0","0",794899.25776299997,5836310.20799999963,13.35487398600,52.59662549900,"1"
"191512","11","0","08","008","2019","01","15","3","3","6","4","0","0","1","1","0","0","0",802531.42317900003,5822958.56790000014,13.45506114000,52.47276439200,"1"
"191513","11","0","04","004","2019","01","17","3","2","5","2","1","0","1","0","0","0","0",790476.05608000001,5826697.93848999962,13.28134395600,52.51283276600,"1"
"191514","11","0","05","005","2019","01","17","3","3","6","2","2","0","1","1","0","0","0",782373.00357199996,5830489.31311000045,13.16548121300,52.55108323500,"1"
"191515","11","0","01","001","2019","01","18","3","3","6","7","1","0","1","1","0","0","0",798164.70882599999,5826606.66088000033,13.39422821300,52.50786615000,"1"
"191516","11","0","04","004","2019","01","18","3","3","6","7","1","0","1","1","0","0","0",793854.42243599996,5826060.16650999896,13.33042119100,52.50530591500,"1"
"191517","11","0","05","005","2019","01","19","3","3","4","1","2","0","1","0","0","0","0",787170.48996000004,5830666.33824000042,13.23619687300,52.55016221400,"1"
"191518","11","0","01","001","2019","01","22","3","3","6","2","2","0","1","1","0","0","0",797473.82220499997,5826792.13040000014,13.38424438800,52.50990582900,"1"
"191519","11","0","08","008","2019","01","23","3","3","6","4","2","0","1","1","0","0","0",801439.10114799999,5823873.11875000037,13.43985486500,52.48156559300,"1"
"191520","11","0","09","009","2019","01","23","3","3","5","2","2","1","1","0","0","0","0",808983.62310099998,5818110.32899999991,13.54526994400,52.42570353000,"1"
"191521","11","0","01","001","2019","01","22","2","3","0","7","2","0","1","0","0","0","0",794536.33302999998,5829324.30262000021,13.34332911000,52.53419903800,"0"
"191522","11","0","01","001","2019","01","21","2","3","5","2","2","1","1","0","0","0","0",795230.52718400001,5826625.85264999978,13.35113863600,52.50963398300,"0"
"191523","11","0","04","004","2019","01","17","2","3","6","7","2","0","1","1","0","0","0",792105.18414899998,5825292.44386999961,13.30404912100,52.49936277400,"0"
"191524","11","0","08","008","2019","01","06","2","3","5","3","2","0","1","0","0","0","0",804454.46699200000,5816943.14355000108,13.47780475200,52.41778109600,"1"
"191525","11","0","12","012","2019","01","07","2","3","5","3","0","0","1","0","0","0","1",793557.97073399997,5834252.13642999902,13.33330499200,52.57890199100,"1"
"191526","11","0","07","007","2019","01","08","2","3","6","4","0","0","0","1","0","1","0",798054.20030499995,5815809.42721000034,13.38296465100,52.41114142400,"1"
"191527","11","0","01","001","2019","01","09","2","3","6","4","0","1","0","1","0","0","0",795324.89113799995,5827382.68981000036,13.35319667800,52.51636735800,"1"
"191528","11","0","07","007","2019","01","09","2","2","5","2","0","0","1","0","0","0","1",799260.92178300000,5816265.35240000021,13.40106069000,52.41456994000,"0"
"191529","11","0","06","006","2019","01","18","2","2","6","2","2","0","1","1","0","0","0",795445.10587500001,5817851.36840999965,13.34652066900,52.43086060200,"0"
"191530","11","0","04","004","2019","01","17","2","3","2","6","2","0","1","0","0","0","0",794262.44955999998,5825421.59391999990,13.33585112400,52.49936156200,"1"
"191531","11","0","07","007","2019","01","17","2","3","5","3","2","0","1","0","0","0","0",797674.48224100005,5819325.58813999966,13.38052788400,52.44286701800,"0"
"191532","11","0","03","003","2019","01","17","2","3","6","4","2","0","1","1","0","0","0",800697.82222900004,5830705.16932999901,13.43514526400,52.54321176300,"1"
"191533","11","0","01","001","2019","01","20","2","3","6","7","2","0","1","1","0","0","0",798766.21580799995,5828142.29660000000,13.40444333600,52.52130190900,"0"
"191534","11","0","08","008","2019","01","17","2","3","6","4","2","0","1","1","0","0","0",802285.01483100001,5822856.85457000043,13.45135227300,52.47198913900,"1"
"191535","11","0","07","007","2019","01","16","2","3","6","4","2","0","1","1","0","0","0",797337.54426700005,5822179.20830000006,13.37812640500,52.46863023100,"1"
"191536","11","0","04","004","2019","01","16","7","2","5","2","1","0","1","0","0","0","0",790850.87199999997,5826736.00800000038,13.28688487200,52.51297432200,"0"
"191537","11","0","09","009","2019","01","16","2","3","6","4","0","0","1","1","0","0","0",810989.11674500001,5821740.28880999982,13.57804745300,52.45709767900,"2"
"191538","11","0","09","009","2019","01","16","2","3","5","3","0","0","1","0","0","0","0",809456.82406500005,5819065.71012999956,13.55309111200,52.43399816500,"1"
"191539","11","0","07","007","2019","01","16","2","2","6","4","2","0","1","1","0","0","0",797789.54461200000,5819621.72130999900,13.38247967000,52.44545889900,"0"
"191540","11","0","10","010","2019","01","14","2","3","5","3","0","0","1","0","0","0","0",807809.07866799994,5830769.89716000017,13.53973904900,52.53982131100,"1"
"191541","11","0","04","004","2019","01","15","2","3","6","4","0","0","1","1","0","0","0",788914.72513599996,5825680.75416999962,13.25751772500,52.50454263500,"0"
"191542","11","0","03","003","2019","01","14","2","3","5","2","0","0","1","0","0","0","0",804491.19347099995,5840931.58414999954,13.50030749300,52.63275817900,"1"
"191543","11","0","02","002","2019","01","13","2","3","0","6","0","0","1","0","1","0","0",800510.28378599999,5826667.64914999902,13.42873961700,52.50712586900,"1"
"191544","11","0","05","005","2019","01","13","2","3","5","2","0","0","1","0","0","0","0",784666.89396000002,5829708.81469999999,13.19855259100,52.54289129200,"0"
"191545","11","0","01","001","2019","01","14","7","2","0","3","0","0","1","0","0","0","1",799106.44085699995,5828313.41559000034,13.40959672100,52.52264922400,"0"
"191546","11","0","08","008","2019","01","13","2","2","5","3","0","0","1","0","1","0","0",800976.16241500003,5823490.13033999968,13.43271278200,52.47838810100,"0"
"191547","11","0","07","007","2019","01","11","2","3","5","2","0","1","1","0","0","0","0",800015.02926700003,5813266.69916000031,13.40942967700,52.38727814300,"0"
"191548","11","0","06","006","2019","01","13","7","3","2","1","0","0","1","0","0","0","0",796059.15298999997,5817549.51016999967,13.35525884900,52.42782268600,"0"
"191549","11","0","07","007","2019","01","11","2","3","5","2","0","0","1","0","0","0","1",796045.03673399996,5822852.09037000034,13.35975209600,52.47536401200,"0"
"191550","11","0","05","005","2019","01","07","2","3","0","5","1","0","1","0","0","0","0",785042.61847400002,5826926.91775000095,13.20169257500,52.51775251100,"0"
"191551","11","0","03","003","2019","01","10","2","3","6","4","0","0","1","1","0","0","0",801852.90599999996,5831378.01999999955,13.45273785700,52.54860383100,"1"
"191552","11","0","12","012","2019","01","15","1","3","5","3","1","0","1","0","0","0","0",793277.56623500003,5837726.71984000038,13.33225562200,52.61020059400,"1"
"191553","11","0","01","001","2019","01","22","1","3","5","3","2","1","0","0","0","0","1",800068.16041200003,5828502.74620999955,13.42389990200,52.52381787000,"1"
"191554","11","0","11","011","2019","01","20","1","2","5","2","2","0","1","0","0","0","0",804274.01717000001,5827878.34439000022,13.48513061200,52.51589088700,"1"
"191555","11","0","03","003","2019","01","19","1","3","5","3","2","0","1","0","0","0","1",796952.06499999994,5835829.14300000016,13.38466093600,52.59119632300,"1"
"191556","11","0","08","008","2019","01","18","1","2","6","4","2","0","1","1","0","0","1",802574.21730000002,5823086.92427000031,13.45580568400,52.47389115300,"1"
"191557","11","0","04","004","2019","01","17","1","3","6","2","2","0","1","1","0","0","0",792080.15804600006,5825769.76023999974,13.30410016700,52.50365522200,"1"
"191558","11","0","10","010","2019","01","17","1","3","2","6","2","0","1","0","0","0","0",811156.80823199998,5829124.84917999990,13.58740239800,52.52317842100,"1"
"191559","11","0","12","012","2019","01","16","1","2","6","2","2","0","1","1","0","0","0",793415.88277100003,5836085.95077999961,13.33283809200,52.59541758300,"1"
"191560","11","0","05","005","2019","01","13","1","3","2","6","0","0","1","0","0","0","0",781430.34673400002,5830724.59927999973,13.15181463200,52.55368081900,"1"
"191561","11","0","01","001","2019","01","14","1","3","5","5","0","1","1","0","0","0","0",796243.28809799999,5826760.14357999992,13.36613733000,52.51028873900,"1"
"191562","11","0","02","002","2019","01","03","1","3","5","3","2","0","1","0","0","0","0",798837.59091300005,5825094.02713999990,13.40275572300,52.49393929800,"1"
"191563","11","0","08","008","2019","01","03","1","3","5","7","2","0","1","0","0","0","0",804289.82041699998,5819652.45595999993,13.47785642900,52.44215580700,"1"
"191564","11","0","06","006","2019","01","07","1","3","6","2","2","0","1","1","0","0","0",792248.38617299998,5816671.74873999972,13.29860505300,52.42200247600,"1"
"191565","11","0","01","001","2019","01","07","1","3","2","2","2","0","1","0","0","0","0",795531.94973300002,5830740.69531999994,13.35922458000,52.54635679800,"1"
"191566","11","0","05","005","2019","01","11","1","2","1","1","0","0","1","0","1","0","0",788076.01309200004,5827871.01248999964,13.24709147800,52.52462282100,"1"
"191567","11","0","11","011","2019","01","12","1","3","5","3","0","0","1","0","0","0","0",807046.81546099996,5824594.46470999904,13.52283752400,52.48490638600,"1"
"191568","11","0","04","004","2019","01","01","1","3","5","3","2","0","1","0","0","0","1",792441.42970500002,5824096.20277000032,13.30793827500,52.48845865700,"1"
"191569","11","0","09","009","2019","01","09","7","3","6","2","0","0","1","1","0","0","0",808240.59517800005,5821081.93731999956,13.53711736500,52.45275445200,"0"
"191570","11","0","07","007","2019","01","11","7","3","2","2","0","0","1","0","0","0","0",795306.52774399996,5825551.78980999906,13.35130257100,52.49996468600,"1"
"191571","11","0","08","008","2019","01","17","7","3","6","2","1","0","1","1","0","0","0",800319.21883699996,5816736.48696000036,13.41699711700,52.41821340900,"1"
"191572","11","0","07","007","2019","01","18","7","3","5","3","2","0","1","0","0","0","0",799074.22800000000,5821704.81699999981,13.40319114500,52.46343000500,"1"
"191573","11","0","10","010","2019","01","18","7","3","6","2","2","0","1","1","0","0","0",812099.44701899996,5831798.69749999978,13.60376182600,52.54660040400,"1"
"191574","11","0","07","007","2019","01","18","7","3","6","2","2","0","1","1","0","0","0",794966.47226399998,5825194.70717000030,13.34599132900,52.49694759900,"1"
"191575","11","0","07","007","2019","01","17","7","3","3","5","2","0","1","0","0","0","0",796527.70196099998,5815892.51804000046,13.36066144600,52.41271524200,"1"
"191576","11","0","04","004","2019","01","17","7","3","6","2","2","0","1","1","0","0","0",792983.76765299996,5826636.32799999975,13.31813745200,52.51093923500,"1"
"191577","11","0","07","007","2019","01","17","7","3","6","2","2","0","1","1","0","0","0",794966.38705400005,5825195.72362000030,13.34599097800,52.49695675700,"1"
"191578","11","0","05","005","2019","01","16","7","3","2","6","1","0","1","0","0","0","0",784726.02916599996,5828632.43785000034,13.19849987700,52.53320961700,"1"
"191579","11","0","01","001","2019","01","15","7","3","2","6","1","0","1","0","0","0","0",797302.89977699996,5831244.53239999991,13.38571498300,52.54990954600,"1"
"191580","11","0","01","001","2019","01","14","7","3","5","3","0","0","1","0","0","0","0",798001.45672799996,5826778.89386999980,13.39198414600,52.50949920300,"1"
"191581","11","0","03","003","2019","01","11","7","3","5","3","0","0","1","0","0","0","0",797901.03831099998,5835185.57940999977,13.39804957100,52.58490879400,"1"
"191582","11","0","05","005","2019","01","11","7","3","2","6","0","0","1","0","0","0","1",784734.99763300002,5828656.16332999896,13.19865206300,52.53341765400,"1"
"191583","11","0","08","008","2019","01","20","7","3","6","4","2","0","1","1","0","0","0",803574.55048099998,5818136.25839000102,13.46598864600,52.42896372200,"1"
"191584","11","0","01","001","2019","01","21","7","3","2","1","2","0","1","0","0","0","0",797724.33220900001,5832903.58727000095,13.39340010800,52.56455060200,"1"
"191585","11","0","11","011","2019","01","23","7","3","6","4","2","0","1","1","0","0","0",807263.98904699995,5824386.60025999974,13.52583409200,52.48292130700,"1"
"191586","11","0","01","001","2019","01","23","7","2","0","4","2","0","0","1","1","0","0",794464.56451900001,5828354.32311000023,13.34141493400,52.52554260800,"1"
"191587","11","0","09","009","2019","01","13","6","3","0","3","0","0","1","0","0","0","1",810928.52418099996,5820527.37937999982,13.57602945600,52.44626257200,"0"
"191588","11","0","10","010","2019","01","19","7","3","6","2","2","0","1","1","0","0","0",809905.27919300005,5831566.06568999961,13.57129109300,52.54576818100,"1"
"191589","11","0","01","001","2019","01","19","7","3","8","1","2","0","0","0","1","0","0",799615.20219600003,5827979.33169000037,13.41677204500,52.51937536900,"1"
"191590","11","0","11","011","2019","01","17","7","2","0","7","2","1","0","0","0","0","0",805706.50983999996,5831402.22941000108,13.50941583000,52.54667201900,"1"
"191591","11","0","04","004","2019","01","13","7","3","0","1","0","0","0","0","1","0","0",789590.91931999999,5823347.62218999956,13.26542419400,52.48326699900,"1"
"191592","11","0","06","006","2019","01","18","7","1","6","4","2","0","1","1","0","0","1",790202.26477500005,5815162.65682000015,13.26729158300,52.40956185600,"1"
"191593","11","0","06","006","2019","01","17","6","3","0","7","1","0","1","0","1","0","0",795304.40100199997,5821047.07620999962,13.34728169000,52.45958418700,"1"
"191594","11","0","05","005","2019","01","18","6","3","5","5","2","0","1","0","1","0","0",784729.24537599995,5827543.38239999954,13.19761446900,52.52344345900,"1"
"191595","11","0","06","006","2019","01","17","6","3","0","4","1","0","1","1","0","0","0",795882.40665500006,5818137.79413000029,13.35318745300,52.43319187700,"1"
"191596","11","0","02","002","2019","01","15","6","3","4","6","0","1","1","0","0","0","0",801693.16330400005,5828103.34750999976,13.44741680700,52.51934134000,"1"
"191597","11","0","04","004","2019","01","20","6","2","5","3","2","0","1","0","0","0","0",793163.20161200000,5826876.65935999993,13.32098557800,52.51299730400,"1"
"191598","11","0","03","003","2019","01","18","7","3","0","1","2","0","0","0","1","0","0",800956.71133700002,5831213.87564000022,13.43941222500,52.54762842900,"1"
"191599","11","0","08","008","2019","01","19","6","3","5","3","2","0","1","0","0","0","0",800383.58007000003,5825121.48971000034,13.42548382400,52.49333686800,"1"
"191600","11","0","02","002","2019","01","19","6","3","1","5","2","1","1","0","0","0","0",797766.29893000005,5826438.75289000105,13.38822514800,52.50657865600,"1"
"191601","11","0","04","004","2019","01","17","6","2","6","2","2","0","1","1","0","0","0",791346.91500000004,5822564.97699999996,13.29052608900,52.47531645100,"1"
"191602","11","0","04","004","2019","01","17","6","3","6","2","2","0","0","1","0","0","1",792308.96054300002,5825393.39924999978,13.30713107800,52.50015870200,"1"
"191603","11","0","10","010","2019","01","16","6","3","6","2","2","0","1","1","0","0","0",810854.78905499994,5826866.36294999905,13.58085563700,52.50311144500,"1"
"191604","11","0","01","001","2019","01","15","6","3","5","3","1","1","1","0","0","0","0",797575.25751799997,5827894.40816000011,13.38672037500,52.51973112000,"1"
"191605","11","0","12","012","2019","01","15","6","3","2","6","0","0","1","0","0","0","0",790284.02864599996,5835028.97652000003,13.28580555700,52.58762272200,"1"
"191606","11","0","02","002","2019","01","14","6","2","6","4","0","1","0","1","0","0","0",802839.67220100004,5827471.65431000106,13.46368751300,52.51304408900,"1"
"191607","11","0","04","004","2019","01","14","6","3","5","2","0","1","1","0","0","0","0",792711.52301400003,5825638.20844999980,13.31325971700,52.50213755800,"1"
"191608","11","0","09","009","2019","01","14","6","3","5","3","0","0","1","0","0","0","0",808108.49597199995,5818398.27254999895,13.53270551600,52.42877758600,"1"
"191609","11","0","12","012","2019","01","09","1","3","1","5","0","0","1","0","0","0","1",791414.88926600001,5836569.72678000014,13.30380639800,52.60083042600,"0"
"191610","11","0","02","002","2019","01","14","6","3","5","7","0","1","1","0","0","0","0",799153.63497699995,5825784.30970000010,13.40801695700,52.49995358200,"1"
"191611","11","0","11","011","2019","01","02","7","2","5","3","2","0","1","0","0","0","1",807317.02165699995,5824793.60030000005,13.52698779900,52.48653905800,"0"
"191612","11","0","04","004","2019","01","13","6","3","6","3","0","0","1","1","0","0","0",789003.24358300003,5826972.46676999982,13.25993988800,52.51607637500,"1"
"191613","11","0","11","011","2019","01","13","6","3","5","3","0","1","1","0","0","0","0",807117.85052600002,5825776.97886000015,13.52497014000,52.49546432500,"1"
"191614","11","0","07","007","2019","01","11","6","3","6","4","0","0","1","1","0","0","0",794839.41886400001,5823915.24213000108,13.34299303800,52.48554666600,"1"
"191615","11","0","05","005","2019","01","13","1","3","5","2","0","0","1","0","0","0","0",785189.90787400003,5829737.09331999999,13.20626822800,52.54287132000,"0"
"191616","11","0","07","007","2019","01","11","6","3","5","3","0","0","1","0","0","0","0",796348.25786600006,5825091.47822999954,13.36619443900,52.49527370000,"1"
"191617","11","0","07","007","2019","01","10","6","3","5","2","0","0","1","0","0","0","0",797323.29695500003,5821758.32823999971,13.37754227300,52.46486522100,"1"
"191618","11","0","11","011","2019","01","13","7","3","2","6","0","0","1","0","0","0","0",806048.02868700004,5826582.78008999955,13.51000132800,52.50328710000,"1"
"191619","11","0","07","007","2019","01","10","6","3","5","3","0","1","1","0","0","0","0",796115.26424399996,5824947.36655000038,13.36264438800,52.49410832200,"1"
"191620","11","0","12","012","2019","01","10","6","2","5","7","0","0","1","1","0","0","0",790033.41833000001,5835368.87390000001,13.28241432100,52.59080355700,"1"
"191621","11","0","04","004","2019","01","09","6","3","2","6","0","0","1","0","0","0","0",791565.44499999995,5827521.55900000036,13.29807329800,52.51963517500,"1"
"191622","11","0","03","003","2019","01","08","6","3","0","7","0","1","0","0","0","0","0",802580.25998099998,5829428.16497999988,13.46165635300,52.53072406300,"1"
"191623","11","0","10","010","2019","01","08","6","3","6","4","0","0","1","1","0","0","0",812386.45463800000,5824379.10355000105,13.60101615500,52.47994797100,"1"
"191624","11","0","09","009","2019","01","08","6","3","1","5","1","0","1","0","0","0","0",807957.04574300000,5817331.99610000011,13.52950349200,52.41930667100,"1"
"191625","11","0","02","002","2019","01","14","6","2","0","3","0","0","1","0","0","0","1",800638.77295799996,5825687.56548000034,13.42974219700,52.49827029400,"1"
"191626","11","0","12","012","2019","01","00","7","3","6","4","2","0","1","1","0","0","0",793678.12577200006,5833318.33320000023,13.33424603600,52.57046622800,"2"
"191627","11","0","09","009","2019","01","07","6","3","5","2","2","1","1","0","0","0","0",812066.20512000006,5821345.41705000028,13.59347894400,52.45294521400,"1"
"191628","11","0","09","009","2019","01","13","6","3","2","7","0","0","1","0","0","0","1",811386.35286200000,5820133.23945999984,13.58237678800,52.44246995600,"1"
"191629","11","0","07","007","2019","01","17","5","3","1","7","1","0","1","0","0","0","0",796249.67444099998,5815783.93412000034,13.35648958400,52.41189239300,"0"
"191630","11","0","07","007","2019","01","15","5","3","1","5","0","1","1","0","0","0","0",798854.11811299995,5814382.25748000015,13.39341663900,52.39791234800,"1"
"191631","11","0","05","005","2019","01","09","5","2","4","7","0","0","1","0","0","0","1",784753.62794000003,5826613.35639999993,13.19717673800,52.51509208800,"0"
"191632","11","0","05","005","2019","01","08","5","3","5","3","0","1","1","0","0","0","0",782166.55966699996,5820304.84996000025,13.15381228200,52.45987125700,"0"
"191633","11","0","08","008","2019","01","08","5","2","0","7","0","0","1","0","0","0","1",800748.36516799999,5823739.01551999990,13.42959320900,52.48074443600,"1"
"191634","11","0","07","007","2019","01","07","5","2","6","4","0","0","1","1","0","0","0",793475.53958400001,5822279.37504999898,13.32152552900,52.47161654000,"1"
"191635","11","0","05","005","2019","01","07","7","3","2","6","1","0","1","0","0","0","0",784651.48475099995,5827814.71930000000,13.19670369300,52.52591687700,"0"
"191636","11","0","11","011","2019","01","07","5","2","6","4","1","0","1","1","0","0","0",805042.68767599994,5833519.31945000030,13.50160230000,52.56601822200,"1"
"191637","11","0","07","007","2019","01","07","5","3","6","2","2","0","1","1","0","0","0",798480.03831099998,5819047.37875000108,13.39209606000,52.43993408500,"1"
"191638","11","0","01","001","2019","01","07","5","2","6","4","2","0","1","1","0","0","0",796708.23756000004,5831916.14747999981,13.37757080500,52.55625404500,"1"
"191639","11","0","01","001","2019","01","13","7","3","0","7","0","0","1","0","0","0","1",797904.24108700000,5827375.02833999973,13.39108957100,52.51489590900,"0"
"191640","11","0","11","011","2019","01","16","5","2","0","6","2","0","1","0","0","0","1",805253.08637999999,5834308.50533000100,13.50542306500,52.57297320600,"0"
"191641","11","0","08","008","2019","01","19","5","3","5","3","2","0","1","0","0","0","0",800877.28520899999,5820926.16925000027,13.42894942600,52.45546088100,"0"
"191642","11","0","09","009","2019","01","15","7","2","6","2","0","0","1","1","0","0","0",812045.00497699995,5821382.09535000101,13.59320224500,52.45328600300,"0"
"191643","11","0","11","011","2019","01","19","5","3","4","5","2","0","1","0","0","0","0",804464.43515000003,5828170.77245000098,13.48819570100,52.51840553300,"0"
"191644","11","0","02","002","2019","01","13","7","3","5","2","0","1","1","0","0","0","0",802616.69700000004,5827005.74199999962,13.45998818800,52.50899190100,"0"
"191645","11","0","07","007","2019","01","10","7","2","5","3","0","0","1","0","0","0","0",800194.01114900003,5813681.92038000003,13.41242361600,52.39090202900,"0"
"191646","11","0","03","003","2019","01","16","5","3","2","6","1","0","1","0","0","0","1",801236.48209900002,5833180.14879000094,13.44531002700,52.56509760500,"0"
"191647","11","0","02","002","2019","01","16","5","3","5","3","2","1","1","0","0","0","0",801104.64442699996,5827046.20015999954,13.43781285100,52.51019119700,"0"
"191648","11","0","08","008","2019","01","14","5","3","1","5","0","0","1","0","0","0","0",806821.37653100002,5816427.27988999896,13.51202679800,52.41183604700,"0"
"191649","11","0","12","012","2019","01","09","7","3","2","6","0","0","1","0","0","1","0",793214.43966799998,5832428.04657999985,13.32663703600,52.56273528300,"1"
"191650","11","0","04","004","2019","01","14","5","3","1","5","0","1","1","0","0","0","0",793661.28768800001,5825550.70163999964,13.32713454000,52.50084278700,"1"
"191651","11","0","11","011","2019","01","09","7","3","4","6","0","1","1","0","0","0","1",806625.43213299999,5825212.51087999996,13.51722006200,52.49068227100,"0"
"191652","11","0","01","001","2019","01","14","5","3","2","6","0","0","1","0","0","0","0",796769.11761900003,5831912.00537000038,13.37846246200,52.55618374400,"0"
"191653","11","0","07","007","2019","01","14","5","3","6","4","0","1","0","1","0","0","0",794891.05536899995,5823273.45464999974,13.34318356500,52.47976555600,"0"
"191654","11","0","12","012","2019","01","20","7","2","6","2","2","0","1","1","0","0","0",793005.23809000000,5835697.02558000013,13.32644888900,52.59215250300,"0"
"191655","11","0","08","008","2019","01","13","5","3","5","3","0","1","1","0","0","0","0",801637.56419900001,5822641.48782000039,13.44165454400,52.47041665400,"0"
"191656","11","0","08","008","2019","01","13","5","3","5","3","0","0","1","0","0","0","0",802586.50655499997,5819158.42147000041,13.45242599400,52.43867285600,"0"
"191657","11","0","02","002","2019","01","12","5","3","1","5","0","1","1","0","0","0","0",803465.92303599999,5827756.86890000012,13.47314766500,52.51525235300,"0"
"191658","11","0","12","012","2019","01","12","5","3","2","2","0","0","1","0","0","0","0",794132.15655700001,5833884.17934999894,13.34142784900,52.57529347100,"0"
"191659","11","0","07","007","2019","01","10","5","3","5","2","0","0","1","0","0","0","0",794983.13645700004,5823964.38233000040,13.34514688000,52.48590954800,"0"
"191660","11","0","03","003","2019","01","16","5","3","6","7","2","1","0","1","0","0","0",799348.94992899999,5831412.27706999891,13.41595175300,52.55029260400,"0"
"191661","11","0","12","012","2019","01","21","6","3","2","6","2","0","1","0","0","0","0",791228.83416700002,5830773.19484999962,13.29597562300,52.54896555900,"1"
"191662","11","0","10","010","2019","01","14","5","2","6","4","0","0","0","1","0","0","1",809945.56118700001,5831630.44034999982,13.57194329100,52.54632216000,"0"
"191663","11","0","10","010","2019","01","16","5","2","5","2","1","1","1","0","0","0","0",811947.61654199997,5828938.85113999993,13.59884613500,52.52105983400,"0"
"191664","11","0","12","012","2019","01","20","6","2","6","2","2","0","1","1","0","0","0",791921.02300000004,5831503.67200000025,13.30679720000,52.55514357400,"1"