OBJECTID,ULAND,UREGBEZ,UKREIS,UGEMEINDE,UJAHR,UMONAT,USTUNDE,UWOCHENTAG,UKATEGORIE,UART,UTYP1,ULICHTVERH,IstRad,IstPKW,IstFuss,IstKrad,IstGkfz,IstSonstig,LINREFX,LINREFY,XGCSWGS84,YGCSWGS84,STRZUSTAND
"191665","11","0","02","002","2019","01","22","5","2","6","4","2","0","1","1","0","0","0",800172.82608999999,5825048.38977000024,13.42232302600,52.49279758200,"0"
"191666","11","0","03","003","2019","01","20","5","3","5","3","2","1","1","0","0","0","0",799730.91204199998,5832503.34755999967,13.42255330100,52.55986218500,"0"
"191667","11","0","08","008","2019","01","11","4","3","2","6","0","0","0","0","0","1","1",802082.53215999994,5820666.27833000105,13.44639781000,52.45246667300,"1"
"191668","11","0","06","006","2019","01","17","4","3","2","6","1","0","1","0","0","0","0",795146.64509999997,5820004.31013999972,13.34404486300,52.45032163200,"1"
"191669","11","0","02","002","2019","01","20","4","3","5","3","2","0","1","0","1","0","0",798287.67002099997,5824774.71411000099,13.39439381400,52.49137785800,"1"
"191670","11","0","01","001","2019","01","20","4","3","2","6","2","0","1","0","0","0","0",799286.71799999999,5828484.80399999954,13.41240013700,52.52408654200,"1"
"191671","11","0","06","006","2019","01","19","4","3","5","3","2","1","1","0","0","0","0",794705.67910600000,5819228.83459000103,13.33689072100,52.44360777700,"1"
"191672","11","0","04","004","2019","01","10","4","3","1","5","1","1","1","0","0","0","0",793529.91449600004,5825947.16371999960,13.32555422800,52.50446757800,"1"
"191673","11","0","01","001","2019","01","20","7","3","2","6","2","0","1","0","0","0","0",796688.07883400004,5831951.89255999960,13.37730628000,52.55658544100,"0"
"191674","11","0","02","002","2019","01","08","4","3","3","6","0","1","0","0","0","0","1",803095.14208799996,5827081.84970000014,13.46708558200,52.50940843900,"1"
"191675","11","0","06","006","2019","01","16","4","3","5","3","2","1","1","0","0","0","0",787540.69496100000,5817030.74057000037,13.22987597200,52.42771517800,"1"
"191676","11","0","05","005","2019","01","16","4","3","0","2","1","1","1","0","0","0","0",784281.18245500000,5830372.88575999998,13.19344872600,52.54904676800,"1"
"191677","11","0","02","002","2019","01","18","4","3","5","3","2","0","1","0","0","0","0",800315.84153199999,5827620.45060999971,13.42674309500,52.51577321500,"1"
"191678","11","0","03","003","2019","01","10","1","3","5","3","0","0","1","0","0","0","0",799651.51123099995,5832791.19813999999,13.42164545500,52.56248598000,"0"
"191679","11","0","07","007","2019","01","13","4","3","1","5","0","1","1","0","0","0","0",797000.88511300005,5820419.99725000095,13.37161971600,52.45304367700,"0"
"191680","11","0","03","003","2019","01","18","4","3","2","2","2","0","1","0","0","0","0",802697.32785500004,5831786.29906000011,13.46552532900,52.55179461700,"0"
"191681","11","0","11","011","2019","01","18","4","3","2","6","2","0","1","0","0","0","0",806140.32169600006,5830160.43525000103,13.51464911100,52.53529921700,"0"
"191682","11","0","01","001","2019","01","18","4","3","6","4","2","0","1","1","0","0","0",796772.26800000004,5832418.20299999975,13.37896142700,52.56071950100,"0"
"191683","11","0","11","011","2019","01","07","4","3","2","6","0","0","1","0","0","0","0",807106.99918899999,5824823.51489999983,13.52393206800,52.48692532900,"2"
"191684","11","0","06","006","2019","01","17","4","2","6","4","0","0","1","1","0","0","0",794208.57939900004,5820908.63556000032,13.33107784600,52.45893417500,"0"
"191685","11","0","03","003","2019","01","18","5","3","2","2","1","0","1","0","0","0","0",799691.91823800001,5829228.37695000041,13.41902492400,52.53052892100,"0"
"191686","11","0","12","012","2019","01","07","4","3","6","4","0","0","1","1","0","0","0",796279.27040699997,5832416.61005999986,13.37170872100,52.56097369300,"0"
"191687","11","0","01","001","2019","01","06","4","3","5","2","1","1","1","0","0","0","0",794896.30303800001,5830252.47211000044,13.34944446900,52.54232471100,"0"
"191688","11","0","04","004","2019","01","08","4","3","6","4","0","0","1","1","0","0","0",791953.43941999995,5824759.06269000098,13.30135255800,52.49466229700,"0"
"191689","11","0","04","004","2019","01","08","4","3","6","4","0","0","1","1","0","0","0",793441.97489199997,5824063.12232000008,13.32260263300,52.48762521800,"0"
"191690","11","0","01","001","2019","01","08","4","3","1","5","0","1","1","0","0","0","0",797139.15076600004,5833204.10558000021,13.38506150900,52.56756406100,"0"
"191691","11","0","03","003","2019","01","09","4","3","6","2","0","0","1","1","0","0","0",799261.98956799996,5837648.84339999966,13.42030297800,52.60624086000,"0"
"191692","11","0","07","007","2019","01","11","4","3","5","2","0","1","1","0","0","0","0",794949.91406900005,5824666.12712000031,13.34528013800,52.49221818000,"1"
"191693","11","0","01","001","2019","01","11","4","3","5","2","0","1","1","0","0","0","0",799097.18459399999,5828456.72420000006,13.40958957800,52.52393885200,"0"
"191694","11","0","02","002","2019","01","11","4","3","0","3","0","0","1","0","0","0","1",799301.90557399997,5826176.60233999975,13.41054727500,52.50338861400,"0"
"191695","11","0","07","007","2019","01","15","5","3","5","2","0","1","1","0","0","0","0",794523.72072600003,5825186.40056999959,13.33948089300,52.49711224900,"0"
"191696","11","0","10","010","2019","01","12","4","3","6","4","0","0","1","1","0","0","0",808338.20900000003,5831339.16199999955,13.54804458900,52.54462382300,"0"
"191697","11","0","08","008","2019","01","12","4","3","6","3","0","0","1","1","0","0","0",801520.57067799999,5817350.68752999976,13.43516234200,52.42305821700,"0"
"191698","11","0","10","010","2019","01","17","4","3","6","2","2","0","1","1","0","0","0",812573.40914400003,5825142.22929999977,13.60447556000,52.48667951200,"0"
"191699","11","0","09","009","2019","01","12","4","3","5","7","0","0","1","0","0","0","1",805878.31364199996,5822759.56331999972,13.50400031100,52.46911705200,"0"
"191700","11","0","05","005","2019","01","18","5","3","6","2","2","0","0","1","0","0","1",782360.75269300002,5830508.48823000025,13.16531731800,52.55126151700,"0"
"191701","11","0","01","001","2019","01","17","4","3","6","4","2","1","0","1","0","0","0",795432.00002100004,5831608.64111999981,13.35852714500,52.55419135800,"1"
"191702","11","0","12","012","2019","01","15","4","3","2","6","0","0","1","0","0","0","0",795684.13177900005,5832532.91636999976,13.36305857800,52.56233976800,"0"
"191703","11","0","03","003","2019","01","08","4","3","5","3","0","0","1","0","1","0","0",799731.62009500002,5829841.01857999992,13.42016089200,52.53599843300,"0"
"191704","11","0","02","002","2019","01","19","3","2","6","4","2","0","1","1","0","0","0",800970.04957000003,5826064.01510000043,13.43494768800,52.50146191600,"0"
"191705","11","0","09","009","2019","01","17","3","3","4","3","2","0","1","0","0","0","0",822259.95269700000,5819254.11720000021,13.74096105500,52.42829490500,"0"
"191706","11","0","01","001","2019","02","11","6","1","6","2","0","0","0","1","0","0","1",794560.49699200003,5828452.04525000043,13.34291145700,52.52636679800,"1"
"191707","11","0","05","005","2019","01","18","3","3","2","6","2","0","1","0","0","0","0",783929.40158299997,5830120.88157000020,13.18805919800,52.54697075400,"1"
"191708","11","0","08","008","2019","01","18","3","3","2","6","2","0","1","0","0","0","0",801069.36780500005,5821999.63905999996,13.43273586800,52.46497699100,"0"
"191709","11","0","11","011","2019","01","16","3","2","6","4","0","0","1","1","0","0","0",805210.30004400003,5828461.20921000093,13.49942037600,52.52059165000,"1"
"191710","11","0","01","001","2019","01","16","4","3","6","4","0","1","0","1","0","0","0",794085.44222600001,5827801.16712000035,13.33535364100,52.52078852700,"0"
"191711","11","0","08","008","2019","01","17","3","3","3","6","2","0","1","0","0","0","0",803201.15222299995,5818388.65223000105,13.46074237800,52.43143299600,"1"
"191712","11","0","06","006","2019","01","16","3","2","6","4","1","0","1","1","0","0","0",793576.11911400000,5820618.69123999961,13.32154115800,52.45667503800,"0"
"191713","11","0","02","002","2019","01","16","3","3","1","5","2","1","1","0","0","0","0",802725.23062100005,5827436.21360999905,13.46197402800,52.51278996300,"0"
"191714","11","0","01","001","2019","01","16","3","3","2","6","2","1","1","0","0","0","0",799111.40996600001,5827120.15732999891,13.40859695500,52.51195068600,"0"
"191715","11","0","01","001","2019","01","16","3","3","5","2","2","0","1","0","0","0","0",796853.01130200003,5830641.17970000021,13.37856015700,52.54474653600,"1"
"191716","11","0","06","006","2019","01","16","3","2","6","4","0","0","1","1","0","0","0",791389.33128100005,5817837.09087000042,13.28702319600,52.43290803500,"0"
"191717","11","0","01","001","2019","01","16","3","3","5","3","1","1","1","0","0","0","0",797876.28921299998,5826766.36887999997,13.39013408700,52.50945529200,"1"
"191718","11","0","07","007","2019","01","09","5","3","5","3","0","0","1","0","0","0","0",797649.57895700005,5822184.01106000040,13.38271063200,52.46850336900,"1"
"191719","11","0","02","002","2019","01","16","3","3","6","4","0","0","1","1","0","0","0",798200.39690299996,5826387.35025000107,13.39455603900,52.50588080400,"1"
"191720","11","0","06","006","2019","01","15","3","3","5","7","0","0","1","0","0","0","0",795306.71080400003,5818397.41196000017,13.34497328500,52.43583029800,"1"
"191721","11","0","04","004","2019","01","18","4","3","2","2","2","0","1","0","0","0","0",793999.40022299998,5823931.39444999956,13.33067223700,52.48614444300,"0"
"191722","11","0","01","001","2019","01","07","3","3","0","5","0","1","0","0","0","0","0",794020.51413799997,5829170.53390999977,13.33561034000,52.53309910200,"2"
"191723","11","0","11","011","2019","01","20","3","2","0","1","2","1","0","0","0","0","0",804649.97643000004,5831115.50597999990,13.49362032600,52.54469409500,"1"
"191724","11","0","01","001","2019","01","15","3","3","5","3","1","1","1","0","0","0","0",796360.86057000002,5831925.96387000103,13.37247067500,52.55653118300,"0"
"191725","11","0","04","004","2019","01","14","3","3","2","6","0","0","1","0","0","0","0",788927.87650599994,5827612.14625000022,13.25938790500,52.52185123600,"0"
"191726","11","0","12","012","2019","01","13","3","3","2","6","0","0","1","0","0","0","0",790623.63578899996,5835957.56476000044,13.29161903200,52.59576602300,"0"
"191727","11","0","05","005","2019","01","13","3","3","6","4","0","0","1","1","0","0","0",788027.31964100001,5829548.27079000045,13.24782912800,52.53968589500,"0"
"191728","11","0","12","012","2019","01","06","5","3","3","6","2","0","1","0","0","0","1",791992.04084899998,5831674.40472999960,13.30799191600,52.55663606800,"0"
"191729","11","0","04","004","2019","01","13","3","3","0","3","0","0","1","0","1","0","0",792153.95569400000,5827387.86486000009,13.30660473000,52.51812166000,"0"
"191730","11","0","02","002","2019","01","22","3","3","5","7","2","0","1","0","0","0","0",798359.83455699997,5826535.37559999991,13.39703080700,52.50712049300,"0"
"191731","11","0","06","006","2019","01","22","3","3","5","2","2","0","1","0","0","0","0",792945.12187599996,5817751.31666000001,13.30976727000,52.43130812200,"0"
"191732","11","0","12","012","2019","01","11","5","3","6","2","0","0","0","1","0","1","0",791318.37400399998,5838660.83662000019,13.30422649200,52.61962822800,"0"
"191733","11","0","04","004","2019","01","10","3","3","2","6","0","1","1","0","0","0","0",793454.91076000000,5824439.99952000007,13.32312448100,52.49099682100,"1"
"191734","11","0","01","001","2019","01","08","3","3","1","5","0","1","0","0","0","1","0",794626.90517499996,5831293.95825999975,13.34640746900,52.55180658700,"1"
"191735","11","0","01","001","2019","01","08","3","3","5","2","0","1","0","0","0","0","1",799708.28415299999,5827840.62646999955,13.41801481800,52.51808094700,"1"
"191736","11","0","08","008","2019","01","13","4","3","5","3","0","1","1","0","0","0","0",803060.70119199995,5817397.38312000036,13.45778466700,52.42262599900,"0"
"191737","11","0","08","008","2019","01","07","3","3","6","2","0","0","1","1","0","0","0",801998.39804100001,5823295.20205000043,13.44754234300,52.47607663500,"1"
"191738","11","0","10","010","2019","01","06","3","2","6","4","1","0","1","1","0","0","0",810287.38492300001,5830965.12143000029,13.57634657900,52.54016538500,"1"
"191739","11","0","11","011","2019","01","02","3","3","6","4","2","0","1","1","0","0","0",805401.18687700003,5833282.52953999955,13.50665703000,52.56369506600,"1"
"191740","11","0","01","001","2019","01","09","3","3","1","5","0","1","1","0","0","0","0",800407.32450200000,5826730.98336999957,13.42728434100,52.50775025600,"0"
"191741","11","0","04","004","2019","01","21","2","3","5","3","2","0","1","0","0","0","0",793162.55573799997,5826882.53062999900,13.32098126000,52.51305028400,"0"
"191742","11","0","07","007","2019","01","11","2","3","5","2","0","1","1","0","0","0","0",795039.80051900004,5821908.71239999961,13.34416028100,52.46745115500,"1"
"191743","11","0","06","006","2019","01","18","5","3","1","5","2","1","1","0","0","0","0",793681.62520799995,5819252.03533999994,13.32188776300,52.44436673300,"0"
"191744","11","0","05","005","2019","01","20","2","3","6","7","2","0","1","1","0","0","0",789558.67581799999,5829288.49744000006,13.27011921000,52.53654540500,"1"
"191745","11","0","03","003","2019","01","17","2","3","2","6","1","1","0","0","0","0","1",804167.60731100000,5841063.76817000099,13.49566266500,52.63412416600,"1"
"191746","11","0","10","010","2019","01","20","2","2","5","3","2","0","1","0","0","0","0",812995.23753100005,5828482.53617999982,13.61380692900,52.51637052700,"1"
"191747","11","0","08","008","2019","01","18","2","2","6","2","2","0","1","1","0","0","0",800583.19935999997,5824578.71085999999,13.42792561600,52.48836186600,"1"
"191748","11","0","07","007","2019","01","17","2","3","6","2","2","0","1","1","0","0","0",799350.89800000004,5816114.54899999965,13.40224481500,52.41316897500,"1"
"191749","11","0","06","006","2019","01","17","2","2","6","4","2","0","1","1","0","0","0",794230.55419099994,5820895.58540000021,13.33138883400,52.45880535600,"1"
"191750","11","0","06","006","2019","01","17","2","3","2","2","2","0","1","0","0","0","0",792396.13217000000,5817836.17537000030,13.30178955700,52.43236258900,"1"
"191751","11","0","07","007","2019","01","16","2","2","5","3","1","0","1","0","1","0","0",798112.12280300003,5818348.38272999972,13.38607608700,52.43386900900,"1"
"191752","11","0","07","007","2019","01","08","2","3","0","1","0","1","0","0","0","0","0",796247.35891099996,5824305.95842999965,13.36401413500,52.48828698800,"2"
"191753","11","0","08","008","2019","01","15","2","3","5","3","1","1","1","0","0","0","0",802499.73602499999,5818946.99180999957,13.45096205000,52.43682577900,"1"
"191754","11","0","04","004","2019","01","08","2","3","2","6","0","0","1","0","0","0","0",792731.03447299998,5829907.45409999974,13.31730368700,52.54039937900,"1"
"191755","11","0","05","005","2019","01","15","2","2","5","3","0","0","1","0","0","0","0",785832.10104099999,5831732.77821999975,13.21743020900,52.56042762200,"1"
"191756","11","0","08","008","2019","01","16","5","3","5","3","1","1","1","0","0","0","0",803891.38523000001,5818944.95748000033,13.47136929500,52.43603613100,"0"
"191757","11","0","06","006","2019","01","09","2","3","1","1","0","0","1","0","0","0","1",788970.52987600002,5818166.90868000034,13.25182885700,52.43714819800,"2"
"191758","11","0","10","010","2019","01","20","2","3","5","3","2","0","1","0","0","0","0",811348.14312999998,5831843.89706999902,13.59276049900,52.54743530500,"1"
"191759","11","0","06","006","2019","01","15","2","3","5","2","0","0","1","0","1","0","0",795365.25898200006,5818449.57801999990,13.34587813100,52.43626632300,"0"
"191760","11","0","09","009","2019","01","13","2","3","5","3","0","1","1","0","0","0","0",807850.29020900000,5822047.75726999901,13.53228232900,52.46163018900,"1"
"191761","11","0","06","006","2019","01","08","2","3","0","1","0","1","0","0","0","0","0",787870.42104299995,5818935.63736999966,13.23635250400,52.44462054400,"2"
"191762","11","0","08","008","2019","01","08","5","3","3","6","0","0","1","0","0","1","0",805566.58590800001,5818578.88047999982,13.49560098700,52.43182187400,"0"
"191763","11","0","01","001","2019","01","13","2","3","2","6","0","0","1","0","0","0","1",796273.92404800002,5830397.29801000096,13.36982817100,52.54287560100,"0"
"191764","11","0","04","004","2019","01","08","2","3","0","1","0","1","0","0","0","0","0",790428.02618100005,5825937.22171999980,13.27997440500,52.50603845600,"2"
"191765","11","0","04","004","2019","01","06","2","2","6","2","2","0","1","1","0","0","0",791410.99622199999,5827471.69572999980,13.29575978600,52.51927071500,"1"
"191766","11","0","06","006","2019","02","13","6","3","2","6","0","0","1","0","0","0","0",794593.95928900002,5819172.28603999969,13.33520190600,52.44316104600,"0"
"191767","11","0","09","009","2019","01","06","2","2","6","2","2","0","1","1","0","0","0",809496.41259399999,5819862.72883000039,13.55440951500,52.44111855300,"1"
"191768","11","0","01","001","2019","01","19","2","3","6","2","2","0","1","1","0","0","0",794512.45427500003,5830640.41762000043,13.34414472400,52.54600997300,"0"
"191769","11","0","10","010","2019","01","13","2","3","5","2","0","0","1","0","0","0","0",813544.73285000003,5827163.20217000041,13.62063557200,52.50423247400,"0"
"191770","11","0","04","004","2019","01","09","4","3","5","2","0","0","1","0","0","0","0",793315.00580799999,5823784.52307999972,13.32049289000,52.48519590700,"0"
"191771","11","0","05","005","2019","01","06","2","2","5","3","2","1","1","0","0","0","0",788058.11650700006,5829192.59975000098,13.24797362400,52.53648087800,"1"
"191772","11","0","10","010","2019","01","19","2","2","6","4","2","0","1","1","0","0","0",807802.95036500006,5830173.30908999965,13.53909641000,52.53447820400,"1"
"191773","11","0","10","010","2019","01","12","2","2","5","2","0","0","1","0","1","0","0",809936.35708400002,5827047.62284999900,13.56753684000,52.50525825300,"0"
"191774","11","0","08","008","2019","01","05","2","3","5","7","2","1","0","0","0","0","1",803907.94677799998,5821675.56391999964,13.47409631000,52.46050098700,"1"
"191775","11","0","04","004","2019","01","19","2","3","5","3","2","0","1","0","0","0","0",791647.46273799997,5826418.88413999975,13.29831215700,52.50970599500,"1"
"191776","11","0","04","004","2019","01","09","5","3","0","2","0","1","1","0","0","0","0",791251.12880900002,5829731.13556999899,13.29538977300,52.53961174000,"1"
"191777","11","0","01","001","2019","01","05","2","3","6","2","2","0","1","1","0","0","0",794528.88393200003,5831557.07223000098,13.34519937800,52.55421821800,"1"
"191778","11","0","12","012","2019","01","19","2","3","6","2","2","0","1","1","0","0","0",794862.46141200000,5833050.13427000027,13.35143192000,52.56742178700,"1"
"191779","11","0","04","004","2019","01","14","4","3","5","7","0","0","1","0","0","0","1",792431.72800100001,5825396.08494000044,13.30893684100,52.50011700300,"1"
"191780","11","0","01","001","2019","01","10","2","3","1","5","0","0","1","0","0","0","0",793875.11062100006,5831584.43180999905,13.33560850000,52.55481663600,"1"
"191781","11","0","11","011","2019","01","18","2","3","2","2","2","0","1","0","0","0","0",803409.18624700001,5826631.55399999954,13.47128832900,52.50519796300,"1"
"191782","11","0","03","003","2019","01","10","2","3","5","3","0","1","1","0","0","0","0",799663.44725400000,5832816.88420000020,13.42184420900,52.56270964300,"1"
"191783","11","0","08","008","2019","01","22","4","3","5","7","2","0","1","0","0","0","1",800353.34901600005,5824231.43661000021,13.42423768700,52.48537561000,"0"
"191784","11","0","06","006","2019","01","10","2","3","0","3","0","1","1","0","0","0","0",788959.04404299997,5816405.44969999976,13.25013830800,52.42136182600,"2"
"191785","11","0","06","006","2019","01","18","2","2","6","2","2","0","1","1","0","0","0",794889.24402099999,5819743.80759999994,13.34003819500,52.44812527500,"1"
"191786","11","0","05","005","2019","01","09","2","3","0","5","0","1","1","0","0","0","0",789373.97806300002,5829812.60745999962,13.26786014800,52.54134225100,"2"
"191787","11","0","07","007","2019","01","09","2","3","2","2","0","0","1","0","0","0","0",798004.15531800000,5819645.90930000041,13.38564956300,52.44555879400,"1"
"191788","11","0","01","001","2019","01","18","2","2","5","3","2","1","1","0","0","0","0",797249.60212699999,5829764.83638999891,13.38360719400,52.53667494100,"1"
"191789","11","0","12","012","2019","01","08","2","3","0","1","0","1","0","0","0","0","0",790207.54141299997,5839954.30786000006,13.28899959900,52.63181839300,"2"
"191790","11","0","07","007","2019","01","13","5","3","1","5","0","1","1","0","0","0","0",794218.21667500003,5822611.83853000030,13.33272102800,52.47419741100,"0"
"191791","11","0","09","009","2019","01","09","2","2","0","1","0","1","0","0","0","0","0",821559.42251499998,5819114.73292000033,13.73055931100,52.42745819900,"2"
"191792","11","0","04","004","2019","01","11","2","3","6","2","0","0","0","1","0","0","1",791966.09077300003,5825240.10989999957,13.30196003600,52.49896804400,"0"
"191793","11","0","01","001","2019","01","02","1","3","1","7","2","0","1","0","0","0","0",795287.25433200004,5828524.42169000022,13.35365724700,52.52662245000,"1"
"191794","11","0","01","001","2019","01","11","1","3","6","7","0","0","1","1","0","0","0",798238.46721200005,5828757.90773000102,13.39724020000,52.52710894400,"1"
"191795","11","0","05","005","2019","01","19","1","3","6","2","2","0","1","1","0","0","0",785231.41572299995,5831827.23739000037,13.20867436200,52.56158952600,"1"
"191796","11","0","05","005","2019","01","19","1","3","2","6","2","0","1","0","0","0","0",786362.48602900002,5829159.86648000032,13.22301410800,52.53708105100,"1"
"191797","11","0","05","005","2019","01","20","1","3","6","4","2","0","1","1","0","0","0",783947.83779699996,5829087.19395999983,13.18744677100,52.53769299600,"0"
"191798","11","0","08","008","2019","01","11","1","3","5","3","0","0","1","0","0","0","0",801236.49541199999,5823388.13064999972,13.43644229300,52.47733032100,"1"
"191799","11","0","04","004","2019","01","08","1","2","1","1","0","0","1","0","0","0","0",792071.31166300003,5825297.79296999890,13.30355624400,52.49942885800,"1"
"191800","11","0","01","001","2019","01","04","1","3","5","3","2","0","1","0","0","0","1",796673.02569100005,5831931.25703999959,13.37706644900,52.55640866700,"0"
"191801","11","0","08","008","2019","01","18","1","3","2","6","2","0","1","0","0","0","0",801571.28751099994,5824050.32010000013,13.44195575500,52.48308090000,"1"
"191802","11","0","04","004","2019","01","18","1","2","6","2","2","0","1","1","0","0","0",792174.53879699996,5827292.99254000001,13.30682389100,52.51726012500,"1"
"191803","11","0","03","003","2019","01","05","5","3","0","6","2","0","1","0","0","0","1",800514.97009900003,5836163.61421000026,13.43740207900,52.59223748200,"1"
"191804","11","0","01","001","2019","01","18","1","3","2","6","2","0","1","0","0","0","0",794993.22718900000,5827254.82106999960,13.34820976800,52.51540060400,"1"
"191805","11","0","07","007","2019","01","18","1","2","6","4","2","0","1","1","0","0","0",798886.14987700002,5819088.28301999997,13.39808941800,52.44007894600,"1"
"191806","11","0","05","005","2019","01","17","1","3","5","3","2","0","1","0","0","0","0",785102.53570200002,5831666.93157000095,13.20664053900,52.56021974800,"1"
"191807","11","0","06","006","2019","01","16","1","3","5","2","2","1","1","0","0","0","0",790624.57499999995,5815222.26499999966,13.27353446900,52.40987224000,"1"
"191808","11","0","06","006","2019","01","15","1","3","4","6","0","1","1","0","0","0","0",791301.70784900000,5817703.78182999976,13.28562182100,52.43175957100,"1"
"191809","11","0","12","012","2019","01","21","7","3","4","6","2","0","1","0","0","0","0",789937.90157200000,5836472.86428000033,13.28197486300,52.60075168300,"1"
"191810","11","0","04","004","2019","01","22","7","2","6","4","2","0","1","1","0","0","0",792404.03810100001,5825018.27945000026,13.30819839900,52.49674490300,"1"
"191811","11","0","07","007","2019","01","14","7","2","0","7","0","0","1","0","0","0","0",799159.86032900005,5814216.47788999975,13.39774893600,52.39625941500,"1"
"191812","11","0","11","011","2019","01","13","7","3","6","4","0","0","0","1","0","0","1",805353.71853199997,5833248.84934999980,13.50592792300,52.56341983700,"2"
"191813","11","0","01","001","2019","01","15","5","3","5","7","0","1","0","0","0","0","1",799069.85904699995,5827094.87476000004,13.40796378600,52.51174684700,"0"
"191814","11","0","12","012","2019","01","13","7","3","5","3","0","0","1","0","0","0","0",796271.90563699999,5832762.79796999972,13.37190950300,52.56408089900,"1"
"191815","11","0","08","008","2019","01","12","7","3","6","4","0","0","1","1","0","0","0",801604.62898200005,5817441.51618000027,13.43647664500,52.42382602400,"1"
"191816","11","0","09","009","2019","01","11","7","2","4","6","0","0","1","0","0","0","0",803784.99134099996,5823282.04428000003,13.47375472600,52.47496796500,"1"
"191817","11","0","01","001","2019","01","19","5","3","1","5","2","1","1","0","0","0","0",798948.10199999996,5828428.24500000011,13.40737312200,52.52376533700,"0"
"191818","11","0","03","003","2019","01","11","7","3","5","3","0","0","1","0","0","0","0",799726.01705899998,5832496.90022999980,13.42247548600,52.55980709000,"1"
"191819","11","0","07","007","2019","01","10","7","2","1","5","0","0","1","0","0","0","0",799320.53180400003,5820527.98032000009,13.40575068500,52.45274637900,"1"
"191820","11","0","01","001","2019","01","08","7","3","2","6","0","0","1","0","0","0","0",796651.10432699998,5831920.22535999957,13.37673419100,52.55632172200,"1"
"191821","11","0","05","005","2019","01","22","7","3","6","7","2","0","1","1","0","0","0",783704.88966700004,5830202.99921999965,13.18482732700,52.54782400200,"1"
"191822","11","0","02","002","2019","01","21","7","3","5","7","2","0","1","0","0","0","0",801349.78131100000,5826458.74552999903,13.44088221400,52.50479038500,"1"
"191823","11","0","04","004","2019","01","20","7","3","6","7","2","0","1","1","0","0","0",792137.40053999994,5825322.15722000040,13.30454842500,52.49961190300,"1"
"191824","11","0","08","008","2019","02","22","6","3","4","5","2","1","0","0","0","0","1",800631.81496200000,5823089.62550000008,13.42729672600,52.47498788600,"0"
"191825","11","0","06","006","2019","01","20","7","3","6","2","2","0","1","1","0","0","0",790178.12420600001,5819768.77034000028,13.27093475700,52.45086999700,"1"
"191826","11","0","04","004","2019","01","17","7","3","0","3","1","1","1","0","0","0","0",791056.52080800000,5824827.52237999998,13.28823833400,52.49575507800,"1"
"191827","11","0","03","003","2019","01","04","7","3","9","1","2","0","1","0","0","0","0",800858.84650600003,5838764.33569999970,13.44482694900,52.61535761000,"2"
"191828","11","0","02","002","2019","01","12","4","3","5","3","0","1","1","0","0","0","0",797550.22372500005,5825154.34143999964,13.38390333700,52.49518326200,"0"
"191829","11","0","09","009","2019","01","18","7","3","6","2","2","0","1","1","0","0","0",805884.26882899995,5818982.36392000038,13.50062833000,52.43526058000,"1"
"191830","11","0","03","003","2019","01","17","7","3","5","3","1","0","1","0","0","0","0",799867.16214799997,5834294.35127000045,13.42617621800,52.57584040800,"1"
"191831","11","0","01","001","2019","01","17","7","3","5","2","1","0","1","0","0","0","0",797854.85288499994,5826860.53997999988,13.38990343600,52.51031112600,"1"
"191832","11","0","07","007","2019","01","17","7","2","5","3","1","1","1","0","0","0","0",797090.82142499997,5822167.27376000024,13.37449443000,52.46865747400,"1"
"191833","11","0","06","006","2019","01","00","7","3","1","5","2","0","0","0","1","1","0",794629.26078500005,5818129.88674999960,13.33480091200,52.43379739700,"1"
"191834","11","0","04","004","2019","01","12","5","3","5","3","0","0","1","0","0","0","0",793998.01483000000,5826068.08650999982,13.33253768000,52.50529955700,"0"
"191835","11","0","09","009","2019","01","17","7","3","6","4","1","0","1","1","0","0","0",811048.68381600000,5820499.25898000039,13.57776557600,52.44594222900,"1"
"191836","11","0","04","004","2019","01","16","7","3","2","2","1","0","1","0","0","0","0",791297.58013899997,5830670.85173000023,13.29689683400,52.54801131300,"1"
"191837","11","0","10","010","2019","01","13","5","3","2","6","0","0","1","0","0","0","0",807045.41061799997,5829121.96260999981,13.52699214000,52.52548323600,"0"
"191838","11","0","07","007","2019","01","16","7","3","3","6","1","1","0","0","0","0","1",794555.17125699995,5822540.78165000025,13.33760490700,52.47337881800,"1"
"191839","11","0","01","001","2019","01","18","6","3","2","6","2","0","1","0","0","0","0",795555.39692800003,5825769.19888999965,13.35515107300,52.50177885600,"1"
"191840","11","0","07","007","2019","01","20","4","3","2","6","2","0","1","0","0","0","0",795385.56623500003,5820977.94314000010,13.34841164400,52.45892059000,"0"
"191841","11","0","08","008","2019","01","22","6","3","5","2","2","1","1","0","0","0","0",801013.79489500006,5823905.80785000045,13.43364048900,52.48209320200,"1"
"191842","11","0","03","003","2019","01","21","6","2","0","7","2","0","1","0","0","0","1",800167.52938399999,5836913.52096000034,13.43296818000,52.59915084800,"0"
"191843","11","0","10","010","2019","01","12","6","3","9","1","0","0","1","0","0","0","0",807677.51094599999,5830789.62053999957,13.53782349400,52.54007236800,"2"
"191844","11","0","08","008","2019","01","19","6","3","0","5","2","1","1","0","0","0","0",800686.75279199996,5822950.80207000021,13.42797800400,52.47371332000,"1"
"191845","11","0","06","006","2019","01","07","6","3","0","1","1","1","0","0","0","0","0",792242.34385599999,5820561.32911000028,13.30191755700,52.45687560700,"1"