OBJECTID,ULAND,UREGBEZ,UKREIS,UGEMEINDE,UJAHR,UMONAT,USTUNDE,UWOCHENTAG,UKATEGORIE,UART,UTYP1,ULICHTVERH,IstRad,IstPKW,IstFuss,IstKrad,IstGkfz,IstSonstig,LINREFX,LINREFY,XGCSWGS84,YGCSWGS84,STRZUSTAND
"191846","11","0","01","001","2019","01","07","6","2","5","2","1","1","1","0","0","0","0",800161.81138199999,5827358.62887000106,13.42424382600,52.51351120500,"1"
"191847","11","0","06","006","2019","01","06","5","3","2","6","2","0","1","0","0","0","1",794076.03098100005,5818788.91655000020,13.32726640700,52.44000306900,"0"
"191848","11","0","01","001","2019","01","08","6","3","2","6","0","0","1","0","0","0","0",795191.71845599997,5827239.76522000041,13.35111301400,52.51515824500,"2"
"191849","11","0","01","001","2019","01","10","6","3","6","2","0","0","0","1","0","0","1",799663.74948000000,5827043.31799999997,13.41664243300,52.51095878900,"1"
"191850","11","0","04","004","2019","01","11","6","3","5","2","0","0","1","0","0","0","1",790209.28884000005,5826041.02170000039,13.27685117200,52.50708543400,"0"
"191851","11","0","07","007","2019","01","11","6","3","2","7","0","0","1","0","0","0","0",797276.13048399996,5823682.12201000098,13.37856458800,52.48213573300,"1"
"191852","11","0","11","011","2019","01","13","6","3","6","4","0","0","1","1","0","0","0",803977.96970400005,5826070.74048000015,13.47913064700,52.49985497600,"1"
"191853","11","0","11","011","2019","01","13","6","2","2","2","0","1","0","0","0","1","0",803345.67622300005,5826301.37995999958,13.47005469200,52.50227398800,"0"
"191854","11","0","09","009","2019","01","14","6","3","5","3","0","0","1","0","0","0","0",811576.97987399995,5820376.77682000026,13.58539938700,52.44454383600,"0"
"191855","11","0","12","012","2019","01","06","6","3","5","2","1","0","1","0","0","0","0",792827.96100000001,5836797.16700000037,13.32481224900,52.60211011500,"1"
"191856","11","0","02","002","2019","01","18","6","3","5","2","2","0","1","0","1","0","0",803398.25890200003,5826865.20703999978,13.47134075900,52.50729822400,"1"
"191857","11","0","09","009","2019","01","10","6","3","0","7","0","0","1","0","0","0","0",815143.02607599995,5821059.38657999970,13.63833818500,52.44861716800,"1"
"191858","11","0","08","008","2019","01","18","6","2","6","4","2","0","1","1","0","0","0",803739.37296700000,5817990.69648000039,13.46827320800,52.42756757900,"1"
"191859","11","0","09","009","2019","01","17","6","3","5","2","2","0","1","0","0","0","0",808089.69149500004,5818627.21477000043,13.53264072600,52.43083999200,"1"
"191860","11","0","07","007","2019","01","18","5","3","6","2","2","0","1","1","0","0","0",798445.73565399996,5821049.15868000034,13.39338139400,52.45789644000,"0"
"191861","11","0","04","004","2019","01","16","6","3","5","3","1","0","1","0","0","0","0",793965.78747200000,5824960.75248999894,13.33108677000,52.49539023800,"0"
"191862","11","0","04","004","2019","01","19","5","3","3","6","2","1","1","0","0","0","0",793253.61357499997,5826186.52852999978,13.32170600100,52.50676196300,"0"
"191863","11","0","11","011","2019","01","18","5","3","2","6","2","0","1","0","0","0","0",804146.28900500003,5829813.65890000015,13.48502404100,52.53330760000,"0"
"191864","11","0","08","008","2019","01","17","5","2","5","3","2","0","1","0","0","0","1",801616.60783899995,5821693.63619999960,13.44049025900,52.46193241400,"0"
"191865","11","0","06","006","2019","01","16","5","3","5","3","2","1","1","0","0","0","0",785322.43982400000,5817729.98642999958,13.19793640800,52.43514611100,"0"
"191866","11","0","10","010","2019","01","15","5","2","6","4","0","0","1","1","0","0","0",810137.01367699995,5833918.83184999973,13.57689558300,52.56672046300,"0"
"191867","11","0","06","006","2019","02","15","6","3","5","3","0","0","1","0","0","0","0",781877.51176499994,5813349.34809000045,13.14370637000,52.39765221900,"0"
"191868","11","0","10","010","2019","01","15","5","3","5","3","0","0","1","0","0","1","0",808889.96559000004,5833395.23601999972,13.55806806000,52.56273715100,"0"
"191869","11","0","08","008","2019","01","14","5","3","6","7","0","1","0","1","0","0","0",801181.72540700005,5821806.21886000037,13.43421021600,52.46318138500,"0"
"191870","11","0","09","009","2019","01","09","5","3","6","4","0","0","1","1","0","0","0",808338.75790600001,5819178.82473000046,13.53680122300,52.43564326200,"0"
"191871","11","0","09","009","2019","01","07","5","3","1","5","0","0","1","0","0","0","0",808370.12798899994,5816940.43556999974,13.53519776600,52.41556487000,"0"
"191872","11","0","07","007","2019","01","12","4","3","2","6","0","0","1","0","0","0","0",796601.27837600000,5823946.24227999989,13.36889114900,52.48487030400,"0"
"191873","11","0","05","005","2019","01","15","4","2","6","4","0","0","1","1","0","0","0",782033.37479499995,5827359.77575999964,13.15782921600,52.52319840100,"0"
"191874","11","0","08","008","2019","01","16","4","3","5","2","2","0","1","0","0","0","0",805548.32982700004,5818553.23586000036,13.49530986200,52.43160222800,"0"
"191875","11","0","09","009","2019","01","17","5","3","2","2","1","0","1","0","0","0","0",802351.51073200000,5824749.13611000031,13.45404417800,52.48891296500,"0"
"191876","11","0","01","001","2019","01","15","4","3","5","2","0","1","1","0","0","0","0",797623.84411299997,5827017.47317999974,13.38664992000,52.51184393200,"0"
"191877","11","0","07","007","2019","01","15","4","3","2","6","0","0","0","0","1","0","0",796334.46795500000,5825111.89651000034,13.36601007200,52.49546421900,"0"
"191878","11","0","03","003","2019","01","15","4","3","1","5","0","1","1","0","0","0","0",802687.71171800001,5831395.92298000026,13.46502809700,52.54830109700,"0"
"191879","11","0","03","003","2019","01","14","4","3","1","5","0","0","1","0","0","0","0",798667.21628399997,5831768.21342999954,13.40624746100,52.55385726100,"0"
"191880","11","0","04","004","2019","01","12","4","2","5","2","0","0","1","0","1","0","0",791577.62581700005,5825525.57954000030,13.29650365900,52.50173495000,"0"
"191881","11","0","03","003","2019","01","07","5","3","2","6","0","0","1","0","0","0","0",802865.25446400000,5833539.44890999980,13.46959434700,52.56741431100,"0"
"191882","11","0","09","009","2019","01","06","4","3","2","6","2","0","1","0","0","0","0",805742.42773800006,5820365.49043999985,13.49981370500,52.44773622300,"1"
"191883","11","0","09","009","2019","01","06","4","3","0","6","2","0","1","0","0","0","1",806348.20680399996,5821000.52010000031,13.50928182300,52.45308854400,"0"
"191884","11","0","02","002","2019","01","22","4","3","5","3","2","0","1","0","0","0","0",800307.65240599995,5827626.12057999987,13.42662789400,52.51582854600,"0"
"191885","11","0","03","003","2019","01","07","4","3","6","4","0","0","1","1","0","0","0",799534.19219500001,5837801.75762000028,13.42444896200,52.60746155200,"0"
"191886","11","0","04","004","2019","01","07","4","3","3","6","0","1","1","0","0","0","0",793935.14298200002,5825147.12170999963,13.33080113100,52.49707745100,"0"
"191887","11","0","01","001","2019","01","08","4","3","2","6","0","1","1","0","0","0","0",796949.36820300005,5829436.58480999898,13.37890034700,52.53389620800,"1"
"191888","11","0","09","009","2019","01","17","4","3","5","2","2","1","1","0","0","0","0",805008.52706400002,5822690.93792000040,13.49117292900,52.46898827000,"0"
"191889","11","0","04","004","2019","01","08","4","3","2","6","0","0","1","0","0","0","0",791618.31400200003,5827511.63447999954,13.29884157500,52.51951793200,"0"
"191890","11","0","04","004","2019","01","08","4","3","5","2","0","1","1","0","0","0","0",792596.06741200003,5828268.64690000005,13.31387663400,52.52578055100,"0"
"191891","11","0","05","005","2019","01","09","4","3","6","2","0","0","1","1","0","0","0",783828.63774899999,5830130.65612000041,13.18658556300,52.54711090300,"0"
"191892","11","0","07","007","2019","01","11","4","2","6","2","0","0","1","1","0","0","0",798696.27454999997,5816020.90555000026,13.39256512700,52.41268715200,"0"
"191893","11","0","12","012","2019","01","06","4","3","2","6","2","0","1","0","0","0","0",794631.05856399995,5836292.82957000099,13.35091036300,52.59661509100,"0"
"191894","11","0","08","008","2019","01","09","5","3","0","3","0","0","1","0","1","0","0",801715.46632100001,5824253.36189999990,13.44425625000,52.48482115100,"0"
"191895","11","0","06","006","2019","01","19","4","2","5","3","2","0","1","0","0","0","0",791684.96720499999,5818800.30833999999,13.29219998800,52.44138577000,"2"
"191896","11","0","02","002","2019","01","18","4","3","5","2","2","1","1","0","0","0","0",798489.36015900003,5825229.34190000035,13.39776292800,52.49534276300,"0"
"191897","11","0","04","004","2019","01","14","4","3","6","4","0","1","0","1","0","0","0",793339.52561400004,5826672.70060000010,13.32339663400,52.51107410300,"0"
"191898","11","0","04","004","2019","01","12","4","3","6","4","0","0","1","1","0","0","0",793229.10115600005,5823990.76283999998,13.31941287600,52.48709091800,"0"
"191899","11","0","08","008","2019","01","18","4","3","2","6","2","0","1","0","0","0","0",800904.34155600006,5824271.69701000024,13.43236385500,52.48543310300,"0"
"191900","11","0","06","006","2019","01","18","4","3","5","3","2","1","1","0","0","0","0",794486.93738500006,5821598.39788999967,13.33577141900,52.46496762800,"0"
"191901","11","0","03","003","2019","01","12","4","2","5","3","0","1","1","0","0","0","0",799664.40760999999,5832817.11062000040,13.42185853900,52.56271114400,"0"
"191902","11","0","02","002","2019","01","04","4","2","8","1","2","0","1","0","0","0","0",799457.91903300001,5824933.36385000031,13.41172117200,52.49215921300,"0"
"191903","11","0","04","004","2019","01","17","4","3","6","4","2","1","0","1","0","0","0",793847.12242300005,5825873.67282999959,13.33014935300,52.50363802500,"0"
"191904","11","0","07","007","2019","01","17","4","3","5","2","2","1","1","0","0","0","0",797945.39693900000,5822209.95720000006,13.38707568200,52.46857470000,"0"
"191905","11","0","02","002","2019","01","17","4","3","2","6","2","0","1","0","0","0","0",801389.27049799997,5828723.68544999976,13.44351372200,52.52506953500,"0"
"191906","11","0","02","002","2019","01","13","4","3","1","5","0","1","0","0","0","0","1",800297.03137900005,5825830.51711999997,13.42485204000,52.49973977200,"0"
"191907","11","0","06","006","2019","01","13","5","3","5","2","0","1","1","0","0","0","0",794140.60871299997,5817715.92360000033,13.32726962100,52.43034935000,"0"
"191908","11","0","08","008","2019","01","07","3","3","2","6","0","0","1","0","0","0","0",801254.50841999997,5819762.05133000109,13.43343422700,52.44481872400,"0"
"191909","11","0","03","003","2019","01","10","3","2","5","7","0","0","1","0","0","0","1",798662.66216499999,5831707.27555999998,13.40612567000,52.55331354100,"0"
"191910","11","0","01","001","2019","01","16","3","3","6","4","0","1","0","1","0","0","0",798172.95245800004,5830043.17571000103,13.39743028400,52.53866548400,"0"
"191911","11","0","04","004","2019","01","13","4","2","5","3","0","1","1","0","0","0","0",792916.93099999998,5826772.08399999980,13.31727490500,52.51219213300,"0"
"191912","11","0","11","011","2019","01","14","3","3","5","3","0","0","1","0","0","0","0",805124.02642899996,5830057.48909000028,13.49961761600,52.53494646700,"0"
"191913","11","0","03","003","2019","01","14","3","3","5","2","0","1","1","0","0","0","0",801080.09209199995,5830449.65369000100,13.44053359800,52.54071045000,"0"
"191914","11","0","06","006","2019","01","13","3","3","2","2","0","0","1","0","0","1","0",790562.62307099998,5821486.56185000110,13.27807192900,52.46606609300,"0"
"191915","11","0","06","006","2019","01","13","3","3","2","2","0","1","1","0","0","0","0",794120.97342199995,5820820.92475000024,13.32971491400,52.45819504000,"0"
"191916","11","0","08","008","2019","01","13","3","3","4","6","0","0","1","0","0","0","0",800580.88558300002,5819341.58064999897,13.42317469700,52.44142055900,"0"
"191917","11","0","10","010","2019","01","12","3","3","5","2","0","0","1","0","0","0","1",812385.12236200005,5824270.49086999893,13.60089485400,52.47897543100,"0"
"191918","11","0","12","012","2019","01","18","5","2","6","2","2","0","1","1","0","0","0",794420.62323499995,5836238.43769999966,13.34776417200,52.59624148500,"0"
"191919","11","0","03","003","2019","01","12","3","2","5","3","0","1","1","0","0","0","0",795623.34561800002,5834694.98723000102,13.36409180900,52.58175358800,"0"
"191920","11","0","08","008","2019","01","12","3","3","6","7","0","0","1","1","0","0","0",801969.82583200000,5820748.29124000017,13.44481844600,52.45326404100,"0"
"191921","11","0","08","008","2019","01","18","3","3","6","4","1","0","1","1","0","0","0",805274.35308000003,5816503.63071999978,13.48942233800,52.41338520500,"0"
"191922","11","0","08","008","2019","01","10","3","3","5","3","0","0","1","0","0","0","1",802266.25233399996,5823530.72087000031,13.45168758300,52.47803944300,"0"
"191923","11","0","08","008","2019","01","18","5","2","6","2","1","0","1","1","0","0","0",803146.56043600000,5818457.92021000106,13.46000465500,52.43208410200,"0"
"191924","11","0","11","011","2019","01","09","3","3","2","6","0","0","1","0","0","0","1",805195.70481899998,5829051.48089000024,13.49974758000,52.52589008400,"0"
"191925","11","0","04","004","2019","01","09","3","2","3","3","0","0","1","0","0","0","1",792845.11747399997,5825520.58849999961,13.31511880000,52.50101145100,"0"
"191926","11","0","03","003","2019","01","22","3","2","5","2","2","1","1","0","0","0","0",799688.24380699999,5829250.28411000036,13.41899066800,52.53072730400,"0"
"191927","11","0","04","004","2019","01","20","3","3","5","2","2","0","1","0","0","0","0",790559.05400000000,5827352.59200000018,13.28313525700,52.51865755400,"0"
"191928","11","0","12","012","2019","01","19","3","3","6","7","2","0","1","1","0","0","0",790201.63896100002,5835145.09458999895,13.28469455200,52.58870766900,"0"
"191929","11","0","06","006","2019","01","08","3","3","2","2","0","1","1","0","0","0","0",790139.06179700000,5819770.87779999990,13.27036338900,52.45090962500,"0"
"191930","11","0","02","002","2019","01","18","3","3","6","4","1","1","0","1","0","0","0",799047.60080000001,5825596.11912999954,13.40629059400,52.49832483400,"0"
"191931","11","0","10","010","2019","01","20","2","3","2","6","2","0","1","0","0","0","0",807823.27816700004,5830742.87777999975,13.53992272600,52.53957114600,"1"
"191932","11","0","10","010","2019","01","16","5","3","6","4","0","0","1","1","0","0","0",811119.60097599996,5830922.52068000007,13.58853810300,52.53930915100,"0"
"191933","11","0","09","009","2019","01","19","2","3","5","3","2","0","1","0","0","0","0",804871.05465599999,5822461.08459999971,13.48894542100,52.46700490900,"0"
"191934","11","0","01","001","2019","01","18","2","3","2","6","2","0","1","0","0","0","0",795552.44383999996,5830734.91547000036,13.35952078200,52.54629386900,"0"
"191935","11","0","04","004","2019","01","17","2","2","6","2","2","0","1","1","0","0","0",792176.19880799996,5827292.24753000028,13.30684763100,52.51725255700,"0"
"191936","11","0","11","011","2019","01","17","2","2","6","4","2","0","1","1","0","0","0",807525.89610699995,5827591.97456999961,13.53263795200,52.51150067100,"0"
"191937","11","0","09","009","2019","01","17","2","3","2","6","2","0","1","0","0","0","0",806027.17799999996,5823050.90400000010,13.50645218500,52.47164480500,"1"
"191938","11","0","04","004","2019","01","14","2","3","2","3","0","0","1","0","0","0","0",791624.93700799998,5824503.98663000111,13.29630423900,52.49255118300,"0"
"191939","11","0","07","007","2019","01","07","2","3","2","6","0","0","1","0","0","0","0",797248.85513200006,5820826.63587999996,13.37562006700,52.45655401500,"1"
"191940","11","0","07","007","2019","01","07","2","3","5","2","0","1","1","0","0","0","0",799964.72782599996,5821327.08184000012,13.41592005900,52.45955605100,"0"
"191941","11","0","03","003","2019","01","07","2","3","3","6","2","0","1","0","0","1","0",796786.75172099995,5835811.52907999977,13.38221198000,52.59112866400,"0"
"191942","11","0","12","012","2019","02","12","6","3","5","2","0","1","0","0","0","1","0",795278.03958700004,5836373.53538999893,13.36050644400,52.59698762800,"0"
"191943","11","0","06","006","2019","01","06","2","3","6","2","2","0","1","1","0","0","0",787643.50670100003,5818140.34258999955,13.23233853300,52.43760956100,"1"
"191944","11","0","09","009","2019","01","05","2","3","5","2","2","0","1","0","0","0","0",807683.09884200001,5817730.71475000028,13.52585451400,52.42303416100,"0"
"191945","11","0","08","008","2019","01","17","2","3","2","2","1","0","1","0","1","0","0",802329.60044199997,5816798.01989999972,13.44652440800,52.41765816700,"0"
"191946","11","0","01","001","2019","01","13","4","3","6","4","0","0","0","1","0","0","1",798321.98471899994,5829380.23269999959,13.39902607600,52.53264154800,"0"
"191947","11","0","09","009","2019","01","17","2","2","6","2","1","0","1","1","0","0","0",810361.98693200003,5823543.27756000031,13.57052415600,52.47361187400,"0"
"191948","11","0","07","007","2019","01","15","2","3","6","4","0","1","0","1","0","0","0",796338.03378199995,5823954.73677000031,13.36503337700,52.48508938700,"0"
"191949","11","0","10","010","2019","01","15","2","3","2","2","0","0","1","0","0","0","0",812265.88769500004,5827761.99284000043,13.60241736400,52.51033168300,"0"
"191950","11","0","04","004","2019","01","13","2","3","2","2","0","0","1","0","0","0","0",790292.05297299998,5826036.08973000105,13.27806288300,52.50699718500,"0"
"191951","11","0","08","008","2019","01","13","2","3","0","3","0","0","1","0","0","0","1",802722.40549100004,5819458.55511000101,13.45469097400,52.44128778100,"0"
"191952","11","0","02","002","2019","01","09","5","3","3","6","0","0","1","0","0","0","1",800127.28328700003,5825757.63255000021,13.42229323300,52.49917986000,"0"
"191953","11","0","02","002","2019","01","12","2","3","6","7","0","0","1","1","0","0","0",800189.91923799994,5824401.84331999999,13.42199161200,52.48699291600,"0"
"191954","11","0","08","008","2019","01","11","2","3","2","6","0","0","1","0","0","0","0",801219.40616999997,5821686.84870999958,13.43465544700,52.46209066400,"0"
"191955","11","0","04","004","2019","01","08","5","3","0","2","0","1","1","0","0","0","0",792255.29875800002,5826004.69051000103,13.30687934900,52.50566753600,"0"
"191956","11","0","01","001","2019","01","11","2","3","6","4","0","0","1","1","0","0","0",797640.19815600000,5828177.42838000041,13.38792790200,52.52223261200,"0"
"191957","11","0","06","006","2019","01","10","2","3","5","3","0","1","1","0","0","0","0",792344.47976899997,5820808.71004000027,13.30363305500,52.45903872600,"0"
"191958","11","0","01","001","2019","01","09","2","3","2","6","0","0","1","0","0","0","0",793422.64366599999,5829465.48323000036,13.32708192700,52.53606536000,"0"
"191959","11","0","01","001","2019","01","21","4","3","2","6","2","0","1","0","0","0","0",799567.76050700003,5828230.66911000106,13.41630129100,52.52165428200,"0"
"191960","11","0","05","005","2019","01","08","2","3","6","4","0","0","1","1","0","0","0",779819.38232900004,5830157.79846999981,13.12763832700,52.54942854400,"0"
"191961","11","0","04","004","2019","01","10","2","3","0","1","0","0","0","0","1","0","0",790898.91123600001,5826974.48768999893,13.28779925800,52.51508667000,"2"
"191962","11","0","01","001","2019","01","15","1","3","1","5","0","1","1","0","0","0","1",797738.33367600001,5831237.54250000045,13.39211159400,52.54960906800,"1"
"191963","11","0","01","001","2019","01","23","1","2","5","3","2","1","1","0","0","0","0",796637.16622100002,5829798.93226999976,13.37463454100,52.53731426800,"0"
"191964","11","0","06","006","2019","01","17","1","3","6","2","2","0","1","1","0","0","0",795116.58846300002,5821277.18407000042,13.34472890900,52.46174841900,"0"
"191965","11","0","04","004","2019","01","17","1","3","5","2","2","0","1","0","0","0","0",789487.53808800003,5830629.09078000020,13.27024156800,52.54860182400,"1"
"191966","11","0","04","004","2019","01","10","5","3","5","2","0","0","1","0","0","0","0",792191.30075399997,5827027.38858000003,13.30683695800,52.51487007000,"0"
"191967","11","0","01","001","2019","01","15","1","3","2","1","0","1","1","0","0","0","0",797677.58111100004,5829624.22305999976,13.38977262800,52.53518092400,"0"
"191968","11","0","08","008","2019","01","14","1","3","5","2","0","0","1","0","0","0","0",803724.11881000001,5818010.32277000044,13.46806736900,52.42775195700,"1"
"191969","11","0","12","012","2019","01","01","1","2","1","1","2","0","1","0","0","0","1",795863.86430200003,5832599.49247999955,13.36576167300,52.56283892200,"1"
"191970","11","0","01","001","2019","02","15","3","3","5","3","0","0","1","0","0","0","0",794050.01595999999,5832122.97661999986,13.33865799000,52.55954991900,"0"
"191971","11","0","12","012","2019","02","13","3","3","3","6","0","1","1","0","0","0","0",792530.89861599996,5833065.81629000045,13.31714433400,52.56882029300,"0"
"191972","11","0","01","001","2019","02","14","3","3","5","3","0","1","1","0","0","0","0",794455.02414300002,5828436.84121999983,13.34134778500,52.52628748000,"0"
"191973","11","0","03","003","2019","02","17","5","3","5","3","2","1","1","0","0","0","0",800191.79021799995,5830931.66480000038,13.42791047400,52.54552093300,"0"
"191974","11","0","09","009","2019","02","14","3","2","2","7","0","0","1","0","0","0","0",813042.93220699998,5821425.68367999978,13.60788076800,52.45310606900,"0"
"191975","11","0","09","009","2019","02","15","3","2","6","4","0","0","1","1","0","0","0",811563.20539300004,5818866.16153000109,13.58378941400,52.43101431000,"0"
"191976","11","0","06","006","2019","02","14","3","3","5","2","0","1","1","1","0","0","0",794767.90063000005,5819860.23369000107,13.33836062100,52.44923441200,"0"
"191977","11","0","04","004","2019","02","14","5","2","5","2","0","0","1","0","0","0","0",789835.07571700006,5827385.63458000030,13.27252415600,52.51933905700,"0"
"191978","11","0","04","004","2019","02","14","3","3","6","7","0","0","1","1","0","0","0",791581.98525499995,5825047.69067000039,13.29614929500,52.49744839200,"0"
"191979","11","0","05","005","2019","02","11","3","3","2","2","0","0","1","0","0","0","0",779587.97776499996,5827831.91748999897,13.12227721200,52.52869156400,"0"
"191980","11","0","05","005","2019","02","11","3","2","5","3","0","0","1","0","0","0","0",783057.67200000002,5829305.08499999996,13.17454284200,52.54010977700,"0"
"191981","11","0","06","006","2019","02","07","3","3","3","6","0","1","0","0","0","0","1",796398.76495099999,5816915.29282999970,13.35967714500,52.42195351700,"0"
"191982","11","0","02","002","2019","02","17","3","3","8","1","2","0","1","0","0","0","0",798311.67021100002,5825332.73830000032,13.39524591400,52.49636672700,"0"
"191983","11","0","04","004","2019","02","18","3","3","2","6","2","0","1","0","0","0","0",791979.75755099999,5824834.05504000001,13.30180484600,52.49532051400,"0"
"191984","11","0","08","008","2019","02","20","3","3","5","3","2","1","1","0","0","0","0",804138.08784399997,5817802.93701000046,13.47394853000,52.42566322900,"0"
"191985","11","0","08","008","2019","02","17","3","3","2","6","2","1","1","0","0","0","0",800683.72108399996,5822915.11433000024,13.42790133300,52.47339510600,"0"
"191986","11","0","01","001","2019","02","17","3","3","1","5","2","1","1","0","0","0","0",799467.60763400001,5826587.86060999893,13.41335112600,52.50698401300,"0"
"191987","11","0","02","002","2019","02","13","5","2","6","4","0","1","0","1","0","0","0",800799.87777100003,5825819.16270000022,13.43222712000,52.49936106500,"0"
"191988","11","0","07","007","2019","02","17","3","3","1","7","2","0","1","0","0","0","1",797965.95134999999,5819460.65517999977,13.38492390500,52.44391900800,"0"
"191989","11","0","02","002","2019","02","15","5","3","3","6","0","1","1","0","0","0","0",799237.09604400001,5824556.03392999899,13.40813954900,52.48889808000,"0"
"191990","11","0","08","008","2019","02","16","3","3","6","4","1","0","1","1","0","0","0",804992.28932200000,5817756.29626000021,13.48642976500,52.42476975400,"0"
"191991","11","0","01","001","2019","02","16","3","3","6","4","0","0","0","1","1","0","0",797029.68308400002,5830895.96136999968,13.38138562400,52.54693406600,"0"
"191992","11","0","12","012","2019","02","16","3","3","5","2","0","0","1","0","0","0","0",793545.00295700005,5834253.17889000103,13.33311508900,52.57891833200,"0"
"191993","11","0","05","005","2019","02","13","5","3","2","6","0","0","1","0","0","0","0",788032.28695800004,5829372.45131000038,13.24774975100,52.53810697500,"0"
"191994","11","0","05","005","2019","02","15","3","3","5","3","0","1","1","0","0","0","0",782906.12674800004,5827421.52857000101,13.17071115800,52.52329993900,"0"
"191995","11","0","04","004","2019","02","17","3","2","5","2","2","1","1","0","0","0","0",792948.96671499999,5825319.05678000022,13.31646704000,52.49914904400,"0"
"191996","11","0","12","012","2019","02","10","3","3","2","2","0","1","0","0","0","0","0",790812.65284999995,5834331.83005999960,13.29297464900,52.58109058600,"0"
"191997","11","0","01","001","2019","02","14","6","3","5","2","0","1","0","0","0","0","1",799110.87120299996,5828465.98142999969,13.40979903600,52.52401432100,"0"
"191998","11","0","06","006","2019","02","10","3","3","3","6","0","0","1","0","0","0","1",795229.32580800005,5818685.55162999965,13.34409273100,52.43845508400,"0"
"191999","11","0","05","005","2019","02","07","3","3","2","7","0","0","1","0","0","0","0",784649.63207399996,5827269.11431999970,13.19620945200,52.52102593300,"0"
"192000","11","0","01","001","2019","02","13","5","3","2","6","0","0","1","0","0","0","0",794636.32481500006,5826163.13480000012,13.34199901500,52.50580727600,"0"
"192001","11","0","02","002","2019","02","07","3","3","5","3","1","1","1","0","0","0","0",800365.02732300002,5827188.79982999898,13.42707614000,52.51187710500,"0"
"192002","11","0","02","002","2019","02","17","2","3","2","6","2","0","1","0","0","0","0",801647.92316899996,5825899.15283000097,13.44475455800,52.49960994100,"0"
"192003","11","0","02","002","2019","02","17","2","3","2","6","2","0","1","0","0","0","0",801647.92316899996,5825899.15283000097,13.44475455800,52.49960994100,"0"
"192004","11","0","11","011","2019","02","09","5","3","4","6","0","0","1","0","0","0","0",803446.22074999998,5828618.43358999956,13.47364408600,52.52298530600,"0"
"192005","11","0","04","004","2019","02","15","2","3","2","6","0","0","1","0","0","0","0",793931.96321299998,5826032.83860999905,13.33153620600,52.50501916600,"0"
"192006","11","0","03","003","2019","02","09","2","3","5","2","0","0","1","0","0","1","0",797872.65104200004,5836024.61500999890,13.39838618900,52.59244508400,"1"
"192007","11","0","09","009","2019","02","08","2","3","2","2","0","0","1","0","0","0","0",809791.11613800004,5820493.66060999967,13.55931626500,52.44660598600,"1"
"192008","11","0","01","001","2019","02","09","5","3","5","2","0","1","1","0","0","0","0",799054.30758400005,5828993.33970999904,13.40944208100,52.52877233500,"0"
"192009","11","0","09","009","2019","02","11","2","3","2","6","0","0","1","0","0","0","0",816108.70491400000,5813266.55594000034,13.64514201100,52.37823034200,"1"
"192010","11","0","01","001","2019","02","21","2","3","6","7","2","0","1","1","0","0","0",795518.13197900006,5828345.68010000046,13.35689172200,52.52489508500,"0"
"192011","11","0","04","004","2019","02","14","6","3","0","1","0","1","0","0","0","0","0",791554.61400499998,5822477.08126999903,13.29349861100,52.47441763600,"0"
"192012","11","0","09","009","2019","02","21","2","3","6","7","2","0","0","1","0","0","1",811054.77239699999,5818037.06450999901,13.57556412100,52.42387356600,"0"
"192013","11","0","05","005","2019","02","05","2","3","3","6","2","1","0","0","0","0","1",780912.82905299996,5828336.29714000039,13.14218186400,52.53253302700,"1"
"192014","11","0","10","010","2019","02","11","5","3","5","3","0","0","1","0","0","0","0",809336.89579600003,5832706.08765999973,13.56399804300,52.55630758700,"0"
"192015","11","0","12","012","2019","02","07","2","3","6","2","0","0","1","1","0","0","0",794963.03806499997,5832708.33005999960,13.35260761700,52.56430332000,"1"
"192016","11","0","08","008","2019","02","05","2","2","5","3","2","0","0","0","1","0","1",802278.55838700000,5823881.70093999989,13.45218640400,52.48117849200,"1"
"192017","11","0","08","008","2019","02","11","5","3","2","6","0","0","1","0","0","0","1",802106.78013400000,5823434.35276999976,13.44925931600,52.47726392100,"0"
"192018","11","0","05","005","2019","02","19","2","3","6","2","2","0","1","1","0","0","0",784548.11497500003,5828156.35969000030,13.19547651100,52.52903400100,"0"
"192019","11","0","01","001","2019","02","07","2","2","6","7","1","1","0","1","0","0","0",794191.23647600005,5827121.60190000013,13.33630745200,52.51463956300,"1"
"192020","11","0","08","008","2019","02","18","2","3","6","2","1","0","1","1","0","0","0",801524.01074900001,5817548.34260999970,13.43539093000,52.42482797500,"0"
"192021","11","0","01","001","2019","02","19","5","3","0","2","2","1","0","0","0","0","1",797685.72172300005,5827902.94046000019,13.38835123400,52.51974731100,"0"
"192022","11","0","07","007","2019","02","16","2","3","6","7","0","1","0","1","0","0","0",794861.28900100000,5825676.60035999957,13.34487305600,52.50132428900,"0"
"192023","11","0","11","011","2019","02","16","2","2","5","3","0","1","1","0","0","0","0",804303.75467599998,5830307.14039999992,13.48779016700,52.53764256700,"0"
"192024","11","0","08","008","2019","02","15","2","3","6","4","0","0","1","1","0","0","0",801430.71957399999,5820268.83855000045,13.43647627200,52.44926410700,"0"
"192025","11","0","04","004","2019","02","07","5","3","5","2","0","1","1","0","0","0","0",792489.51260799996,5824122.66765000019,13.30866763400,52.48867014900,"1"