OBJECTID,ULAND,UREGBEZ,UKREIS,UGEMEINDE,UJAHR,UMONAT,USTUNDE,UWOCHENTAG,UKATEGORIE,UART,UTYP1,ULICHTVERH,IstRad,IstPKW,IstFuss,IstKrad,IstGkfz,IstSonstig,LINREFX,LINREFY,XGCSWGS84,YGCSWGS84,STRZUSTAND
"192026","11","0","09","009","2019","02","15","2","2","0","1","0","1","1","0","0","0","0",811185.66302600002,5817766.29351999983,13.57723099000,52.42137260700,"0"
"192027","11","0","01","001","2019","02","14","2","3","2","6","0","0","1","0","0","0","0",797514.95881900005,5831010.25523999985,13.38862334600,52.54769377000,"1"
"192028","11","0","10","010","2019","02","12","2","3","2","6","0","0","1","0","1","0","0",812928.88398599997,5827928.14685000107,13.61231096400,52.51144070200,"0"
"192029","11","0","06","006","2019","02","07","5","3","5","3","0","0","1","0","0","0","0",792586.27517000004,5818924.36665000021,13.30553093000,52.44201644500,"0"
"192030","11","0","04","004","2019","02","12","2","3","6","2","0","0","1","1","0","0","0",790525.39849900000,5826497.05138999969,13.28189363700,52.51100552200,"1"
"192031","11","0","03","003","2019","02","08","2","3","5","7","0","0","1","0","0","0","1",799469.88591800001,5831030.81577999983,13.41738602900,52.54680694700,"1"
"192032","11","0","12","012","2019","02","08","2","3","5","7","0","0","1","0","0","0","1",791756.34380399995,5834578.04839999974,13.30707942700,52.58279265300,"1"
"192033","11","0","08","008","2019","02","07","5","3","5","2","0","0","1","0","0","0","1",801546.29087200004,5820647.21418999974,13.43851332300,52.45259186300,"1"
"192034","11","0","09","009","2019","02","18","2","3","6","4","1","0","1","1","0","0","0",804233.54298599996,5824169.61450999975,13.48114826500,52.48267336100,"0"
"192035","11","0","08","008","2019","02","16","1","3","2","2","2","0","1","0","0","0","0",800664.19349300000,5824380.21631999966,13.42893581300,52.48653809200,"1"
"192036","11","0","09","009","2019","02","21","1","3","2","7","2","0","1","0","1","0","0",809389.44907900004,5819628.75640999898,13.55262430100,52.43908223900,"1"
"192037","11","0","12","012","2019","02","16","5","3","5","2","0","1","1","0","0","0","0",792851.67101100006,5835170.06369999982,13.32372253300,52.58751129100,"0"
"192038","11","0","10","010","2019","02","15","1","3","5","2","0","0","1","0","0","0","0",811288.93156599998,5831562.99708999973,13.59162685300,52.54495192700,"1"
"192039","11","0","05","005","2019","02","01","1","3","8","1","1","0","1","0","0","0","0",784997.60049300001,5829401.60764999967,13.20315237300,52.53996400800,"1"
"192040","11","0","02","002","2019","02","18","1","2","2","6","2","1","1","0","0","0","0",799847.64634099999,5825811.42767999973,13.41823460700,52.49981576600,"1"
"192041","11","0","08","008","2019","02","07","5","3","0","3","0","0","1","0","1","0","0",806884.22559499997,5817354.09690000024,13.51379772000,52.42010734000,"0"
"192042","11","0","04","004","2019","02","19","1","2","6","2","2","0","1","1","0","0","0",791837.30729200004,5824702.00152000040,13.29959683000,52.49421285900,"1"
"192043","11","0","06","006","2019","02","18","1","2","8","1","2","0","1","0","0","0","1",793564.55092299997,5817986.52109999955,13.31905865000,52.43308461400,"1"
"192044","11","0","01","001","2019","02","09","1","3","2","6","0","0","1","0","0","0","0",795552.44383999996,5830734.91547000036,13.35952078200,52.54629386900,"1"
"192045","11","0","02","002","2019","02","02","1","3","5","3","2","0","1","0","0","0","1",798183.34699200001,5826499.56039999984,13.39440608400,52.50689594400,"0"
"192046","11","0","11","011","2019","02","10","6","3","5","2","0","1","1","0","0","0","0",805833.14046000002,5831863.72609000094,13.51170243900,52.55073699300,"0"
"192047","11","0","02","002","2019","02","03","7","3","0","1","2","1","0","0","0","0","0",800724.30144499999,5826537.61534000002,13.43176597200,52.50584241500,"0"
"192048","11","0","01","001","2019","02","01","7","2","8","1","2","0","1","0","0","0","0",794223.50648600003,5830421.66201000102,13.33970217700,52.54420510300,"0"
"192049","11","0","12","012","2019","02","23","7","3","0","3","2","0","1","0","1","0","0",794640.38277599995,5836270.78586999979,13.35102801100,52.59641243700,"1"
"192050","11","0","08","008","2019","02","23","7","3","2","6","2","0","1","0","0","0","1",803824.27756600000,5817909.91370999906,13.46944472400,52.42679638800,"1"
"192051","11","0","08","008","2019","02","21","7","3","6","4","2","0","1","1","0","0","0",802470.42691399995,5823158.05456000008,13.45434675400,52.47458618000,"0"
"192052","11","0","10","010","2019","02","14","5","3","6","4","0","0","1","1","0","0","0",809964.43854999996,5834535.87653999962,13.57493422100,52.57234833900,"0"
"192053","11","0","01","001","2019","02","14","7","3","0","7","0","0","1","0","0","0","1",796425.02735200000,5828596.96662999969,13.37044408600,52.52665531100,"0"
"192054","11","0","11","011","2019","02","20","7","3","5","2","2","0","1","0","0","0","0",804416.99520400004,5833377.31201000046,13.49226936200,52.56509570000,"1"
"192055","11","0","09","009","2019","02","18","7","3","2","6","2","0","1","0","0","0","0",809683.09624600003,5821311.77703000046,13.55849044300,52.45399897800,"1"
"192056","11","0","06","006","2019","02","05","5","3","3","6","2","0","1","0","0","0","0",796010.14368099999,5819872.04186999891,13.35659700500,52.44866907100,"0"
"192057","11","0","01","001","2019","02","17","7","3","9","1","2","0","0","0","0","0","1",799218.58948500000,5827172.35826999974,13.41021852100,52.51235980900,"0"
"192058","11","0","04","004","2019","02","15","7","3","5","2","0","0","1","0","0","0","0",793353.09817699995,5829678.81570000015,13.32624784900,52.53801521700,"0"
"192059","11","0","04","004","2019","02","15","7","3","5","2","0","0","1","0","0","0","0",793341.67299999995,5829714.92300000042,13.32611175300,52.53834505100,"0"
"192060","11","0","01","001","2019","02","11","6","2","6","2","0","0","0","1","0","1","0",796846.08339299995,5830319.92896999978,13.37817122400,52.54187066200,"0"
"192061","11","0","04","004","2019","02","14","7","3","3","6","0","1","1","0","0","0","0",794396.20077899995,5824180.07718000002,13.33671868300,52.48815993200,"0"
"192062","11","0","05","005","2019","02","14","7","3","0","2","0","1","1","0","0","0","0",787978.74416100001,5830394.27661000099,13.24784832900,52.54729635900,"0"
"192063","11","0","08","008","2019","02","09","5","3","0","1","0","1","0","0","0","0","0",803025.09445199999,5819379.62002000026,13.45905896300,52.44041264600,"1"
"192064","11","0","07","007","2019","02","20","7","2","5","3","2","0","1","0","0","0","0",797854.93713900005,5821887.66631999984,13.38546026300,52.46573504500,"1"
"192065","11","0","05","005","2019","02","20","7","2","6","4","2","0","1","1","0","0","0",784663.22256300005,5829717.35290999897,13.19850591600,52.54296976300,"1"
"192066","11","0","04","004","2019","02","13","7","3","2","6","0","0","1","0","0","0","1",794350.26755200000,5825430.16999000032,13.33714864300,52.49939108100,"0"
"192067","11","0","01","001","2019","02","14","4","3","5","2","0","1","1","0","0","0","0",795536.21998299996,5830472.57510999963,13.35904880500,52.54395102700,"0"
"192068","11","0","03","003","2019","02","13","7","3","5","3","0","0","1","0","0","0","0",798823.21273899998,5831623.56723000109,13.40841128700,52.55247516200,"0"
"192069","11","0","09","009","2019","02","13","7","3","2","6","0","0","1","0","0","0","0",810190.88478600001,5821526.51635000110,13.56613872900,52.45563550300,"0"
"192070","11","0","01","001","2019","02","12","7","3","5","2","0","1","1","0","0","0","0",794587.42498000001,5828438.76891999971,13.34329547400,52.52623323500,"1"
"192071","11","0","02","002","2019","02","07","4","3","2","2","0","1","1","0","0","0","0",801988.36942999996,5826925.11629000027,13.45068509000,52.50861742600,"0"
"192072","11","0","07","007","2019","02","12","7","2","5","2","0","1","1","0","0","0","0",799223.11573500000,5820044.14185000025,13.40388795100,52.44846273000,"0"
"192073","11","0","09","009","2019","02","12","7","3","2","6","0","0","1","0","0","0","0",806526.52156100003,5822524.43252000026,13.51329692400,52.46664643600,"0"
"192074","11","0","03","003","2019","02","14","7","3","5","3","0","1","0","0","0","0","1",801320.78248900000,5832448.91081999987,13.44588596900,52.55849685600,"0"
"192075","11","0","06","006","2019","02","18","5","2","0","3","1","0","0","0","0","0","1",793615.42087000003,5815913.52969000023,13.31798527900,52.41447344900,"0"
"192076","11","0","04","004","2019","02","10","6","3","1","5","0","0","1","0","0","1","0",794202.35450200003,5825661.73658999894,13.33518054900,52.50154671000,"0"
"192077","11","0","10","010","2019","02","12","6","3","5","3","0","0","1","0","0","0","0",809450.04480599996,5834612.14553000033,13.56743942000,52.57332450300,"0"
"192078","11","0","04","004","2019","02","13","4","3","5","3","0","0","1","0","0","0","0",789992.27300000004,5826317.66500000004,13.27390366800,52.50968098500,"0"
"192079","11","0","11","011","2019","02","09","6","2","5","3","0","0","1","0","0","0","0",805694.88332200004,5834155.69708000030,13.51178100600,52.57135576400,"0"
"192080","11","0","11","011","2019","02","14","6","3","0","7","0","0","0","0","0","0","1",803669.91371300002,5829506.62148999982,13.47774213200,52.53082132900,"0"
"192081","11","0","11","011","2019","02","15","4","3","5","3","0","0","1","0","0","0","0",805870.36334000004,5831421.10080000013,13.51184203700,52.54674918300,"1"
"192082","11","0","02","002","2019","02","23","6","3","6","7","2","0","1","1","0","0","0",802390.30241300003,5826832.82416999899,13.45650545900,52.50756757800,"0"
"192083","11","0","04","004","2019","02","09","6","3","0","6","0","0","1","0","0","0","0",790838.39038400003,5824734.27297999989,13.28495289500,52.49503537600,"0"
"192084","11","0","10","010","2019","02","05","6","3","6","4","2","0","1","1","0","0","0",808256.53083599999,5829821.65866999980,13.54543629700,52.53107044000,"0"
"192085","11","0","11","011","2019","02","15","4","2","3","6","0","0","1","0","1","0","0",804646.86253799999,5829931.81525999960,13.49248929000,52.53408703200,"1"
"192086","11","0","04","004","2019","02","15","6","2","5","2","0","0","1","0","1","0","0",794464.39619600005,5825853.14357999992,13.33919906900,52.50312121400,"0"
"192087","11","0","06","006","2019","02","17","6","3","5","2","1","0","1","0","0","0","0",795052.78967099998,5819615.41267000046,13.34232427500,52.44688604900,"0"
"192088","11","0","01","001","2019","02","18","6","3","6","4","1","0","1","1","0","0","0",797686.68924700003,5827897.21882000007,13.38836033200,52.51969549600,"0"
"192089","11","0","01","001","2019","02","21","5","2","5","2","2","1","0","0","0","1","0",796661.21907500003,5831953.42190000042,13.37691261800,52.55661378200,"0"
"192090","11","0","06","006","2019","02","02","6","2","5","3","2","0","1","0","0","0","0",791708.01487499999,5819371.45143999998,13.29303674100,52.44649379200,"1"
"192091","11","0","11","011","2019","02","05","6","3","5","3","2","0","1","0","0","0","0",805138.76537899999,5834437.67176000029,13.50386025300,52.57419493500,"0"
"192092","11","0","03","003","2019","02","05","6","3","2","6","2","0","1","0","0","0","0",795912.52191000001,5835398.81948999967,13.36897574800,52.58790549200,"0"
"192093","11","0","01","001","2019","02","15","4","3","5","3","0","0","1","0","1","0","0",794901.48630900006,5830562.88626000006,13.34979625800,52.54510452200,"1"
"192094","11","0","03","003","2019","02","08","6","3","2","6","0","0","1","0","0","0","1",801729.81837800005,5830075.73146000039,13.44974528600,52.53699961100,"0"
"192095","11","0","04","004","2019","02","09","6","2","1","5","0","1","0","0","0","0","1",792526.69221600005,5825417.87330999970,13.31035096100,52.50026143100,"1"
"192096","11","0","03","003","2019","02","11","6","3","0","2","0","0","1","0","0","0","1",799675.90433699999,5837846.60396999959,13.42657602300,52.60778541600,"0"
"192097","11","0","08","008","2019","02","11","6","3","5","3","0","0","1","0","0","0","0",801482.14424000005,5823005.50100000016,13.43970240500,52.47376518300,"0"
"192098","11","0","09","009","2019","02","11","6","3","4","2","0","0","1","0","0","0","0",816663.48560500005,5817388.76773000043,13.65716064100,52.41484789200,"0"
"192099","11","0","02","002","2019","02","16","5","3","5","2","0","1","1","0","0","0","0",800601.70435699995,5827103.87127999961,13.43047648500,52.51098549200,"0"
"192100","11","0","03","003","2019","02","13","6","2","6","4","0","0","1","1","0","0","0",800171.06223299995,5836458.52711000107,13.43260774700,52.59507073000,"0"
"192101","11","0","05","005","2019","02","14","6","3","2","6","0","0","1","0","0","0","0",786442.95625599998,5831148.42820999958,13.22591237400,52.55486754300,"0"
"192102","11","0","02","002","2019","02","14","6","3","2","6","0","0","1","0","0","0","0",800290.91187800001,5824374.70909999963,13.42345003600,52.48669416300,"0"
"192103","11","0","12","012","2019","02","14","6","3","5","3","0","0","1","0","0","0","0",785498.37049600005,5837389.22924000025,13.21739441800,52.61131688900,"0"
"192104","11","0","01","001","2019","02","20","5","3","6","7","2","1","0","1","0","0","0",798456.40116799995,5829967.08100999892,13.40152881500,52.53782823900,"0"
"192105","11","0","07","007","2019","02","15","6","3","1","5","0","1","1","0","0","0","0",794502.37428999995,5823360.00667000096,13.33755331300,52.48075119500,"0"
"192106","11","0","06","006","2019","02","05","6","2","9","1","1","0","1","0","0","0","0",794277.82313100004,5817024.86079999991,13.32867396500,52.42408043300,"1"
"192107","11","0","12","012","2019","02","20","5","2","9","1","2","0","1","0","0","0","0",791386.35216000001,5835546.47408999968,13.30248584300,52.59167258500,"1"
"192108","11","0","10","010","2019","02","15","4","3","2","6","0","0","1","0","0","0","1",810920.30546900001,5832040.27190999966,13.58665521800,52.54943941000,"0"
"192109","11","0","01","001","2019","02","05","5","3","5","3","2","0","1","0","1","0","0",799474.47416999994,5826560.96007000096,13.41342779500,52.50673912100,"0"
"192110","11","0","03","003","2019","02","10","5","3","5","2","0","0","1","0","0","0","0",804491.65258400002,5840922.70722000021,13.50030607700,52.63267836400,"0"
"192111","11","0","06","006","2019","02","10","5","3","2","2","0","0","1","0","0","0","0",790494.24106599996,5818071.04626000021,13.27409744300,52.43548159100,"0"
"192112","11","0","09","009","2019","02","11","5","3","2","7","0","0","1","0","0","0","1",810408.62295100000,5818200.93281999975,13.56624422200,52.42570901000,"0"
"192113","11","0","08","008","2019","02","13","5","3","5","3","0","0","1","0","0","0","0",801745.73361500003,5822047.72764000017,13.44270521100,52.46503492600,"0"
"192114","11","0","05","005","2019","02","15","5","3","5","7","0","0","1","0","0","0","1",786593.90436100005,5829226.91134999972,13.22647459300,52.53756049800,"1"
"192115","11","0","07","007","2019","02","14","5","3","5","2","0","1","1","0","0","0","0",797341.38152099994,5821933.79571999982,13.37796403600,52.46642826800,"0"
"192116","11","0","07","007","2019","02","17","5","3","3","6","2","0","1","0","0","0","0",797289.66698800004,5822620.40720000025,13.37781683800,52.47261118700,"0"
"192117","11","0","03","003","2019","02","18","5","3","2","2","2","0","1","0","0","0","0",802329.17944800004,5829223.93341999967,13.45778054000,52.52903286100,"0"
"192118","11","0","10","010","2019","02","20","5","3","5","3","2","0","1","0","0","0","0",811909.17254099995,5829754.72551000025,13.59904653700,52.52839302600,"0"
"192119","11","0","09","009","2019","02","16","4","3","2","6","0","0","1","0","0","0","1",804101.27298500005,5821293.66930999979,13.47658514500,52.45697059900,"0"
"192120","11","0","07","007","2019","02","20","5","3","2","6","2","0","1","0","0","0","0",797339.14404100005,5822107.62062000018,13.37808609100,52.46798765000,"0"
"192121","11","0","05","005","2019","02","21","5","3","2","6","2","0","1","0","0","1","0",786541.44622699998,5830619.41791999992,13.22690452000,52.55007282000,"0"
"192122","11","0","09","009","2019","02","21","5","3","5","3","2","0","1","0","0","0","0",804876.33393900003,5822498.92389000021,13.48905746600,52.46734110300,"0"
"192123","11","0","04","004","2019","02","16","4","2","5","7","0","0","1","0","1","0","0",792138.79385999998,5828235.94536000025,13.30712683000,52.52573261200,"0"
"192124","11","0","04","004","2019","02","18","5","2","2","6","1","0","1","0","1","0","0",790376.94233500003,5829034.23962000012,13.28192744800,52.53383060100,"1"
"192125","11","0","01","001","2019","02","23","5","3","5","2","2","0","1","0","0","0","0",796995.25322600000,5831483.72614999954,13.38140506300,52.55222145700,"0"
"192126","11","0","06","006","2019","02","16","5","3","5","3","0","0","1","0","0","0","0",795906.36665200000,5816503.83834000025,13.35209337100,52.41853156500,"1"
"192127","11","0","05","005","2019","02","11","5","3","2","6","0","0","1","0","0","0","0",785096.58168399998,5828384.18491999991,13.20373504900,52.53079009300,"0"
"192128","11","0","01","001","2019","02","14","6","3","2","6","0","1","1","0","0","0","0",799439.24135799997,5826517.54903000034,13.41287118700,52.50636934400,"0"
"192129","11","0","11","011","2019","02","17","5","3","0","7","2","0","0","0","0","1","0",804836.95252799999,5834757.77697999962,13.49971472500,52.57723295100,"1"
"192130","11","0","08","008","2019","02","20","5","3","6","7","2","0","1","1","0","0","0",804466.71512099996,5817327.58059000038,13.47833408400,52.42121993200,"0"
"192131","11","0","01","001","2019","02","16","4","3","0","4","1","0","0","1","0","0","1",798708.35470899998,5828099.49708000012,13.40355464500,52.52094997000,"1"
"192132","11","0","12","012","2019","02","11","4","3","2","6","0","0","1","0","0","0","0",793253.45104900002,5832493.08509999979,13.32726838200,52.56329730700,"0"
"192133","11","0","12","012","2019","02","10","4","3","2","6","0","0","1","0","0","0","0",793399.08825799997,5833874.86070999969,13.33063306900,52.57560563800,"0"
"192134","11","0","08","008","2019","02","16","4","2","5","2","0","0","1","0","1","0","0",801904.52541799995,5817559.08456000034,13.44097972000,52.42471445000,"0"
"192135","11","0","03","003","2019","02","12","4","3","5","3","0","0","1","0","0","0","0",802871.61130999995,5838289.47190000024,13.47403012100,52.60998363400,"1"
"192136","11","0","02","002","2019","02","22","4","3","6","4","2","1","0","1","0","0","0",800559.29913099995,5826963.05145000108,13.42972635400,52.50974664800,"0"
"192137","11","0","03","003","2019","02","15","4","3","2","2","0","0","1","0","0","0","0",802826.51423900004,5832019.74232999980,13.46763776900,52.55381511100,"0"
"192138","11","0","12","012","2019","02","15","4","3","6","7","0","0","1","1","0","0","0",794932.96816299995,5836130.94211999979,13.35521057900,52.59500026700,"0"
"192139","11","0","06","006","2019","02","16","5","3","5","3","0","0","1","0","0","0","0",792041.93389099999,5819964.41349999979,13.29845441800,52.45163141500,"0"
"192140","11","0","11","011","2019","02","15","4","2","5","3","0","1","1","0","0","0","0",805027.21565699996,5830385.34047000110,13.49849565700,52.53793899600,"0"
"192141","11","0","10","010","2019","02","14","4","3","5","3","0","0","1","0","0","0","0",811303.35935100005,5831186.99199999962,13.59148658700,52.54157420900,"0"
"192142","11","0","05","005","2019","02","12","4","3","1","5","0","0","1","0","0","1","0",787525.19204700005,5829440.06790000014,13.24035217200,52.53898098700,"0"
"192143","11","0","01","001","2019","02","13","6","3","2","2","0","0","1","0","0","0","1",794657.29868200002,5829475.98984999955,13.34524181900,52.53549342000,"0"
"192144","11","0","03","003","2019","02","14","4","3","2","7","0","0","1","0","0","0","0",800604.85956999997,5833192.00074000005,13.43603039200,52.56555294300,"0"
"192145","11","0","01","001","2019","02","14","4","2","5","2","0","0","1","0","0","0","0",794526.51699999999,5831568.97400000039,13.34517512700,52.55432618900,"0"
"192146","11","0","09","009","2019","02","11","4","3","9","1","0","0","1","0","0","0","0",806259.93092600000,5820697.10044999979,13.50770859400,52.45041863000,"0"
"192147","11","0","01","001","2019","02","13","4","3","6","7","0","0","1","1","0","0","0",797652.27840600000,5828603.87569999974,13.38848710500,52.52604859600,"0"
"192148","11","0","07","007","2019","02","13","4","3","6","4","0","0","1","1","0","0","0",798056.21996799996,5820875.91198999900,13.38751099300,52.45655604000,"0"
"192149","11","0","03","003","2019","02","20","4","3","6","2","2","0","1","1","0","0","0",799237.37100000004,5831804.68400000036,13.41466473000,52.55387121700,"1"
"192150","11","0","11","011","2019","02","11","4","3","1","5","0","1","0","0","0","1","1",803498.81705700001,5826482.97864000034,13.47246940100,52.50381646500,"0"
"192151","11","0","07","007","2019","02","10","4","3","5","3","0","0","1","0","0","0","1",797970.79484300001,5815787.00892999955,13.38172209200,52.41098586900,"1"
"192152","11","0","12","012","2019","02","09","4","2","9","1","0","0","1","0","0","0","0",792877.84762500005,5835184.73802999966,13.32412078500,52.58762874500,"1"
"192153","11","0","06","006","2019","02","19","5","3","2","6","2","0","1","0","0","0","0",792387.94391699997,5816554.82713999972,13.30054931400,52.42087972800,"0"
"192154","11","0","03","003","2019","02","09","4","3","5","3","0","0","1","0","0","0","0",800442.96144300001,5832251.83624000009,13.43279782800,52.55721544900,"0"
"192155","11","0","08","008","2019","02","08","4","3","9","1","0","1","0","0","0","0","0",802125.22094899998,5823032.89690999966,13.44916635100,52.47365542700,"0"
"192156","11","0","12","012","2019","02","07","4","3","0","5","0","0","1","0","0","1","0",790261.59411900002,5833872.88463999983,13.28446279900,52.57727042800,"0"
"192157","11","0","01","001","2019","02","05","4","3","6","4","2","0","1","1","0","0","0",795453.72846799996,5831564.99870000035,13.35880785700,52.55378835700,"1"
"192158","11","0","12","012","2019","02","07","4","2","5","2","0","1","1","0","0","0","0",787096.02232700004,5838199.53603000101,13.24162814500,52.61774002200,"0"
"192159","11","0","02","002","2019","02","19","4","3","1","5","2","1","1","0","0","0","0",801566.47376500000,5827330.16210000031,13.44485455400,52.51248127400,"0"
"192160","11","0","01","001","2019","02","19","4","3","0","6","1","0","1","0","0","0","1",799653.18588700006,5827919.74418999907,13.41727649800,52.51882039100,"0"
"192161","11","0","04","004","2019","02","18","4","3","0","1","2","1","0","0","0","0","0",793610.44858199998,5827882.98103999998,13.32844532400,52.52177791300,"0"
"192162","11","0","05","005","2019","02","16","4","3","0","2","0","0","0","0","0","0","1",784396.85589699994,5828679.31697000097,13.19370022200,52.53380180100,"0"
"192163","11","0","10","010","2019","02","06","4","3","5","2","2","0","1","0","0","0","1",812396.17900000000,5824671.61799999978,13.60143294300,52.48256369500,"1"
"192164","11","0","06","006","2019","02","08","3","3","5","3","0","1","1","0","0","0","0",790013.49438000005,5819151.52964999899,13.26798309800,52.44542360600,"1"
"192165","11","0","02","002","2019","02","15","3","3","5","3","0","0","1","0","0","0","0",800637.65700000001,5825688.15400000010,13.42972633800,52.49827618300,"0"
"192166","11","0","02","002","2019","02","11","3","3","5","2","0","0","1","0","0","0","0",801757.65088500001,5826260.77916999906,13.44669377500,52.50279057400,"0"
"192167","11","0","03","003","2019","02","16","5","3","5","3","1","0","1","0","0","0","0",803587.70722500002,5839229.69476999901,13.48543592900,52.61801088000,"1"
"192168","11","0","07","007","2019","02","10","3","3","5","2","0","1","1","0","0","0","0",797422.41982299997,5820393.21724000014,13.37778087200,52.45257442700,"1"
"192169","11","0","02","002","2019","02","05","3","2","5","3","2","0","1","0","0","0","0",802111.47788400005,5826366.23780000024,13.45198635300,52.50354002100,"0"
"192170","11","0","06","006","2019","02","11","3","3","5","3","0","0","1","0","1","0","0",793687.59358500002,5821581.31981000025,13.32402399000,52.46524477100,"1"
"192171","11","0","01","001","2019","02","20","4","2","5","3","2","0","1","0","0","0","0",798241.47277400002,5829623.93185000028,13.39806132700,52.53487003900,"1"
"192172","11","0","02","002","2019","02","12","3","3","6","4","0","0","1","1","0","0","0",799018.04899899999,5826320.05537999980,13.40650660900,52.50483009700,"1"
"192173","11","0","01","001","2019","02","15","3","3","2","6","0","0","1","0","0","0","0",799038.45607700001,5828988.89400000032,13.40920511000,52.52874118100,"0"
"192174","11","0","04","004","2019","02","07","3","3","5","3","0","0","1","0","0","0","0",792848.39243699994,5825749.95229000039,13.31536862400,52.50306586700,"1"
"192175","11","0","02","002","2019","02","17","3","3","6","7","2","0","1","1","0","0","0",799741.71409400005,5825777.78340999968,13.41664846200,52.49957239200,"0"
"192176","11","0","09","009","2019","02","20","3","3","2","6","2","0","1","0","0","0","0",809764.53344100004,5820697.40753000043,13.55911529700,52.44844698500,"1"
"192177","11","0","12","012","2019","02","22","3","3","6","2","2","0","1","1","0","0","0",792609.84488800005,5833525.29320999980,13.31871121500,52.57289686000,"0"
"192178","11","0","01","001","2019","02","06","4","3","6","2","1","0","1","1","0","0","0",797014.76131300000,5828941.12524999958,13.37941889700,52.52941934300,"1"
"192179","11","0","01","001","2019","02","22","3","3","5","2","2","0","1","0","0","0","0",796929.46282500005,5828125.60063999984,13.37743696700,52.52215553000,"0"
"192180","11","0","07","007","2019","02","22","3","3","0","2","2","0","1","0","1","0","0",796330.89751799998,5824892.00119000021,13.36576203600,52.49349499600,"0"
"192181","11","0","12","012","2019","02","21","3","3","5","2","2","0","1","0","0","0","0",792355.17078599997,5834061.07235999964,13.31543643800,52.57783674700,"0"
"192182","11","0","04","004","2019","02","11","3","2","5","2","0","1","1","0","0","0","0",791560.02640300000,5826642.13432999980,13.29722303100,52.51175414600,"1"
"192183","11","0","10","010","2019","02","15","5","3","5","2","0","1","1","0","0","0","0",813011.89130699995,5827626.66670999955,13.61324661600,52.50869151000,"0"
"192184","11","0","08","008","2019","02","17","3","2","5","2","2","0","1","0","1","0","0",801055.71299999999,5824924.69299999997,13.43517619800,52.49120263800,"1"
"192185","11","0","04","004","2019","02","11","3","2","4","6","0","0","1","0","0","0","1",793287.53870499996,5830042.66127999965,13.32560517400,52.54131219900,"0"
"192186","11","0","07","007","2019","02","13","3","2","2","6","0","0","1","0","0","0","0",799484.35346599994,5820546.54205999989,13.40817090200,52.45282303200,"1"
"192187","11","0","06","006","2019","02","18","4","3","2","6","2","0","1","0","0","0","0",793240.30232799996,5817305.73957999982,13.31370585300,52.42715546000,"1"
"192188","11","0","05","005","2019","02","17","3","3","1","6","2","0","1","0","0","0","0",786865.30923300004,5829335.00293000042,13.23055853700,52.53838680300,"1"
"192189","11","0","05","005","2019","02","12","3","2","1","5","0","1","1","0","0","0","0",785310.60484900000,5829242.08865000028,13.20761806500,52.53836997900,"1"
"192190","11","0","08","008","2019","02","21","3","3","0","1","2","1","0","0","0","0","0",801356.38578999997,5823847.43539000023,13.43861731900,52.48138104000,"1"
"192191","11","0","04","004","2019","02","10","6","3","6","2","0","0","1","1","0","0","0",792853.10665199999,5823931.14300000016,13.31383896400,52.48675826000,"0"
"192192","11","0","07","007","2019","02","14","3","3","8","1","0","0","1","0","0","0","0",796299.56224799994,5822819.03706999961,13.36345923900,52.47492970100,"0"
"192193","11","0","12","012","2019","02","09","2","3","5","3","0","1","1","0","0","0","0",792531.73951900005,5833071.01886000019,13.31716129400,52.56886648000,"1"
"192194","11","0","09","009","2019","02","18","4","2","6","2","2","0","1","1","0","0","0",808678.54475400003,5817094.41645000037,13.53986021200,52.41677103000,"1"
"192195","11","0","04","004","2019","02","21","2","3","0","7","2","0","0","0","1","0","0",791699.84569800005,5826093.31776000001,13.29879651600,52.50675932900,"1"
"192196","11","0","03","003","2019","02","20","2","3","5","3","2","0","1","0","0","0","0",804120.45960800000,5838852.26315000094,13.49293390300,52.61433031200,"1"
"192197","11","0","09","009","2019","02","06","4","3","2","6","1","0","1","0","0","0","0",804482.91475000000,5820692.94218999892,13.48163680000,52.45137396500,"1"
"192198","11","0","08","008","2019","02","20","2","3","1","5","2","1","1","0","0","0","0",800914.04118099995,5823851.26621000096,13.43212676200,52.48165930700,"0"
"192199","11","0","01","001","2019","02","20","2","3","5","3","2","0","1","0","0","0","0",797000.52569699998,5826615.31250999961,13.37713318900,52.50857873400,"0"
"192200","11","0","04","004","2019","02","20","2","3","5","2","2","0","1","0","0","0","0",791265.25269500003,5823330.78139999975,13.28999608700,52.48222545600,"0"
"192201","11","0","04","004","2019","02","09","4","3","0","1","0","0","0","0","1","0","0",792537.97982500005,5828264.25542999897,13.31301899600,52.52577235500,"1"
"192202","11","0","08","008","2019","02","19","2","3","2","6","2","0","1","0","0","0","0",802603.26899999997,5823076.33600000013,13.45622249800,52.47378015600,"1"
"192203","11","0","03","003","2019","02","18","2","3","2","6","2","0","1","0","0","0","0",802343.97062899999,5829202.47817000095,13.45797840500,52.52883235600,"0"
"192204","11","0","08","008","2019","02","18","2","2","6","4","2","0","1","1","0","0","0",800627.99448800005,5823100.14890999906,13.42725013100,52.47508431400,"0"
"192205","11","0","10","010","2019","02","15","6","2","5","3","0","0","1","0","0","0","1",809930.81833399995,5831620.64580000006,13.57171743600,52.54624277300,"0"
"192206","11","0","05","005","2019","02","17","2","2","6","4","2","0","1","1","0","0","0",784767.17784599995,5827118.88155999966,13.19780860000,52.51961756600,"0"