OBJECTID,ULAND,UREGBEZ,UKREIS,UGEMEINDE,UJAHR,UMONAT,USTUNDE,UWOCHENTAG,UKATEGORIE,UART,UTYP1,ULICHTVERH,IstRad,IstPKW,IstFuss,IstKrad,IstGkfz,IstSonstig,LINREFX,LINREFY,XGCSWGS84,YGCSWGS84,STRZUSTAND
"192207","11","0","02","002","2019","02","17","2","2","6","4","2","0","1","1","0","0","0",799223.18562999996,5826241.24612999894,13.40944907400,52.50401122600,"0"
"192208","11","0","06","006","2019","02","07","4","3","3","2","0","1","0","0","0","1","0",793124.38113200001,5817647.94837999996,13.31230578700,52.43028542000,"0"
"192209","11","0","06","006","2019","02","15","2","3","2","6","0","0","1","0","0","0","1",793139.38312400004,5816699.82130999956,13.31169486700,52.42177758100,"0"
"192210","11","0","04","004","2019","02","14","2","3","5","3","0","1","1","0","0","0","0",792763.01492600003,5827047.86376000009,13.31525597200,52.51474703900,"0"
"192211","11","0","07","007","2019","02","08","4","3","5","3","0","0","1","0","0","0","0",794956.72934399999,5824450.02728999965,13.34518893400,52.49027730500,"1"
"192212","11","0","04","004","2019","02","14","2","3","9","1","0","0","1","0","0","0","0",792753.04501000000,5827026.45193000045,13.31509063200,52.51456044100,"0"
"192213","11","0","05","005","2019","02","14","2","3","6","4","0","0","1","1","0","0","0",784490.51448100002,5828862.28424999956,13.19523390800,52.53539341100,"0"
"192214","11","0","02","002","2019","02","13","2","3","5","3","0","1","1","0","0","0","0",800634.06314700004,5827321.16882000025,13.43114815200,52.51291535800,"0"
"192215","11","0","07","007","2019","02","19","5","3","5","2","2","0","1","0","0","0","1",796016.46294600004,5824955.11545000039,13.36120022300,52.49423137700,"0"
"192216","11","0","02","002","2019","02","13","2","3","6","2","0","0","1","1","0","0","0",800330.30302600004,5827622.63769999985,13.42695754400,52.51578485600,"0"
"192217","11","0","03","003","2019","02","11","2","3","0","7","0","0","1","0","0","0","1",799213.90618900000,5831774.13279000018,13.41429213400,52.55361026500,"1"
"192218","11","0","05","005","2019","02","05","2","3","6","2","2","0","1","1","0","0","0",789803.51065800001,5829252.89477000106,13.27368782700,52.53609608100,"1"
"192219","11","0","11","011","2019","02","20","5","3","6","2","2","0","1","1","0","0","0",805176.06699099997,5827915.09974000044,13.49841646200,52.51571633400,"0"
"192220","11","0","12","012","2019","02","06","2","3","6","4","1","0","1","1","0","0","0",789944.85118899995,5834936.86426000018,13.28073247800,52.58697783100,"1"
"192221","11","0","03","003","2019","02","06","2","3","2","2","2","0","1","0","0","0","1",799535.37669299997,5833302.10249000043,13.42039858500,52.56712928400,"1"
"192222","11","0","04","004","2019","02","07","2","3","5","3","0","1","1","0","0","0","0",792466.31678899995,5824018.54999999981,13.30823561300,52.48774918400,"1"
"192223","11","0","09","009","2019","02","08","4","3","0","1","0","1","0","0","0","0","0",813657.66858000006,5821703.47711000033,13.61715850200,52.45524303100,"1"
"192224","11","0","06","006","2019","02","07","2","3","6","2","0","0","1","1","0","0","0",792338.07706799998,5820744.48656000011,13.30348284900,52.45846639500,"1"
"192225","11","0","04","004","2019","02","08","2","3","6","2","0","0","1","1","0","0","0",793397.88154900004,5821769.75439999998,13.31993735300,52.46708967500,"1"
"192226","11","0","12","012","2019","02","09","2","3","2","6","0","0","1","0","0","0","0",793391.72552300000,5833197.65964000020,13.32992558100,52.56953890900,"1"
"192227","11","0","01","001","2019","02","18","4","3","5","3","2","0","1","0","0","0","0",798483.97217500000,5826666.62557999976,13.39897209300,52.50822907400,"1"
"192228","11","0","02","002","2019","02","12","2","3","2","6","0","0","1","0","0","0","0",797108.42736900004,5824295.44108000025,13.37664899800,52.48772478500,"1"
"192229","11","0","11","011","2019","02","12","2","3","0","3","0","0","1","0","0","0","1",805501.30250300001,5834600.41199999955,13.50934324500,52.57545008000,"0"
"192230","11","0","12","012","2019","02","11","1","3","5","2","0","0","1","0","0","0","0",795480.03996099997,5833415.00669000018,13.36084220800,52.57035766000,"1"
"192231","11","0","03","003","2019","02","16","5","2","6","4","0","0","1","1","0","0","0",799990.62307600002,5838623.79009999987,13.43191433700,52.61457784200,"0"
"192232","11","0","02","002","2019","02","04","1","3","5","3","2","0","1","0","0","0","0",799031.31825100002,5826071.75478000008,13.40647852900,52.50259716100,"0"
"192233","11","0","08","008","2019","02","01","1","3","5","3","2","0","1","0","0","0","0",801212.65692600003,5822539.80862999894,13.43532630200,52.46973972100,"1"
"192234","11","0","04","004","2019","02","15","1","3","5","3","0","0","1","0","1","0","0",787784.91787200002,5826169.52928999905,13.24134082500,52.50952188200,"1"
"192235","11","0","04","004","2019","02","18","4","3","6","2","2","0","1","1","0","0","0",792116.54369700002,5825765.87935000099,13.30463129700,52.50360095200,"1"
"192236","11","0","04","004","2019","02","15","1","3","6","2","0","0","1","1","0","0","0",792819.48244800000,5821878.46348000038,13.31154272600,52.46837453600,"0"
"192237","11","0","01","001","2019","02","16","1","3","5","3","1","0","1","0","0","0","0",798674.25730399997,5829452.20918000024,13.40426865800,52.53309380000,"0"
"192238","11","0","01","001","2019","02","17","1","3","6","4","1","1","0","1","0","0","0",794816.87918900000,5825999.64003999997,13.34450672500,52.50424412000,"0"
"192239","11","0","10","010","2019","02","19","1","3","5","2","2","0","1","0","0","0","0",811286.40238500002,5831546.59319000039,13.59157430500,52.54480637200,"1"
"192240","11","0","06","006","2019","02","07","4","3","6","4","0","0","1","1","0","0","0",795223.73335700005,5818696.69928999897,13.34402054500,52.43855803500,"0"
"192241","11","0","11","011","2019","02","13","1","3","5","3","0","0","1","0","0","0","0",803704.73886899999,5829526.33292999957,13.47827194700,52.53097859500,"1"
"192242","11","0","08","008","2019","02","23","7","3","6","4","2","0","1","1","0","0","0",801042.32691599999,5823879.03660999890,13.43403519700,52.48183751500,"1"
"192243","11","0","04","004","2019","02","21","7","3","5","2","2","0","1","0","0","0","0",793606.68299999996,5827940.49500000011,13.32844075400,52.52229552500,"1"
"192244","11","0","09","009","2019","02","20","7","3","5","2","2","0","1","0","0","0","0",808978.85148199997,5818114.13802000042,13.54520351000,52.42574036100,"1"
"192245","11","0","04","004","2019","02","18","7","2","5","3","2","0","1","0","0","0","0",793966.09890200000,5824598.15553999972,13.33077139800,52.49213956800,"1"
"192246","11","0","03","003","2019","02","14","5","3","2","6","0","0","1","0","0","0","1",802785.64507400000,5833529.73990000039,13.46841451800,52.56737157400,"0"
"192247","11","0","04","004","2019","02","20","7","3","2","6","2","0","1","0","0","0","0",788940.62800000003,5827609.29899999965,13.25957285000,52.52181895200,"1"
"192248","11","0","03","003","2019","02","18","7","3","5","3","2","0","1","0","0","0","0",803640.88218199997,5839002.32213000022,13.48601022900,52.61594335500,"1"
"192249","11","0","01","001","2019","02","17","7","3","5","2","2","0","1","0","0","0","0",799730.88199999998,5827547.13800000027,13.41808246300,52.51543786500,"1"
"192250","11","0","10","010","2019","02","17","4","2","6","4","1","0","1","1","0","0","0",809304.06537900004,5833251.09582000040,13.56402322200,52.56121036300,"1"
"192251","11","0","07","007","2019","02","16","7","3","3","2","2","0","1","0","0","0","1",800050.58560600004,5820446.34884000011,13.41638851100,52.45161443600,"1"
"192252","11","0","01","001","2019","02","16","7","3","5","3","1","0","1","0","0","0","0",796805.27604400006,5831272.52651999984,13.37842254100,52.55043184900,"1"
"192253","11","0","11","011","2019","02","16","7","3","5","3","1","0","1","0","0","0","0",804531.13343499997,5827753.19115999993,13.48879344300,52.51462569400,"1"
"192254","11","0","01","001","2019","02","14","6","3","2","6","0","0","1","0","0","0","0",793308.24986400001,5828260.77324000001,13.32433725700,52.52532728800,"0"
"192255","11","0","07","007","2019","02","15","7","3","5","3","0","1","1","0","0","0","0",795226.76998999994,5825154.60376999900,13.34977897100,52.49644735700,"1"
"192256","11","0","06","006","2019","02","15","7","3","5","2","0","0","1","0","0","0","0",790385.22716799995,5820847.32782000024,13.27491177000,52.46042953900,"2"
"192257","11","0","05","005","2019","02","15","7","3","2","6","0","0","1","0","0","0","0",783959.84153500001,5830098.80162999965,13.18848801400,52.54675691700,"1"
"192258","11","0","09","009","2019","02","15","7","3","5","3","0","0","1","0","0","0","0",803063.20700000005,5820926.18300000019,13.46102093600,52.45425340200,"1"
"192259","11","0","04","004","2019","02","11","6","3","5","2","0","0","1","0","0","0","0",787712.08964899997,5826435.54710999969,13.24050065500,52.51194529300,"0"
"192260","11","0","02","002","2019","02","12","7","3","1","5","0","1","1","0","0","0","0",799776.11306500004,5825763.98644000012,13.41714127100,52.49942982800,"0"
"192261","11","0","12","012","2019","02","09","7","3","2","2","0","0","1","0","0","0","0",792653.67713299999,5834699.95014999900,13.32039315000,52.58340351600,"1"
"192262","11","0","08","008","2019","02","17","4","3","5","3","1","1","1","0","0","0","0",801264.71160899999,5819705.65036999900,13.43353304200,52.44430756100,"0"
"192263","11","0","04","004","2019","02","19","6","3","2","6","2","0","1","0","0","0","0",794409.08561900002,5824886.85893000104,13.33753239300,52.49448888300,"0"
"192264","11","0","05","005","2019","02","10","6","3","3","6","0","0","1","0","0","0","0",784977.34158400004,5829485.95125999954,13.20292681600,52.54073082300,"0"
"192265","11","0","01","001","2019","02","12","6","3","2","6","0","0","1","0","0","0","0",794435.33697900001,5828436.61146000028,13.34105822600,52.52629605300,"1"
"192266","11","0","02","002","2019","02","07","4","3","2","2","0","0","1","0","0","0","0",800907.11125299998,5826859.87160999980,13.43474255600,52.50863008500,"1"
"192267","11","0","01","001","2019","02","17","6","3","1","5","1","0","1","0","0","0","0",797135.17276999995,5831845.56843999960,13.38378651100,52.55538862300,"0"
"192268","11","0","04","004","2019","02","20","6","3","5","2","2","0","1","0","0","0","1",793941.25387799996,5825913.46255000029,13.33156730100,52.50394401600,"0"
"192269","11","0","05","005","2019","02","19","6","3","5","2","2","0","1","0","0","0","0",784745.29033400002,5826390.16232000012,13.19686320200,52.51309527400,"1"
"192270","11","0","11","011","2019","02","18","5","3","2","6","2","0","1","0","0","0","0",804118.31111400004,5829847.09473000094,13.48464343700,52.53362288200,"0"
"192271","11","0","09","009","2019","02","17","6","3","2","6","2","0","1","0","0","0","0",810485.69328300003,5820185.74421000108,13.56921724700,52.44345257900,"1"
"192272","11","0","06","006","2019","02","15","6","3","5","3","0","0","1","0","0","0","0",795854.81508400000,5817511.04122999962,13.35222826900,52.42758837000,"1"
"192273","11","0","05","005","2019","02","16","4","2","6","4","1","0","1","1","0","0","0",782130.85575300001,5830499.63501999993,13.16192814100,52.55130126800,"1"
"192274","11","0","03","003","2019","02","23","6","2","6","4","2","0","1","1","0","0","0",802304.93951099995,5829214.37913000025,13.45741561500,52.52896066900,"1"
"192275","11","0","03","003","2019","02","08","6","3","5","3","0","1","1","0","0","0","0",799662.48680299998,5832816.65777000040,13.42182987800,52.56270814200,"1"
"192276","11","0","03","003","2019","02","07","4","3","3","2","0","0","1","0","0","1","0",798342.17500000005,5834830.07500000019,13.40422133600,52.58148050500,"0"
"192277","11","0","07","007","2019","02","16","6","3","2","6","1","0","1","0","0","0","0",794214.28319600003,5821987.66356000025,13.33211278500,52.46860409900,"0"
"192278","11","0","01","001","2019","02","17","6","3","1","5","1","1","1","0","0","0","0",797052.00795999996,5826872.14654000010,13.37811873200,52.51085294400,"0"
"192279","11","0","03","003","2019","02","10","6","3","0","2","0","0","1","0","0","0","1",799997.17966400005,5834946.16727000102,13.42867897400,52.58161111700,"0"
"192280","11","0","02","002","2019","02","07","4","3","2","6","0","0","1","0","0","0","1",798449.87648199999,5824770.58356000017,13.39677210900,52.49125217400,"0"
"192281","11","0","04","004","2019","02","10","6","3","0","5","0","0","1","0","1","0","0",792936.76518100000,5825758.06852999981,13.31667399600,52.50309118800,"0"
"192282","11","0","04","004","2019","02","09","6","2","1","5","0","1","1","0","0","0","1",791762.16482800001,5825979.74168999959,13.29961256700,52.50570781100,"0"
"192283","11","0","04","004","2019","02","09","6","3","1","5","0","0","1","0","1","0","0",794377.02108800004,5825896.41165000107,13.33795378100,52.50355623300,"0"
"192284","11","0","02","002","2019","02","19","5","3","1","5","2","1","1","0","0","0","0",800335.16074299999,5825815.87284000032,13.42539884700,52.49958752700,"0"
"192285","11","0","06","006","2019","02","07","6","3","5","2","1","1","1","0","0","0","0",788136.36504599999,5818749.98873999994,13.24009445500,52.44281600200,"1"
"192286","11","0","01","001","2019","02","07","6","3","5","3","1","0","1","0","0","0","0",796217.50500000000,5831516.04196000006,13.36999653400,52.55293465800,"0"
"192287","11","0","08","008","2019","02","07","6","3","5","3","1","0","1","0","0","0","0",804478.85337300005,5816941.64305999968,13.47816086400,52.41775408200,"0"
"192288","11","0","01","001","2019","02","09","3","3","2","6","0","0","1","0","0","0","0",800213.35460600001,5827482.28234000038,13.42511264400,52.51459118800,"0"
"192289","11","0","02","002","2019","02","07","6","3","5","3","1","1","1","0","0","0","0",799444.12734100001,5825668.01319000032,13.41217900700,52.49875183400,"1"
"192290","11","0","02","002","2019","02","06","6","3","6","4","2","0","1","1","0","0","0",799546.89807200001,5824913.74729000032,13.41301018400,52.49193455900,"1"
"192291","11","0","02","002","2019","02","20","1","3","5","3","2","0","1","0","1","0","0",797704.57900000003,5825813.42499999981,13.38675935800,52.50100701000,"0"
"192292","11","0","01","001","2019","02","12","4","3","6","4","0","1","0","1","0","0","0",798558.29733800003,5829218.51071000099,13.40235429300,52.53106255100,"0"
"192293","11","0","09","009","2019","02","14","1","3","5","3","0","0","1","0","1","0","0",811334.01198800001,5815651.48457999993,13.57743884100,52.40233613800,"0"
"192294","11","0","12","012","2019","02","13","1","3","6","4","0","0","1","1","0","0","0",794439.06666300003,5837013.14821999986,13.34872464100,52.60317611200,"0"
"192295","11","0","12","012","2019","02","07","4","3","5","2","0","1","1","0","0","0","0",791310.78217799996,5838652.61467999965,13.30410742400,52.61955859100,"0"
"192296","11","0","03","003","2019","02","12","1","3","5","3","0","0","1","0","0","0","0",799967.09011999995,5831076.00636000000,13.42473719500,52.54693847100,"0"
"192297","11","0","04","004","2019","02","00","1","3","2","6","2","0","1","0","0","0","0",791562.14433100005,5825090.52639000025,13.29589535000,52.49784301000,"0"
"192298","11","0","02","002","2019","02","00","1","3","5","3","2","0","1","0","0","0","0",797574.56280600000,5825331.77410999965,13.38441929400,52.49676047500,"0"
"192299","11","0","01","001","2019","02","22","4","3","5","3","2","0","1","0","0","0","0",798022.57013699994,5826590.18180999905,13.39212536800,52.50779610100,"0"
"192300","11","0","02","002","2019","02","05","7","3","5","3","1","0","1","0","0","0","0",800634.70499999996,5825682.86799999978,13.42967821200,52.49823043000,"0"
"192301","11","0","10","010","2019","02","13","7","3","6","4","0","0","1","1","0","0","0",809554.53421900002,5826617.18250999972,13.56152915000,52.50161753600,"0"
"192302","11","0","10","010","2019","02","19","7","2","6","4","2","0","0","1","0","0","1",808987.91010199999,5832688.38193999976,13.55885030800,52.55634701600,"0"
"192303","11","0","02","002","2019","02","20","7","3","5","3","2","1","1","0","0","0","0",800462.34636400000,5825770.04334000032,13.42722548800,52.49910673100,"0"
"192304","11","0","11","011","2019","02","20","7","3","2","6","2","0","1","0","0","0","0",808672.26207099995,5834214.37454000022,13.55562875000,52.57020145300,"0"
"192305","11","0","12","012","2019","02","19","7","3","5","2","2","0","1","0","0","0","0",791910.22821299999,5834712.37669000030,13.30946249600,52.58391431400,"0"
"192306","11","0","04","004","2019","02","19","7","3","3","6","2","0","1","0","0","0","0",791886.11401400005,5823940.00777000096,13.29964619600,52.48735558000,"0"
"192307","11","0","05","005","2019","02","21","7","2","0","1","2","0","1","0","0","0","0",785011.64044900006,5829499.89176000003,13.20344314500,52.54083787300,"0"
"192308","11","0","04","004","2019","02","08","7","3","1","5","0","1","1","0","0","0","0",793208.36517600005,5824022.87504000030,13.31913661800,52.48738993000,"0"
"192309","11","0","06","006","2019","02","20","4","3","1","5","2","0","1","0","0","0","0",791585.82147299999,5816212.84716999903,13.28848931600,52.41824181700,"0"
"192310","11","0","05","005","2019","02","13","7","3","0","7","0","0","1","0","0","0","0",784449.15017799998,5832411.70712000038,13.19766664900,52.56723910300,"0"
"192311","11","0","04","004","2019","02","20","4","3","5","3","2","1","1","0","0","0","0",791802.04988099996,5826224.88305000030,13.30041342400,52.50788413600,"0"
"192312","11","0","03","003","2019","02","12","7","3","2","6","0","0","1","0","0","0","0",799800.78397900006,5829552.66270000022,13.42091745100,52.53337575300,"0"
"192313","11","0","07","007","2019","02","12","7","2","6","4","0","0","1","1","0","0","0",799270.20783500001,5819056.23216000013,13.40369399200,52.43958162100,"0"
"192314","11","0","11","011","2019","02","12","7","3","6","4","0","1","0","1","0","0","0",805279.82116199995,5833243.43946000002,13.50483615000,52.56341279000,"0"
"192315","11","0","04","004","2019","02","19","4","3","3","6","2","0","1","0","0","0","0",790705.32502100000,5822726.52567000035,13.28124720500,52.47710662300,"0"
"192316","11","0","04","004","2019","02","11","7","3","0","1","0","0","0","0","1","0","0",791925.53890199994,5826104.73488999903,13.30212239700,52.50674096200,"0"
"192317","11","0","09","009","2019","02","11","7","3","5","2","0","1","1","0","0","0","0",805012.46052600001,5822697.02359000035,13.49123621800,52.46904061800,"0"
"192318","11","0","04","004","2019","02","11","7","3","5","2","0","1","1","0","0","0","0",790025.38896100002,5825236.38544000033,13.27344832100,52.49996953300,"0"
"192319","11","0","12","012","2019","02","19","4","2","6","4","2","0","1","1","0","0","0",789989.76292200002,5835723.32928999979,13.28208202900,52.59400450300,"0"
"192320","11","0","10","010","2019","02","10","7","3","2","6","0","0","1","0","0","0","0",806488.45651499997,5829476.17226000037,13.51913482600,52.52897108700,"0"
"192321","11","0","02","002","2019","02","01","7","3","1","5","2","1","1","0","0","0","0",800771.86370099999,5826179.86931999959,13.43214145500,52.50260962100,"0"
"192322","11","0","01","001","2019","02","19","4","3","5","2","2","1","0","0","0","0","1",797575.15443100000,5826531.77476000041,13.38550034300,52.50751677800,"0"
"192323","11","0","09","009","2019","02","03","7","2","5","3","2","0","1","0","0","0","0",802327.37251599994,5825309.69878000021,13.45419836200,52.49395067400,"0"
"192324","11","0","05","005","2019","02","09","7","3","5","2","0","0","1","0","0","0","0",784358.90343099996,5830001.29363000020,13.19427367000,52.54567449800,"0"
"192325","11","0","12","012","2019","02","10","7","3","6","7","0","0","1","1","0","0","0",795476.72932299995,5836835.83224000037,13.36384389400,52.60102371600,"0"
"192326","11","0","08","008","2019","02","19","4","3","6","2","2","0","1","1","0","0","0",803211.52283200005,5818470.73852999974,13.46096888400,52.43216299000,"0"
"192327","11","0","01","001","2019","02","10","7","3","2","6","0","0","1","0","0","0","0",794326.21598800004,5828450.46148999967,13.33946665700,52.52647913200,"0"
"192328","11","0","11","011","2019","02","19","5","2","0","1","2","1","0","0","0","0","0",803470.50215600000,5826533.65233999956,13.47209970800,52.50428639200,"0"
"192329","11","0","01","001","2019","02","19","7","3","2","6","2","0","1","0","0","0","0",799530.06332600000,5828814.67339999974,13.41627333800,52.52690967900,"0"
"192330","11","0","12","012","2019","02","17","7","3","5","3","1","0","1","0","0","0","1",791932.67462199996,5834136.10938999895,13.30928527300,52.57873624900,"0"
"192331","11","0","04","004","2019","02","18","4","3","1","5","1","1","1","0","0","0","0",792610.81216500001,5826113.38578000013,13.31219786900,52.50645140400,"0"
"192332","11","0","01","001","2019","02","10","5","3","1","5","0","1","1","0","0","0","0",797086.90117500001,5828187.32069000043,13.37980574000,52.52262302600,"0"
"192333","11","0","03","003","2019","02","17","7","3","2","6","2","0","1","0","0","0","0",800374.49987599999,5831549.87366000004,13.43115588900,52.55096137700,"0"
"192334","11","0","01","001","2019","02","16","7","3","5","3","0","1","1","0","0","0","0",796679.92468900001,5828759.81780999899,13.37433566100,52.52797644800,"0"
"192335","11","0","07","007","2019","02","18","4","3","5","3","2","0","1","0","0","0","0",798131.08626200003,5816687.78258000035,13.38487406700,52.41897312600,"0"
"192336","11","0","03","003","2019","02","15","7","3","5","3","0","0","1","0","0","0","0",802542.78668699996,5831446.86830999982,13.46294373100,52.54883821500,"0"
"192337","11","0","01","001","2019","02","13","7","3","6","7","0","0","1","1","0","0","0",799348.85055300000,5828110.55499999970,13.41297637600,52.52069786100,"0"
"192338","11","0","03","003","2019","02","17","4","3","2","7","1","1","1","0","0","0","0",799375.26123700000,5829512.72561999969,13.41462690100,52.53325166500,"0"
"192339","11","0","12","012","2019","02","13","7","2","6","7","0","0","0","1","0","0","1",795953.64689400000,5833850.93271999992,13.36819890600,52.57400798300,"0"
"192340","11","0","04","004","2019","02","09","6","3","0","5","0","0","1","0","1","0","0",792439.18926300004,5824962.53361000028,13.30866577400,52.49622632000,"0"
"192341","11","0","03","003","2019","02","18","4","3","5","3","1","1","0","0","0","0","0",802809.27674899995,5828610.77637000103,13.46427779000,52.52327076700,"0"
"192342","11","0","06","006","2019","02","18","6","3","3","2","2","1","1","0","0","0","0",792814.34173999995,5816211.41005999967,13.30650119300,52.41757304100,"1"
"192343","11","0","03","003","2019","02","13","4","3","5","2","0","1","1","0","0","0","0",799241.88901499996,5831771.60400999896,13.41470135200,52.55357222500,"0"
"192344","11","0","06","006","2019","02","14","6","3","2","6","0","0","1","0","0","0","0",794320.59102099994,5820488.99785999954,13.33235173900,52.45511200200,"0"
"192345","11","0","06","006","2019","02","08","6","3","2","6","0","0","1","0","0","0","1",790288.47199999995,5814825.28199999966,13.26826290700,52.40649146100,"0"
"192346","11","0","04","004","2019","02","17","4","3","5","2","0","1","1","0","0","0","0",793300.73361300002,5823601.72867000103,13.32012247100,52.48356488600,"0"
"192347","11","0","04","004","2019","02","21","6","3","5","2","2","1","1","0","0","0","0",791015.07380899996,5824859.22594999894,13.28765723600,52.49606140200,"0"
"192348","11","0","11","011","2019","02","13","6","3","6","4","0","0","1","1","0","0","0",804458.37869499996,5833718.00781000033,13.49319068800,52.56812602500,"0"
"192349","11","0","01","001","2019","02","12","6","3","5","2","0","1","0","0","0","1","0",794609.91106099996,5829869.14778999891,13.34489375100,52.53904341500,"0"
"192350","11","0","01","001","2019","02","16","4","3","2","6","1","0","1","0","0","0","1",797892.35843499994,5831860.90730999969,13.39493574100,52.55511248900,"0"
"192351","11","0","02","002","2019","02","13","6","3","6","2","0","0","1","1","0","0","0",800733.74181799998,5828103.08069000021,13.43331931200,52.51986888100,"0"
"192352","11","0","05","005","2019","02","13","6","3","6","4","0","0","1","1","0","0","0",784738.58720099996,5828820.98797999974,13.19884605300,52.53489359500,"0"
"192353","11","0","01","001","2019","02","14","6","3","2","2","0","1","1","0","0","0","0",796438.02224399999,5831976.23866999894,13.37365040300,52.55693984600,"0"
"192354","11","0","06","006","2019","02","17","4","3","2","6","2","1","1","0","0","0","0",787560.51371800003,5816401.83867000043,13.22962599200,52.42206615500,"0"
"192355","11","0","03","003","2019","02","13","6","3","0","3","0","1","0","0","1","0","0",799347.77821400005,5829466.36342999898,13.41418118700,52.53285119400,"0"
"192356","11","0","03","003","2019","02","14","6","3","2","6","0","0","1","0","0","0","0",802964.43499300000,5841989.28655999992,13.47878756000,52.64309165200,"0"
"192357","11","0","02","002","2019","02","14","6","3","1","5","0","1","1","0","0","0","0",800728.65785399999,5828014.00416000001,13.43316408400,52.51907327000,"0"
"192358","11","0","08","008","2019","02","16","4","3","1","5","0","0","1","0","0","0","0",800849.87963600003,5816984.87715000100,13.42499997700,52.42014842000,"0"
"192359","11","0","09","009","2019","02","14","6","3","6","4","0","0","1","1","0","0","0",806440.54940899997,5822605.24880000018,13.51210954900,52.46741896400,"0"
"192360","11","0","09","009","2019","02","10","4","3","2","6","0","0","1","0","0","0","0",807850.17169600003,5818113.88370000012,13.52865634600,52.42637424400,"0"
"192361","11","0","02","002","2019","02","07","6","3","6","7","0","0","1","1","0","0","0",801205.66616000002,5828639.85467000026,13.44073967400,52.52441960900,"0"
"192362","11","0","02","002","2019","02","15","6","3","5","3","0","1","1","0","0","0","0",801133.88271599996,5827231.31204999890,13.43840985800,52.51183425100,"0"
"192363","11","0","01","001","2019","02","15","4","3","5","3","0","0","1","0","0","0","0",797709.93510000000,5830185.72657999955,13.39075127700,52.54019641700,"0"
"192364","11","0","02","002","2019","02","12","6","3","5","7","0","1","1","0","0","0","0",799190.48570900003,5824229.18855999969,13.40716171700,52.48599391500,"0"
"192365","11","0","07","007","2019","02","05","6","3","0","5","2","0","0","0","0","0","1",793955.93660599994,5821925.13001000043,13.32826550100,52.46818258200,"0"
"192366","11","0","01","001","2019","02","16","6","3","5","3","0","0","1","0","0","0","0",798610.63647000003,5826916.80566999968,13.40105729400,52.51040228400,"0"
"192367","11","0","04","004","2019","02","15","4","3","1","5","0","1","1","0","0","0","0",792903.67192100000,5825521.56460999977,13.31597980900,52.50098877400,"0"
"192368","11","0","02","002","2019","02","11","6","3","5","5","0","0","1","0","1","0","0",800560.55665599997,5825711.50788000040,13.42861507000,52.49852797900,"0"
"192369","11","0","02","002","2019","02","16","6","3","1","5","0","1","1","0","0","0","1",801405.85618500004,5826415.33667000104,13.44166657500,52.50437033100,"0"
"192370","11","0","03","003","2019","02","11","6","3","5","2","0","0","0","0","1","1","0",801348.42819600005,5832471.11383000109,13.44631269600,52.55868056500,"1"
"192371","11","0","11","011","2019","02","16","6","3","2","7","0","0","1","0","0","0","0",805813.94197100005,5832289.71176999900,13.51181253600,52.55456555200,"0"
"192372","11","0","08","008","2019","02","15","4","2","6","4","0","0","1","1","0","0","0",805563.51752999995,5817122.23364999890,13.49422541300,52.41876820100,"0"
"192373","11","0","04","004","2019","02","11","6","3","2","6","0","0","0","0","0","1","1",791654.10345800000,5827913.74803000037,13.29972014400,52.52310367400,"0"
"192374","11","0","04","004","2019","02","10","6","3","5","3","0","0","1","0","0","0","0",792609.97312600003,5824956.26809000038,13.31116878500,52.49607861400,"0"
"192375","11","0","01","001","2019","02","18","6","3","1","5","1","1","1","0","0","0","0",798480.29951399995,5828386.55018999893,13.40046104100,52.52364788700,"0"
"192376","11","0","05","005","2019","02","07","4","3","0","2","0","1","1","0","0","0","0",784509.22487899999,5828605.99026000034,13.19528961300,52.53308570500,"0"
"192377","11","0","03","003","2019","02","14","6","3","5","2","0","1","1","0","0","0","0",799177.29500000004,5831110.59800000023,13.41315590500,52.54768282700,"0"
"192378","11","0","03","003","2019","02","19","6","3","2","6","2","0","1","0","1","0","0",798689.18683200004,5830905.61921999976,13.40579464700,52.54611333100,"0"
"192379","11","0","04","004","2019","02","05","4","3","6","4","2","0","1","1","0","0","0",792046.09155100002,5825849.91593999974,13.30367000900,52.50439203900,"0"
"192380","11","0","11","011","2019","02","10","6","3","5","2","0","1","1","0","0","0","0",803887.48772300000,5827939.28388999961,13.47950759100,52.51665256800,"0"
"192381","11","0","04","004","2019","02","19","6","3","6","7","2","0","1","1","0","0","0",793124.09172499995,5825215.57531999983,13.31894838900,52.49812733200,"0"
"192382","11","0","02","002","2019","02","20","6","3","5","3","2","1","1","0","0","0","0",802859.18312399997,5827477.99285000097,13.46397991300,52.51309006800,"0"
"192383","11","0","05","005","2019","02","07","3","3","2","6","0","0","1","0","0","0","0",785089.09708400001,5828965.43831000105,13.20412358900,52.53600548500,"0"
"192384","11","0","07","007","2019","02","20","6","3","6","4","2","1","0","1","0","0","0",800200.71177699999,5813333.43420000002,13.41220970000,52.38777463500,"0"
"192385","11","0","04","004","2019","02","21","6","3","5","2","2","0","1","0","0","0","0",792442.01546899998,5824101.77646000031,13.30795176900,52.48850831000,"0"
"192386","11","0","10","010","2019","02","11","6","2","5","3","0","1","1","0","0","0","0",813309.00966800004,5828734.38980000000,13.61865302700,52.51844722700,"0"
"192387","11","0","05","005","2019","02","13","3","3","5","3","0","0","1","0","0","0","0",784898.28952999995,5830497.35481000040,13.20263191300,52.54984033800,"0"