OBJECTID,ULAND,UREGBEZ,UKREIS,UGEMEINDE,UJAHR,UMONAT,USTUNDE,UWOCHENTAG,UKATEGORIE,UART,UTYP1,ULICHTVERH,IstRad,IstPKW,IstFuss,IstKrad,IstGkfz,IstSonstig,LINREFX,LINREFY,XGCSWGS84,YGCSWGS84,STRZUSTAND
"192388","11","0","01","001","2019","02","09","6","3","2","6","0","0","1","0","0","0","1",795516.01509200002,5830722.59484999906,13.35897417100,52.54620318700,"0"
"192389","11","0","08","008","2019","02","14","6","3","5","2","0","0","1","0","0","0","1",800603.26079199999,5816867.03136000037,13.42127848600,52.41922761900,"0"
"192390","11","0","10","010","2019","02","07","3","3","5","3","0","0","1","0","0","0","1",809975.31271099998,5832061.81933999993,13.57278325500,52.55017102800,"0"
"192391","11","0","12","012","2019","02","16","6","2","3","6","0","1","1","0","0","0","0",788713.58513899997,5833359.04817000031,13.26123456200,52.57348729500,"0"
"192392","11","0","06","006","2019","02","20","6","3","0","1","2","0","0","0","1","0","0",796243.13876200002,5818611.03873999976,13.35889744600,52.43723892900,"0"
"192393","11","0","09","009","2019","02","16","6","2","0","1","0","0","0","0","1","0","0",811614.27216800000,5821150.04126000032,13.58666756700,52.45145216300,"0"
"192394","11","0","12","012","2019","02","12","3","3","6","4","0","0","1","1","0","0","0",791066.03991799999,5831166.86199000105,13.29392664000,52.55258173900,"0"
"192395","11","0","07","007","2019","02","16","5","3","3","6","0","0","1","0","0","0","0",794956.80882599996,5824448.00329000037,13.34518831000,52.49025911900,"0"
"192396","11","0","07","007","2019","02","15","5","3","5","2","0","0","1","0","0","0","1",796384.22034200002,5819736.51286000013,13.36196500300,52.44725149500,"0"
"192397","11","0","07","007","2019","02","18","5","2","6","2","2","0","1","1","0","0","0",794931.71472100005,5824662.00664000027,13.34500921100,52.49219107700,"1"
"192398","11","0","07","007","2019","02","15","3","3","5","3","0","0","1","0","0","0","0",799476.60987000004,5813653.46389000025,13.40188722900,52.39103957800,"0"
"192399","11","0","08","008","2019","02","16","5","3","1","5","0","0","1","0","0","0","0",802028.93227500003,5823591.06233999971,13.44825850200,52.47871158400,"1"
"192400","11","0","08","008","2019","02","20","5","3","6","2","2","0","1","1","0","0","0",801300.88187699998,5824010.03803000040,13.43794942800,52.48286911400,"0"
"192401","11","0","07","007","2019","02","11","5","3","2","6","0","0","1","0","0","0","0",793967.67596499994,5821530.28827000037,13.32808997700,52.46463667500,"1"
"192402","11","0","04","004","2019","02","21","5","3","6","2","2","0","1","1","0","0","0",791348.89976199996,5822564.51626999956,13.29055482600,52.47531126200,"1"
"192403","11","0","10","010","2019","02","12","3","3","5","3","0","0","1","0","0","0","0",812386.03126700001,5824308.53043999989,13.60094382800,52.47931579200,"0"
"192404","11","0","01","001","2019","02","19","5","2","5","2","2","0","1","0","1","0","0",796640.25379999995,5826651.99428999890,13.37187307000,52.50910356900,"1"
"192405","11","0","02","002","2019","02","19","5","3","6","2","2","0","1","1","0","0","0",799899.91799099999,5825981.92203000095,13.41915587100,52.50131525900,"1"
"192406","11","0","02","002","2019","02","09","3","3","3","6","0","1","0","0","0","1","0",801629.28529100004,5826033.85735999979,13.44460282800,52.50082761800,"0"
"192407","11","0","01","001","2019","02","19","5","3","5","3","2","1","1","0","0","0","0",794805.18014700001,5825990.49500999972,13.34432676600,52.50416846200,"1"
"192408","11","0","08","008","2019","02","19","5","3","5","2","2","0","0","0","1","0","1",800990.93915700004,5824209.69682000019,13.43357931700,52.48482964600,"1"
"192409","11","0","02","002","2019","02","09","3","3","5","2","0","1","1","0","0","0","0",801353.14411100000,5826456.89833000023,13.44092993600,52.50477197100,"0"
"192410","11","0","10","010","2019","02","19","5","2","6","2","2","0","1","1","0","0","0",813736.53007300000,5829980.55802999903,13.62610853300,52.52936818900,"1"
"192411","11","0","04","004","2019","02","13","4","3","6","2","0","0","1","1","0","0","0",789003.19225700002,5826971.66825999971,13.25993844000,52.51606924400,"0"
"192412","11","0","07","007","2019","02","18","5","3","5","2","1","0","1","0","1","0","0",798772.42232999997,5819086.06008999981,13.39641928700,52.44012116300,"1"
"192413","11","0","05","005","2019","02","17","5","3","5","7","2","0","1","0","1","0","0",787204.24606999999,5829743.85034999903,13.23589561700,52.54187381700,"1"
"192414","11","0","01","001","2019","02","08","3","3","5","2","0","1","1","0","0","0","0",796254.38237699994,5825960.30594000034,13.36558854100,52.50311291300,"0"
"192415","11","0","03","003","2019","02","17","5","3","5","3","2","1","1","0","0","0","0",800751.61168400000,5831291.35386000015,13.43646682600,52.54843614400,"1"
"192416","11","0","01","001","2019","02","15","4","3","2","6","0","0","1","0","0","0","0",798710.17889099999,5827548.94208000042,13.40308710800,52.51601401500,"0"
"192417","11","0","04","004","2019","02","16","5","3","5","7","0","0","1","0","0","0","0",792095.98043100000,5825760.87731000036,13.30432481800,52.50356711800,"1"
"192418","11","0","12","012","2019","02","16","5","3","0","2","0","1","1","0","0","0","0",789887.19357200002,5835695.44904999901,13.28054765100,52.59380924000,"1"
"192419","11","0","09","009","2019","02","06","3","3","3","6","0","0","1","0","0","0","0",806480.54484900006,5820668.36627000105,13.51091842700,52.45003747200,"0"
"192420","11","0","06","006","2019","02","10","5","3","0","7","0","0","1","0","0","0","0",789573.36440299999,5817322.88805999979,13.25994117100,52.42926234700,"1"
"192421","11","0","11","011","2019","02","08","5","3","2","2","0","0","1","0","0","0","0",803330.78413499997,5826304.54241000023,13.46983885100,52.50231061100,"1"
"192422","11","0","08","008","2019","02","08","5","3","5","2","0","0","1","0","0","0","1",801398.71220499999,5819151.83162000030,13.43499914800,52.43926965500,"1"
"192423","11","0","11","011","2019","02","18","3","3","1","1","2","0","1","0","0","0","0",806187.39679200004,5831036.36043000035,13.51614811700,52.54312298900,"0"
"192424","11","0","01","001","2019","02","08","5","3","6","7","0","0","1","1","0","0","0",797475.43497800000,5827934.94730000012,13.38528977300,52.52014896800,"1"
"192425","11","0","10","010","2019","02","07","5","3","5","2","0","0","1","0","0","0","1",808519.20919900003,5829496.47238000017,13.54899463900,52.52800758500,"0"
"192426","11","0","01","001","2019","02","06","5","3","6","2","0","0","1","1","0","0","0",798453.12844100001,5830193.63377000019,13.40168419500,52.53986075800,"1"
"192427","11","0","06","006","2019","02","08","4","3","5","7","0","0","1","0","0","0","0",792738.57987699995,5818746.76145999972,13.30760970200,52.44034272700,"0"
"192428","11","0","09","009","2019","02","06","5","2","5","2","0","1","1","0","0","0","0",810762.67900000000,5818707.02500000037,13.57190476700,52.43004348500,"1"
"192429","11","0","01","001","2019","02","01","5","3","1","1","2","0","1","0","0","0","0",797452.06084699999,5831441.47226000018,13.38808476800,52.55159343500,"0"
"192430","11","0","03","003","2019","02","05","3","3","2","6","2","0","1","0","0","0","0",804242.58276699996,5841118.50889999978,13.49681750900,52.63457277300,"0"
"192431","11","0","04","004","2019","02","06","5","3","5","2","1","0","1","0","1","0","0",791134.92469300004,5829154.64934000000,13.29317614900,52.53450570500,"1"
"192432","11","0","01","001","2019","02","13","5","3","5","3","0","0","1","0","0","0","0",797153.91020200006,5830368.87906000018,13.38274070400,52.54214165600,"0"
"192433","11","0","02","002","2019","02","12","5","3","5","3","0","0","1","0","1","0","0",801432.12670999998,5827930.25961000100,13.44342447900,52.51793428100,"1"
"192434","11","0","01","001","2019","02","12","5","3","2","6","0","0","1","0","0","0","0",797637.38682100002,5827777.89620999899,13.38752909400,52.51865282400,"0"
"192435","11","0","04","004","2019","02","00","3","3","5","3","2","0","1","0","0","0","0",786443.68261100003,5826274.06481999997,13.22172226600,52.51116507200,"0"
"192436","11","0","10","010","2019","02","12","5","3","6","4","0","0","1","1","0","0","0",807543.40809799999,5829356.37102000043,13.53452629900,52.52730333200,"1"
"192437","11","0","05","005","2019","02","11","5","2","2","6","0","0","1","0","0","0","1",787321.27199299994,5828088.26568000019,13.23618518400,52.52696889400,"0"
"192438","11","0","08","008","2019","02","11","5","2","6","2","0","0","0","1","0","0","1",800645.93691199995,5816184.69605999999,13.42129120100,52.41308803900,"1"
"192439","11","0","05","005","2019","02","16","3","2","5","2","0","0","1","0","0","0","0",789207.00252900005,5829280.48919000104,13.26494174400,52.53666035000,"0"
"192440","11","0","07","007","2019","02","09","5","3","0","6","0","1","1","0","0","0","0",796664.40670100006,5819994.13389000110,13.36630437600,52.44940889200,"0"
"192441","11","0","03","003","2019","02","11","5","2","6","3","0","0","1","1","0","0","0",801045.07472000003,5833837.80566000007,13.44309154500,52.57109808700,"0"
"192442","11","0","07","007","2019","02","10","5","3","5","3","0","0","1","0","0","0","0",795981.93799799995,5822754.87882000022,13.35873951500,52.47452678500,"1"
"192443","11","0","01","001","2019","02","18","4","3","3","6","2","1","0","0","0","0","0",797986.65254399995,5828620.61075999960,13.39341626300,52.52601595000,"0"
"192444","11","0","10","010","2019","02","14","4","3","2","6","0","0","1","0","0","0","0",809651.28127200005,5829224.32280999981,13.56537569700,52.52492689200,"0"
"192445","11","0","12","012","2019","02","08","4","3","0","6","0","0","1","0","0","0","0",791309.09572099999,5834342.42721000034,13.30029002400,52.58092002300,"0"
"192446","11","0","01","001","2019","02","17","4","3","0","3","0","1","1","0","0","0","0",796095.74880499998,5826518.49022999965,13.36375473200,52.50820264000,"0"
"192447","11","0","11","011","2019","02","16","3","3","2","2","0","1","1","0","0","0","1",806134.39888600004,5827352.48273999989,13.51197759100,52.51013695700,"0"
"192448","11","0","06","006","2019","02","08","4","3","6","4","0","0","1","1","0","0","0",795829.57648100005,5819912.56988000032,13.35398369300,52.44913011300,"0"
"192449","11","0","03","003","2019","02","05","4","3","5","2","2","1","1","0","0","0","0",803364.37497300003,5838249.92808999959,13.48124879500,52.60935443800,"0"
"192450","11","0","03","003","2019","02","07","4","3","5","3","0","0","1","0","0","0","0",798144.38243200001,5835472.38616999891,13.40188870900,52.58734629200,"0"
"192451","11","0","08","008","2019","02","11","3","2","0","1","0","0","0","0","1","0","0",801523.27078400005,5820742.65931000095,13.43826176400,52.45346006200,"0"
"192452","11","0","07","007","2019","02","07","4","3","5","3","0","1","1","0","0","0","0",800601.90053400001,5814440.63465999998,13.41908024200,52.39747919500,"0"
"192453","11","0","10","010","2019","02","11","5","3","5","3","0","0","1","0","0","0","0",811295.58992299996,5829144.97415999975,13.58946016900,52.52327955700,"0"
"192454","11","0","08","008","2019","02","12","4","3","2","6","0","0","1","0","0","0","0",799388.35232700000,5823787.52060000040,13.40967030800,52.48192652700,"0"
"192455","11","0","10","010","2019","02","13","4","3","0","3","0","0","1","0","0","0","1",806295.73031699995,5830208.07220999897,13.51697708400,52.53563883600,"0"
"192456","11","0","02","002","2019","02","16","3","3","3","6","0","1","1","0","0","0","0",798300.83059599996,5825395.94395999983,13.39514331900,52.49693921100,"0"
"192457","11","0","04","004","2019","02","10","4","3","6","2","0","0","1","1","0","0","0",792321.76363399997,5825370.85328999907,13.30729936000,52.49994972400,"0"
"192458","11","0","08","008","2019","02","11","4","3","0","2","0","0","1","0","1","0","0",800469.79399999999,5823613.31199999992,13.42539027600,52.47977105100,"0"
"192459","11","0","01","001","2019","02","11","4","3","1","5","0","1","1","0","0","0","0",794179.57887400000,5828447.03990000021,13.33730838600,52.52652760400,"0"
"192460","11","0","05","005","2019","02","14","4","3","5","3","0","0","1","0","0","0","0",786319.41286299995,5829484.42831999995,13.22266046100,52.54001361000,"0"
"192461","11","0","01","001","2019","02","18","2","2","0","7","2","0","0","0","1","0","0",799828.27424499998,5828595.83430000022,13.42045863200,52.52478421900,"0"
"192462","11","0","01","001","2019","02","11","4","3","6","3","0","0","1","1","0","0","0",794798.89976499998,5828309.19868999906,13.34628877200,52.52495742300,"0"
"192463","11","0","01","001","2019","02","13","4","3","5","2","0","1","1","0","0","0","0",794789.05251099996,5828310.61653999984,13.34614530200,52.52497545700,"0"
"192464","11","0","08","008","2019","02","14","2","3","1","5","0","0","1","0","0","0","0",801815.66785700002,5824395.14773999993,13.44585577000,52.48603661900,"0"
"192465","11","0","02","002","2019","02","14","4","3","3","6","0","1","1","0","0","0","0",801401.18949799996,5825991.08069000021,13.44121402500,52.50057023200,"0"
"192466","11","0","04","004","2019","02","15","4","3","5","2","0","0","1","0","0","0","0",794098.99297999998,5826355.63757000025,13.33427516500,52.50782287200,"0"
"192467","11","0","04","004","2019","02","10","4","3","0","1","0","0","0","0","1","0","0",792639.20381900005,5827102.85530999955,13.31348501200,52.51530646600,"0"
"192468","11","0","01","001","2019","02","08","2","3","2","6","0","0","0","0","0","1","1",793418.64700000000,5829470.74799999967,13.32702781900,52.53611470800,"0"
"192469","11","0","05","005","2019","02","16","4","2","5","3","0","0","1","0","0","0","0",783705.51406700001,5830175.28132999968,13.18481283000,52.54757515500,"0"
"192470","11","0","07","007","2019","02","17","5","3","5","2","1","0","1","0","0","0","0",794938.78869500000,5824458.02477000095,13.34493254400,52.49035869100,"0"
"192471","11","0","03","003","2019","02","17","4","2","6","4","0","0","1","1","0","0","0",802056.49264399998,5831122.91631999984,13.45549915400,52.54620451200,"0"
"192472","11","0","08","008","2019","02","17","4","3","2","6","1","0","1","0","0","0","0",801299.06527799997,5819564.60859999992,13.43390978400,52.44302442700,"0"
"192473","11","0","10","010","2019","02","07","2","3","0","7","0","1","0","0","0","0","0",808415.55677999998,5830155.95117000025,13.54808336300,52.53397635800,"0"
"192474","11","0","03","003","2019","02","18","4","2","6","4","1","0","1","1","0","0","0",800705.54954799998,5830952.30680000037,13.43548259100,52.54542263500,"0"
"192475","11","0","02","002","2019","02","12","3","3","5","2","0","0","1","0","0","0","0",797921.63686700002,5825269.67714999896,13.38946119900,52.49601450400,"0"
"192476","11","0","06","006","2019","02","18","2","3","5","2","2","1","0","0","0","0","1",792725.52961800003,5821687.45727000106,13.30999602400,52.46671255400,"0"
"192477","11","0","03","003","2019","02","17","2","3","1","5","1","1","0","0","0","1","0",802709.85177700000,5833896.35118999891,13.46763425600,52.57069956800,"0"
"192478","11","0","04","004","2019","02","08","3","3","0","4","0","1","0","1","0","0","0",792727.89117099997,5826154.67408999894,13.31395425300,52.50675873400,"0"
"192479","11","0","01","001","2019","02","10","3","3","5","7","0","0","1","0","0","0","0",797491.91488099995,5827805.89262999967,13.38541652800,52.51898315500,"0"
"192480","11","0","03","003","2019","02","17","2","2","6","4","0","0","1","1","0","0","0",797983.65047899995,5833064.79660999961,13.39735931400,52.56585375200,"0"
"192481","11","0","04","004","2019","02","16","3","3","1","5","0","1","1","0","0","0","0",792397.01142899995,5825405.98292000033,13.30843555900,52.50022433900,"0"
"192482","11","0","05","005","2019","02","15","3","3","5","7","0","0","1","0","1","0","0",782365.31828600005,5830496.71207999997,13.16537446000,52.55115356100,"0"
"192483","11","0","06","006","2019","02","16","2","3","0","2","0","1","0","0","0","0","1",790013.23272299999,5817494.82971000019,13.26654177200,52.43057086400,"0"
"192484","11","0","03","003","2019","02","14","3","3","4","7","0","0","1","0","0","0","0",801828.82225400000,5832464.96482999902,13.45337192900,52.55835940600,"0"
"192485","11","0","02","002","2019","02","12","4","3","2","6","0","0","1","0","0","0","0",800247.94835600001,5824392.53942000028,13.42283527000,52.48687761200,"0"
"192486","11","0","12","012","2019","02","12","3","3","5","3","0","0","1","0","0","0","1",791865.76100000006,5831451.80700000003,13.30593880400,52.55470823800,"0"
"192487","11","0","12","012","2019","02","11","3","3","5","3","0","0","1","0","0","0","1",793837.88155199995,5835502.12055000104,13.33853234500,52.58995613000,"0"
"192488","11","0","02","002","2019","02","16","2","3","5","3","0","0","1","0","0","0","0",798333.39579200000,5824030.97131999955,13.39439952400,52.48468614300,"0"
"192489","11","0","06","006","2019","02","10","3","3","2","6","0","0","1","0","0","0","0",795220.56771099998,5818703.00949999969,13.34397968400,52.43861631100,"0"
"192490","11","0","11","011","2019","02","09","3","3","2","4","0","0","1","1","1","0","0",805317.03663200000,5833223.80429000035,13.50536540400,52.56321594700,"0"
"192491","11","0","09","009","2019","02","09","3","3","0","1","0","1","0","0","0","0","0",811933.39561899996,5817765.18307000026,13.58819012100,52.42093699200,"0"
"192492","11","0","12","012","2019","02","16","2","3","5","3","0","0","1","0","1","0","0",791865.76100000006,5831451.80700000003,13.30593880400,52.55470823800,"0"
"192493","11","0","02","002","2019","02","08","3","3","5","7","0","1","1","0","0","0","0",802875.77122999995,5827547.56048000045,13.46428692200,52.51370438300,"0"
"192494","11","0","01","001","2019","02","08","3","3","5","3","0","1","1","0","0","0","0",793671.28827300004,5832250.35166000016,13.33320003200,52.56089614100,"0"
"192495","11","0","01","001","2019","02","08","3","3","5","2","0","1","1","0","0","0","0",794554.28045099997,5828334.35132999904,13.34271583400,52.52531511100,"0"
"192496","11","0","12","012","2019","02","07","3","3","6","4","0","1","0","1","0","0","0",790778.60404899996,5833708.81694999896,13.29192706500,52.57552357300,"0"
"192497","11","0","01","001","2019","02","22","3","3","0","7","2","1","0","0","0","0","0",796843.48484299995,5826614.03517000098,13.37482494600,52.50865275700,"0"
"192498","11","0","08","008","2019","02","20","3","3","6","4","2","0","1","1","0","0","0",800999.49222799996,5822172.35360000003,13.43186619500,52.46656358800,"1"
"192499","11","0","08","008","2019","02","18","3","3","5","2","2","1","1","0","0","0","0",801413.13286400004,5824471.39087000024,13.44001458200,52.48694236900,"0"
"192500","11","0","06","006","2019","02","11","4","3","5","2","0","1","1","0","0","0","0",787637.27238200000,5818151.70935000107,13.23225685600,52.43771475100,"0"
"192501","11","0","12","012","2019","02","17","3","3","3","6","2","1","1","0","0","0","0",796680.51910699997,5832835.52928999905,13.37798508400,52.56451034500,"0"
"192502","11","0","01","001","2019","02","17","3","3","2","6","2","1","1","0","0","0","0",799728.06085000001,5827518.64216000028,13.41801534400,52.51518399500,"0"
"192503","11","0","12","012","2019","02","15","2","3","0","7","0","0","0","0","0","0","1",786293.60005899996,5834305.51345000044,13.22644059600,52.58325134500,"0"
"192504","11","0","01","001","2019","02","17","3","3","6","4","1","0","1","1","0","0","0",792715.41680000001,5828653.38807000034,13.31596954600,52.52916554900,"0"
"192505","11","0","09","009","2019","02","14","2","3","5","2","0","0","1","0","0","0","0",808413.99529500003,5816399.02972999960,13.53534192900,52.41068799800,"0"
"192506","11","0","08","008","2019","02","07","2","3","5","3","0","0","1","0","0","0","0",800868.41599000001,5823468.13604000024,13.43111122600,52.47825032700,"0"
"192507","11","0","06","006","2019","02","15","2","3","2","6","0","0","1","0","0","0","1",793028.02877099998,5817691.86749999970,13.31093114000,52.43073076700,"0"
"192508","11","0","02","002","2019","02","19","2","3","1","5","2","1","1","0","0","0","1",800936.89709099999,5826812.13133000024,13.43513694900,52.50818574800,"0"
"192509","11","0","09","009","2019","02","13","2","2","6","4","0","1","0","1","0","0","0",810910.65481700003,5821522.79896999896,13.57669391800,52.45519326600,"0"
"192510","11","0","01","001","2019","02","21","2","3","5","3","2","1","1","0","0","0","0",795285.20395400003,5826174.14080000017,13.35154125200,52.50555513600,"0"
"192511","11","0","02","002","2019","02","19","2","3","3","6","2","0","1","0","1","0","0",799757.72318299999,5825709.09704000037,13.41682177300,52.49894793000,"0"
"192512","11","0","09","009","2019","02","17","2","3","2","7","2","0","1","0","0","0","0",810521.29263399995,5820047.02589999977,13.56961043300,52.44218921700,"0"
"192513","11","0","07","007","2019","02","17","2","3","6","4","1","1","0","1","0","0","0",795514.17706100002,5824888.46138000023,13.35376416900,52.49390605200,"0"
"192514","11","0","02","002","2019","02","15","2","3","4","5","0","1","0","0","0","0","0",797874.36080100003,5824585.65099999961,13.38815532000,52.48990882000,"0"
"192515","11","0","04","004","2019","02","17","2","2","0","6","0","0","1","0","0","0","1",794287.62692099996,5826077.12729999982,13.33680029800,52.50522446700,"0"
"192516","11","0","08","008","2019","02","17","2","3","6","4","0","0","1","1","0","0","0",800435.24690699996,5823749.37968000025,13.42500571100,52.48100968700,"0"
"192517","11","0","02","002","2019","02","09","4","2","5","3","0","0","1","0","0","0","0",798411.35739500006,5825782.72642000020,13.39711314400,52.50034579500,"0"
"192518","11","0","12","012","2019","02","14","2","3","5","3","0","1","1","0","0","0","0",796697.32177399995,5832997.76083999965,13.37837733300,52.56595540500,"0"
"192519","11","0","08","008","2019","02","14","2","3","5","3","0","0","1","0","0","0","0",803196.08660299995,5822714.97565000039,13.46459530800,52.47021258200,"0"
"192520","11","0","10","010","2019","02","14","2","3","2","6","0","0","1","0","0","0","0",811354.05322100001,5830674.87351999991,13.59175182300,52.53695602600,"0"
"192521","11","0","11","011","2019","02","12","2","3","5","3","0","1","0","0","0","0","1",805130.78879499994,5830018.51188000012,13.49968122300,52.53459335200,"0"
"192522","11","0","10","010","2019","02","11","2","3","3","6","0","0","1","0","0","0","0",806277.09974800004,5830169.31388999894,13.51666754800,52.53530194600,"0"
"192523","11","0","03","003","2019","02","11","2","3","0","5","0","1","1","0","0","0","0",798534.71462800005,5834962.63726999890,13.40717393000,52.58256311800,"0"
"192524","11","0","05","005","2019","02","14","2","3","3","6","0","1","1","0","0","0","0",783872.13964600000,5831072.02414999902,13.18803024600,52.55552862700,"0"
"192525","11","0","09","009","2019","02","11","2","2","0","1","0","1","0","0","0","0","0",811043.30910600000,5820355.65015999973,13.57755306300,52.44465832600,"0"
"192526","11","0","01","001","2019","02","10","2","3","2","6","0","0","1","0","0","0","0",795199.22899400000,5830788.02508999966,13.35437428700,52.54696145700,"0"
"192527","11","0","04","004","2019","02","08","2","2","6","4","0","0","1","1","0","0","0",790987.41607299994,5826616.79710999969,13.28878704700,52.51183277100,"0"
"192528","11","0","08","008","2019","02","13","2","3","1","1","0","0","1","0","0","0","1",803331.78095900000,5818555.60216000024,13.46280933000,52.43285695700,"0"
"192529","11","0","01","001","2019","02","17","2","3","5","3","0","0","1","0","1","0","0",798121.04485900002,5829344.50332000013,13.39604047400,52.53243122000,"0"
"192530","11","0","07","007","2019","02","16","2","3","5","2","0","1","0","0","0","0","0",795580.24918000004,5824152.73032000009,13.35408191600,52.48727501100,"0"
"192531","11","0","11","011","2019","02","13","2","2","6","4","0","0","1","1","0","0","0",804885.44676399999,5831343.15316999890,13.49729087200,52.54660265200,"0"
"192532","11","0","03","003","2019","02","16","2","3","5","2","0","1","1","0","0","0","0",800190.78747099999,5838470.16115999967,13.43472243000,52.61309032900,"0"
"192533","11","0","06","006","2019","02","16","2","3","5","2","0","0","1","0","0","0","0",791768.02015000000,5819273.76742000040,13.29383182900,52.44558603500,"0"
"192534","11","0","12","012","2019","02","13","2","3","2","6","0","0","1","0","1","0","0",792669.80146600003,5833873.38965999987,13.31990065100,52.57598513900,"0"
"192535","11","0","01","001","2019","02","15","2","3","3","2","0","0","1","0","1","0","0",795140.27660500002,5827072.35242999904,13.35020864800,52.51368535500,"0"
"192536","11","0","04","004","2019","02","15","5","2","5","3","0","0","1","0","0","0","0",791325.39704700001,5822055.74055000022,13.28976540400,52.47076261300,"0"
"192537","11","0","09","009","2019","02","14","2","3","5","3","0","1","1","0","0","0","0",808014.68463300006,5821569.90797999967,13.53425350100,52.45725502900,"0"
"192538","11","0","01","001","2019","02","14","2","3","5","5","0","0","1","0","1","0","0",794494.91004300001,5828350.57027000096,13.34185761100,52.52549257600,"0"
"192539","11","0","09","009","2019","02","10","2","3","6","4","0","0","1","1","0","0","0",804577.08477800002,5822011.22594000027,13.48422083200,52.46313691500,"0"
"192540","11","0","03","003","2019","02","20","1","3","6","4","2","0","1","1","0","0","0",801088.47004499997,5830429.06656999979,13.44063810200,52.54052129700,"0"
"192541","11","0","01","001","2019","02","23","5","3","5","2","2","0","1","0","0","0","0",796582.47727499995,5826872.61204999965,13.37122084100,52.51111260100,"0"
"192542","11","0","07","007","2019","02","13","1","3","1","5","0","1","1","0","0","0","0",794879.52404199995,5823766.67607999966,13.34345051500,52.48419320600,"0"
"192543","11","0","08","008","2019","02","14","1","3","2","6","0","0","1","0","0","0","0",799590.34873800003,5816402.53424999956,13.40601263400,52.41561940300,"0"
"192544","11","0","03","003","2019","02","10","2","3","3","6","0","0","1","0","0","1","0",798447.26811599999,5835563.65099999961,13.40642843500,52.58799825800,"0"
"192545","11","0","09","009","2019","02","09","1","3","3","6","0","1","0","0","0","0","1",806563.63258400001,5820533.62904999964,13.51201357900,52.44878332200,"0"
"192546","11","0","05","005","2019","02","18","1","2","2","4","2","0","1","1","0","0","0",784801.40506500006,5828809.46533000097,13.19975980600,52.53475745900,"0"
"192547","11","0","11","011","2019","02","10","2","3","6","2","0","0","1","1","0","0","0",806074.54544999998,5825804.40378000028,13.50967544900,52.49629616200,"0"
"192548","11","0","04","004","2019","02","16","1","3","1","5","0","1","1","0","0","0","0",793153.33388799999,5822082.19696000032,13.31662230400,52.47002190700,"0"
"192549","11","0","02","002","2019","02","21","1","2","6","2","2","0","1","1","0","0","0",797655.76742000005,5826290.57801000029,13.38646893700,52.50531075700,"0"
"192550","11","0","01","001","2019","02","09","2","3","0","7","0","0","1","0","1","0","0",797652.89528499998,5828104.12798000034,13.38804889400,52.52156863200,"0"
"192551","11","0","02","002","2019","02","21","1","2","5","2","2","0","1","0","1","0","0",801248.42400000000,5827823.23000000045,13.44062843800,52.51707646300,"0"
"192552","11","0","11","011","2019","02","13","4","3","5","2","0","1","1","0","0","0","0",803064.97556799999,5829527.67480999976,13.46887077100,52.53134668400,"0"
"192553","11","0","01","001","2019","02","17","1","3","5","2","1","1","1","0","0","0","0",798616.22543999995,5827001.39828999899,13.40121530000,52.51115748200,"0"
"192554","11","0","09","009","2019","02","15","1","3","6","4","0","1","0","1","0","0","0",811237.92906500003,5820211.94019000046,13.58027345300,52.44325972700,"0"
"192555","11","0","04","004","2019","02","09","2","3","5","7","0","0","1","0","0","0","1",792436.60046300001,5824117.49882000033,13.30788604200,52.48865215800,"0"
"192556","11","0","01","001","2019","02","15","1","3","6","2","0","0","1","1","0","0","0",797156.00196599995,5831919.61220999900,13.38415912000,52.55604097100,"0"
"192557","11","0","02","002","2019","02","15","1","3","2","6","0","1","1","0","0","0","0",801649.98515800002,5825897.59289999958,13.44478342900,52.49959482000,"0"
"192558","11","0","11","011","2019","02","14","1","3","5","3","0","0","1","0","0","0","0",803533.97873700003,5829749.77838999964,13.47596638800,52.53307638000,"0"
"192559","11","0","12","012","2019","02","08","2","3","2","6","0","0","1","0","0","0","0",790778.78466500004,5837599.26604999974,13.29534526400,52.61040056100,"0"
"192560","11","0","01","001","2019","02","14","1","3","2","1","0","1","1","0","0","0","0",795358.32259100000,5830249.22652000003,13.35623454800,52.54204536800,"0"
"192561","11","0","04","004","2019","02","03","1","3","9","1","2","0","1","0","0","0","0",791216.05799999996,5829730.95999999996,13.29487397300,52.53962890900,"0"
"192562","11","0","02","002","2019","02","14","1","3","1","5","0","0","1","0","0","0","0",800808.30677100003,5826486.03495000023,13.43295332800,52.50533377800,"0"
"192563","11","0","01","001","2019","02","22","2","3","5","2","2","1","1","0","0","0","0",799593.76429099997,5828256.37961000018,13.41670656600,52.52187045000,"0"
"192564","11","0","01","001","2019","02","18","1","2","5","2","2","1","1","0","0","0","0",798236.23517899995,5827696.02907999977,13.39625523100,52.51759182800,"0"
"192565","11","0","07","007","2019","02","21","1","2","5","2","2","0","1","0","0","0","1",795004.15691100003,5823818.28809999954,13.34532624700,52.48458855100,"0"
"192566","11","0","10","010","2019","02","15","1","2","5","2","0","0","1","0","0","0","0",810311.38425200002,5831817.08124000020,13.57749514100,52.54778649700,"0"
"192567","11","0","12","012","2019","02","05","2","3","2","6","2","0","1","0","0","0","0",796643.55033899995,5832436.11189999990,13.37708419600,52.56095017200,"0"
"192568","11","0","02","002","2019","02","08","1","3","1","5","0","0","1","0","0","0","1",797694.16162200004,5824024.14015999995,13.38500760100,52.48497380700,"0"