OBJECTID,ULAND,UREGBEZ,UKREIS,UGEMEINDE,UJAHR,UMONAT,USTUNDE,UWOCHENTAG,UKATEGORIE,UART,UTYP1,ULICHTVERH,IstRad,IstPKW,IstFuss,IstKrad,IstGkfz,IstSonstig,LINREFX,LINREFY,XGCSWGS84,YGCSWGS84,STRZUSTAND
"192569","11","0","06","006","2019","02","08","4","3","5","3","0","1","1","0","0","0","0",785318.60634199996,5817722.13860999979,13.19787347300,52.43507774600,"0"
"192570","11","0","11","011","2019","02","10","7","3","5","2","0","0","1","0","1","0","0",805805.71717199998,5834706.49382000044,13.51391923500,52.57622984400,"0"
"192571","11","0","01","001","2019","02","02","7","3","6","4","2","0","1","1","0","0","0",796247.64869900001,5828494.29320999980,13.36774563000,52.52583135900,"0"
"192572","11","0","09","009","2019","02","06","2","3","2","6","1","0","1","0","0","0","0",811693.77682999999,5818521.01305000018,13.58538206300,52.42784688900,"0"
"192573","11","0","04","004","2019","02","22","7","3","5","3","2","1","1","0","0","0","0",793932.41099400003,5826044.86094999965,13.33155339800,52.50512669900,"0"
"192574","11","0","02","002","2019","02","21","7","3","3","6","2","1","1","0","0","0","0",800348.84453500004,5826276.42234999966,13.42601520300,52.50370806600,"0"
"192575","11","0","04","004","2019","02","18","7","3","1","5","2","0","1","0","0","0","0",792402.18847000005,5826259.48737000022,13.30926117100,52.50787302100,"0"
"192576","11","0","12","012","2019","02","07","2","3","3","6","0","0","1","0","0","1","0",793387.30942800001,5833083.99832999893,13.32976007100,52.56852238300,"0"
"192577","11","0","10","010","2019","02","17","7","3","5","3","1","0","1","0","0","0","1",811133.12441499997,5830925.04305000044,13.58873921900,52.53932403400,"0"
"192578","11","0","07","007","2019","02","11","7","3","5","2","0","1","1","0","0","0","0",794770.95252199995,5825692.85010000039,13.34356046000,52.50151876400,"0"
"192579","11","0","03","003","2019","02","09","7","3","5","3","0","0","1","0","0","0","0",802871.57995799999,5838289.26271000039,13.47402946800,52.60998177700,"0"
"192580","11","0","05","005","2019","02","16","7","3","0","7","0","0","1","0","0","0","0",783916.10659400001,5831341.34621999972,13.18890739700,52.55792046700,"0"
"192581","11","0","12","012","2019","02","20","2","3","1","5","2","0","1","0","0","0","0",792899.42136799998,5832941.95380000025,13.32245676800,52.56751176200,"0"
"192582","11","0","04","004","2019","02","15","7","3","6","4","0","0","1","1","0","0","0",793849.65446100000,5826060.35101000033,13.33035130800,52.50531013700,"0"
"192583","11","0","08","008","2019","02","14","7","3","5","2","0","1","1","0","0","0","0",801752.60129899997,5822051.21121999994,13.44280914600,52.46506235800,"0"
"192584","11","0","02","002","2019","02","14","7","3","2","6","0","0","1","0","0","0","0",798654.93435999996,5825144.83576999977,13.40011882700,52.49449470300,"0"
"192585","11","0","03","003","2019","02","07","4","3","5","2","0","1","1","0","0","0","0",803669.22042999999,5832011.79693999980,13.48002179600,52.55327472300,"0"
"192586","11","0","04","004","2019","02","13","7","2","6","7","0","0","1","1","0","0","0",792784.50096800004,5824307.68144000042,13.31316229800,52.49017062100,"0"
"192587","11","0","07","007","2019","02","13","7","3","6","4","0","0","1","1","0","0","0",797198.80691699998,5823816.87285999954,13.37754943300,52.48338572600,"0"
"192588","11","0","10","010","2019","02","19","2","3","6","7","2","0","1","1","0","0","0",808098.69076100003,5830047.87131999992,13.54332645900,52.53318696000,"0"
"192589","11","0","07","007","2019","02","13","7","3","2","6","0","0","1","0","0","0","0",797750.94777900004,5815406.76351999957,13.37816129200,52.40769693700,"0"
"192590","11","0","01","001","2019","02","20","6","2","5","3","2","1","1","0","0","0","0",797265.39546399994,5827806.34999000095,13.38208836400,52.51911077900,"0"
"192591","11","0","05","005","2019","02","19","6","3","2","6","2","0","1","0","0","0","0",785188.40034000005,5829363.04903999995,13.20592495900,52.53951846800,"0"
"192592","11","0","12","012","2019","02","07","2","3","1","5","0","1","1","0","0","0","0",791453.92547500005,5838714.33825999964,13.30627026600,52.62003515600,"0"
"192593","11","0","03","003","2019","02","21","6","3","6","4","2","1","0","1","0","0","0",799670.36271500005,5831248.48778000008,13.42053004800,52.54864778200,"0"
"192594","11","0","05","005","2019","02","10","5","2","1","7","0","0","1","0","0","0","1",784617.06547000003,5830861.36488000024,13.19880764700,52.55325105800,"0"
"192595","11","0","04","004","2019","02","20","6","3","2","6","2","0","1","0","1","0","0",790377.45596799999,5829034.10604999959,13.28193488300,52.53382913000,"0"
"192596","11","0","12","012","2019","02","18","6","3","2","6","2","0","1","0","0","0","0",794663.94340700004,5836274.14940000046,13.35137783800,52.59642982200,"0"
"192597","11","0","10","010","2019","02","21","2","2","9","1","2","0","0","0","1","0","0",810000.14564100001,5828363.53431999963,13.56969926000,52.51701466000,"0"
"192598","11","0","09","009","2019","02","08","6","3","5","3","0","0","1","0","0","0","1",812181.23533000005,5819098.72453999985,13.59306744000,52.43274609800,"0"
"192599","11","0","04","004","2019","02","08","6","3","1","5","0","0","1","0","1","0","0",794526.28426300001,5825937.61068999954,13.34018291900,52.50384500700,"0"
"192600","11","0","08","008","2019","02","08","6","3","6","4","0","0","1","1","0","0","0",801918.99069200002,5824159.58509000018,13.44715941400,52.48386811800,"0"
"192601","11","0","04","004","2019","02","07","6","3","5","2","0","1","1","0","0","0","0",794002.84600599995,5824280.56158000045,13.33103086200,52.48927270300,"0"
"192602","11","0","07","007","2019","02","07","2","3","0","1","0","0","0","0","1","0","0",794376.36760400003,5821956.86937000044,13.33446478700,52.46824073100,"0"
"192603","11","0","01","001","2019","02","15","6","2","6","2","0","0","1","1","0","0","0",794116.09797899995,5827763.25698000006,13.33577063600,52.52043215100,"0"
"192604","11","0","12","012","2019","02","15","6","3","2","6","0","0","1","0","0","0","0",794038.56713400001,5835339.14426000044,13.34134158000,52.58838672400,"0"
"192605","11","0","03","003","2019","02","08","2","3","5","3","0","1","1","0","0","0","0",797887.50494799996,5834640.66562000010,13.39736064000,52.58003182900,"0"
"192606","11","0","01","001","2019","02","15","6","3","1","5","0","1","1","0","0","0","0",796764.04521999997,5826927.97719000094,13.37393780300,52.51151014400,"0"
"192607","11","0","09","009","2019","02","16","6","2","2","7","0","1","1","0","0","0","0",802533.12571199995,5824562.41150000039,13.45654132200,52.48713874000,"0"
"192608","11","0","01","001","2019","02","07","6","2","2","7","0","1","0","0","0","0","0",795596.96010100003,5831751.05016999971,13.36107995900,52.55537841600,"0"
"192609","11","0","04","004","2019","02","16","1","3","2","6","0","0","1","0","0","0","0",793342.65512899996,5829711.53949000034,13.32612320500,52.53831419100,"0"
"192610","11","0","10","010","2019","02","07","6","3","3","6","0","0","1","0","0","1","0",811153.57736500003,5829036.82500000019,13.58727258600,52.52239145000,"0"
"192611","11","0","11","011","2019","02","18","5","3","2","6","1","0","1","0","0","0","0",803312.84643000003,5830109.32567999978,13.47304445200,52.53642200200,"0"
"192612","11","0","08","008","2019","02","07","6","3","6","2","0","0","1","1","0","0","0",800975.41543599998,5824764.86593999993,13.43385273900,52.48981434200,"0"
"192613","11","0","07","007","2019","02","07","6","3","5","3","1","1","1","0","0","0","0",798241.76769000001,5820503.24265999999,13.38990078000,52.45311426900,"0"
"192614","11","0","07","007","2019","02","16","1","3","0","7","0","0","0","1","0","0","1",798729.84774700005,5816017.47262000013,13.39305420900,52.41263805900,"0"
"192615","11","0","01","001","2019","02","06","6","3","2","6","0","0","1","0","0","0","0",796977.38908300002,5827004.17114000022,13.37714025400,52.51207703200,"0"
"192616","11","0","02","002","2019","02","05","6","2","5","2","2","1","1","0","0","0","0",797100.94440499996,5824491.31030000001,13.37671373500,52.48948462300,"0"
"192617","11","0","09","009","2019","02","16","1","3","2","6","0","0","1","0","0","0","0",809224.95478399994,5819572.65345000103,13.55016017700,52.43867247500,"0"
"192618","11","0","09","009","2019","02","05","6","2","3","6","2","0","1","0","0","1","0",806882.47514000000,5823240.45301000029,13.51917887900,52.47286379600,"0"
"192619","11","0","03","003","2019","02","16","6","3","6","4","0","0","1","1","0","0","0",801756.75683800003,5832405.25287999958,13.45225783300,52.55786414800,"0"
"192620","11","0","08","008","2019","02","16","1","3","1","5","0","0","1","0","0","0","1",802789.77198299998,5818791.09078999981,13.45507441400,52.43526794100,"0"
"192621","11","0","03","003","2019","02","16","6","2","2","6","1","0","1","0","0","0","0",799330.24892299995,5833455.28916999977,13.41751942500,52.56861517700,"0"
"192622","11","0","08","008","2019","02","17","6","3","1","1","1","0","1","0","0","0","1",800335.14295699995,5816688.47874000017,13.41718748200,52.41777434500,"0"
"192623","11","0","02","002","2019","02","08","6","3","2","3","0","1","1","0","0","0","0",797913.35400000005,5825279.64900000021,13.38934847000,52.49610841100,"0"
"192624","11","0","01","001","2019","02","16","1","3","5","7","0","0","1","0","0","0","0",799498.56354500004,5828143.63085000031,13.41520609400,52.52091212900,"0"
"192625","11","0","02","002","2019","02","08","6","3","5","2","0","1","1","0","0","0","0",798493.68849700002,5825222.74653000105,13.39782058500,52.49528127700,"0"
"192626","11","0","03","003","2019","02","14","4","3","3","6","0","0","1","0","0","0","0",799958.11718299997,5831721.62813000102,13.42518846200,52.55273031000,"0"
"192627","11","0","06","006","2019","02","18","6","3","5","2","1","0","1","0","0","0","1",791532.07700000005,5819139.00899999961,13.29025253700,52.44450377300,"0"
"192628","11","0","03","003","2019","02","18","6","3","6","4","1","0","1","1","0","0","0",799101.28537499998,5829106.76037000027,13.41023455900,52.52976320800,"0"
"192629","11","0","04","004","2019","02","17","1","3","5","7","1","1","1","0","0","0","0",793506.30347899999,5825347.13037000038,13.32467848800,52.49910124100,"0"
"192630","11","0","09","009","2019","02","09","6","3","3","6","0","1","0","0","0","0","0",810317.64851900004,5821373.52783000097,13.56785614000,52.45419251900,"0"
"192631","11","0","08","008","2019","02","18","6","3","5","3","2","0","1","0","0","0","0",801774.22921100003,5821103.64441000018,13.44226991600,52.45655716900,"0"
"192632","11","0","05","005","2019","02","15","6","3","5","2","0","1","1","0","0","0","0",786999.75610600004,5829460.35955999978,13.23264370000,52.53943990700,"0"
"192633","11","0","04","004","2019","02","17","1","3","2","7","2","0","1","0","0","1","0",791105.94322699995,5829127.12200000044,13.29272597100,52.53427440500,"0"
"192634","11","0","11","011","2019","02","10","6","3","5","3","0","0","1","0","0","0","0",804606.54099999997,5827495.57500000019,13.48966544200,52.51227468700,"0"
"192635","11","0","04","004","2019","02","07","4","3","6","4","0","0","1","1","0","0","0",792889.59052500001,5827360.63468999974,13.31739124500,52.51748295800,"0"
"192636","11","0","02","002","2019","03","23","2","3","5","3","2","0","1","0","0","0","0",797841.70137799997,5824926.74588000029,13.38798062300,52.49298415600,"1"
"192637","11","0","09","009","2019","03","17","5","3","6","2","0","0","1","1","0","0","0",810051.07634799997,5819464.27075999975,13.56217401500,52.43723349100,"1"
"192638","11","0","07","007","2019","03","08","2","3","5","2","0","0","1","0","0","0","0",794949.21641999995,5824553.53046999965,13.34517022000,52.49120920300,"1"
"192639","11","0","12","012","2019","03","22","2","3","9","1","2","0","1","0","0","0","0",795825.82992699998,5833661.51037000027,13.36614933300,52.57237949600,"1"
"192640","11","0","06","006","2019","03","16","5","2","5","3","0","1","1","0","0","0","0",785875.14924699999,5816579.40538000036,13.20506099800,52.42454131600,"1"
"192641","11","0","04","004","2019","03","08","2","3","1","5","0","1","1","0","0","0","1",794053.93920599995,5826126.34852000047,13.33341071500,52.50579170700,"1"
"192642","11","0","03","003","2019","03","05","1","3","1","1","2","0","1","0","0","0","0",802434.28695800004,5831064.89030000009,13.46100064400,52.54547484600,"0"
"192643","11","0","11","011","2019","03","05","1","3","2","6","2","0","1","0","0","0","0",802866.40177200001,5831262.05006000027,13.46753321100,52.54700191100,"0"
"192644","11","0","12","012","2019","03","16","5","3","5","3","1","1","1","0","0","0","0",790646.16757499997,5835594.30939999968,13.29163195300,52.59249746400,"1"
"192645","11","0","09","009","2019","03","20","1","3","6","2","2","0","1","1","0","0","0",802107.46989900002,5824764.44190999959,13.45047478900,52.48918525300,"1"
"192646","11","0","02","002","2019","03","19","5","3","5","3","2","1","1","0","0","0","0",797816.60670100001,5824933.04573999997,13.38761772200,52.49305431900,"1"
"192647","11","0","07","007","2019","03","19","1","3","5","2","2","1","1","0","0","0","0",794966.39031900000,5825195.68465999980,13.34599099200,52.49695640600,"1"
"192648","11","0","02","002","2019","03","20","1","3","5","2","2","1","1","0","0","0","0",802460.09234700003,5826326.63154000044,13.45707076400,52.50299190300,"1"
"192649","11","0","11","011","2019","03","18","1","3","6","2","1","0","1","1","0","0","0",806058.59790299996,5825807.53918999899,13.50944415100,52.49633320600,"1"
"192650","11","0","02","002","2019","03","20","1","2","5","7","2","0","1","0","0","0","0",799503.79708599998,5824531.45847999956,13.41203365700,52.48853154800,"1"
"192651","11","0","12","012","2019","03","19","1","3","5","3","2","0","1","0","0","0","0",793487.71699200000,5832414.32526000030,13.33064483000,52.56246504300,"1"
"192652","11","0","10","010","2019","03","18","1","2","6","2","2","0","1","1","0","0","0",811285.13156999997,5831537.92282999959,13.59154750100,52.54472940100,"1"
"192653","11","0","04","004","2019","03","18","1","3","6","2","2","0","1","1","0","0","0",793149.51654700004,5826075.35151000042,13.32007875300,52.50582124900,"1"
"192654","11","0","05","005","2019","03","08","1","2","9","1","0","0","1","0","0","0","0",784711.60228500003,5834642.31140999962,13.20344410300,52.58710123200,"1"
"192655","11","0","01","001","2019","03","16","5","3","5","2","0","1","0","0","0","0","1",798554.07849999995,5826816.36376000009,13.40013629400,52.50953291400,"1"
"192656","11","0","08","008","2019","03","17","1","3","2","6","1","0","1","0","0","0","0",801725.22809500003,5823688.83612000011,13.44388866300,52.47975581900,"1"
"192657","11","0","10","010","2019","03","16","5","3","5","3","0","1","1","0","0","0","0",809159.92416699999,5826175.42231999990,13.55532418200,52.49788228600,"1"
"192658","11","0","01","001","2019","03","14","1","3","0","1","0","0","0","0","1","0","0",797877.14064500004,5829867.49840999953,13.39292413800,52.53725254100,"1"
"192659","11","0","06","006","2019","03","14","1","3","5","7","0","0","1","0","0","0","0",796303.60683599999,5816846.45729000028,13.35822091500,52.42138798700,"1"
"192660","11","0","07","007","2019","03","12","1","3","2","6","0","0","1","0","0","0","0",794965.81114500004,5825667.70481000096,13.34640052900,52.50118805700,"1"
"192661","11","0","11","011","2019","03","15","5","3","5","2","0","1","1","0","0","0","0",803852.07603800006,5828739.62318000011,13.47971838400,52.52384547900,"1"
"192662","11","0","01","001","2019","03","12","1","3","5","2","0","1","1","0","0","0","0",795793.30692400003,5828242.88645000104,13.36084449600,52.52382441300,"1"
"192663","11","0","01","001","2019","03","19","5","3","5","3","2","0","1","0","1","0","0",795049.48784099997,5827190.84271000046,13.34897972400,52.51479665300,"1"
"192664","11","0","12","012","2019","03","12","1","3","5","2","0","0","1","0","0","0","0",795782.80347699998,5832578.30193999968,13.36455042400,52.56269301200,"1"
"192665","11","0","08","008","2019","03","20","7","3","5","3","2","1","1","0","0","0","0",800954.39209300000,5822316.85259000026,13.43133463100,52.46788362600,"1"
"192666","11","0","03","003","2019","03","15","5","3","5","3","0","0","1","0","0","0","0",798143.50474899996,5835472.18666000012,13.40187561300,52.58734498500,"1"
"192667","11","0","03","003","2019","03","14","7","2","5","2","0","0","1","0","0","0","0",803013.57371400006,5842058.00140000042,13.47957462200,52.64368008500,"1"
"192668","11","0","05","005","2019","03","15","7","3","0","6","0","0","1","0","1","0","0",784834.85110500001,5829035.44335999992,13.20044526000,52.53676609200,"1"
"192669","11","0","12","012","2019","03","20","5","3","6","4","2","0","0","1","1","0","0",790995.33287399996,5833819.70079000108,13.29521356100,52.57640178200,"1"
"192670","11","0","05","005","2019","03","08","7","2","1","5","0","0","1","0","1","0","0",786999.82115400000,5828155.48099000100,13.23151787600,52.52774084600,"1"
"192671","11","0","08","008","2019","03","16","7","3","5","3","0","0","1","0","0","0","0",803141.49885500001,5818819.48283999972,13.46025825100,52.43532760800,"1"
"192672","11","0","12","012","2019","03","17","7","3","6","4","1","0","1","1","0","0","0",790946.29090699996,5836197.18640000001,13.29657963600,52.59774164700,"0"
"192673","11","0","04","004","2019","03","20","5","3","5","2","2","1","1","0","0","0","0",792090.99742599996,5825291.99280000012,13.30384033000,52.49936632400,"1"
"192674","11","0","07","007","2019","03","17","7","3","5","7","1","0","1","0","0","0","0",797243.68666200002,5815444.28356000036,13.37075935500,52.40830889600,"1"
"192675","11","0","05","005","2019","03","20","5","2","5","7","2","0","1","0","0","0","0",784663.77988499997,5829696.54719999991,13.19849628200,52.54278292800,"1"
"192676","11","0","12","012","2019","03","19","7","3","6","2","2","0","1","1","0","0","0",795470.51292799995,5833409.14757000096,13.36069682600,52.57031031100,"1"
"192677","11","0","07","007","2019","03","13","7","3","2","7","0","0","1","0","0","0","0",797777.50550400000,5820776.50853999984,13.38333259500,52.45581691400,"0"
"192678","11","0","04","004","2019","03","22","5","3","6","2","2","0","1","1","0","0","0",792115.93521300005,5825765.93372000009,13.30462240600,52.50360176500,"1"
"192679","11","0","12","012","2019","03","23","5","3","1","5","2","1","1","0","0","0","1",795665.35513499996,5832967.69237999991,13.36316984100,52.56624730500,"1"
"192680","11","0","04","004","2019","03","12","7","3","3","6","0","0","1","0","0","0","0",792185.31638300000,5825637.21466000006,13.30552871800,52.50241067600,"0"
"192681","11","0","06","006","2019","03","09","7","3","5","3","0","0","1","0","0","0","0",789416.05599999998,5817999.37799999956,13.25821950800,52.43541063200,"1"
"192682","11","0","12","012","2019","03","16","5","3","2","6","0","0","1","0","0","0","0",793309.27896400006,5832660.18632999901,13.32823735400,52.56476520200,"1"
"192683","11","0","12","012","2019","03","09","7","3","5","2","0","0","1","0","0","0","1",795063.73131299997,5832467.56183999963,13.35387471600,52.56209048200,"0"
"192684","11","0","10","010","2019","03","15","7","3","6","4","0","1","0","1","0","0","0",810969.96851100004,5832025.65768999979,13.58737160300,52.54928010100,"1"
"192685","11","0","08","008","2019","03","14","5","3","5","7","0","0","1","0","0","0","1",803655.69532000006,5822278.95282999892,13.47094393200,52.46604930200,"1"
"192686","11","0","02","002","2019","03","02","7","3","5","2","2","0","1","0","0","0","0",797760.18265800003,5824597.33626000024,13.38648909500,52.49007585400,"0"
"192687","11","0","02","002","2019","03","19","7","2","6","4","2","0","1","1","0","0","0",798200.48069400003,5826386.81329999957,13.39455678900,52.50587594500,"1"
"192688","11","0","09","009","2019","03","15","5","3","2","6","0","0","1","0","0","0","0",804040.94364499999,5821221.11201999988,13.47563392800,52.45635384400,"1"
"192689","11","0","06","006","2019","03","19","7","2","5","2","2","1","1","0","0","0","0",792926.85257300001,5817768.25616999902,13.30951416000,52.43146976500,"1"
"192690","11","0","09","009","2019","03","16","5","3","5","2","1","0","1","0","0","0","0",808085.03116200003,5816924.18535999954,13.53100412900,52.41557976500,"1"
"192691","11","0","12","012","2019","03","19","7","3","6","2","2","0","1","1","0","0","0",794397.65902400005,5836235.06333999988,13.34742311700,52.59622366900,"1"
"192692","11","0","04","004","2019","03","19","7","3","5","2","2","0","1","0","0","0","0",792528.05934499996,5822918.15120000020,13.30817673100,52.47785126400,"1"
"192693","11","0","04","004","2019","03","23","5","2","9","1","2","0","1","0","0","0","0",794383.48223500000,5824838.06909000035,13.33711323900,52.49406532000,"1"
"192694","11","0","06","006","2019","03","19","7","3","6","2","2","0","1","1","0","0","0",795314.86360499996,5819982.85001000110,13.34649403800,52.45003841000,"1"
"192695","11","0","08","008","2019","03","20","7","3","5","3","2","1","1","0","0","0","0",800819.49390000000,5822577.09296999965,13.42958943700,52.47029054600,"1"
"192696","11","0","09","009","2019","03","20","7","3","8","1","2","0","1","0","0","0","0",810041.57258200005,5819507.93095999956,13.56207514900,52.43763015100,"1"
"192697","11","0","08","008","2019","03","18","5","3","6","2","1","0","1","1","0","0","0",801076.14008899999,5821981.89805999957,13.43281924900,52.46481424100,"0"
"192698","11","0","08","008","2019","03","10","7","3","5","2","0","0","1","0","0","0","0",801264.14067100000,5819820.02802999970,13.43362779600,52.44533308300,"0"
"192699","11","0","09","009","2019","03","20","7","3","5","3","2","0","1","0","0","0","0",807657.49006099999,5819361.40424999967,13.52697929700,52.43766318200,"1"
"192700","11","0","08","008","2019","03","21","7","2","6","4","2","0","1","1","0","0","0",801431.82832199999,5821029.71758999955,13.43717928600,52.45608348200,"1"
"192701","11","0","01","001","2019","03","18","5","3","0","1","2","0","0","0","1","0","0",797775.12187000003,5829747.10539000109,13.39131654800,52.53622912400,"1"
"192702","11","0","04","004","2019","03","22","7","3","5","3","2","0","1","0","0","0","0",793910.15462000004,5825533.20612000022,13.33077480700,52.50055196300,"1"
"192703","11","0","08","008","2019","03","23","7","3","5","3","2","0","1","0","0","0","0",801230.78206799994,5822467.78973999992,13.43552730200,52.46908420100,"1"
"192704","11","0","08","008","2019","03","11","6","3","5","3","0","0","1","0","0","0","0",802349.11246300000,5822949.94842000026,13.45237743600,52.47278807300,"1"
"192705","11","0","07","007","2019","03","13","5","3","5","3","0","1","1","0","0","0","0",799287.27332299994,5813135.31391999964,13.39865054300,52.38649842300,"0"
"192706","11","0","01","001","2019","03","23","6","2","6","4","2","0","1","1","0","0","0",796624.57787100004,5831625.21270000003,13.37608045600,52.55369171400,"0"
"192707","11","0","09","009","2019","03","01","5","3","9","1","2","0","1","0","0","0","0",811541.14371400001,5823057.50110999960,13.58737496700,52.46858742500,"1"
"192708","11","0","03","003","2019","03","23","6","3","6","4","2","0","1","1","0","0","0",798944.21943599998,5831069.02869999968,13.40969146800,52.54743817000,"0"
"192709","11","0","02","002","2019","03","17","6","3","2","6","0","1","1","0","0","0","0",797933.46499999997,5826387.34800000023,13.39063483800,52.50602661300,"0"
"192710","11","0","03","003","2019","03","06","5","2","6","4","0","0","1","1","0","0","0",804879.95039799996,5841522.89773999993,13.50657953500,52.63783954800,"1"
"192711","11","0","09","009","2019","03","17","6","2","1","1","0","0","1","0","0","0","1",806340.86155599996,5822224.91980000027,13.51029753600,52.46406621500,"0"
"192712","11","0","03","003","2019","03","16","6","2","6","4","0","0","1","1","0","0","0",798433.41260899999,5833809.51766000036,13.40464522700,52.57228271300,"0"
"192713","11","0","03","003","2019","03","14","6","3","5","3","0","0","1","0","0","0","0",800086.28453299997,5831671.07534999959,13.42702745000,52.55220659500,"1"
"192714","11","0","08","008","2019","03","13","5","3","5","3","0","0","1","0","0","0","0",802293.44314200000,5823884.18900000025,13.45240717500,52.48119255300,"1"
"192715","11","0","02","002","2019","03","08","6","3","5","3","0","1","1","0","0","0","0",799327.24187100003,5826236.42635999992,13.41097321100,52.50391095000,"0"
"192716","11","0","09","009","2019","03","19","5","3","3","6","2","1","0","0","0","0","0",804945.74102399999,5823041.92853000108,13.49057232400,52.47216911300,"1"
"192717","11","0","04","004","2019","03","05","5","3","0","3","2","0","1","0","1","0","0",791521.45259100001,5823559.67839000095,13.29395827700,52.48414078800,"1"
"192718","11","0","01","001","2019","03","17","5","3","2","6","0","0","1","0","0","0","0",797208.05088899995,5831915.81436000019,13.38492119100,52.55597852600,"1"
"192719","11","0","04","004","2019","03","06","5","2","5","2","0","1","1","0","0","0","0",793917.49175000004,5824957.61969999969,13.33037465900,52.49538816400,"1"
"192720","11","0","09","009","2019","03","07","5","3","5","3","0","0","1","0","0","0","1",805703.89242399996,5824052.52357000019,13.50262565900,52.48080279000,"1"
"192721","11","0","08","008","2019","03","08","5","2","5","3","0","1","1","0","0","0","0",804619.54258699995,5816128.75463999994,13.47948344500,52.41039001800,"1"
"192722","11","0","06","006","2019","03","22","5","3","6","7","2","0","1","1","0","0","0",790489.37802700000,5819760.26872999966,13.27549465300,52.45062846900,"1"
"192723","11","0","02","002","2019","03","23","5","3","5","3","2","1","1","0","0","0","0",799814.02952200000,5825748.78519000020,13.41768447400,52.49927274300,"0"
"192724","11","0","02","002","2019","03","20","5","3","1","5","2","1","1","0","0","0","0",799947.52131300000,5825964.13250000030,13.41983903700,52.50112964000,"1"
"192725","11","0","03","003","2019","03","13","5","3","5","3","0","0","1","0","0","0","1",800939.67880400002,5833548.04188000038,13.44127818900,52.56855919600,"1"
"192726","11","0","10","010","2019","03","20","5","3","5","3","2","0","1","0","0","0","0",812606.14184399997,5830417.71765000094,13.60991053800,52.53393494100,"0"
"192727","11","0","08","008","2019","03","19","5","3","2","5","2","1","1","0","0","0","0",800474.65408500005,5823594.65211999975,13.42544480900,52.47960112100,"0"
"192728","11","0","09","009","2019","03","08","5","3","5","3","0","1","1","0","0","0","0",810356.99386299995,5823533.22092000023,13.57044152400,52.47352458700,"1"
"192729","11","0","06","006","2019","03","18","5","3","6","2","1","0","1","1","0","0","0",795552.74513199995,5818313.19079999998,13.34850751800,52.43494241800,"0"
"192730","11","0","02","002","2019","03","18","5","3","5","2","2","1","1","0","0","0","0",797770.23217099998,5824017.09793999977,13.38611825600,52.48486920000,"1"
"192731","11","0","02","002","2019","03","18","5","3","2","6","0","1","1","0","0","0","0",799722.87249600003,5826056.09267000109,13.41662221000,52.50207735700,"1"
"192732","11","0","06","006","2019","03","08","5","3","1","5","0","1","1","0","0","0","0",791092.86956899997,5817818.49191000033,13.28265858900,52.43289913600,"1"
"192733","11","0","12","012","2019","03","17","5","3","3","6","0","0","1","0","0","0","1",793214.99934500002,5832615.17291000020,13.32681064100,52.56441246600,"1"
"192734","11","0","02","002","2019","03","17","5","3","5","3","1","0","1","0","1","0","0",800733.77734899998,5826517.17697999999,13.43188670300,52.50565399700,"1"
"192735","11","0","04","004","2019","03","17","5","3","2","6","0","0","1","0","0","0","0",792272.90234100004,5826111.75241999980,13.30723196500,52.50661789200,"0"
"192736","11","0","02","002","2019","03","17","5","3","6","4","0","1","0","1","0","0","0",799986.55563900003,5825731.47618000023,13.42020279600,52.49902278500,"1"
"192737","11","0","01","001","2019","03","12","5","3","5","2","0","0","1","0","0","0","0",794619.07747699996,5829877.86539999954,13.34503624400,52.53911660600,"1"
"192738","11","0","09","009","2019","03","17","5","3","2","1","0","0","1","0","0","0","0",810620.50819099997,5820336.33590999898,13.57133436200,52.44472556900,"0"
"192739","11","0","03","003","2019","03","16","5","3","0","3","0","0","1","0","1","0","0",804813.78327699995,5841410.60362000018,13.50550116800,52.63687029300,"1"
"192740","11","0","01","001","2019","03","12","5","3","2","6","0","0","1","0","0","0","0",793936.67513400002,5828480.52312999964,13.33376781200,52.52695877900,"1"
"192741","11","0","01","001","2019","03","16","5","3","2","7","0","1","1","0","0","0","0",797769.87124000001,5829051.37270999979,13.39061609300,52.52999563200,"1"
"192742","11","0","01","001","2019","03","16","5","3","2","2","0","0","1","0","1","0","0",795117.88522599998,5828257.64128000010,13.35093116600,52.52432268100,"1"
"192743","11","0","08","008","2019","03","15","5","3","2","1","0","0","1","0","0","0","0",801593.84632000001,5817456.03796999902,13.43633164500,52.42396213000,"0"
"192744","11","0","10","010","2019","03","10","5","3","5","3","0","0","1","0","0","0","0",811848.04328200000,5829318.86876999959,13.59773961800,52.52452219900,"1"
"192745","11","0","02","002","2019","03","07","5","3","5","2","0","1","1","0","0","0","0",800671.47137399996,5825819.59257000033,13.43034161100,52.49943567900,"1"
"192746","11","0","12","012","2019","03","08","5","2","5","3","0","0","1","0","0","1","0",792689.24884699995,5833256.90160000045,13.31964266200,52.57044816300,"0"
"192747","11","0","01","001","2019","03","08","5","3","2","6","0","0","1","0","1","0","0",798097.09051500005,5829959.45349999983,13.39623995100,52.53795653000,"1"
"192748","11","0","10","010","2019","03","10","5","3","5","7","0","0","1","0","0","0","0",808621.21317100001,5829492.79452000000,13.55049007900,52.52791689200,"1"
"192749","11","0","11","011","2019","03","10","5","3","5","2","0","1","1","0","0","0","0",804458.12448100001,5830929.25566999894,13.49062923700,52.54313206500,"0"