OBJECTID,ULAND,UREGBEZ,UKREIS,UGEMEINDE,UJAHR,UMONAT,USTUNDE,UWOCHENTAG,UKATEGORIE,UART,UTYP1,ULICHTVERH,IstRad,IstPKW,IstFuss,IstKrad,IstGkfz,IstSonstig,LINREFX,LINREFY,XGCSWGS84,YGCSWGS84,STRZUSTAND
"192750","11","0","10","010","2019","03","09","5","3","2","6","0","0","1","0","0","0","0",806581.14359800005,5829152.93147999980,13.52019883300,52.52602203600,"1"
"192751","11","0","04","004","2019","03","12","5","3","5","2","0","1","1","0","0","0","0",793436.12190000003,5823922.29294999968,13.32239269000,52.48636588200,"0"
"192752","11","0","09","009","2019","03","12","5","3","1","5","0","1","1","0","0","0","0",814372.09204799996,5821212.32995999977,13.62717558300,52.45043149400,"0"
"192753","11","0","01","001","2019","03","09","5","3","5","5","0","1","1","0","0","0","0",797857.26569399994,5830383.97828000039,13.39309496800,52.54189297300,"1"
"192754","11","0","09","009","2019","03","12","5","3","2","2","0","0","1","0","0","0","0",810368.90405899996,5823529.69178999960,13.57061302800,52.47348619300,"0"
"192755","11","0","03","003","2019","03","14","5","3","3","6","0","1","1","0","0","0","0",798894.90300699999,5834982.49425000045,13.41249205000,52.58254335700,"0"
"192756","11","0","04","004","2019","03","06","4","2","5","3","0","1","1","0","0","0","0",790855.32444700005,5823646.83210000023,13.28425243800,52.48527738200,"1"
"192757","11","0","04","004","2019","03","14","5","3","6","7","0","0","1","1","0","0","0",794357.10711300001,5824522.61959999986,13.33644717100,52.49125171600,"0"
"192758","11","0","03","003","2019","03","07","5","3","6","4","0","1","0","1","0","0","0",799955.18738100003,5831077.05881999992,13.42456314000,52.54695445800,"1"
"192759","11","0","07","007","2019","03","13","4","2","6","4","0","1","0","1","0","0","0",797348.59438999998,5821909.51334999967,13.37804826200,52.46620667600,"1"
"192760","11","0","11","011","2019","03","05","5","3","5","3","2","1","0","0","0","0","1",807327.72409300006,5824796.49342000019,13.52714758600,52.48655896200,"1"
"192761","11","0","09","009","2019","03","09","4","3","2","2","0","0","1","0","0","0","0",809220.15925000003,5823019.72102999967,13.55328161400,52.46956740100,"0"
"192762","11","0","03","003","2019","03","09","5","3","2","6","0","0","1","0","0","1","0",798702.31298000005,5837415.11804999970,13.41185192400,52.60445370100,"0"
"192763","11","0","04","004","2019","03","08","5","3","5","2","0","0","1","0","0","0","0",790387.10652300005,5825672.24263000023,13.27914209000,52.50368467400,"0"
"192764","11","0","03","003","2019","03","15","4","3","0","3","0","1","1","0","0","0","0",797573.35200900002,5835074.10058999900,13.39312715600,52.58408887100,"1"
"192765","11","0","07","007","2019","03","09","5","2","5","3","0","1","1","0","0","0","0",794484.41157300002,5824915.59377999976,13.33866411600,52.49470583800,"1"
"192766","11","0","01","001","2019","03","20","4","2","6","4","2","0","1","1","0","0","0",798436.34382700000,5829161.56455000024,13.40051068600,52.53061888900,"1"
"192767","11","0","11","011","2019","03","00","5","2","6","4","2","0","1","1","0","0","0",805854.56873399997,5833606.01468000002,13.51362302400,52.56633971100,"0"
"192768","11","0","08","008","2019","03","14","4","3","3","6","0","0","1","0","0","1","0",800630.85505599994,5820549.87383999955,13.42499494200,52.45222357600,"0"
"192769","11","0","04","004","2019","03","23","4","3","6","2","2","0","1","1","0","0","0",794487.19260900002,5825868.28650000039,13.33954734100,52.50324465800,"1"
"192770","11","0","04","004","2019","03","10","4","3","5","2","0","0","1","0","0","0","0",794231.06464899995,5825420.25679000095,13.33538893600,52.49936649800,"0"
"192771","11","0","05","005","2019","03","16","4","3","5","2","0","0","1","0","0","0","0",781905.79697400006,5829565.51228000037,13.15782467200,52.54304205100,"0"
"192772","11","0","09","009","2019","03","05","4","3","2","6","2","1","0","0","0","0","1",809520.00780400005,5819769.87055999972,13.55466954400,52.44027301600,"0"
"192773","11","0","12","012","2019","03","05","4","3","5","3","2","0","1","0","0","0","0",793844.71049299999,5836157.97510000039,13.33921471400,52.59583169200,"1"
"192774","11","0","10","010","2019","03","11","4","2","5","3","0","1","1","0","0","0","0",813093.99460800004,5826504.89857000019,13.61339767300,52.49859220600,"0"
"192775","11","0","03","003","2019","03","12","6","3","5","3","0","1","1","0","0","0","0",801526.64690699999,5836125.72135000024,13.45225703500,52.59133796000,"1"
"192776","11","0","02","002","2019","03","20","4","2","6","2","2","0","1","1","0","0","0",801880.20915799995,5828990.55848000012,13.45097040400,52.52718992400,"0"
"192777","11","0","04","004","2019","03","20","4","3","5","2","2","1","1","0","0","0","0",794168.20825200004,5825307.04071000032,13.33436565200,52.49838546400,"0"
"192778","11","0","06","006","2019","03","05","4","3","6","2","2","0","1","1","0","0","0",794786.74794200005,5821586.45729000028,13.34016127600,52.46469891600,"1"
"192779","11","0","05","005","2019","03","20","4","2","6","2","2","0","1","1","0","0","0",781954.38380199997,5830607.80149000045,13.15942419000,52.55236251600,"0"
"192780","11","0","12","012","2019","03","19","4","3","5","2","2","0","1","0","0","0","0",790690.32100000000,5834316.04600000009,13.29116045200,52.58101445500,"0"
"192781","11","0","01","001","2019","03","06","4","3","5","5","2","0","1","0","1","0","0",800063.67541499995,5826898.65158000030,13.42238732000,52.50944224900,"1"
"192782","11","0","02","002","2019","03","19","4","3","4","5","2","0","1","0","0","0","1",800625.46024900000,5825255.54188999906,13.42915678900,52.49440526000,"0"
"192783","11","0","12","012","2019","03","18","4","3","5","3","1","0","1","0","0","0","0",791418.46253000002,5838758.26138000004,13.30578661400,52.62044793100,"1"
"192784","11","0","02","002","2019","03","16","4","3","2","2","0","0","1","0","0","0","0",797943.23185400001,5825259.11612999905,13.38976891100,52.49590804900,"0"
"192785","11","0","08","008","2019","03","16","4","2","3","6","0","0","1","0","1","0","1",801520.98874499998,5823833.87887000106,13.44102155400,52.48116867000,"0"
"192786","11","0","11","011","2019","03","06","4","3","4","7","2","0","1","0","0","0","0",804225.40602300002,5833409.67224000022,13.48948120100,52.56549281700,"0"
"192787","11","0","03","003","2019","03","15","4","3","5","3","0","0","1","0","0","0","0",799527.85464999999,5829746.88190000039,13.41708081700,52.53526667100,"0"
"192788","11","0","09","009","2019","03","07","4","3","5","2","0","1","0","0","0","0","1",812462.74419899995,5820103.14066999964,13.59813358400,52.44158629100,"0"
"192789","11","0","10","010","2019","03","15","4","3","6","4","0","0","0","1","0","0","1",812923.99957800005,5827950.73453999963,13.61226046200,52.51164591300,"0"
"192790","11","0","04","004","2019","03","07","4","3","1","5","0","1","1","0","0","0","0",792661.51120299997,5828245.45521999989,13.31481811700,52.52553751900,"0"
"192791","11","0","04","004","2019","03","13","4","3","5","2","0","1","1","0","0","0","0",791379.36189800000,5827491.81305999961,13.29531250200,52.51946796900,"0"
"192792","11","0","11","011","2019","03","19","5","3","6","2","2","0","1","1","0","0","0",804632.94368300005,5827766.87098000012,13.49030164400,52.51469144800,"1"
"192793","11","0","04","004","2019","03","12","4","3","1","5","0","1","1","0","0","0","0",794343.01705799997,5825940.22034000047,13.33749298500,52.50396729700,"0"
"192794","11","0","01","001","2019","03","13","4","3","5","2","0","0","1","0","0","0","0",795664.66500000004,5829738.32400000002,13.36028393800,52.53729945300,"0"
"192795","11","0","06","006","2019","03","11","4","3","5","7","0","1","1","0","0","0","0",794061.19493799994,5818772.89909000043,13.32703468000,52.43986745500,"0"
"192796","11","0","07","007","2019","03","13","4","3","1","7","0","0","1","0","0","0","1",793645.46290899999,5822419.66614999902,13.32414346700,52.47278287900,"0"
"192797","11","0","01","001","2019","03","11","4","3","5","3","0","1","1","0","0","0","0",795306.84974500001,5826271.31498999894,13.35194543700,52.50641451300,"0"
"192798","11","0","01","001","2019","03","11","4","2","5","2","0","1","1","0","0","0","0",796961.10862399999,5826699.88992999960,13.37662956600,52.50935833900,"0"
"192799","11","0","01","001","2019","03","13","4","3","5","2","0","1","1","0","0","0","0",795668.91291700001,5829732.33571999986,13.36034105800,52.53724346800,"0"
"192800","11","0","07","007","2019","03","11","4","3","5","2","0","0","1","0","1","0","0",799019.85475199996,5814282.12679000106,13.39575596900,52.39692433200,"0"
"192801","11","0","04","004","2019","03","09","4","3","6","4","0","1","0","1","0","0","0",793760.86171800003,5827072.99923999980,13.32994062200,52.51443583700,"0"
"192802","11","0","09","009","2019","03","08","4","3","3","6","0","0","0","0","1","0","1",810726.88851900003,5820929.84090999980,13.57344652500,52.44998390000,"0"
"192803","11","0","07","007","2019","03","15","4","2","6","4","0","0","1","1","0","0","0",795356.01274000003,5823479.36907000095,13.35019248900,52.48136016300,"0"
"192804","11","0","01","001","2019","03","07","4","3","5","2","0","0","1","0","0","0","0",796852.91931499995,5830641.04726000037,13.37855868700,52.54474539900,"0"
"192805","11","0","04","004","2019","03","15","4","3","2","6","0","0","1","0","0","0","1",793294.42732599995,5827818.96241999976,13.32374446700,52.52137409100,"0"
"192806","11","0","03","003","2019","03","07","4","3","5","2","0","1","1","0","0","0","0",800883.16439199995,5833381.89185999986,13.44029616400,52.56710121900,"0"
"192807","11","0","10","010","2019","03","06","4","3","6","4","1","0","1","1","0","0","0",813278.52664000005,5829057.57911999989,13.61850959400,52.52136081900,"0"
"192808","11","0","05","005","2019","03","15","4","3","0","2","0","0","1","0","0","0","1",784846.58039000002,5829228.53861999977,13.20078325600,52.53849124600,"0"
"192809","11","0","03","003","2019","03","15","3","3","5","3","0","1","1","0","0","0","0",797774.00773900002,5832965.55467000045,13.39418642500,52.56507888800,"0"
"192810","11","0","04","004","2019","03","19","5","3","5","3","2","1","1","0","0","0","0",792090.92262600001,5825310.16282999981,13.30385516800,52.49952925500,"1"
"192811","11","0","06","006","2019","03","08","3","3","5","3","0","1","0","0","0","0","1",792715.03287100000,5821673.53297999967,13.30982973300,52.46659334900,"0"
"192812","11","0","04","004","2019","03","21","3","3","6","2","2","1","0","1","0","0","0",792337.21599299996,5824074.31044999976,13.30638861600,52.48831821200,"0"
"192813","11","0","02","002","2019","03","19","3","3","5","3","2","0","1","0","0","0","1",802524.22517600004,5827271.20792999957,13.45887109900,52.51142254400,"1"
"192814","11","0","11","011","2019","03","16","4","2","5","7","0","0","1","0","1","0","0",804146.47135400004,5829812.45571999997,13.48502562000,52.53329671400,"0"
"192815","11","0","04","004","2019","03","19","3","3","2","6","2","0","1","0","0","0","0",790861.27467600000,5824620.66485000029,13.28518983500,52.49400467900,"1"
"192816","11","0","02","002","2019","03","19","3","3","5","2","2","1","1","0","0","0","0",799118.37859300000,5826276.42425999977,13.40794117400,52.50438401400,"0"
"192817","11","0","04","004","2019","03","16","4","3","2","7","0","1","1","0","0","0","0",792611.25899999996,5827365.26800000016,13.31330516400,52.51767390600,"0"
"192818","11","0","07","007","2019","03","18","3","3","6","2","2","0","1","1","0","0","0",796116.33132400003,5824097.04320999980,13.36190442900,52.48648532700,"1"
"192819","11","0","01","001","2019","03","18","3","3","5","3","2","1","1","0","0","0","0",795848.70770000003,5826675.73637999967,13.36026514900,52.50974624200,"1"
"192820","11","0","08","008","2019","03","19","3","3","5","2","2","1","1","0","0","0","0",802025.73806600005,5824298.29385000095,13.44885229300,52.48505234500,"1"
"192821","11","0","05","005","2019","03","16","4","2","5","7","0","0","1","0","0","0","0",784826.81739200000,5830252.30204000045,13.20137049100,52.54768058900,"0"
"192822","11","0","07","007","2019","03","17","3","3","5","3","2","0","1","0","0","0","0",799070.05205099995,5821704.45469000097,13.40312953600,52.46342904300,"1"
"192823","11","0","07","007","2019","03","18","4","3","5","2","1","1","1","0","0","0","0",798388.65001300001,5813699.98283999972,13.38598809500,52.39205022100,"0"
"192824","11","0","01","001","2019","03","17","3","2","6","4","1","0","1","1","0","0","0",796203.83345100004,5828205.89714999963,13.36684480400,52.52326997400,"1"
"192825","11","0","08","008","2019","03","16","3","2","6","7","0","0","1","1","0","0","0",801713.08648900001,5823697.48780999891,13.44371825100,52.47984007400,"0"
"192826","11","0","02","002","2019","03","20","4","3","0","1","2","1","1","0","0","0","0",798458.67807000002,5824735.74282000028,13.39687015200,52.49093505900,"0"
"192827","11","0","09","009","2019","03","15","3","3","5","3","2","1","1","0","0","0","0",813348.94557800004,5821562.38160999957,13.61249759200,52.45415571700,"0"
"192828","11","0","01","001","2019","03","15","3","3","3","6","0","0","1","0","1","0","0",794479.55594999995,5826092.15070999973,13.33963315700,52.50525558500,"1"
"192829","11","0","06","006","2019","03","23","4","3","6","7","2","0","1","1","0","0","0",794684.22673899995,5819217.97618000023,13.33656643300,52.44352199800,"1"
"192830","11","0","04","004","2019","03","10","3","3","6","3","0","0","1","1","0","0","0",790347.57003399997,5827464.47176000010,13.28012487700,52.51977320600,"1"
"192831","11","0","10","010","2019","03","12","3","2","0","3","0","0","1","0","1","0","0",811461.83372700005,5830676.28681000043,13.59333711000,52.53690710900,"1"
"192832","11","0","06","006","2019","03","12","3","2","5","2","0","0","1","0","0","1","0",791226.57293999998,5820636.54831000045,13.28707617400,52.45809216100,"0"
"192833","11","0","04","004","2019","03","16","3","3","2","6","0","0","1","0","0","0","1",794095.21200199996,5826439.41179000027,13.33429363200,52.50857590000,"0"
"192834","11","0","11","011","2019","03","06","3","3","6","4","1","0","0","1","1","0","0",803600.46285799996,5830227.55456000008,13.47737995800,52.53732150800,"0"
"192835","11","0","01","001","2019","03","06","3","3","5","2","0","1","1","0","0","0","0",798798.19879399997,5829172.91409999970,13.40583938600,52.53052239400,"0"
"192836","11","0","02","002","2019","03","09","3","2","1","5","0","1","1","0","0","0","0",798037.30357999995,5826555.49669000041,13.39231075600,52.50747714300,"0"
"192837","11","0","12","012","2019","03","06","3","3","0","3","0","0","1","0","1","0","0",792791.13019399997,5837479.51265999954,13.32487360200,52.60824677900,"1"
"192838","11","0","07","007","2019","03","19","3","3","0","2","2","0","1","0","0","0","1",794241.91626099998,5822036.97993000038,13.33256189300,52.46903131400,"0"
"192839","11","0","01","001","2019","03","06","3","3","5","3","0","0","1","0","0","0","0",797782.92927099997,5827352.19259999972,13.38928670900,52.51475746000,"0"
"192840","11","0","01","001","2019","03","07","3","3","3","6","0","1","0","0","0","1","0",795649.84810499998,5829746.64773000032,13.36007352000,52.53738210600,"0"
"192841","11","0","03","003","2019","03","19","3","2","5","3","2","1","1","0","0","0","0",797412.35710100003,5833971.48785999976,13.38976868300,52.57429344800,"0"
"192842","11","0","03","003","2019","03","08","3","3","2","2","0","1","1","0","0","0","0",799927.37351299997,5830736.11173999961,13.42384632500,52.54391375600,"0"
"192843","11","0","02","002","2019","03","08","3","3","5","3","0","1","1","0","0","0","0",799102.42796000000,5825207.13951999974,13.40674657200,52.49480813300,"0"
"192844","11","0","06","006","2019","03","17","3","3","0","2","0","1","1","0","0","0","0",793122.90267099999,5817654.35324999969,13.31228971800,52.43034363100,"1"
"192845","11","0","03","003","2019","03","19","3","3","5","3","2","0","1","0","0","0","0",802185.21566999995,5832421.24368999898,13.45857327800,52.55776989500,"0"
"192846","11","0","01","001","2019","03","09","3","3","6","4","0","0","1","1","0","0","0",797744.84729800001,5829711.43039999995,13.39083954900,52.53592588300,"0"
"192847","11","0","01","001","2019","03","05","5","3","0","6","2","0","1","0","1","0","0",795085.28481200000,5831211.71408999898,13.35307530500,52.55082120400,"1"
"192848","11","0","01","001","2019","03","09","3","3","5","2","0","1","1","0","0","0","0",799648.68078900001,5827039.58095999993,13.41641769300,52.51093357000,"0"
"192849","11","0","04","004","2019","03","17","3","3","5","2","1","1","1","0","0","0","0",790373.86514799995,5827299.19266999979,13.28036705500,52.51827746700,"0"
"192850","11","0","06","006","2019","03","10","3","3","5","3","0","0","1","0","0","0","0",792933.58346700005,5817745.46155000106,13.30959291100,52.43126181100,"0"
"192851","11","0","04","004","2019","03","11","3","3","5","3","0","0","1","0","0","0","0",791992.06127299997,5827500.98972999956,13.30432487900,52.51922250700,"0"
"192852","11","0","05","005","2019","03","16","3","3","5","3","0","1","1","0","0","0","0",786453.04342300002,5831100.41966999974,13.22601932300,52.55443181100,"0"
"192853","11","0","04","004","2019","03","11","3","3","5","2","0","1","1","0","0","0","0",794040.26231899997,5824716.52584000025,13.33196506300,52.49316075200,"0"
"192854","11","0","04","004","2019","03","18","3","3","5","3","2","1","1","0","0","0","0",791493.22009399999,5827210.91722000018,13.29673966600,52.51688892300,"1"
"192855","11","0","01","001","2019","03","16","3","3","5","7","0","0","1","0","0","0","0",798525.97378100001,5826770.85453999974,13.39968259400,52.50914036500,"0"
"192856","11","0","02","002","2019","03","16","3","3","1","5","0","1","1","0","0","0","0",802304.33859699999,5827104.54899999965,13.45548949400,52.51005068400,"1"
"192857","11","0","11","011","2019","03","17","3","3","5","3","0","0","1","0","0","0","0",802949.91532699997,5829190.77311000042,13.46687274900,52.52839105500,"0"
"192858","11","0","02","002","2019","03","16","3","2","6","4","0","0","1","1","0","0","0",797867.01599999995,5825068.56599999964,13.38847918000,52.49424159300,"0"
"192859","11","0","07","007","2019","03","16","3","3","5","3","0","1","1","0","0","0","0",797389.14099999995,5821873.23099999968,13.37861102700,52.46585937400,"0"
"192860","11","0","01","001","2019","03","09","2","3","1","5","0","1","1","0","0","0","0",796736.19455200003,5826827.54672999959,13.37343907500,52.51062503900,"0"
"192861","11","0","01","001","2019","03","17","3","3","5","3","0","1","0","0","0","1","0",797843.42253200000,5829077.81460000016,13.39172083500,52.53019246800,"0"
"192862","11","0","02","002","2019","03","18","2","3","2","2","2","0","1","0","0","0","0",799685.18344000005,5824504.00652999897,13.41467238600,52.48818594300,"1"
"192863","11","0","08","008","2019","03","18","5","3","5","3","2","1","1","0","0","0","0",802381.55123500002,5824040.97157000098,13.45384283600,52.48254902300,"1"
"192864","11","0","04","004","2019","03","16","2","3","6","4","0","0","1","1","0","0","0",792827.86559199996,5824351.43362999894,13.31383760800,52.49053958600,"0"
"192865","11","0","04","004","2019","03","16","2","3","2","6","1","0","1","0","0","0","0",793993.63007600000,5824427.36079999991,13.33102503600,52.49059364900,"1"
"192866","11","0","02","002","2019","03","16","2","3","5","3","0","1","1","0","0","0","0",799611.28480899998,5824523.63399000093,13.41360493700,52.48840243400,"0"
"192867","11","0","06","006","2019","03","15","2","3","2","6","0","0","1","0","0","0","0",793619.49480600003,5820552.13697999995,13.32211916200,52.45605510000,"0"
"192868","11","0","01","001","2019","03","14","2","3","5","7","0","0","1","0","1","0","0",793271.98170400003,5828544.64092999976,13.32405456900,52.52789154200,"0"
"192869","11","0","05","005","2019","03","14","3","3","2","6","0","0","1","0","0","0","0",786448.55603500002,5830945.61572000012,13.22581973900,52.55304625300,"0"
"192870","11","0","10","010","2019","03","14","2","3","5","3","0","0","1","0","0","0","0",807807.00286600005,5830769.23739000037,13.53970792700,52.53981657100,"0"
"192871","11","0","06","006","2019","03","12","2","3","3","6","0","1","1","0","0","0","0",794242.68853699998,5817028.55831999984,13.32816200700,52.42413247500,"1"
"192872","11","0","03","003","2019","03","11","3","3","5","7","0","1","0","0","0","0","1",799735.99220600002,5830870.74651999958,13.42115413000,52.54522585100,"0"
"192873","11","0","07","007","2019","03","13","2","3","5","2","0","0","1","0","0","0","1",795808.65242399997,5816024.52766999975,13.35023706900,52.41428765800,"1"
"192874","11","0","06","006","2019","03","13","2","3","1","5","0","0","1","0","1","0","0",792834.50800499995,5816448.97233999986,13.30700476800,52.41969197500,"1"
"192875","11","0","08","008","2019","03","10","3","3","5","3","0","1","0","0","0","0","1",800440.12713799998,5823728.06534000020,13.42505815100,52.48081595300,"1"
"192876","11","0","07","007","2019","03","12","2","3","5","3","0","0","1","0","0","0","0",797105.54002600000,5823462.51080999896,13.37586423100,52.48025998400,"1"
"192877","11","0","04","004","2019","03","12","2","3","5","3","0","0","1","0","0","0","0",791479.69664400001,5828283.76461999957,13.29748113500,52.52651408400,"1"
"192878","11","0","01","001","2019","03","11","2","3","1","5","0","0","1","0","1","0","0",797571.45067499997,5831290.81790999975,13.38970540300,52.55017780200,"0"
"192879","11","0","04","004","2019","03","10","3","3","6","4","0","1","0","1","0","0","0",794137.39498999994,5824705.94010999892,13.33338228500,52.49301352300,"0"
"192880","11","0","04","004","2019","03","09","2","3","2","6","0","0","1","0","0","0","0",790214.79603299999,5826660.65885999985,13.27747238300,52.51263762300,"1"
"192881","11","0","08","008","2019","03","17","5","3","2","6","2","0","1","0","0","0","0",802603.26899999997,5823076.33600000013,13.45622249800,52.47378015600,"1"
"192882","11","0","04","004","2019","03","06","2","3","3","6","0","0","1","0","0","0","0",792999.83615200000,5826960.76797000039,13.31865919700,52.51383908700,"1"
"192883","11","0","04","004","2019","03","18","2","3","5","2","1","0","1","0","1","0","0",792961.12668800005,5825687.95199999958,13.31697018600,52.50244953800,"1"
"192884","11","0","04","004","2019","03","09","3","3","5","2","0","0","1","0","1","0","0",794172.15556099999,5825317.13033999968,13.33443254300,52.49847378400,"0"
"192885","11","0","01","001","2019","03","19","2","3","5","3","2","1","1","0","0","0","0",798020.60316800000,5826589.86517999973,13.39209618800,52.50779433700,"1"
"192886","11","0","09","009","2019","03","19","2","3","5","3","2","1","1","0","0","0","0",807874.78352599998,5818129.65703000035,13.52903169100,52.42650176100,"1"
"192887","11","0","02","002","2019","03","08","3","2","6","2","0","0","0","1","0","1","0",797945.13929600001,5825258.90618999954,13.38979673700,52.49590512600,"0"
"192888","11","0","02","002","2019","03","20","2","2","5","3","2","1","1","0","0","0","0",799561.80654999998,5824891.29186000023,13.41320892400,52.49172509800,"1"
"192889","11","0","01","001","2019","03","22","2","2","5","2","2","0","1","0","0","0","0",795665.74004099995,5829739.27632999979,13.36030058900,52.53730740600,"1"
"192890","11","0","09","009","2019","03","08","3","3","5","3","0","1","1","0","0","0","0",802121.36439300003,5825068.42690000031,13.45095441100,52.49190220200,"1"
"192891","11","0","01","001","2019","03","23","2","2","6","4","2","0","1","1","0","0","0",796859.43505299999,5828863.78223000094,13.37706685000,52.52881065500,"0"
"192892","11","0","01","001","2019","03","08","3","3","5","3","0","1","1","0","0","0","0",797646.80752899998,5826896.19146000035,13.38687883200,52.51074425500,"1"
"192893","11","0","05","005","2019","03","17","2","2","6","4","1","0","1","1","0","0","0",784616.02138900000,5828841.98311000038,13.19706191100,52.53514586000,"1"
"192894","11","0","09","009","2019","03","08","2","3","5","3","0","0","1","0","0","0","0",809468.63829499995,5819066.28469000105,13.55326487300,52.43399663000,"0"
"192895","11","0","02","002","2019","03","00","3","3","5","3","2","0","1","0","0","0","0",797809.83299999998,5824908.59399999958,13.38749639000,52.49283883400,"1"
"192896","11","0","11","011","2019","03","17","2","2","0","1","0","1","0","0","0","0","0",805209.70636499999,5828125.40799000021,13.49910357600,52.51758238600,"1"
"192897","11","0","05","005","2019","03","06","3","3","0","6","0","0","0","0","1","0","1",784969.37406900001,5829415.11820999905,13.20274889500,52.54009990500,"1"
"192898","11","0","10","010","2019","03","04","2","3","0","6","2","0","1","0","0","0","1",813149.06140500004,5826930.51611000020,13.61460639800,52.50237458300,"1"
"192899","11","0","01","001","2019","03","13","2","3","0","1","0","0","0","0","1","0","0",795186.36451099999,5831034.12543999963,13.35440387400,52.54917450700,"1"
"192900","11","0","06","006","2019","03","07","3","3","5","2","0","1","1","0","0","0","0",790233.28164800000,5814957.48935000040,13.26756845000,52.40770600900,"0"
"192901","11","0","12","012","2019","03","18","1","3","5","2","1","1","1","0","0","0","0",794990.79124900000,5836323.18269000109,13.35623300100,52.59669216000,"0"
"192902","11","0","08","008","2019","03","13","1","3","5","2","0","0","1","0","0","0","0",801856.44499100000,5821906.43468999956,13.44420213400,52.46370734100,"1"
"192903","11","0","04","004","2019","03","07","3","3","3","6","0","0","1","0","1","0","0",792344.75153999997,5826120.70308999904,13.30829541600,52.50665963600,"0"
"192904","11","0","09","009","2019","03","00","1","2","1","5","2","0","1","0","0","0","0",808008.87695599999,5816742.56254000030,13.52972080300,52.41399487800,"0"
"192905","11","0","04","004","2019","03","22","1","3","4","1","2","0","1","0","0","0","1",790223.14052799996,5828157.83000000007,13.27890123200,52.52605545600,"1"
"192906","11","0","01","001","2019","03","16","3","3","2","6","0","0","1","0","0","0","0",796957.37026600004,5831433.89178000018,13.38080340000,52.55179540500,"0"
"192907","11","0","03","003","2019","03","18","1","3","0","6","2","0","1","0","1","0","0",799180.08051300002,5830843.80252999905,13.41295653400,52.54528989100,"1"
"192908","11","0","03","003","2019","03","08","3","3","5","2","0","1","1","0","0","0","0",800131.65552100004,5833862.36326000001,13.42967658500,52.57182261600,"1"
"192909","11","0","01","001","2019","03","17","1","3","5","2","1","1","1","0","0","0","0",800051.23904699995,5828091.30650999956,13.42328007500,52.52013930200,"1"
"192910","11","0","05","005","2019","03","16","1","3","2","1","0","0","1","0","1","0","0",783743.62787600001,5828681.99146000016,13.18409798900,52.53416625800,"1"
"192911","11","0","05","005","2019","03","16","3","3","6","4","0","0","1","1","0","0","0",784701.76518800005,5827687.06390000042,13.19733353400,52.52474606100,"0"
"192912","11","0","02","002","2019","03","15","1","3","3","6","0","0","1","0","1","0","0",799860.42128699995,5825697.36319999956,13.41831954100,52.49878633600,"1"
"192913","11","0","04","004","2019","03","15","1","3","5","3","0","0","1","0","0","0","0",788805.06538499997,5825931.39202999976,13.25612402900,52.50684775400,"1"
"192914","11","0","12","012","2019","03","10","1","3","5","3","0","0","1","0","0","0","0",792091.35857399995,5832945.37547999993,13.31057155500,52.56797661600,"1"
"192915","11","0","03","003","2019","03","08","3","3","1","5","0","1","1","0","0","0","0",798737.79572699999,5833132.83151999954,13.40851376700,52.56605028800,"1"
"192916","11","0","06","006","2019","03","04","1","2","6","4","2","0","0","1","0","0","1",788960.67131300003,5816411.52689999994,13.25016742000,52.42141545200,"1"
"192917","11","0","02","002","2019","03","23","1","3","2","2","2","0","1","0","0","0","0",800125.24333600001,5824422.94740999956,13.42106097900,52.48721763800,"1"
"192918","11","0","06","006","2019","03","10","1","3","2","6","0","0","1","0","0","0","0",793387.34965400002,5816216.62473000027,13.31490723200,52.41731293100,"1"
"192919","11","0","03","003","2019","03","16","3","3","2","6","0","1","1","0","0","0","0",799346.15543599997,5834261.74323000107,13.41848136600,52.57583495500,"0"
"192920","11","0","01","001","2019","03","10","1","3","5","3","0","0","1","0","0","0","0",795409.96097899997,5830258.65204999968,13.35700215000,52.54210186600,"0"
"192921","11","0","01","001","2019","03","23","1","3","9","1","2","0","1","0","0","0","0",797107.96744899999,5831922.88662000000,13.38345561700,52.55609652900,"1"
"192922","11","0","07","007","2019","03","13","7","3","2","6","0","0","1","0","0","0","0",794964.42025199998,5825398.17214000039,13.34614137500,52.49877263300,"0"
"192923","11","0","07","007","2019","03","16","3","3","2","6","0","0","1","0","0","1","0",796369.70414100005,5819726.73266999982,13.36174336000,52.44717169200,"0"
"192924","11","0","01","001","2019","03","17","7","3","6","4","1","0","1","1","0","0","0",798961.30420799996,5828525.63680000044,13.40765468700,52.52463107400,"0"
"192925","11","0","03","003","2019","03","16","3","3","3","6","0","0","1","0","0","0","1",802763.30115700001,5832374.95294999890,13.46703222700,52.55703392600,"0"
"192926","11","0","04","004","2019","03","18","7","3","5","2","2","1","1","0","0","0","0",792174.11241199996,5827293.18389999960,13.30681779300,52.51726206900,"0"
"192927","11","0","05","005","2019","03","14","7","3","5","3","0","0","1","0","0","0","0",783139.79982700001,5826434.05288000032,13.17330561400,52.51432463600,"0"
"192928","11","0","04","004","2019","03","14","3","3","1","5","0","0","1","0","1","0","0",790879.76457300002,5827050.13798999973,13.28758403500,52.51577508600,"0"
"192929","11","0","11","011","2019","03","13","7","3","5","2","0","0","1","0","0","0","0",802883.72999999998,5831201.59100000001,13.46773283700,52.54645039600,"0"