OBJECTID,ULAND,UREGBEZ,UKREIS,UGEMEINDE,UJAHR,UMONAT,USTUNDE,UWOCHENTAG,UKATEGORIE,UART,UTYP1,ULICHTVERH,IstRad,IstPKW,IstFuss,IstKrad,IstGkfz,IstSonstig,LINREFX,LINREFY,XGCSWGS84,YGCSWGS84,STRZUSTAND
"192930","11","0","04","004","2019","03","12","7","3","3","1","0","1","0","0","0","0","1",793245.83984999999,5827801.77092000004,13.32301525000,52.52124610900,"0"
"192931","11","0","03","003","2019","03","18","7","3","5","3","2","0","1","0","0","0","0",802494.41893799999,5832696.47630000021,13.46337121200,52.56006509400,"0"
"192932","11","0","04","004","2019","03","14","3","2","5","2","0","0","1","0","1","0","0",791216.05799999996,5829730.95999999996,13.29487397300,52.53962890900,"0"
"192933","11","0","07","007","2019","03","12","7","3","6","4","0","1","0","1","0","0","0",795726.97800000000,5824016.60300000012,13.35611575600,52.48597527700,"0"
"192934","11","0","09","009","2019","03","18","5","2","6","2","2","0","1","1","0","0","0",809668.74399999995,5819050.75999999978,13.55618458000,52.43374426000,"1"
"192935","11","0","02","002","2019","03","12","7","3","5","7","0","0","1","0","0","0","0",800778.30251700000,5828423.48914999980,13.43426380500,52.52271619900,"0"
"192936","11","0","01","001","2019","03","06","7","3","2","6","2","0","1","0","0","0","1",795218.89418399998,5829333.62201000098,13.35337111800,52.53391329600,"1"
"192937","11","0","01","001","2019","03","19","7","3","2","2","2","0","1","0","0","0","0",797180.93360999995,5827188.06615999993,13.38029498800,52.51361459100,"0"
"192938","11","0","12","012","2019","03","14","3","3","5","3","0","0","1","0","0","0","0",794831.45429499994,5833499.64747999981,13.35137534700,52.57146808500,"0"
"192939","11","0","08","008","2019","03","19","7","2","6","7","2","1","0","1","0","0","0",805777.95615099999,5817112.59281000029,13.49736002200,52.41856203400,"0"
"192940","11","0","01","001","2019","03","18","5","3","5","2","1","1","1","0","0","0","0",796963.95478200004,5830140.60881999973,13.37974390000,52.54019903600,"1"
"192941","11","0","05","005","2019","03","18","7","2","1","1","2","0","1","0","0","0","0",782330.81485900003,5827312.48276000004,13.16216145900,52.52262041000,"0"
"192942","11","0","03","003","2019","03","01","7","3","5","5","2","0","1","0","0","0","0",799342.98887700005,5829458.28414000012,13.41410351500,52.53278140600,"0"
"192943","11","0","04","004","2019","03","18","2","3","6","2","1","0","1","1","0","0","0",792914.27616100002,5824363.08064000029,13.31511689500,52.49059763800,"0"
"192944","11","0","11","011","2019","03","01","7","3","0","1","2","1","0","0","0","0","0",806980.58672599995,5823416.99730999954,13.52078126800,52.47439090100,"0"
"192945","11","0","02","002","2019","03","15","6","2","5","2","0","1","1","0","0","0","0",802110.01059900003,5827355.43934000004,13.45286254400,52.51240707100,"0"
"192946","11","0","03","003","2019","03","14","2","3","2","6","0","0","1","0","0","0","0",799663.21741499996,5833724.55157000106,13.42266074500,52.57084546600,"1"
"192947","11","0","01","001","2019","03","17","6","3","2","2","1","0","1","0","0","0","0",796974.48184999998,5826706.32197999954,13.37683177500,52.50940871500,"0"
"192948","11","0","08","008","2019","03","17","6","3","6","4","0","1","0","1","0","0","0",802238.01426099997,5819101.44830999896,13.44726335000,52.43835488700,"0"
"192949","11","0","02","002","2019","03","16","6","3","2","3","0","1","0","0","0","0","1",799574.80060600000,5825635.10658000037,13.41406861700,52.49838516000,"0"
"192950","11","0","02","002","2019","03","19","2","3","6","2","2","0","1","1","0","0","0",798707.83497900004,5824709.01475000102,13.40050499700,52.49055919700,"1"
"192951","11","0","03","003","2019","03","13","6","3","6","3","0","0","1","1","0","0","0",798971.94616499997,5835025.92533999961,13.41366492400,52.58289031800,"0"
"192952","11","0","04","004","2019","03","12","2","3","6","2","0","0","1","1","0","0","0",789727.11884300003,5826409.31073999964,13.27008740400,52.51064350100,"0"
"192953","11","0","04","004","2019","03","14","6","3","2","2","0","0","0","0","0","0","1",793981.85238399997,5826162.25738999899,13.33238339700,52.50615245800,"0"
"192954","11","0","05","005","2019","03","14","6","2","5","3","0","1","0","0","1","0","0",784517.74783999997,5827998.30403999984,13.19489481000,52.52763271900,"0"
"192955","11","0","06","006","2019","03","12","2","3","5","7","0","0","1","0","1","0","0",793478.60112699994,5820180.58143999986,13.31972503800,52.45279988900,"1"
"192956","11","0","04","004","2019","03","12","6","3","5","3","0","0","1","0","0","0","0",791642.09967300005,5824519.55468999967,13.29656994000,52.49268157900,"0"
"192957","11","0","09","009","2019","03","13","6","3","5","2","0","1","1","0","0","0","0",808325.74572799995,5818864.44567000028,13.53632050300,52.43283309900,"0"
"192958","11","0","06","006","2019","03","14","6","3","0","7","0","0","1","0","0","0","0",791693.61100000003,5819352.98000000045,13.29280927900,52.44633588000,"0"
"192959","11","0","01","001","2019","03","08","6","3","5","7","0","0","1","0","1","0","0",798871.43153700000,5827929.59415999986,13.40579834600,52.51933767900,"0"
"192960","11","0","05","005","2019","03","07","2","3","0","5","0","0","1","0","0","0","0",786989.21242899995,5830133.21740000043,13.23306996800,52.54547802300,"0"
"192961","11","0","10","010","2019","03","08","6","2","0","6","0","0","1","0","0","0","1",809546.10651600000,5827038.48369000107,13.56179703200,52.50539788400,"0"
"192962","11","0","03","003","2019","03","14","6","3","5","3","0","1","1","0","0","0","0",797965.20712000004,5835015.98190999962,13.39884139900,52.58335345700,"0"
"192963","11","0","09","009","2019","03","08","2","3","5","3","0","1","1","0","0","0","0",813590.89924199996,5821668.96590999980,13.61614668900,52.45497208200,"1"
"192964","11","0","01","001","2019","03","01","6","3","3","6","2","0","1","0","0","0","0",798175.89000000001,5829815.10199999996,13.39726881600,52.53661950500,"0"
"192965","11","0","08","008","2019","03","19","6","3","5","3","2","0","1","0","0","0","0",801230.97660499997,5822467.84296000004,13.43553020500,52.46908457100,"0"
"192966","11","0","03","003","2019","03","18","6","2","4","2","2","0","1","0","1","0","0",802881.59912999999,5828633.54126999900,13.46536124300,52.52343463700,"0"
"192967","11","0","08","008","2019","03","10","2","3","2","6","0","0","0","0","0","0","1",801132.68677399994,5824109.90586000029,13.43557031000,52.48385703700,"0"
"192968","11","0","01","001","2019","03","18","6","3","2","6","2","0","1","0","0","0","0",794380.03422300005,5827618.86426999979,13.33952160000,52.51899534000,"0"
"192969","11","0","04","004","2019","03","11","2","3","5","3","0","1","1","0","0","0","0",792730.79742099997,5824454.42370000016,13.31250251400,52.49151492600,"1"
"192970","11","0","05","005","2019","03","18","6","3","0","2","2","0","1","0","1","0","0",782447.11421599996,5831049.66806000005,13.16704809600,52.55606913400,"0"
"192971","11","0","10","010","2019","02","13","5","3","3","6","0","1","0","0","0","0","1",810926.21810000006,5826866.86287000030,13.58190504900,52.50307523100,"0"
"192972","11","0","10","010","2019","03","13","2","3","6","4","0","0","1","1","0","0","0",809719.11471600004,5826252.77921000030,13.56360714900,52.49825849400,"1"
"192973","11","0","08","008","2019","02","16","5","3","5","3","0","0","1","0","1","0","0",800667.89052899997,5825096.72035000101,13.42963656100,52.49295832100,"0"
"192974","11","0","04","004","2019","02","10","5","3","5","3","0","0","1","0","0","0","0",789992.27300000004,5826317.66500000004,13.27390366800,52.50968098500,"0"
"192975","11","0","08","008","2019","03","15","2","3","5","3","0","0","1","0","0","0","0",800866.15526899998,5820935.96927000023,13.42879495300,52.45555484900,"1"
"192976","11","0","05","005","2019","02","12","5","3","5","2","0","0","1","0","1","0","0",789197.43795900000,5829295.48835999984,13.26481417300,52.53679989700,"0"
"192977","11","0","08","008","2019","02","08","5","3","5","2","0","0","1","0","1","0","0",802823.08388599998,5818895.28940000013,13.45565732300,52.43618344200,"0"
"192978","11","0","12","012","2019","03","15","2","3","2","6","0","0","1","0","0","0","0",790203.45446599997,5835864.46011000033,13.28535154200,52.59515574000,"0"
"192979","11","0","07","007","2019","02","08","5","3","5","7","0","0","1","0","1","0","0",797589.82907300000,5823875.45514000021,13.38334294100,52.48369788400,"0"
"192980","11","0","12","012","2019","02","15","5","3","5","3","0","0","1","0","0","0","0",792823.85758399998,5832743.85398000013,13.32117021800,52.56577654600,"0"
"192981","11","0","08","008","2019","02","15","5","2","5","2","0","0","1","0","0","0","0",803573.57477499999,5818648.13736000005,13.46643904000,52.43355222000,"0"
"192982","11","0","11","011","2019","03","16","2","3","2","6","0","0","1","0","0","0","0",803195.69479400001,5829601.53727999981,13.47085929400,52.53193600400,"1"
"192983","11","0","01","001","2019","02","16","5","2","6","4","0","0","1","1","0","0","0",795204.70955200004,5828254.25899999961,13.35220420500,52.52424535900,"0"
"192984","11","0","11","011","2019","03","19","2","3","6","4","2","0","1","1","0","0","0",803957.98862099997,5829072.21408999898,13.48157866600,52.52676734200,"1"
"192985","11","0","01","001","2019","02","16","5","2","3","6","1","1","0","0","0","0","0",800252.52021100000,5828426.32787000109,13.42654011400,52.52303141800,"0"
"192986","11","0","04","004","2019","02","16","5","3","5","2","0","1","1","0","0","0","0",792145.40442000004,5827329.86892000027,13.30642813400,52.51760632100,"0"
"192987","11","0","08","008","2019","03","21","2","2","6","4","2","0","1","1","0","0","0",803126.27910699998,5818428.07564000040,13.45968019400,52.43182784100,"1"
"192988","11","0","01","001","2019","02","17","5","3","6","7","1","0","1","1","0","0","0",797796.86848499998,5827223.84769999981,13.38937665600,52.51359939500,"0"
"192989","11","0","12","012","2019","02","11","5","3","6","7","0","0","1","1","0","0","0",789990.45530399994,5835207.49787000101,13.28164061800,52.58937973800,"0"
"192990","11","0","11","011","2019","02","11","5","2","5","2","0","0","1","0","1","0","0",805177.53504200000,5829640.98024000041,13.50002165900,52.53118359100,"0"
"192991","11","0","02","002","2019","03","22","2","3","2","6","2","1","0","0","0","1","0",797955.41576500004,5824572.39109000098,13.38933372400,52.48974572700,"1"
"192992","11","0","03","003","2019","02","11","5","2","6","4","0","0","1","1","0","0","0",798238.99042100005,5833057.41096999962,13.40110865800,52.56564773300,"0"
"192993","11","0","05","005","2019","03","05","5","2","6","4","2","0","1","1","0","0","0",782362.41415099998,5830484.83385000098,13.16532164000,52.55104856200,"1"
"192994","11","0","08","008","2019","03","08","2","3","3","6","0","0","0","0","0","0","1",800471.88208500005,5823605.29497999977,13.42541370600,52.47969804300,"1"
"192995","11","0","02","002","2019","03","19","5","3","5","2","2","0","1","0","1","0","0",799966.96813499997,5824448.33626999892,13.41875985600,52.48753219300,"1"
"192996","11","0","10","010","2019","03","12","2","3","0","1","0","0","0","0","1","0","0",807850.70335299999,5829081.96839999966,13.53878769900,52.52467072500,"1"
"192997","11","0","01","001","2019","03","10","1","3","5","2","0","1","1","0","0","0","0",799060.39043599996,5829007.10584000032,13.40954386400,52.52889239100,"0"
"192998","11","0","02","002","2019","03","15","5","3","5","3","0","1","1","0","0","0","0",802478.97035600001,5827048.91022999957,13.45800426700,52.50945519600,"1"
"192999","11","0","07","007","2019","03","20","1","2","0","1","2","0","0","0","1","0","0",796001.18300199998,5825140.22716999892,13.36114029300,52.49589903200,"0"
"193000","11","0","09","009","2019","03","14","1","2","3","6","0","1","0","0","0","0","0",812479.65656799998,5820105.83958000038,13.59838411600,52.44160081400,"0"
"193001","11","0","01","001","2019","03","22","5","3","6","2","2","0","1","1","0","0","0",794559.75570600003,5828452.03596000001,13.34290055400,52.52636711500,"1"
"193002","11","0","09","009","2019","03","14","1","3","5","3","0","1","1","0","0","0","0",818885.38308800000,5820468.31759999972,13.69265544800,52.44115141200,"0"
"193003","11","0","05","005","2019","03","16","5","3","1","5","0","1","1","0","0","0","0",785183.42551900004,5829463.04404999968,13.20593763900,52.54041761600,"1"
"193004","11","0","11","011","2019","03","13","1","3","3","6","0","1","1","0","0","0","0",806095.25979499996,5830640.96164999902,13.51442943500,52.53963110900,"0"
"193005","11","0","08","008","2019","03","16","5","2","5","3","0","0","1","0","0","0","0",801488.07416299998,5817852.98496999964,13.43513861100,52.42757839600,"1"
"193006","11","0","07","007","2019","03","12","1","3","2","6","0","0","1","0","0","0","0",794301.14134600002,5822143.20327000041,13.33352494500,52.46995165300,"0"
"193007","11","0","01","001","2019","03","11","1","3","6","4","0","0","1","1","0","0","0",796998.49231700005,5828875.87246999890,13.37912148400,52.52884328900,"0"
"193008","11","0","01","001","2019","03","11","1","3","2","7","0","1","1","0","0","0","0",799502.44533000002,5828872.73881999962,13.41591975400,52.52744531700,"0"
"193009","11","0","07","007","2019","03","10","1","3","5","3","0","0","1","0","0","0","0",797018.10706199997,5823302.08884000033,13.37443766700,52.47886952200,"0"
"193010","11","0","06","006","2019","03","10","1","3","5","3","0","0","1","0","0","0","0",790404.97474500001,5820902.90216000006,13.27524995500,52.46091728100,"0"
"193011","11","0","08","008","2019","03","14","6","3","5","3","0","0","1","0","0","0","0",804621.35145700001,5816384.30903999973,13.47974248800,52.41267950400,"0"
"193012","11","0","04","004","2019","03","00","1","3","5","2","2","1","1","0","0","0","0",793915.42914300004,5825885.46181999985,13.33116320700,52.50370691600,"0"
"193013","11","0","12","012","2019","03","13","1","1","6","4","0","0","0","1","1","0","0",794621.41184399999,5832991.56873000041,13.34783375600,52.56702730400,"0"
"193014","11","0","04","004","2019","03","08","5","3","5","2","0","1","1","0","0","0","0",792692.12910899997,5827061.10835000034,13.31422600100,52.51490381800,"1"
"193015","11","0","10","010","2019","03","09","7","3","6","2","0","0","1","1","0","0","0",810877.15694699995,5828857.90672999900,13.58304433500,52.52094575100,"0"
"193016","11","0","05","005","2019","03","16","5","3","2","6","0","0","1","0","0","0","1",781568.12169900001,5835391.19058000017,13.15780439300,52.59545221900,"1"
"193017","11","0","01","001","2019","03","13","7","3","2","6","0","0","1","0","0","0","0",794315.39424199995,5830510.94900999963,13.34113237900,52.54495587000,"0"
"193018","11","0","10","010","2019","03","16","5","3","6","4","0","0","1","1","0","0","0",811313.79333799996,5831717.28682999965,13.59213689700,52.54632034900,"1"
"193019","11","0","02","002","2019","03","05","7","3","4","1","2","0","1","0","0","0","0",803133.27938399999,5826334.00654000044,13.46696488400,52.50268444600,"1"
"193020","11","0","06","006","2019","03","09","7","3","2","6","0","0","1","0","0","0","0",792525.38838400005,5817835.80145000108,13.30368505000,52.43229013100,"0"
"193021","11","0","01","001","2019","03","00","5","3","5","3","2","0","1","0","0","0","0",795147.51022199995,5828498.71162000019,13.35158052500,52.52646765200,"1"
"193022","11","0","05","005","2019","03","14","7","3","2","6","0","0","1","0","0","0","0",786922.81938500004,5829322.53801999986,13.23139339300,52.53824477000,"0"
"193023","11","0","08","008","2019","03","16","5","3","3","6","0","0","1","0","0","0","0",801284.13788000005,5819669.37978999969,13.43378529300,52.44397175200,"1"
"193024","11","0","05","005","2019","03","14","7","3","6","7","0","0","1","1","0","0","0",784174.30978300003,5825613.12787999958,13.18780851600,52.50642606100,"0"
"193025","11","0","07","007","2019","03","16","5","3","6","4","0","0","1","1","0","0","0",794949.79372800002,5825396.28467999958,13.34592486300,52.49876361900,"1"
"193026","11","0","05","005","2019","03","12","7","3","5","2","0","0","1","0","1","0","0",781905.97331100004,5829570.79681000020,13.15783175000,52.54308934300,"0"
"193027","11","0","08","008","2019","03","10","7","3","5","3","0","0","1","0","1","0","0",803289.74078300002,5818541.00717000104,13.46217960700,52.43274945100,"0"
"193028","11","0","05","005","2019","03","17","5","3","5","2","0","0","1","0","0","0","0",783600.90528700000,5829153.28782999981,13.18240171200,52.53846627000,"1"
"193029","11","0","05","005","2019","03","11","7","3","5","2","0","0","1","0","0","0","1",782888.41020499996,5826890.82918000035,13.16999935200,52.51855070300,"0"
"193030","11","0","05","005","2019","03","12","7","3","0","6","0","0","0","0","1","0","1",784616.55602999998,5828359.54396000039,13.19665664900,52.53082002500,"0"
"193031","11","0","07","007","2019","03","22","6","3","5","3","2","0","1","0","0","0","0",797852.46432300005,5822041.70859999955,13.38556146700,52.46711721200,"0"
"193032","11","0","11","011","2019","03","15","5","3","0","1","0","1","0","0","0","0","0",804557.43649899994,5831025.36179000046,13.49217726500,52.54393791400,"1"
"193033","11","0","02","002","2019","03","14","7","3","1","5","0","1","1","0","0","0","0",799384.84727699996,5826175.77039999980,13.41176482900,52.50333565500,"0"
"193034","11","0","06","006","2019","03","14","7","2","0","6","0","0","0","0","0","0","1",795055.63599099999,5819037.91380000021,13.34185606100,52.44170755300,"0"
"193035","11","0","04","004","2019","03","12","5","3","2","6","0","0","1","0","0","0","0",792356.94566400000,5825264.20782999974,13.30772255000,52.49897482400,"0"
"193036","11","0","01","001","2019","03","14","7","3","1","5","0","1","1","0","0","0","0",798550.69644800003,5829201.42700000014,13.40222723200,52.53091358200,"0"
"193037","11","0","02","002","2019","03","18","5","3","0","5","1","0","1","0","1","0","0",799282.82999300002,5824682.95827999990,13.40892509000,52.49001070700,"1"
"193038","11","0","05","005","2019","03","14","7","3","5","3","0","1","1","0","0","0","0",783789.76976199995,5824251.09221000038,13.18099731700,52.49441389700,"0"
"193039","11","0","05","005","2019","03","12","5","2","9","1","0","0","1","0","0","0","0",782719.70421600004,5834603.06068000011,13.17408765500,52.58778822800,"1"
"193040","11","0","08","008","2019","03","15","7","3","1","5","0","1","1","0","0","0","0",801214.12326799997,5821546.78928999975,13.43445153500,52.46083818000,"0"
"193041","11","0","04","004","2019","03","15","7","3","6","7","0","0","1","1","0","0","0",791441.62983300001,5825070.64187000040,13.29410770100,52.49772911900,"0"
"193042","11","0","01","001","2019","03","18","5","3","5","3","0","1","1","0","0","0","0",795285.90323199995,5826173.71423000097,13.35155114600,52.50555093400,"0"
"193043","11","0","01","001","2019","03","13","5","3","8","1","0","0","0","0","1","0","0",797090.93462299998,5828040.52097999956,13.37973389000,52.52130493300,"0"
"193044","11","0","04","004","2019","03","15","7","3","1","5","0","1","1","0","0","0","0",793070.14717400004,5825592.10596000031,13.31848736000,52.50153176800,"0"
"193045","11","0","01","001","2019","03","06","7","3","5","3","0","0","1","0","0","0","0",795461.11927599995,5827768.51460999902,13.35554108800,52.51975217600,"0"
"193046","11","0","06","006","2019","03","17","5","3","0","6","0","0","1","0","1","0","0",794179.96014700003,5820926.97637999989,13.33067400800,52.45911399900,"1"
"193047","11","0","04","004","2019","03","09","7","3","2","6","0","0","1","0","0","0","0",791248.92887299997,5828966.97013999987,13.29468770200,52.53276227400,"0"
"193048","11","0","04","004","2019","03","15","7","3","1","5","0","1","1","0","0","0","0",794449.28843399999,5823603.23342000041,13.33698869500,52.48296021700,"0"
"193049","11","0","09","009","2019","03","17","6","3","5","3","0","0","1","0","1","0","0",809339.76278300001,5821491.06955000106,13.55362005000,52.45580016900,"0"
"193050","11","0","04","004","2019","03","09","4","3","5","7","0","0","1","0","0","0","0",792724.11321300000,5826039.03325000033,13.31379706500,52.50572407700,"0"
"193051","11","0","11","011","2019","03","10","7","3","5","3","0","0","1","0","0","0","0",804623.64028499997,5827978.00241000019,13.49035825900,52.51658892000,"0"
"193052","11","0","01","001","2019","03","19","5","3","1","5","2","1","1","0","0","0","0",798755.57206300006,5828242.70084000006,13.40437711300,52.52220772300,"0"
"193053","11","0","12","012","2019","03","19","7","3","0","3","2","0","1","0","1","0","0",785491.54344299994,5837376.69751999993,13.21728305200,52.61120812000,"0"
"193054","11","0","10","010","2019","03","10","4","3","5","3","0","1","1","0","0","0","0",814754.30766299996,5829905.67542000022,13.64099156800,52.52811054500,"0"
"193055","11","0","03","003","2019","03","10","7","3","5","2","0","0","1","0","1","0","0",800094.11199999996,5835991.99500000011,13.43105243800,52.59093159800,"0"
"193056","11","0","01","001","2019","03","07","4","3","5","2","0","1","1","0","0","0","0",797549.54326299997,5827085.63613000046,13.38561923600,52.51249546800,"0"
"193057","11","0","02","002","2019","03","02","7","3","2","4","2","0","1","1","0","0","0",801763.60666399996,5826246.90897999983,13.44676868300,52.50266296100,"0"
"193058","11","0","02","002","2019","03","09","7","2","8","1","0","0","1","0","0","0","0",801627.83856099995,5826030.54631000105,13.44457858100,52.50079874000,"0"
"193059","11","0","02","002","2019","03","06","4","3","2","2","0","1","1","0","0","0","0",801439.65745900001,5826057.19998999964,13.44183885700,52.50114162200,"0"
"193060","11","0","02","002","2019","03","02","7","2","0","1","2","1","0","0","0","0","0",800047.46326500003,5825751.90576000046,13.42111575200,52.49917242000,"0"
"193061","11","0","05","005","2019","03","17","6","3","6","2","0","0","0","1","0","0","1",786747.20581099996,5829294.45342999976,13.22878696500,52.53808541100,"0"
"193062","11","0","10","010","2019","03","14","6","2","0","1","0","0","0","0","1","0","0",813032.46746600000,5827883.61134000029,13.61379043600,52.51098219100,"0"
"193063","11","0","08","008","2019","03","23","6","3","5","3","2","1","1","0","0","0","0",801552.91094300000,5824351.51736999955,13.44195843200,52.48579073700,"0"
"193064","11","0","01","001","2019","03","22","4","2","5","3","2","0","1","0","0","0","1",797865.71702700004,5827613.01664999966,13.39073659500,52.51705021900,"1"
"193065","11","0","06","006","2019","03","08","6","3","0","2","0","0","0","0","0","0","1",792948.40287899994,5817754.42145999987,13.30981811200,52.43133419900,"0"
"193066","11","0","02","002","2019","03","17","6","2","5","7","0","1","1","0","0","0","0",798025.58231800003,5825342.51786000002,13.39105297500,52.49661068300,"0"
"193067","11","0","12","012","2019","03","00","6","3","0","7","2","0","1","0","1","0","0",790538.35705899994,5837154.18463000096,13.29141375600,52.60653906800,"1"
"193068","11","0","09","009","2019","03","16","6","3","5","3","0","1","1","0","0","0","0",807991.63703099999,5816687.86297999974,13.52941779700,52.41351434800,"0"
"193069","11","0","10","010","2019","03","16","4","3","2","2","0","0","1","0","0","0","1",810859.43883500004,5826903.75061000045,13.58095882200,52.50344384400,"0"
"193070","11","0","09","009","2019","03","09","6","2","6","4","0","0","1","1","0","0","0",810907.86482000002,5821515.28526000027,13.57664599600,52.45512751800,"0"
"193071","11","0","09","009","2019","03","11","6","3","5","3","0","1","1","0","0","0","0",807565.59920000006,5815410.05281000026,13.52199989500,52.40230174100,"0"
"193072","11","0","01","001","2019","03","08","6","3","1","5","0","1","1","0","0","0","1",797810.16963500006,5827137.74371000100,13.38949502700,52.51282031600,"0"
"193073","11","0","06","006","2019","03","15","4","3","2","2","0","1","1","0","0","0","0",790151.36472900002,5819783.66624999978,13.27055503200,52.45101774700,"0"
"193074","11","0","01","001","2019","03","08","6","3","0","2","0","0","1","0","0","0","1",796539.85461100005,5831962.34308999963,13.37513566400,52.55675984800,"0"
"193075","11","0","07","007","2019","03","14","4","3","5","3","0","0","1","0","0","0","0",799156.82335500000,5821308.71439000033,13.40404827000,52.45983425600,"0"
"193076","11","0","04","004","2019","03","07","6","3","3","6","0","1","1","0","0","0","0",791317.20755100006,5824951.67963000108,13.29217600400,52.49672905900,"0"
"193077","11","0","02","002","2019","03","07","6","3","0","7","0","0","1","0","1","0","0",803147.72963299998,5827439.31575000100,13.46818365500,52.51258312700,"0"
"193078","11","0","09","009","2019","03","13","4","3","5","2","0","0","1","0","0","1","0",804396.73582299997,5821745.86259999964,13.48133242300,52.46085902500,"0"
"193079","11","0","06","006","2019","03","14","6","2","3","6","0","0","1","0","1","0","0",795786.12597199995,5819907.34387999959,13.35334157100,52.44910677500,"0"
"193080","11","0","02","002","2019","03","15","6","2","1","5","0","0","1","0","0","0","1",798430.94461300003,5826498.98268999904,13.39804280100,52.50675538600,"0"
"193081","11","0","06","006","2019","03","16","5","3","0","6","0","0","1","0","0","0","1",793981.64466400002,5820427.28368999902,13.32732363100,52.45474116900,"0"
"193082","11","0","01","001","2019","03","18","6","2","5","2","1","0","0","0","1","0","1",794159.86386000004,5828284.22578999959,13.33687458900,52.52507871300,"0"
"193083","11","0","04","004","2019","03","17","4","3","5","2","0","0","1","0","0","0","0",791386.24852200004,5828590.33995999955,13.29637626000,52.52931244500,"0"
"193084","11","0","09","009","2019","03","14","6","3","2","6","0","0","1","0","0","0","0",809817.45740399999,5821919.77735999972,13.56102555600,52.45937160000,"0"
"193085","11","0","05","005","2019","03","11","4","3","5","3","0","1","1","0","0","0","0",788912.12016199995,5829321.94613000099,13.26064222600,52.53718843300,"0"
"193086","11","0","05","005","2019","03","19","6","3","5","3","2","1","1","0","0","0","0",785355.20086800004,5833384.23335000034,13.21183502900,52.57548437000,"0"
"193087","11","0","08","008","2019","03","12","6","3","5","3","0","0","1","0","0","0","0",800874.21307000006,5824919.30424000043,13.43250615600,52.49125440300,"0"
"193088","11","0","12","012","2019","03","19","6","2","5","3","2","0","1","0","0","0","0",796287.31357500004,5833234.86658000015,13.37255776700,52.56830409200,"0"
"193089","11","0","01","001","2019","03","21","4","3","5","3","2","1","1","0","0","0","0",795334.98851399997,5826147.26272000000,13.35224877100,52.50528724800,"1"
"193090","11","0","01","001","2019","03","08","5","3","5","2","0","1","1","0","0","0","0",795449.56969300006,5827682.86928000022,13.35529529700,52.51899069400,"0"
"193091","11","0","08","008","2019","03","22","4","3","5","3","2","0","1","0","0","0","0",802002.62962499994,5823299.73194999900,13.44760856000,52.47611489700,"1"
"193092","11","0","12","012","2019","03","23","5","3","5","2","2","0","1","0","0","0","0",792900.67500000005,5832166.52599999961,13.32179064600,52.56055976200,"0"
"193093","11","0","01","001","2019","03","21","5","3","2","6","2","0","1","0","0","0","0",795205.86328599998,5825889.55131000094,13.35012336300,52.50304693600,"0"
"193094","11","0","02","002","2019","03","23","4","3","2","2","2","0","1","0","0","0","0",799860.33209799998,5825690.24459999986,13.41831182200,52.49872257700,"1"
"193095","11","0","09","009","2019","03","20","5","3","6","4","2","0","1","1","0","0","0",814209.52631099999,5821910.83547000028,13.62544845000,52.45678422700,"0"
"193096","11","0","01","001","2019","03","19","5","3","0","7","2","1","0","0","0","0","1",794615.74967199995,5828439.60737999994,13.34371252200,52.52622544600,"0"
"193097","11","0","06","006","2019","03","11","6","3","1","5","0","1","1","0","0","0","0",795326.82799999998,5819328.25899999961,13.34609090500,52.44416393500,"0"
"193098","11","0","05","005","2019","03","10","4","3","5","3","0","0","1","0","0","0","1",781104.26483300002,5819158.90682000015,13.13725369000,52.45014330400,"0"
"193099","11","0","12","012","2019","03","19","5","3","5","3","2","1","1","0","0","0","0",792564.30132600002,5839437.38308000006,13.32326531700,52.62592008300,"0"
"193100","11","0","04","004","2019","03","16","5","3","0","3","0","1","1","0","0","0","0",791864.82354999997,5827458.92289000098,13.30241807600,52.51891350100,"0"
"193101","11","0","03","003","2019","03","07","5","3","1","5","0","1","1","0","0","0","0",799234.40998600004,5831106.03127999976,13.41399157400,52.54761052500,"1"
"193102","11","0","12","012","2019","03","16","5","3","6","4","0","0","1","1","0","0","0",792226.20611799997,5833342.33762000035,13.31290521300,52.57146285300,"0"
"193103","11","0","06","006","2019","03","09","4","3","5","2","0","0","1","0","1","0","0",788836.87196599995,5819602.63241999969,13.25110924500,52.45009082400,"0"
"193104","11","0","05","005","2019","03","16","5","2","2","6","0","0","1","0","0","0","0",786023.25873400003,5826043.25129000098,13.21534576500,52.50931625700,"0"
"193105","11","0","06","006","2019","03","09","4","3","5","2","0","0","1","0","1","0","0",795672.29107100004,5818238.42918999959,13.35019479000,52.43420761900,"0"
"193106","11","0","04","004","2019","03","15","5","3","2","6","0","0","1","0","0","0","0",793843.05611100001,5824905.76436999906,13.32923563700,52.49496338600,"0"
"193107","11","0","01","001","2019","03","15","5","3","2","2","0","1","1","0","0","0","0",796462.01601499994,5831926.71896999981,13.37395905800,52.55648289600,"0"
"193108","11","0","01","001","2019","03","21","4","3","2","6","2","0","1","0","1","0","0",797709.99345099996,5828784.53799999971,13.38949707700,52.52763649600,"1"
"193109","11","0","03","003","2019","03","15","5","3","6","4","0","0","1","1","0","0","0",798828.07721899997,5831718.69061999954,13.40856843700,52.55332513100,"0"
"193110","11","0","05","005","2019","03","15","5","3","5","3","0","0","1","0","0","0","0",784730.90599999996,5828597.85699999984,13.19854195500,52.53289701800,"0"