OBJECTID,ULAND,UREGBEZ,UKREIS,UGEMEINDE,UJAHR,UMONAT,USTUNDE,UWOCHENTAG,UKATEGORIE,UART,UTYP1,ULICHTVERH,IstRad,IstPKW,IstFuss,IstKrad,IstGkfz,IstSonstig,LINREFX,LINREFY,XGCSWGS84,YGCSWGS84,STRZUSTAND
"193111","11","0","02","002","2019","03","17","6","3","0","3","0","1","1","0","0","0","0",802111.80730700004,5827355.07768000010,13.45288861100,52.51240283400,"0"
"193112","11","0","03","003","2019","03","08","4","3","0","1","0","1","0","0","0","0","0",796849.83000199997,5835817.98928000033,13.38314618900,52.59115215000,"0"
"193113","11","0","04","004","2019","03","15","5","3","3","6","0","1","0","0","0","0","1",794365.11306400003,5826076.56572999898,13.33793812900,52.50517763200,"0"
"193114","11","0","12","012","2019","03","13","5","2","5","3","0","0","1","0","0","1","0",789985.77158499998,5834781.57172000036,13.28119888000,52.58556382900,"0"
"193115","11","0","04","004","2019","03","12","5","3","5","3","0","1","1","0","0","0","0",793800.57895899995,5823985.20581000019,13.32780007200,52.48673386500,"1"
"193116","11","0","04","004","2019","03","13","5","3","2","7","0","1","1","0","0","0","0",793510.73636400001,5825408.35615000036,13.32479756000,52.49964772000,"0"
"193117","11","0","07","007","2019","03","12","6","3","2","6","0","0","1","0","0","0","0",798943.98014100001,5819534.61534999963,13.39933694100,52.44404815800,"0"
"193118","11","0","06","006","2019","03","21","4","3","6","2","2","0","1","1","0","0","0",794752.41491299996,5821232.98108999897,13.33934519400,52.46154871800,"1"
"193119","11","0","07","007","2019","03","13","5","3","2","6","0","0","1","0","1","0","0",796074.18105599994,5815946.28352000006,13.35406055700,52.41344269300,"0"
"193120","11","0","03","003","2019","03","11","5","3","5","3","0","0","1","0","0","0","0",798741.91166500002,5834923.98457999993,13.41018802500,52.58210293300,"0"
"193121","11","0","08","008","2019","03","09","5","3","6","4","0","0","0","1","1","0","0",800984.79393900000,5824783.45187999960,13.43400723700,52.48997576200,"0"
"193122","11","0","05","005","2019","03","14","5","3","0","1","0","0","1","0","0","0","1",787378.12996399996,5829830.49681000039,13.23852751400,52.54255896300,"0"
"193123","11","0","05","005","2019","03","08","4","3","5","2","0","0","1","0","0","0","0",788032.59915599995,5829370.15517999977,13.24775235100,52.53808622400,"0"
"193124","11","0","09","009","2019","03","14","5","3","0","3","0","0","1","0","1","0","0",805816.13300499995,5819649.28239000030,13.50023933900,52.44127596600,"0"
"193125","11","0","09","009","2019","03","18","4","3","3","6","2","0","1","0","1","0","0",809647.16937100003,5821484.07424999960,13.55812318400,52.45556342300,"0"
"193126","11","0","05","005","2019","03","14","5","3","5","3","0","1","0","0","0","0","1",780311.73748500005,5827868.74065999966,13.13294932200,52.52865004700,"0"
"193127","11","0","04","004","2019","03","13","5","3","1","5","0","1","0","0","0","0","1",790871.59922700003,5827395.18881999981,13.28776572500,52.51887281600,"0"
"193128","11","0","09","009","2019","03","17","4","3","0","5","0","1","1","0","0","0","0",811007.36581600003,5817935.38618999906,13.57477467100,52.42298930600,"0"
"193129","11","0","04","004","2019","03","13","5","2","2","6","0","1","0","0","0","1","0",790700.32458699995,5825995.32065999974,13.28402575900,52.50641429400,"0"
"193130","11","0","06","006","2019","03","09","5","3","5","3","0","0","1","0","0","0","0",791192.47894700000,5816013.71784999967,13.28254852400,52.41666600700,"0"
"193131","11","0","04","004","2019","03","17","6","3","5","3","0","0","1","0","0","0","0",790179.54539200000,5829491.52345000021,13.27942473500,52.53803530700,"0"
"193132","11","0","11","011","2019","03","06","4","3","2","6","0","1","1","0","0","0","0",804666.69812199997,5825590.57615000103,13.48880611300,52.49516739700,"0"
"193133","11","0","01","001","2019","03","08","5","3","5","3","0","1","1","0","0","0","0",798685.12902899995,5827093.37958000042,13.40231014200,52.51194424400,"0"
"193134","11","0","07","007","2019","03","14","5","3","5","3","0","0","1","0","1","0","0",795419.20398200001,5825754.48971000034,13.35313745000,52.50172075000,"0"
"193135","11","0","02","002","2019","03","08","5","3","2","6","0","0","1","0","0","0","0",798993.60045300005,5826329.36964999977,13.40615584200,52.50492698500,"0"
"193136","11","0","01","001","2019","03","17","4","3","5","2","0","1","1","0","0","0","0",796569.36699999997,5826870.40400000010,13.37102625700,52.51109993600,"0"
"193137","11","0","07","007","2019","03","07","5","3","5","3","0","1","1","0","0","0","0",798341.67064000003,5820498.24146999978,13.39136212100,52.45301492300,"0"
"193138","11","0","04","004","2019","03","17","4","3","2","6","0","0","1","0","0","0","0",792804.92801200005,5823237.49127000105,13.31252217300,52.48056569600,"0"
"193139","11","0","10","010","2019","03","07","5","2","5","3","0","0","1","0","1","0","0",811982.49399999995,5826843.85400000028,13.59739475300,52.50226617300,"0"
"193140","11","0","03","003","2019","03","07","5","3","5","2","0","1","1","0","0","0","0",799208.83022700006,5831774.32976000011,13.41421766700,52.55361481900,"0"
"193141","11","0","08","008","2019","03","05","4","3","6","2","0","0","1","1","0","0","0",800164.92767700006,5823775.58787999954,13.42106074900,52.48139325400,"0"
"193142","11","0","03","003","2019","03","06","5","3","5","3","1","0","1","0","0","0","0",799501.23532199999,5837472.64575000107,13.42366591000,52.60452980800,"0"
"193143","11","0","01","001","2019","03","04","4","3","6","2","2","0","1","1","0","0","0",797828.54248800001,5827059.63372999895,13.38969506200,52.51211012400,"0"
"193144","11","0","01","001","2019","03","06","5","3","0","1","0","1","0","0","0","0","0",794571.72450100002,5828744.05549999978,13.34333518300,52.52897840200,"0"
"193145","11","0","09","009","2019","03","14","4","2","0","3","0","1","0","0","0","0","1",811057.25881200004,5815827.28323999979,13.57354716300,52.40406884900,"0"
"193146","11","0","12","012","2019","03","16","4","3","0","6","0","0","1","0","1","0","0",792114.30705299997,5832942.97910000011,13.31090706700,52.56794281900,"1"
"193147","11","0","01","001","2019","03","21","4","3","0","6","2","0","1","0","1","0","0",797218.54883500002,5827069.21408000030,13.38074150500,52.51252871900,"0"
"193148","11","0","01","001","2019","03","08","4","3","1","5","0","1","0","0","0","0","1",796622.14165799995,5830363.48572000023,13.37491767600,52.54238305500,"0"
"193149","11","0","06","006","2019","03","14","6","3","2","6","0","0","1","0","0","0","0",794288.66212500003,5819314.41272999905,13.33084832000,52.44459954500,"0"
"193150","11","0","12","012","2019","03","21","4","3","5","3","2","0","1","0","0","0","0",789669.70338399999,5833670.08222999983,13.27557536100,52.57576769000,"0"
"193151","11","0","02","002","2019","03","10","3","3","6","4","0","1","0","1","0","0","0",801909.41906999995,5828907.08344000019,13.45132387700,52.52642556200,"0"
"193152","11","0","08","008","2019","03","18","4","3","2","6","1","0","1","0","0","0","0",800648.02470299997,5823047.45055000018,13.42749665100,52.47460093400,"0"
"193153","11","0","02","002","2019","03","12","3","3","5","2","0","1","0","0","0","0","1",802065.39399999997,5827160.95000000019,13.45203056900,52.51068856800,"1"
"193154","11","0","09","009","2019","03","18","4","3","5","3","1","1","1","0","0","0","0",816780.32390700001,5817295.62741000019,13.65878467300,52.41394570200,"0"
"193155","11","0","03","003","2019","03","18","4","3","5","3","1","1","1","0","0","0","0",799245.97735499998,5831804.28211999964,13.41479092800,52.55386288600,"0"
"193156","11","0","05","005","2019","03","07","3","3","5","2","0","1","1","0","0","0","0",784561.67614400003,5828220.43891000096,13.19573072900,52.52960145800,"0"
"193157","11","0","10","010","2019","03","17","4","3","2","1","1","0","1","0","0","0","0",812704.63366100006,5825483.59253000095,13.60672210100,52.48966337900,"0"
"193158","11","0","01","001","2019","03","17","4","3","5","2","0","1","1","0","0","0","0",794595.35504800000,5831872.83408000041,13.34645719600,52.55701283000,"0"
"193159","11","0","04","004","2019","03","08","3","3","2","6","0","0","1","0","0","0","0",790158.22388900002,5826636.38824000023,13.27661992800,52.51245013200,"0"
"193160","11","0","11","011","2019","03","16","4","3","2","2","0","0","1","0","0","0","0",803917.00379999995,5827989.48453000095,13.47998708800,52.51708605300,"0"
"193161","11","0","11","011","2019","03","16","4","3","2","2","2","0","1","0","0","0","0",806869.36186700000,5832664.56288000010,13.52767739200,52.55733137400,"0"
"193162","11","0","08","008","2019","03","16","5","2","2","6","0","0","1","0","0","0","0",801490.05606900004,5817329.64317999966,13.43469598800,52.42288640100,"1"
"193163","11","0","02","002","2019","03","16","4","3","3","6","0","1","0","0","0","1","0",801713.74206600001,5826170.01078000013,13.44596661100,52.50200128800,"0"
"193164","11","0","01","001","2019","03","09","4","3","5","2","0","1","1","0","0","0","0",798651.85528500006,5828140.24473999999,13.40276098900,52.52134616300,"0"
"193165","11","0","12","012","2019","03","20","3","2","0","7","2","0","0","0","1","0","0",793370.93624800001,5832511.04263000097,13.32901250100,52.56339499400,"1"
"193166","11","0","12","012","2019","03","22","4","2","5","2","2","0","1","0","0","0","0",795501.77329299995,5833431.34356999956,13.36117650500,52.57049230700,"0"
"193167","11","0","01","001","2019","03","18","4","3","9","1","2","0","0","0","0","0","1",796982.40880700003,5830155.08000000007,13.38002813900,52.54031869600,"0"
"193168","11","0","01","001","2019","03","10","5","3","0","7","0","1","0","0","0","0","0",798694.39998600003,5830098.30829999968,13.40514542700,52.53887410900,"1"
"193169","11","0","06","006","2019","03","16","4","3","2","6","0","0","1","0","0","0","0",794372.25505899999,5819070.69220000040,13.33185996900,52.44236969800,"0"
"193170","11","0","10","010","2019","03","19","3","3","5","3","2","1","1","0","0","0","0",808758.70832400001,5831399.87480999902,13.55428218000,52.54492979200,"0"
"193171","11","0","01","001","2019","03","16","4","3","5","3","0","0","1","0","0","0","0",793775.50019900000,5831867.54801999964,13.33439406600,52.55740833500,"0"
"193172","11","0","02","002","2019","03","18","3","3","1","5","1","1","0","0","0","0","1",798507.15824999998,5826513.01052999962,13.39917496000,52.50683943300,"0"
"193173","11","0","02","002","2019","03","15","4","3","1","5","0","1","1","0","0","0","0",801300.39385800005,5826160.04067000095,13.43988649300,52.50214031300,"0"
"193174","11","0","12","012","2019","03","15","4","3","0","7","0","0","1","0","0","0","0",786992.97147400002,5838296.36756000016,13.24019421300,52.61866259100,"0"
"193175","11","0","03","003","2019","03","15","4","2","5","3","0","0","1","0","1","0","1",800111.33351999999,5831695.24148000032,13.42741763000,52.55240940200,"0"
"193176","11","0","01","001","2019","03","16","3","3","5","2","0","0","1","0","0","0","0",793554.83191099996,5828921.37729999982,13.32854469300,52.53111655200,"0"
"193177","11","0","02","002","2019","03","12","4","3","3","6","0","1","0","0","0","0","0",801919.69158700004,5829035.00248000026,13.45159098600,52.52756641200,"0"
"193178","11","0","12","012","2019","03","12","4","3","6","4","0","1","0","1","0","0","0",793238.68847299996,5832498.91734000016,13.32705637400,52.56335754100,"0"
"193179","11","0","01","001","2019","03","09","6","3","0","5","0","0","1","0","0","0","0",798030.57092700002,5827091.65753000043,13.39269193200,52.51228683200,"0"
"193180","11","0","05","005","2019","03","15","3","3","2","6","0","0","1","0","0","0","0",789559.47329200001,5829282.65596000012,13.27012584500,52.53649261200,"1"
"193181","11","0","12","012","2019","03","11","4","3","2","6","0","0","1","0","0","0","0",792060.02830000001,5832941.95949000027,13.31010760900,52.56796280300,"0"
"193182","11","0","12","012","2019","03","06","4","3","5","3","0","1","1","0","0","0","0",790103.51469400001,5839983.09334000014,13.28749213500,52.63213202600,"0"
"193183","11","0","08","008","2019","03","08","5","3","5","3","0","0","1","0","0","0","0",801518.02381100005,5817348.93109000102,13.43512341800,52.42304387700,"1"
"193184","11","0","11","011","2019","03","06","4","3","6","4","0","0","0","1","0","0","1",805338.92647299997,5834597.97468999960,13.50695231800,52.57551935800,"0"
"193185","11","0","10","010","2019","03","15","3","3","6","4","0","0","0","1","0","0","1",813194.55086700001,5831267.14623000100,13.61935754000,52.54120882800,"1"
"193186","11","0","04","004","2019","03","06","4","3","6","2","0","0","0","1","0","0","1",793354.87638399994,5823070.89097000100,13.32045041500,52.47877702700,"0"
"193187","11","0","08","008","2019","03","18","3","3","0","6","0","0","1","0","0","0","1",800616.91037199995,5824414.87091000099,13.42827282500,52.48687475000,"0"
"193188","11","0","03","003","2019","03","07","4","3","5","3","0","1","1","0","0","0","0",804186.06889600004,5838961.07803000044,13.49400000000,52.61526883300,"0"
"193189","11","0","10","010","2019","03","07","4","3","5","3","0","0","1","0","0","0","1",811319.95158600004,5831189.87277999986,13.59173315500,52.54159054600,"0"
"193190","11","0","10","010","2019","03","17","3","2","5","3","0","0","1","0","0","0","0",807840.07402299996,5829077.27586000040,13.53862717600,52.52463467200,"1"
"193191","11","0","10","010","2019","03","07","4","3","0","7","0","0","1","0","0","0","1",808579.11647300003,5830116.79234000016,13.55045069500,52.53353285500,"0"
"193192","11","0","07","007","2019","03","19","3","3","2","2","2","0","1","0","0","0","1",797258.28904900001,5820960.58306999970,13.37587775500,52.45774959000,"0"
"193193","11","0","03","003","2019","03","08","4","3","2","7","0","0","1","0","0","0","0",799972.40394800005,5831087.45034999959,13.42482566000,52.54703812100,"0"
"193194","11","0","01","001","2019","03","08","4","2","5","2","0","1","0","0","0","1","0",797472.94483299996,5826794.38497999962,13.38423351400,52.50992651700,"0"
"193195","11","0","04","004","2019","03","10","4","3","3","6","0","0","1","0","0","1","0",791145.02974000003,5829114.83119999990,13.29328982600,52.53414334200,"0"
"193196","11","0","12","012","2019","03","15","3","3","5","3","0","1","1","0","0","0","0",791666.94301100005,5835558.05068999901,13.30662639900,52.59162597100,"0"
"193197","11","0","04","004","2019","03","11","4","2","5","3","0","1","1","0","0","0","0",792284.55146200000,5825376.63748999964,13.30675780600,52.50002151100,"0"
"193198","11","0","08","008","2019","03","07","4","3","5","3","0","1","1","0","0","0","0",804393.38724099996,5815998.00361999962,13.47604994000,52.40934389700,"0"
"193199","11","0","01","001","2019","03","23","6","3","0","1","2","1","0","0","0","0","0",796753.56695799995,5830731.24199999962,13.37717847800,52.54560801700,"0"
"193200","11","0","01","001","2019","03","15","3","3","0","4","0","1","0","1","0","0","0",797673.92250200000,5827911.27194999903,13.38818530500,52.51982843400,"1"
"193201","11","0","04","004","2019","03","11","4","2","0","7","0","1","0","0","0","0","0",791972.92084200005,5827382.28567999974,13.30393940500,52.51816859900,"0"
"193202","11","0","01","001","2019","03","19","4","1","6","4","1","0","1","1","0","0","1",796569.70241000003,5829846.65275000036,13.37368536300,52.53777874800,"0"
"193203","11","0","09","009","2019","03","11","5","3","5","2","0","1","0","0","0","1","0",808470.08131699997,5819062.35823000036,13.53861943600,52.43452543900,"0"
"193204","11","0","04","004","2019","03","13","3","3","1","5","0","1","1","0","0","0","1",792066.00997799996,5825835.73275000043,13.30395019100,52.50425422700,"0"
"193205","11","0","05","005","2019","03","15","3","3","6","4","0","0","1","1","0","0","0",784743.36090299999,5827446.27988999896,13.19773882000,52.52256546500,"1"
"193206","11","0","06","006","2019","03","09","3","3","5","3","0","0","1","0","1","0","0",794458.56511900004,5821330.19383999985,13.33511835300,52.46257860300,"0"
"193207","11","0","06","006","2019","03","15","3","2","1","5","0","0","1","0","1","0","0",795271.84546800004,5818360.54777000099,13.34442933600,52.43551865500,"1"
"193208","11","0","08","008","2019","03","08","3","2","5","3","0","0","1","0","0","0","0",803651.05889200000,5821882.03012999892,13.47051476200,52.46249431300,"0"
"193209","11","0","03","003","2019","03","07","3","3","5","2","0","1","1","0","0","0","0",801915.26300000004,5836369.60800000001,13.45819864800,52.59330830900,"0"
"193210","11","0","08","008","2019","03","15","3","3","5","3","0","1","1","0","0","0","0",804053.42212400003,5821923.04860999901,13.47645631400,52.46263822600,"1"
"193211","11","0","06","006","2019","03","18","3","2","1","5","1","1","1","0","0","0","0",784508.08614499995,5816918.15445000026,13.18529881600,52.42829120000,"0"
"193212","11","0","01","001","2019","03","19","3","3","3","6","2","0","1","0","0","0","0",796769.14931999997,5828812.49861999974,13.37569406900,52.52840011100,"0"
"193213","11","0","03","003","2019","03","16","6","3","2","6","0","0","1","0","1","0","0",800337.53839600005,5831570.58004000038,13.43063113100,52.55116735300,"0"
"193214","11","0","08","008","2019","03","15","3","3","6","4","0","0","1","1","0","0","0",800511.82708099997,5823453.69392000046,13.42586349300,52.47831720400,"1"
"193215","11","0","08","008","2019","03","15","3","3","6","4","0","0","1","1","0","0","0",801434.76892800000,5820279.60410000011,13.43654539200,52.44935837000,"1"
"193216","11","0","05","005","2019","03","19","3","3","5","3","2","0","1","0","0","0","0",784584.99322299997,5831089.47204999905,13.19853143900,52.55531301700,"0"
"193217","11","0","11","011","2019","03","23","3","3","5","2","2","0","1","0","0","0","1",802896.93558199995,5831227.32375000045,13.46795045200,52.54667369100,"0"
"193218","11","0","07","007","2019","03","16","6","3","0","2","0","0","1","0","1","0","0",795206.54492799996,5825600.28144999966,13.34987693500,52.50045347500,"0"
"193219","11","0","01","001","2019","03","15","3","3","5","3","0","0","1","0","0","0","0",795188.66099999996,5827210.53199999966,13.35104215400,52.51489784600,"1"
"193220","11","0","07","007","2019","03","17","3","2","0","1","0","1","0","0","0","0","0",798698.69425599999,5819666.82170999981,13.39585698000,52.44536727400,"0"
"193221","11","0","08","008","2019","03","20","5","3","1","5","2","1","1","0","0","0","0",800713.56725600001,5824367.01157999970,13.42964883900,52.48639254200,"1"
"193222","11","0","01","001","2019","03","11","3","3","1","5","0","0","1","0","0","1","0",794779.41006599995,5831849.45402000006,13.34914347600,52.55670365100,"0"
"193223","11","0","02","002","2019","03","15","3","3","2","6","0","0","1","0","0","0","0",800463.86615899997,5828447.57938000001,13.42966501200,52.52310548200,"1"
"193224","11","0","04","004","2019","03","11","3","2","0","5","0","0","1","0","1","0","0",792720.66391200002,5825934.63812000025,13.31365460300,52.50479005700,"0"
"193225","11","0","12","012","2019","03","15","3","3","5","3","0","0","1","0","0","0","0",795733.69039899996,5837042.60936000012,13.36781164100,52.60273754600,"1"
"193226","11","0","07","007","2019","03","11","3","2","3","6","0","0","0","0","1","0","1",799204.45935999998,5820009.83796999976,13.40358352600,52.44816545000,"0"
"193227","11","0","02","002","2019","03","09","3","3","0","2","0","1","0","0","0","0","1",798294.72253999999,5824811.48213999998,13.39453029600,52.49170358300,"0"
"193228","11","0","01","001","2019","03","15","3","3","3","6","0","1","0","0","0","0","1",798973.23689800000,5828493.05642000027,13.40780075700,52.52433249500,"1"
"193229","11","0","01","001","2019","03","09","3","3","6","4","0","0","1","1","0","0","0",793889.39267299999,5830065.90117000043,13.33447470600,52.54119625200,"0"
"193230","11","0","05","005","2019","03","07","3","3","6","2","0","0","0","1","0","1","0",785933.58139800001,5827990.23618000001,13.21570149000,52.52681960300,"0"
"193231","11","0","07","007","2019","03","14","6","3","5","2","0","0","1","0","0","0","0",794951.60464699997,5825651.05614999961,13.34617710100,52.50104649200,"0"
"193232","11","0","06","006","2019","03","07","3","3","1","5","0","1","1","0","0","0","0",794485.33755099995,5821467.24806999974,13.33563221000,52.46379279800,"1"
"193233","11","0","06","006","2019","03","09","3","3","0","5","0","0","1","0","0","0","1",793969.86814399995,5817489.27527999971,13.32456629300,52.42840929600,"0"
"193234","11","0","02","002","2019","03","17","3","3","3","2","0","0","1","0","1","0","0",803061.31588000001,5825880.52675000019,13.46549526200,52.49865993700,"0"
"193235","11","0","01","001","2019","03","19","3","3","6","4","2","1","0","1","0","0","0",799103.00397600001,5828954.84224999975,13.41012314700,52.52840054700,"0"
"193236","11","0","02","002","2019","03","17","3","2","6","4","1","0","1","1","0","0","0",800357.43393800000,5826061.97735000029,13.42594793700,52.50178119200,"0"
"193237","11","0","08","008","2019","03","16","3","3","5","2","0","0","1","0","0","0","0",800759.30714299995,5824342.29055999964,13.43029811400,52.48614576500,"0"
"193238","11","0","05","005","2019","03","15","3","3","0","4","0","0","0","1","0","0","1",784763.77644199994,5827180.84951999970,13.19781165600,52.52017494900,"0"
"193239","11","0","07","007","2019","03","13","3","3","1","7","0","1","0","0","0","0","1",797631.67977399996,5823907.62688000035,13.38398614400,52.48396345800,"0"
"193240","11","0","03","003","2019","03","14","3","3","5","2","0","1","0","0","0","0","0",798041.64148400002,5834786.00301999971,13.39975936600,52.58125016600,"0"
"193241","11","0","05","005","2019","03","13","3","3","6","4","0","0","1","1","0","0","0",784578.57180999999,5830320.11646999978,13.19777751900,52.54841835400,"0"
"193242","11","0","02","002","2019","03","21","3","3","5","2","2","1","1","0","0","0","0",803552.52182899998,5827193.53220999893,13.47390608800,52.51015511800,"0"
"193243","11","0","08","008","2019","03","13","3","3","6","2","0","0","1","1","0","0","0",801029.35000199999,5823875.61161999963,13.43384159000,52.48181396900,"0"
"193244","11","0","04","004","2019","03","23","3","3","3","6","2","0","1","0","0","0","1",791288.72300000000,5830682.82400000002,13.29677708500,52.54812337800,"1"
"193245","11","0","01","001","2019","03","15","3","3","2","6","0","0","1","0","0","0","0",799171.89039099996,5828976.07553999964,13.41115467700,52.52855307200,"1"
"193246","11","0","08","008","2019","03","12","3","3","3","6","0","0","1","0","1","0","1",800764.34024699999,5822750.98460000008,13.42893670300,52.47187956800,"1"
"193247","11","0","10","010","2019","03","15","2","3","2","6","0","0","1","0","0","0","0",808519.69369600003,5832441.41031000018,13.55173637000,52.55439915700,"1"
"193248","11","0","04","004","2019","03","21","5","3","6","2","2","0","1","1","0","0","0",790804.60930300003,5827384.50449999981,13.28677188400,52.51881275900,"1"
"193249","11","0","01","001","2019","03","15","2","3","1","5","0","1","1","0","0","0","0",797176.84218399995,5829570.54220000003,13.38236385900,52.53497300100,"1"
"193250","11","0","02","002","2019","03","06","3","3","5","2","0","1","1","0","0","0","0",797744.24389799999,5826093.69039999973,13.38759256800,52.50349761800,"0"
"193251","11","0","08","008","2019","03","14","2","3","2","6","0","0","1","0","0","0","0",801493.50837499998,5819225.62932000030,13.43645607800,52.43987887800,"1"
"193252","11","0","09","009","2019","03","07","3","3","5","3","0","1","1","0","0","0","0",808595.64184299996,5815755.43389999960,13.53741090900,52.40481765500,"0"
"193253","11","0","07","007","2019","03","15","2","3","2","6","0","0","1","0","0","0","0",797864.12751899997,5818822.81022000033,13.38286169800,52.43825686500,"0"
"193254","11","0","07","007","2019","03","15","2","3","0","2","0","0","1","0","1","0","0",796048.41842500004,5823345.95755000040,13.36024018200,52.47978929600,"1"
"193255","11","0","02","002","2019","03","15","2","3","5","2","0","1","1","0","0","0","0",797502.64104699995,5824015.21623000037,13.38218752200,52.48499820100,"0"
"193256","11","0","05","005","2019","03","16","2","3","2","1","0","0","1","0","0","0","0",787112.92550600006,5829378.47016000003,13.23423699500,52.53864610400,"0"
"193257","11","0","01","001","2019","03","17","2","2","5","3","1","1","0","0","0","0","0",797913.22580799996,5828331.13470000029,13.39207781700,52.52346129300,"1"
"193258","11","0","08","008","2019","03","13","6","3","2","2","0","1","1","0","0","0","0",801716.17299999995,5824254.34800000023,13.44426751800,52.48482959900,"0"
"193259","11","0","01","001","2019","03","08","3","3","5","3","0","0","1","0","1","0","0",799169.88100000005,5827795.65299999993,13.41006331800,52.51797344700,"0"
"193260","11","0","01","001","2019","03","18","2","3","5","7","1","0","1","0","0","0","0",794839.50408800005,5828303.35230000038,13.34688035500,52.52488305800,"1"
"193261","11","0","07","007","2019","03","18","2","3","6","2","1","0","1","1","0","0","0",795229.51591500000,5822263.59200999979,13.34725894100,52.47052993600,"1"
"193262","11","0","03","003","2019","03","08","3","3","5","3","0","1","1","0","0","0","0",800420.43846600002,5832299.26133000106,13.43250952500,52.55765295500,"0"
"193263","11","0","02","002","2019","03","18","2","3","6","4","1","0","0","1","1","0","0",800447.86837200006,5825898.90491999965,13.42712909900,52.50026973300,"1"
"193264","11","0","11","011","2019","03","18","2","3","5","3","1","1","0","0","0","0","1",803619.01698900003,5826582.50105000101,13.47432559600,52.50464159100,"1"
"193265","11","0","12","012","2019","03","09","3","3","1","5","0","1","1","0","0","0","0",786169.75958900002,5834304.57863000035,13.22461698600,52.58330811800,"0"
"193266","11","0","05","005","2019","03","18","2","2","6","4","1","0","1","1","0","0","0",784776.03941199998,5830375.87502999976,13.20072964600,52.54881508500,"1"
"193267","11","0","07","007","2019","03","20","2","3","5","2","2","1","1","0","0","0","0",796566.30814500002,5815869.98914999980,13.36120743400,52.41249237400,"1"
"193268","11","0","06","006","2019","03","12","5","2","1","5","0","0","1","0","0","0","1",789706.85600000003,5818413.40000000037,13.26284408200,52.43896855300,"1"
"193269","11","0","02","002","2019","03","20","2","3","5","7","2","0","1","0","0","0","0",800155.12752300000,5825054.00189999957,13.42206818000,52.49285761800,"1"
"193270","11","0","02","002","2019","03","09","3","3","5","3","0","1","1","0","0","0","0",801895.87541700003,5825670.01283999998,13.44818846200,52.49741902900,"0"
"193271","11","0","09","009","2019","03","20","2","3","6","4","2","0","1","1","0","0","0",811395.66280900000,5821164.18905999977,13.58347421800,52.45170351100,"1"
"193272","11","0","09","009","2019","03","14","3","3","5","2","0","1","1","0","0","0","0",809516.33141400001,5818774.60044000018,13.55369418500,52.43135560600,"0"
"193273","11","0","01","001","2019","03","22","2","3","5","2","2","1","1","0","0","0","0",797161.60727599997,5831879.12559999991,13.38420531200,52.55567500000,"1"
"193274","11","0","06","006","2019","03","09","2","3","0","6","0","1","1","0","0","0","0",791996.34118500003,5821478.85845000017,13.29911002300,52.46523268600,"0"
"193275","11","0","06","006","2019","03","14","3","3","5","2","0","1","1","0","0","0","0",790598.46632699994,5815205.98713999987,13.27313758000,52.40974016400,"1"
"193276","11","0","03","003","2019","03","15","2","3","5","3","0","0","1","0","0","0","0",803343.82358500001,5842648.20340999961,13.48498278900,52.64878530300,"1"
"193277","11","0","12","012","2019","03","15","2","3","0","1","0","0","0","0","1","0","0",793734.71270100004,5836145.28306999896,13.33758417900,52.59577734100,"1"
"193278","11","0","05","005","2019","03","22","6","2","6","2","2","0","1","1","0","0","0",784548.25184299995,5828157.08875999972,13.19547914800,52.52904046700,"0"
"193279","11","0","02","002","2019","03","09","3","3","2","6","0","0","1","0","0","0","0",800206.24866799999,5827467.18142000027,13.42499461900,52.51445974400,"1"
"193280","11","0","08","008","2019","03","14","2","3","0","3","0","1","1","0","0","0","0",801804.26468400005,5821957.60030999966,13.44348266600,52.46419477100,"1"
"193281","11","0","04","004","2019","03","14","5","2","6","4","0","0","1","1","0","0","0",791568.84641999996,5828014.57670000009,13.29855548300,52.52405318500,"1"
"193282","11","0","08","008","2019","03","14","2","3","2","6","0","0","1","0","0","0","0",805551.77450499998,5818558.13841000106,13.49536485100,52.43164424300,"1"
"193283","11","0","11","011","2019","03","10","3","3","5","3","0","0","1","0","0","0","0",804678.32100000000,5828701.20399999991,13.49182396700,52.52304009100,"0"
"193284","11","0","01","001","2019","03","13","2","3","6","2","0","0","0","1","0","0","1",799985.70146699995,5826927.41476999968,13.42126776800,52.50974294800,"0"
"193285","11","0","07","007","2019","03","10","3","3","6","7","0","0","1","1","0","0","0",794915.05675200000,5825407.35828999896,13.34542443700,52.49888166000,"0"
"193286","11","0","10","010","2019","03","12","2","3","2","6","0","0","1","0","0","0","0",809635.87844700005,5829710.29671999998,13.56560190800,52.52929074300,"0"
"193287","11","0","08","008","2019","03","09","5","2","1","5","0","0","1","0","1","0","0",801495.84674800001,5820441.98464999907,13.43758798200,52.45078015500,"1"
"193288","11","0","04","004","2019","03","12","2","3","6","2","0","0","1","1","0","0","0",793503.22549300001,5826470.50473000109,13.32562355900,52.50917345300,"0"
"193289","11","0","02","002","2019","03","14","3","3","2","2","0","0","1","0","0","0","0",799079.45979400002,5824615.10505000036,13.40587784300,52.48951395300,"1"
"193290","11","0","03","003","2019","03","11","2","3","5","2","0","0","1","0","0","0","0",800122.74235299998,5833866.28421000019,13.42954901000,52.57186267500,"0"
"193291","11","0","09","009","2019","03","10","3","3","6","4","0","0","1","1","0","0","0",811342.36386299995,5822448.62552999891,13.58389011900,52.46324432200,"0"