OBJECTID,ULAND,UREGBEZ,UKREIS,UGEMEINDE,UJAHR,UMONAT,USTUNDE,UWOCHENTAG,UKATEGORIE,UART,UTYP1,ULICHTVERH,IstRad,IstPKW,IstFuss,IstKrad,IstGkfz,IstSonstig,LINREFX,LINREFY,XGCSWGS84,YGCSWGS84,STRZUSTAND
"193473","11","0","01","001","2019","04","17","3","2","5","2","0","0","1","0","1","0","0",799186.49770299997,5828678.08086000010,13.41110122900,52.52587398200,"0"
"193474","11","0","10","010","2019","04","08","3","3","3","6","0","0","1","0","0","1","0",807786.14829899999,5830791.46050000004,13.53942198700,52.54002751100,"0"
"193475","11","0","10","010","2019","04","09","7","3","2","2","0","0","1","0","1","0","0",806580.62097000005,5828344.09262999892,13.51944561900,52.51877337500,"0"
"193476","11","0","08","008","2019","04","23","3","2","5","2","2","0","0","0","1","0","1",801544.30445900001,5820646.98967999965,13.43848397700,52.45259094600,"0"
"193477","11","0","01","001","2019","04","22","3","3","1","5","2","0","1","0","0","0","0",798422.07378800004,5828768.83629999962,13.39994843900,52.52710643200,"0"
"193478","11","0","08","008","2019","04","20","6","2","5","3","2","1","1","0","0","0","0",801730.74876100000,5817139.19875000045,13.43805312400,52.42104672600,"0"
"193479","11","0","07","007","2019","04","21","3","3","6","4","2","0","1","1","0","0","0",794762.12874099996,5825692.96626999974,13.34343094700,52.50152457200,"0"
"193480","11","0","07","007","2019","04","18","5","3","6","4","0","1","0","1","0","0","0",793903.57523800002,5822951.54341000039,13.32840128600,52.47741211200,"0"
"193481","11","0","07","007","2019","04","21","3","3","5","2","2","0","1","0","0","0","1",800891.16156299994,5814179.57237999979,13.42308443000,52.39498032400,"0"
"193482","11","0","01","001","2019","04","22","1","3","5","3","2","0","1","0","0","0","0",792739.14973499998,5828287.57734000031,13.31599632400,52.52587344700,"0"
"193483","11","0","02","002","2019","04","13","3","3","5","2","0","0","0","0","0","0","1",799064.61094899999,5825613.45029000100,13.40655598500,52.49847086200,"0"
"193484","11","0","01","001","2019","04","12","3","3","2","6","0","0","1","0","0","0","0",797335.74115999998,5831216.62576000020,13.38617291700,52.54964147300,"0"
"193485","11","0","12","012","2019","04","13","6","3","2","6","0","0","1","0","0","0","0",793179.34387900005,5832282.31589000020,13.32599201000,52.56144778500,"0"
"193486","11","0","03","003","2019","04","12","3","3","2","6","0","0","1","0","0","0","0",799387.93519300001,5831788.46167999972,13.41686420900,52.55364306900,"0"
"193487","11","0","02","002","2019","04","12","3","3","0","2","0","0","0","0","0","0","1",800476.88757300004,5825763.25086999964,13.42743292600,52.49903784200,"0"
"193488","11","0","09","009","2019","04","14","3","3","4","6","0","0","1","0","0","0","0",809606.98044800002,5822254.98450999893,13.55824853100,52.46249493000,"0"
"193489","11","0","08","008","2019","04","13","7","3","2","6","0","0","1","0","0","0","0",803743.86048499995,5818003.90254999977,13.46835099900,52.42768345300,"0"
"193490","11","0","01","001","2019","04","11","3","3","2","6","0","0","1","0","0","0","0",794798.31648200005,5830933.25636000000,13.34860802100,52.54848043500,"0"
"193491","11","0","09","009","2019","04","15","3","3","2","6","0","0","1","0","0","1","0",806281.44444300001,5820971.52211000025,13.50827582600,52.45286606100,"0"
"193492","11","0","01","001","2019","04","17","6","3","2","6","1","0","1","0","0","0","0",797647.92121499998,5828135.12894999981,13.38800354200,52.52184923300,"0"
"193493","11","0","05","005","2019","04","11","3","3","1","1","0","0","1","0","1","0","0",784149.91745099996,5828026.06759000104,13.18951105800,52.52807350500,"0"
"193494","11","0","05","005","2019","04","16","5","3","5","3","0","0","1","0","0","0","0",784006.30182599998,5829049.19985000044,13.18827397600,52.53732187000,"0"
"193495","11","0","12","012","2019","04","15","3","3","5","3","0","1","0","0","1","0","0",791930.40781000000,5833389.25980999973,13.30859432100,52.57204222500,"0"
"193496","11","0","05","005","2019","04","19","1","3","5","3","0","0","1","0","0","0","1",784495.69247300003,5828871.96057999972,13.19531832600,52.53547746600,"0"
"193497","11","0","01","001","2019","04","11","3","3","3","6","0","0","1","0","1","0","1",797882.14626800001,5828529.24493000098,13.39179853200,52.52525408100,"0"
"193498","11","0","02","002","2019","04","15","3","2","3","6","0","1","1","0","0","0","0",801745.99080399994,5826253.90847000107,13.44651628900,52.50273544000,"0"
"193499","11","0","01","001","2019","04","15","6","3","5","2","0","1","1","0","0","0","0",798081.00771300006,5830001.84745000023,13.39604155500,52.53834533200,"0"
"193500","11","0","04","004","2019","04","16","3","2","5","2","0","0","1","0","1","0","0",791469.50715299998,5828283.53187999967,13.29733116000,52.52651744500,"0"
"193501","11","0","04","004","2019","04","10","3","2","6","7","0","0","0","1","0","0","1",791769.68534299999,5827104.25760000013,13.30070888200,52.51578489900,"0"
"193502","11","0","05","005","2019","04","11","5","3","5","7","0","0","1","0","0","0","0",786557.77177800005,5830558.69806000032,13.22709223200,52.54951983900,"0"
"193503","11","0","01","001","2019","04","10","3","2","5","2","0","0","1","0","1","0","0",795534.69920000003,5830743.84441000037,13.35926781000,52.54638353500,"0"
"193504","11","0","01","001","2019","04","11","3","3","1","5","0","1","0","0","0","0","1",796482.16223000002,5828645.59927999973,13.37132717300,52.52706018500,"0"
"193505","11","0","11","011","2019","04","08","5","3","5","2","0","1","1","0","0","0","0",807202.83100000001,5823906.18599999975,13.52449369100,52.47865015900,"0"
"193506","11","0","02","002","2019","04","10","3","3","0","4","0","1","1","0","0","0","1",803331.07010200003,5827421.35436999891,13.47086065700,52.51232022100,"0"
"193507","11","0","06","006","2019","04","10","5","3","3","6","0","0","1","0","1","0","0",793684.15899999999,5820596.38700000010,13.32310700800,52.45641704400,"0"
"193508","11","0","01","001","2019","04","09","3","3","1","5","0","1","0","0","0","0","1",800030.31715699995,5826464.12547000032,13.42150564200,52.50556576600,"0"
"193509","11","0","03","003","2019","04","20","7","3","2","7","2","1","1","0","0","0","0",801698.17307000002,5829409.15280999895,13.44867507600,52.53104256800,"0"
"193510","11","0","01","001","2019","04","01","3","3","1","5","2","1","1","0","0","0","0",798200.47420499998,5828743.78868000023,13.39666916000,52.52700316800,"0"
"193511","11","0","05","005","2019","04","05","3","3","5","3","2","0","1","0","0","0","0",784632.71999999997,5828423.98400000017,13.19694946900,52.53138935500,"0"
"193512","11","0","09","009","2019","04","12","6","3","5","7","0","0","1","0","0","0","1",811352.16443400003,5819987.76767999958,13.58173988900,52.44118577200,"0"
"193513","11","0","09","009","2019","04","07","3","3","5","3","0","0","1","0","1","0","0",806252.81270600006,5822194.21640999895,13.50897736800,52.46384039400,"0"
"193514","11","0","05","005","2019","04","14","5","3","6","3","0","0","1","1","0","0","0",788802.90165300004,5830206.50121000037,13.25980535900,52.54517660500,"0"
"193515","11","0","11","011","2019","04","07","3","3","2","1","0","0","1","0","0","0","0",805755.70171099994,5827182.06429000106,13.50625837200,52.50882198700,"0"
"193516","11","0","12","012","2019","04","17","1","3","2","6","0","0","1","0","0","0","0",792067.94825999998,5832942.15885999985,13.31022430500,52.56796034100,"0"
"193517","11","0","05","005","2019","04","05","5","3","2","6","2","0","1","0","1","0","0",784718.57585899998,5828571.16036999971,13.19833780100,52.53266409700,"0"
"193518","11","0","04","004","2019","04","07","3","3","6","7","0","0","1","1","0","0","0",791162.43851699994,5826636.18649000023,13.29137576100,52.51191319800,"0"
"193519","11","0","03","003","2019","04","16","7","3","5","3","0","0","1","0","0","0","0",800421.95572900004,5832305.75174999982,13.43253771300,52.55771029200,"0"
"193520","11","0","01","001","2019","04","08","3","3","5","3","0","0","1","0","0","0","0",794814.41317399999,5830667.19799999986,13.34860854000,52.54608672000,"0"
"193521","11","0","01","001","2019","04","08","5","3","5","3","0","1","1","0","0","0","0",796123.17298599996,5826294.13429000042,13.36395805200,52.50617660700,"0"
"193522","11","0","06","006","2019","04","08","3","2","0","6","0","0","1","0","0","0","0",785348.65518700005,5818639.92683999985,13.19909790100,52.44329108200,"0"
"193523","11","0","12","012","2019","04","18","7","3","2","6","0","0","1","0","0","0","0",790720.27899999998,5835389.20999999996,13.29254291900,52.59061917700,"0"
"193524","11","0","10","010","2019","04","08","3","3","5","2","0","0","1","0","0","0","0",808839.24100000004,5831800.43800000008,13.55583844000,52.54847387500,"0"
"193525","11","0","04","004","2019","04","09","3","2","6","2","0","0","1","1","0","0","0",789445.35320500005,5826652.79688999895,13.26615894100,52.51297599900,"0"
"193526","11","0","05","005","2019","04","11","6","2","6","4","0","0","1","1","0","0","0",783961.10835200001,5828707.67719999980,13.18731760900,52.53428329000,"0"
"193527","11","0","02","002","2019","04","18","2","3","3","6","1","1","0","0","0","0","0",798040.34663199994,5824836.50578000024,13.39081712800,52.49206683600,"0"
"193528","11","0","08","008","2019","04","16","5","3","6","6","0","0","1","1","0","0","0",805538.59171099996,5817148.56213000044,13.49388406700,52.41901808900,"0"
"193529","11","0","01","001","2019","04","09","2","3","4","6","0","1","0","0","0","0","0",798791.16448899999,5829066.08732999954,13.40563998600,52.52956870200,"0"
"193530","11","0","08","008","2019","04","13","1","3","5","2","0","0","1","0","1","0","0",802292.83788899996,5817834.57689999975,13.44692205400,52.42696936800,"0"
"193531","11","0","09","009","2019","04","19","2","3","5","2","0","1","1","0","0","0","0",811081.45564700000,5821962.81111000106,13.57960938000,52.45903927300,"0"
"193532","11","0","11","011","2019","04","12","2","3","3","6","0","0","1","0","0","1","0",803872.21834699996,5826138.79607999977,13.47763966100,52.50052383400,"0"
"193533","11","0","04","004","2019","04","12","7","3","5","2","0","1","1","0","0","0","0",790025.71649699996,5825236.17325999960,13.27345294800,52.49996745700,"0"
"193534","11","0","07","007","2019","04","12","2","3","5","2","0","1","1","0","0","0","0",797870.75179600006,5821888.09210000001,13.38569274900,52.46573024000,"0"
"193535","11","0","08","008","2019","04","16","2","3","1","5","0","1","1","0","0","0","0",801039.33873099997,5823941.75733000040,13.43404796200,52.48240134600,"0"
"193536","11","0","01","001","2019","04","09","6","3","2","6","0","0","1","0","1","0","0",797453.66552200005,5827394.68499999959,13.38448683400,52.51531802400,"0"
"193537","11","0","12","012","2019","04","16","2","2","2","6","0","0","1","0","0","0","0",788333.55975699995,5832029.05941999983,13.25448634300,52.56176503000,"0"
"193538","11","0","10","010","2019","04","17","5","3","5","3","0","1","1","0","0","0","0",811034.77132800000,5829168.04643000104,13.58564986000,52.52363515000,"0"
"193539","11","0","09","009","2019","04","16","2","3","5","3","0","1","1","0","0","0","0",808810.45151100005,5819001.10857999977,13.54355375400,52.43378447700,"0"
"193540","11","0","08","008","2019","04","07","6","3","3","6","0","1","1","0","0","0","0",804343.82466100005,5817008.62813000102,13.47624241100,52.41842955800,"0"
"193541","11","0","08","008","2019","04","15","2","3","5","3","0","1","0","0","0","0","1",801209.60083000001,5822594.38886999898,13.43533072400,52.47023062400,"0"
"193542","11","0","03","003","2019","04","12","5","3","5","2","0","0","0","0","0","1","1",800023.97258700000,5834669.56890000030,13.42882286000,52.57911713800,"0"
"193543","11","0","01","001","2019","04","15","2","3","2","4","0","1","1","1","0","0","0",799078.07394599996,5828652.84814000037,13.40948511900,52.52570729500,"0"
"193544","11","0","05","005","2019","04","14","1","3","5","2","0","0","1","0","0","0","0",782359.52046999999,5827215.93405000027,13.16250145800,52.52173984800,"0"
"193545","11","0","01","001","2019","04","15","2","3","5","3","0","1","0","0","0","0","0",799492.62300000002,5828155.22200000007,13.41512923800,52.52101928800,"0"
"193546","11","0","01","001","2019","04","15","2","3","5","2","0","1","1","0","0","0","0",794800.48010699998,5828308.97114000004,13.34631179600,52.52495452900,"0"
"193547","11","0","05","005","2019","04","15","7","3","5","2","0","0","1","0","0","0","0",780672.53000000003,5827518.67599999998,13.13795830600,52.52532547400,"0"
"193548","11","0","05","005","2019","04","13","2","3","0","3","0","1","0","0","0","0","1",783068.74040100002,5828602.31952999905,13.17410694400,52.53380284600,"0"
"193549","11","0","10","010","2019","04","14","2","3","5","3","0","1","0","0","0","0","1",806466.47964000003,5830188.43192999903,13.51946852200,52.53536683300,"0"
"193550","11","0","02","002","2019","04","07","5","3","3","6","0","1","0","0","0","0","0",798191.13073099998,5825520.90091000032,13.39364403900,52.49811924100,"0"
"193551","11","0","05","005","2019","04","14","2","3","5","3","0","0","1","0","1","0","0",784586.49139400001,5827976.26028999966,13.19588653400,52.52739919100,"0"
"193552","11","0","10","010","2019","04","16","5","3","2","6","0","0","1","0","0","0","0",811281.15462000004,5829681.42669999972,13.58975022200,52.52809511000,"0"
"193553","11","0","06","006","2019","04","16","2","2","6","4","0","1","0","1","0","0","0",794764.86016799998,5821573.56701999996,13.33982863900,52.46459517000,"0"
"193554","11","0","03","003","2019","04","13","7","3","5","3","0","1","1","0","0","0","0",799748.85680299997,5831750.89718999900,13.42213773300,52.55310785800,"0"
"193555","11","0","04","004","2019","04","18","2","3","1","5","0","0","1","0","0","0","0",794094.49519799999,5825723.65223999973,13.33365082500,52.50215989300,"0"
"193556","11","0","10","010","2019","04","13","2","3","5","3","0","1","1","0","0","0","0",813805.82834799995,5829744.57433999982,13.62690402100,52.52721369700,"0"
"193557","11","0","02","002","2019","04","16","2","3","2","6","0","0","1","0","0","0","0",799070.59126699995,5824634.58096999954,13.40576509500,52.48969338600,"0"
"193558","11","0","03","003","2019","04","19","1","3","2","6","0","0","1","0","0","0","0",801347.54566299997,5829653.98123000097,13.44374377500,52.53343093500,"0"
"193559","11","0","04","004","2019","04","12","2","3","1","5","0","1","1","0","0","0","0",790080.83153400000,5822967.80308999959,13.27228792400,52.47960178600,"0"
"193560","11","0","05","005","2019","04","14","2","3","0","7","0","0","0","0","1","0","0",786983.42314299999,5829578.55269999988,13.23250563100,52.54050818000,"1"
"193561","11","0","04","004","2019","04","19","4","3","5","3","1","1","1","0","0","0","0",793467.62121300003,5826331.50745999999,13.32497790400,52.50794656000,"0"
"193562","11","0","02","002","2019","04","18","6","3","5","3","0","0","1","0","0","0","0",799060.67534700001,5825597.05905999988,13.40648346400,52.49832609400,"0"
"193563","11","0","01","001","2019","04","17","2","3","5","5","0","1","1","0","0","0","0",796940.24800599995,5831531.89690999966,13.38063926200,52.55268324000,"0"
"193564","11","0","01","001","2019","04","18","4","3","2","6","0","0","1","0","0","0","0",798244.71402600000,5829612.77948999964,13.39809896400,52.53476830000,"0"
"193565","11","0","05","005","2019","04","12","2","3","2","6","0","0","1","0","0","0","0",784722.55273800006,5828624.19113999978,13.19844169900,52.53313749300,"0"
"193566","11","0","01","001","2019","04","18","4","3","3","6","0","1","1","0","0","0","0",799042.45442600001,5828828.20335999969,13.40911934900,52.52729863400,"0"
"193567","11","0","06","006","2019","04","14","5","3","5","2","0","0","1","0","1","0","0",789048.31936800003,5819042.52952999901,13.25372737600,52.44495747000,"0"
"193568","11","0","06","006","2019","04","16","2","3","5","3","0","1","1","0","0","0","0",795778.09944000002,5818439.98440000042,13.35192498900,52.43595722700,"0"
"193569","11","0","08","008","2019","04","18","4","3","2","7","0","1","0","0","0","0","1",801535.01330899994,5822636.63277999964,13.44014500600,52.47042975100,"0"
"193570","11","0","03","003","2019","04","17","4","3","1","1","0","0","0","0","1","1","0",799980.02003599994,5832363.25581999961,13.42609036700,52.55846933300,"0"
"193571","11","0","04","004","2019","04","09","5","3","5","7","0","0","1","0","0","0","0",793817.78870999999,5826703.71638000011,13.33045105800,52.51109474400,"0"
"193572","11","0","01","001","2019","04","13","2","3","0","3","0","1","1","0","0","0","0",798672.56486000004,5829459.71736000013,13.40425052700,52.53316202700,"0"
"193573","11","0","09","009","2019","04","17","4","3","2","7","0","0","1","0","0","0","0",809994.95678699994,5820358.30659999978,13.56218036200,52.44527744900,"0"
"193574","11","0","04","004","2019","04","18","7","3","6","4","1","0","0","1","1","0","0",792710.41836799996,5830652.84336999897,13.31765740700,52.54709256400,"0"
"193575","11","0","07","007","2019","04","17","4","3","0","6","0","0","1","0","0","0","1",795080.68969100004,5825808.09652999975,13.34821240600,52.50238446000,"0"
"193576","11","0","01","001","2019","04","13","2","3","1","5","0","0","1","0","0","0","1",794931.36723900004,5831040.75841000024,13.35065999800,52.54937208600,"0"
"193577","11","0","04","004","2019","04","17","4","3","5","3","0","0","1","0","1","0","0",789992.27300000004,5826317.66500000004,13.27390366800,52.50968098500,"0"
"193578","11","0","05","005","2019","04","18","2","3","5","2","0","1","1","0","0","0","0",786983.42230600002,5829577.42446000036,13.23250464500,52.54049806600,"0"
"193579","11","0","02","002","2019","04","17","4","3","5","3","0","1","1","0","0","0","0",801966.69738200004,5829025.69589999970,13.45227332700,52.52745696400,"0"
"193580","11","0","07","007","2019","04","10","6","3","3","6","0","0","1","0","1","0","0",797483.26323299995,5820263.55946999975,13.37855810100,52.45137906600,"0"
"193581","11","0","07","007","2019","04","11","2","3","2","6","0","0","1","0","0","0","0",794944.47212499997,5824454.42332999967,13.34501282100,52.49032333600,"0"
"193582","11","0","07","007","2019","04","16","4","3","2","6","0","0","1","0","0","0","0",796911.10755700001,5820709.16212000046,13.37055954600,52.45568455100,"0"
"193583","11","0","02","002","2019","04","16","4","3","5","2","0","1","1","0","0","0","0",798311.36865500000,5825328.01238000020,13.39523725300,52.49632453000,"0"
"193584","11","0","06","006","2019","04","15","5","3","3","2","0","0","1","0","0","0","0",792937.90709300002,5817752.31666000001,13.30966233000,52.43132095000,"0"
"193585","11","0","06","006","2019","04","16","4","3","4","6","0","1","1","0","0","0","0",781474.51271299995,5813277.03536000010,13.13773815500,52.39721106600,"0"
"193586","11","0","07","007","2019","04","14","6","3","5","3","0","0","1","0","0","0","0",797855.26005299995,5817824.50753000099,13.38184225600,52.42931292300,"0"
"193587","11","0","12","012","2019","04","15","4","3","6","6","0","1","0","1","0","0","0",793557.82113399997,5835435.52180999890,13.33435109500,52.58951033500,"0"
"193588","11","0","04","004","2019","04","15","4","3","5","3","0","0","1","0","0","0","0",788806.40937699995,5827270.41925999988,13.25730589400,52.51885189100,"0"
"193589","11","0","06","006","2019","04","15","4","3","5","7","0","0","1","0","1","0","0",794806.07144800003,5820061.01207000110,13.33909787800,52.45101370300,"0"
"193590","11","0","01","001","2019","04","14","5","3","5","7","0","0","1","0","1","0","0",798217.95880499994,5828412.84069999959,13.39662933700,52.52402709500,"0"
"193591","11","0","07","007","2019","04","18","2","3","5","2","0","1","1","0","0","0","0",796253.45220900001,5822956.13286000025,13.36290411700,52.47618366000,"0"
"193592","11","0","07","007","2019","04","14","4","3","5","3","0","0","1","0","0","0","0",798886.11278500000,5820527.23128999956,13.39937621000,52.45297736500,"0"
"193593","11","0","04","004","2019","04","16","2","3","6","4","0","0","1","1","0","0","0",793818.43430199998,5824654.80370999966,13.32865267300,52.49272689600,"0"
"193594","11","0","01","001","2019","04","14","4","3","5","3","0","0","1","0","1","0","0",798854.38700999995,5826757.48044000007,13.40449521700,52.50884067300,"0"
"193595","11","0","07","007","2019","04","07","5","3","0","7","0","0","0","1","1","0","0",796487.17924800003,5821140.48756999895,13.36472199600,52.45978114500,"0"
"193596","11","0","01","001","2019","04","10","2","3","6","2","0","0","1","1","0","0","0",797029.93064599996,5828455.92649000045,13.37920842000,52.52506181500,"0"
"193597","11","0","10","010","2019","04","17","4","3","0","1","0","0","0","0","1","0","0",807879.30276400002,5829198.87832000013,13.53931614800,52.52570231600,"0"
"193598","11","0","01","001","2019","04","17","7","3","6","7","0","1","0","1","0","0","0",797550.61037200002,5830944.85269999970,13.38908896600,52.54708804800,"0"
"193599","11","0","07","007","2019","04","08","4","3","5","3","0","0","1","0","0","0","0",798480.15113500005,5821774.48135000095,13.39453497800,52.46437929400,"0"
"193600","11","0","10","010","2019","04","17","2","2","5","2","0","0","1","0","1","0","0",811203.99966199999,5824713.67049000040,13.58397317800,52.48362125100,"0"
"193601","11","0","07","007","2019","04","08","4","3","5","2","0","1","1","0","0","0","0",796422.57979999995,5824865.97972999979,13.36708535200,52.49321195600,"0"
"193602","11","0","01","001","2019","04","18","2","3","6","4","0","0","1","1","0","0","0",793717.38367400004,5831833.79837999959,13.33350940900,52.55713713800,"0"
"193603","11","0","02","002","2019","04","09","3","3","2","6","0","1","0","0","0","0","0",801957.21843899996,5825641.86251999997,13.44906382300,52.49713278000,"0"
"193604","11","0","04","004","2019","04","08","6","3","2","6","0","0","1","0","0","0","1",793047.92659599998,5822017.00765000097,13.31501772400,52.46949405600,"0"
"193605","11","0","03","003","2019","04","19","2","3","2","6","0","0","1","0","1","0","0",799227.21487300005,5837622.20787000097,13.41976691400,52.60602126000,"0"
"193606","11","0","01","001","2019","04","18","3","3","5","2","0","0","1","0","0","0","0",797739.10480099998,5827587.54640999902,13.38885340600,52.51689104600,"0"
"193607","11","0","01","001","2019","04","09","3","3","2","6","0","0","1","0","0","0","0",794558.61899999995,5826085.97300000023,13.34078918100,52.50515752700,"0"
"193608","11","0","04","004","2019","04","16","5","3","2","6","0","0","1","0","0","0","0",790857.29857200000,5824362.41956000030,13.28490598300,52.49169161600,"0"
"193609","11","0","03","003","2019","04","12","3","3","5","2","0","1","1","0","0","0","0",795821.94900000002,5835221.28399999999,13.36748420800,52.58636333800,"0"
"193610","11","0","08","008","2019","04","17","3","3","6","3","0","0","1","1","0","0","0",802615.47969900002,5820927.09157999977,13.45445296100,52.45450959700,"0"
"193611","11","0","09","009","2019","04","11","1","3","2","6","0","0","1","0","0","0","0",813735.75806699996,5821732.68556999974,13.61833139600,52.45545995600,"0"
"193612","11","0","01","001","2019","04","17","3","3","6","4","0","1","0","1","0","0","0",794595.35936300003,5828452.24926999956,13.34342403300,52.52634979000,"0"
"193613","11","0","11","011","2019","04","20","2","2","6","4","2","0","1","1","0","0","0",807316.10615400004,5824786.77249000035,13.52696806400,52.48647838100,"0"
"193614","11","0","07","007","2019","04","10","2","3","5","2","0","1","0","0","0","1","0",799254.71449499996,5816248.92953000031,13.40095501200,52.41442612200,"0"
"193615","11","0","02","002","2019","04","17","3","3","2","6","0","1","1","0","0","0","0",797886.54200000002,5824886.24199999962,13.38860292300,52.49259661800,"0"
"193616","11","0","04","004","2019","04","13","7","2","5","3","0","0","1","0","1","0","0",789010.62076199998,5827026.17233000044,13.26009495500,52.51655395300,"0"
"193617","11","0","07","007","2019","04","12","3","3","5","3","0","0","1","0","0","0","0",797425.31032399996,5820942.28644999955,13.37831234700,52.45749471200,"0"
"193618","11","0","01","001","2019","04","09","2","3","5","3","0","1","1","0","0","0","0",798590.01762399997,5828886.67958000023,13.40252249500,52.52807077700,"0"
"193619","11","0","01","001","2019","04","18","3","3","2","6","0","1","1","0","0","0","0",796451.56139299995,5829959.54000000004,13.37204929700,52.53885494300,"0"
"193620","11","0","04","004","2019","04","01","1","2","9","1","2","0","0","0","1","0","0",785774.68017099996,5825068.40232999902,13.21085622800,52.50070615100,"0"
"193621","11","0","06","006","2019","04","12","3","3","5","3","0","0","1","0","1","0","0",791208.12863399996,5819689.59200000018,13.28597968000,52.44961243800,"0"
"193622","11","0","03","003","2019","04","14","4","3","2","2","0","0","1","0","0","0","0",801704.67916599999,5830097.63305000030,13.44939564500,52.53720983300,"0"
"193623","11","0","10","010","2019","04","09","2","3","5","3","0","1","1","0","0","0","0",811375.43896299996,5831553.76542999968,13.59288976100,52.54481977000,"0"
"193624","11","0","08","008","2019","04","11","3","3","6","4","0","0","1","1","0","0","0",802567.84458899999,5823054.33189000096,13.45568258200,52.47360255600,"0"
"193625","11","0","08","008","2019","04","01","7","3","1","6","2","1","1","0","0","0","0",800773.25473399996,5822727.99237999972,13.42904681800,52.47166857200,"0"
"193626","11","0","06","006","2019","04","11","3","3","5","3","0","0","1","0","0","0","0",794004.91864900000,5818143.13212000020,13.32565523500,52.43425207100,"0"
"193627","11","0","05","005","2019","04","08","2","3","1","5","0","0","1","0","0","0","1",786049.40627499996,5829179.25817000028,13.21842739400,52.53741934000,"0"
"193628","11","0","04","004","2019","04","10","3","3","5","3","0","0","1","0","0","0","0",789319.14828900003,5826829.79509000108,13.26445829100,52.51462979200,"0"
"193629","11","0","07","007","2019","04","08","2","3","2","6","0","0","0","0","1","0","1",795953.15001900005,5825369.64850999974,13.36063866500,52.49798164700,"0"
"193630","11","0","01","001","2019","04","18","3","2","5","2","1","1","1","0","0","0","0",799111.86719699996,5828465.95328999963,13.40981364800,52.52401352200,"0"
"193631","11","0","06","006","2019","04","11","6","3","1","5","0","1","1","0","0","0","1",793945.76216399996,5819587.70138000045,13.32605816900,52.44723392600,"0"
"193632","11","0","01","001","2019","04","08","2","2","6","4","0","0","1","1","0","0","0",793452.53710299998,5828523.66143000033,13.32668994700,52.52760630900,"0"
"193633","11","0","11","011","2019","04","20","3","3","5","3","2","1","1","0","0","0","0",805694.98332700005,5827907.78184000030,13.50603309000,52.51536015800,"0"
"193634","11","0","04","004","2019","04","10","3","3","2","7","0","1","0","0","0","0","1",793448.12512800004,5824304.44696999900,13.32290545200,52.48978529400,"0"
"193635","11","0","12","012","2019","04","20","5","3","5","3","2","0","1","0","0","0","0",791132.09118800005,5833989.03839000035,13.29737470800,52.57784671100,"0"
"193636","11","0","02","002","2019","04","08","2","3","2","6","0","1","0","0","0","0","0",802514.41554099997,5826557.01391999982,13.45807795400,52.50502669800,"0"
"193637","11","0","12","012","2019","04","21","3","3","5","2","2","0","1","0","0","0","0",795480.45572600001,5833415.28285000101,13.36084857100,52.57035991000,"0"
"193638","11","0","01","001","2019","04","12","1","3","0","1","0","1","0","0","0","0","0",798211.63944699999,5829356.58691000100,13.39738293100,52.53248997700,"0"
"193639","11","0","04","004","2019","04","10","3","3","3","6","0","1","1","0","0","0","0",792036.14919599995,5825773.68771000020,13.30345708400,52.50371398800,"0"
"193640","11","0","09","009","2019","04","11","2","2","0","1","0","0","0","0","1","0","0",806379.36699999997,5819836.91799999960,13.50867179700,52.44264239100,"0"
"193641","11","0","12","012","2019","04","17","2","3","2","6","0","0","1","0","0","0","1",792639.65009899996,5832795.71671000030,13.31850603500,52.56634052100,"0"
"193642","11","0","12","012","2019","04","09","3","3","3","6","0","0","1","0","0","0","0",786968.94138700003,5838319.12282000016,13.23985998200,52.61887929200,"0"
"193643","11","0","01","001","2019","04","19","6","3","2","6","0","1","1","0","0","0","0",800211.42646300001,5826843.57701999974,13.42450817400,52.50886730700,"0"
"193644","11","0","09","009","2019","03","18","1","3","5","3","0","0","1","0","0","0","0",803094.18699500000,5820940.73642999958,13.46148866200,52.45436666700,"0"
"193645","11","0","07","007","2019","04","21","3","3","5","2","2","1","1","0","0","0","0",796377.57541799999,5825236.68927999958,13.36675421800,52.49655946400,"0"
"193646","11","0","01","001","2019","03","18","1","3","3","6","0","0","1","0","1","0","0",793687.05939399998,5832191.61526999902,13.33338003300,52.56036110000,"0"
"193647","11","0","05","005","2019","04","13","3","3","2","6","0","0","1","0","0","0","0",789473.44667400001,5829287.15230999980,13.26886495700,52.53657862400,"0"
"193648","11","0","01","001","2019","04","11","5","3","3","6","0","1","0","0","0","1","0",798845.45597899996,5828565.20801999979,13.40598775900,52.52504928300,"0"
"193649","11","0","12","012","2019","03","17","1","3","5","2","0","1","0","0","0","0","0",794207.26258300000,5838507.07741999999,13.34664005700,52.61669340700,"0"
"193650","11","0","02","002","2019","04","22","3","3","5","7","2","1","1","0","0","0","0",802221.18602200004,5827333.06125999987,13.45447548000,52.51214491100,"0"
"193651","11","0","12","012","2019","03","17","1","3","2","2","0","0","1","0","0","0","0",791191.57845599996,5830904.40275999997,13.29554279600,52.55016173300,"0"
"193652","11","0","01","001","2019","04","07","3","3","5","3","0","1","0","0","1","0","0",796119.62842800003,5828435.86835999973,13.36581208400,52.52537718400,"0"
"193653","11","0","09","009","2019","03","15","1","3","6","4","0","0","0","1","0","0","1",807136.41466999997,5821887.06108000036,13.52166012800,52.46059167000,"0"