OBJECTID,ULAND,UREGBEZ,UKREIS,UGEMEINDE,UJAHR,UMONAT,USTUNDE,UWOCHENTAG,UKATEGORIE,UART,UTYP1,ULICHTVERH,IstRad,IstPKW,IstFuss,IstKrad,IstGkfz,IstSonstig,LINREFX,LINREFY,XGCSWGS84,YGCSWGS84,STRZUSTAND
"193654","11","0","07","007","2019","04","06","3","3","3","6","0","1","1","0","0","0","0",797966.44696400000,5820453.83007000107,13.38581707200,52.45282148500,"0"
"193655","11","0","12","012","2019","04","14","6","3","2","7","0","0","1","0","1","0","0",790181.30704500002,5835149.47902000044,13.28439911400,52.58875782200,"0"
"193656","11","0","01","001","2019","03","13","1","3","5","2","0","1","1","0","0","0","0",798114.43591300002,5829346.75848999899,13.39594535400,52.53245505000,"0"
"193657","11","0","12","012","2019","04","13","3","3","0","6","0","0","1","0","0","0","1",793349.90616599994,5832401.18663999997,13.32860601700,52.56242152900,"0"
"193658","11","0","03","003","2019","04","17","3","2","5","3","0","0","1","0","0","0","0",800188.59014800005,5834842.37107999995,13.43140146100,52.58057520700,"0"
"193659","11","0","10","010","2019","04","17","5","3","6","4","0","0","1","1","0","0","0",812166.66723300004,5831031.30253999960,13.60402882700,52.53968520100,"0"
"193660","11","0","12","012","2019","03","16","1","3","3","6","0","0","1","0","0","0","0",792217.89226100000,5833729.51953999978,13.31312409000,52.57493824800,"0"
"193661","11","0","06","006","2019","04","11","3","2","6","4","0","0","1","1","0","0","0",787709.39912099997,5816953.52862999961,13.23228392800,52.42693422200,"0"
"193662","11","0","01","001","2019","04","16","1","3","2","1","0","0","1","0","1","0","0",798105.28621900000,5827406.95964000002,13.39407210400,52.51507228500,"0"
"193663","11","0","06","006","2019","04","22","3","2","6","2","2","0","1","1","0","0","0",794715.39055999997,5820068.77211999986,13.33777419500,52.45113216300,"0"
"193664","11","0","04","004","2019","03","16","1","2","2","6","0","0","1","0","0","0","0",794024.50708600006,5825930.49426000006,13.33280536300,52.50405184000,"0"
"193665","11","0","03","003","2019","03","01","1","3","6","4","2","0","1","1","0","0","0",800294.14897800004,5832201.77292999905,13.43056406300,52.55684879800,"0"
"193666","11","0","04","004","2019","04","09","3","3","1","5","0","1","1","0","0","0","1",793442.32690300001,5824131.25576999970,13.32266779400,52.48823581900,"0"
"193667","11","0","05","005","2019","04","18","6","3","5","2","1","1","1","0","0","0","0",789916.23127800005,5829223.82038000040,13.27531970800,52.53577547400,"0"
"193668","11","0","08","008","2019","03","00","1","3","3","6","2","0","1","0","0","0","0",800560.62329799996,5823299.07792000007,13.42644046900,52.47690446900,"0"
"193669","11","0","04","004","2019","04","17","3","3","1","5","0","1","1","0","0","0","0",792728.52279399999,5822834.99988999963,13.31104696900,52.47699841900,"0"
"193670","11","0","05","005","2019","03","09","1","3","2","6","0","0","1","0","0","0","0",781976.78616599995,5828460.46162999980,13.15793090000,52.53309693900,"0"
"193671","11","0","05","005","2019","04","20","3","3","0","1","2","1","0","0","0","0","0",784615.81854699994,5828385.92808999959,13.19666839700,52.53105697100,"0"
"193672","11","0","08","008","2019","04","15","5","3","6","4","0","0","1","1","0","0","0",803926.64615199994,5822015.21411999967,13.47467995000,52.46353481300,"0"
"193673","11","0","05","005","2019","03","11","1","3","5","3","0","1","1","0","0","0","0",782858.37803100003,5826852.04348000046,13.16952494800,52.51821851500,"0"
"193674","11","0","01","001","2019","04","17","3","3","0","1","0","1","0","0","0","0","0",797729.91949200002,5828158.65512999892,13.38922958700,52.52201535000,"0"
"193675","11","0","02","002","2019","04","18","3","3","0","1","0","1","0","0","0","0","0",802167.15240599995,5827542.98995999992,13.45387229900,52.51405643700,"0"
"193676","11","0","10","010","2019","04","09","5","3","5","2","0","1","1","0","0","0","0",806680.14995999995,5829147.22477999981,13.52164837000,52.52591521100,"0"
"193677","11","0","04","004","2019","03","12","1","3","5","2","0","0","1","0","0","0","0",791387.46374699997,5828587.46812999900,13.29639160600,52.52928604900,"0"
"193678","11","0","03","003","2019","04","07","3","2","5","3","0","1","1","0","0","0","0",803224.58673600003,5838598.20798000041,13.47950990200,52.61255390600,"0"
"193679","11","0","07","007","2019","04","18","7","2","5","3","0","1","1","0","0","0","0",799481.13283799996,5820508.32082999963,13.40808937500,52.45248219500,"0"
"193680","11","0","07","007","2019","04","16","3","3","1","5","0","1","1","0","0","0","0",796331.69841600000,5825121.09802000038,13.36597758100,52.49554820500,"0"
"193681","11","0","01","001","2019","04","16","3","3","5","2","0","0","1","0","1","0","0",796510.76892700000,5827614.38745000027,13.37082828600,52.51780086200,"0"
"193682","11","0","01","001","2019","04","10","5","3","6","4","0","0","0","1","0","0","1",797694.94995699998,5827848.27869000100,13.38843792200,52.51925229800,"0"
"193683","11","0","05","005","2019","03","13","7","3","5","3","0","0","1","0","0","0","0",784518.10250200005,5828638.32502000034,13.19544781800,52.53337098500,"0"
"193684","11","0","09","009","2019","04","16","3","3","5","2","0","1","1","0","0","0","0",808253.79668100004,5818811.91545000020,13.53521710800,52.43240286400,"0"
"193685","11","0","01","001","2019","04","23","7","3","5","7","2","0","1","0","0","0","1",799065.23526999995,5828982.26064999960,13.40959272100,52.52866703300,"0"
"193686","11","0","07","007","2019","04","16","3","3","0","6","0","0","1","0","0","0","1",796421.07043500000,5816580.24646999966,13.35970738000,52.41893798700,"0"
"193687","11","0","03","003","2019","03","15","7","3","5","3","0","1","1","0","0","0","0",796494.04945699999,5839974.96389999986,13.38163447900,52.62860827500,"0"
"193688","11","0","07","007","2019","04","15","3","3","5","2","0","1","1","0","0","0","0",799587.34029399999,5820836.56622000039,13.40994210100,52.45536626700,"0"
"193689","11","0","12","012","2019","03","15","7","3","1","1","0","0","1","0","0","1","0",794276.93788400001,5832920.20186000038,13.34270280500,52.56657387300,"0"
"193690","11","0","11","011","2019","04","15","3","2","6","4","0","0","1","1","0","0","0",803670.89974799997,5828632.25932999980,13.47695812000,52.52298414200,"0"
"193691","11","0","01","001","2019","04","13","6","3","3","6","0","0","1","0","1","0","0",796873.17414599995,5828871.51178999897,13.37727568600,52.52887246000,"0"
"193692","11","0","04","004","2019","04","14","3","2","6","4","0","0","1","1","0","0","0",791616.07982200000,5827959.22018000018,13.29920116700,52.52353166200,"0"
"193693","11","0","04","004","2019","04","14","3","3","2","6","0","0","1","0","1","0","0",790665.39484099997,5827366.85395999998,13.28471052800,52.51872874300,"0"
"193694","11","0","03","003","2019","03","14","7","3","5","3","0","1","0","0","0","0","0",799183.20678100002,5831331.85651000030,13.41344216400,52.54966281700,"0"
"193695","11","0","08","008","2019","04","14","3","3","2","6","0","0","1","0","0","0","0",803645.98631499999,5822288.27943999972,13.47080993900,52.46613829100,"0"
"193696","11","0","07","007","2019","04","16","5","3","5","2","0","0","1","0","1","0","0",798106.22608299996,5820487.97393000033,13.38789843200,52.45305133600,"0"
"193697","11","0","07","007","2019","03","14","7","3","5","2","0","0","1","0","1","0","0",797163.16182299994,5823809.16485000029,13.37701919700,52.48333603100,"0"
"193698","11","0","12","012","2019","04","14","3","3","5","2","0","0","1","0","0","0","1",795644.94985199999,5833009.38843999989,13.36290682600,52.56663215000,"0"
"193699","11","0","11","011","2019","04","17","1","2","5","7","0","0","1","0","1","0","0",803449.38907000003,5828618.56969000027,13.47369076500,52.52298476300,"0"
"193700","11","0","01","001","2019","04","14","3","3","5","2","0","1","1","0","0","0","0",799108.78687600000,5828466.04031999968,13.40976845900,52.52401599200,"0"
"193701","11","0","02","002","2019","04","07","5","3","6","4","0","0","1","1","0","0","0",800494.83576499997,5828606.77383999992,13.43026394400,52.52451531900,"0"
"193702","11","0","03","003","2019","03","14","7","3","2","2","0","0","1","0","0","0","0",799315.52936499997,5835982.12810000032,13.41958456900,52.59127215500,"0"
"193703","11","0","02","002","2019","04","13","3","3","0","1","0","1","0","0","0","0","1",797146.69344700000,5824492.51255999971,13.37738661800,52.48947050000,"0"
"193704","11","0","04","004","2019","04","16","7","3","1","5","0","1","1","0","0","0","0",793452.05741999997,5824383.00004999898,13.32303237800,52.49048737700,"0"
"193705","11","0","12","012","2019","04","13","3","3","5","2","0","0","1","0","0","0","0",789906.22120399994,5835692.76233000029,13.28082541400,52.59377501100,"0"
"193706","11","0","07","007","2019","03","14","7","2","5","2","0","1","1","0","0","0","0",798540.50113600004,5814419.38356999960,13.38885396500,52.39841617700,"0"
"193707","11","0","03","003","2019","04","13","3","3","5","2","0","0","0","0","1","0","1",799456.87808900001,5833930.49892000016,13.41981124800,52.57280499400,"0"
"193708","11","0","06","006","2019","03","13","7","2","0","5","0","0","0","0","1","0","1",795994.63790099998,5817763.88528999966,13.35450249600,52.42977932100,"0"
"193709","11","0","07","007","2019","04","13","3","3","1","5","0","1","1","0","0","0","0",795659.68851200002,5824475.52077999990,13.35553481100,52.49012556300,"0"
"193710","11","0","02","002","2019","04","07","6","3","0","2","0","1","1","0","0","0","0",799229.35843400005,5825987.36778999958,13.40931160300,52.50173218900,"0"
"193711","11","0","11","011","2019","03","13","7","3","1","5","0","0","1","0","0","0","0",803824.68954599998,5828975.05970000010,13.47953105700,52.52597088000,"0"
"193712","11","0","11","011","2019","04","15","2","3","0","1","0","1","0","0","0","0","0",804438.38919500005,5829083.87330999970,13.48864879900,52.52660379800,"0"
"193713","11","0","03","003","2019","04","23","2","3","5","2","2","1","0","0","0","0","0",799148.41382699995,5829204.80190000031,13.41101544900,52.53061614300,"0"
"193714","11","0","08","008","2019","03","13","7","3","2","6","0","0","1","0","0","0","0",802853.72983500001,5818684.18611999974,13.45591552200,52.43427433600,"0"
"193715","11","0","03","003","2019","04","15","2","3","2","6","0","0","1","0","0","0","0",800837.01657199999,5838746.42478000000,13.44448920400,52.61520916000,"0"
"193716","11","0","12","012","2019","03","13","7","2","5","3","0","1","1","0","0","0","0",791908.12412099994,5831508.14130000025,13.30661141300,52.55519055400,"0"
"193717","11","0","03","003","2019","04","15","2","3","6","2","0","0","1","1","0","0","0",798915.74753099994,5833763.20464000013,13.41169944600,52.57160291700,"0"
"193718","11","0","10","010","2019","04","16","6","2","6","4","0","0","1","1","0","0","0",812207.83754300000,5830677.24467999954,13.60430126800,52.53648887200,"0"
"193719","11","0","10","010","2019","03","12","7","3","6","4","0","0","1","1","0","0","0",810203.47353800002,5833403.61725999974,13.57739129000,52.56206556100,"0"
"193720","11","0","05","005","2019","04","17","2","3","5","3","0","1","1","0","0","0","0",785264.61235700001,5831584.78844999894,13.20895432800,52.55939837900,"0"
"193721","11","0","07","007","2019","04","14","2","3","6","4","0","0","1","1","0","0","0",797283.02727399999,5823252.85300000012,13.37828310900,52.47828402800,"0"
"193722","11","0","12","012","2019","04","14","5","3","1","5","0","0","1","0","1","0","0",795367.15141000005,5833921.72101000044,13.35963271600,52.57496114000,"0"
"193723","11","0","02","002","2019","03","08","7","2","5","2","0","0","1","0","0","0","0",797122.07503800001,5823997.43687000033,13.37658374700,52.48504605600,"0"
"193724","11","0","01","001","2019","04","15","2","3","2","7","0","0","1","0","0","0","0",795519.48840300005,5828343.36130999960,13.35690959700,52.52487356400,"0"
"193725","11","0","03","003","2019","04","15","1","3","0","2","0","1","1","0","0","0","0",799982.75689600001,5835096.75583000109,13.42860305000,52.58296882400,"0"
"193726","11","0","08","008","2019","04","08","2","3","5","3","0","1","1","0","0","0","0",800518.65397800005,5824464.31809999980,13.42687472600,52.48737205500,"0"
"193727","11","0","12","012","2019","03","08","7","3","1","1","0","0","1","0","0","0","0",793996.69077300001,5836677.64762999956,13.34191342400,52.60040801100,"0"
"193728","11","0","07","007","2019","03","07","7","2","6","2","0","0","0","1","0","0","1",798895.18426300003,5821221.50901000109,13.40013080200,52.45919573100,"0"
"193729","11","0","04","004","2019","04","22","2","3","5","2","2","0","1","0","0","0","0",791287.35349200002,5830682.78622999974,13.29675691200,52.54812377200,"0"
"193730","11","0","06","006","2019","04","11","7","2","5","2","0","1","1","0","0","0","0",779429.89943700004,5815040.97479999997,13.10923803200,52.41407568900,"0"
"193731","11","0","03","003","2019","04","21","2","3","3","6","2","1","1","0","0","0","0",802268.28799999994,5831574.40899999999,13.45902390600,52.55013372500,"0"
"193732","11","0","03","003","2019","03","08","7","3","0","1","0","1","0","0","0","0","0",798806.55039999995,5831276.54992000014,13.40785398300,52.54937381500,"0"
"193733","11","0","08","008","2019","04","20","2","3","6","7","2","0","1","1","0","0","0",802005.95497399999,5820022.60106999893,13.44469237800,52.44673957400,"0"
"193734","11","0","05","005","2019","03","13","7","3","0","1","0","0","0","0","1","0","0",784768.59026600001,5827092.84408999979,13.19780706900,52.51938337600,"0"
"193735","11","0","02","002","2019","04","20","2","3","6","2","2","0","1","1","0","0","0",799843.29725900001,5825766.27180000022,13.41813007700,52.49941340300,"0"
"193736","11","0","04","004","2019","04","19","6","3","4","5","1","1","0","0","0","0","0",794268.63779700000,5825046.10819999967,13.33561028600,52.49599220500,"0"
"193737","11","0","07","007","2019","03","00","7","3","5","3","2","0","1","0","0","0","0",794957.80104000005,5825654.37275000103,13.34627105800,52.50107287400,"0"
"193738","11","0","02","002","2019","04","20","2","3","2","6","2","0","1","0","1","0","0",798365.95019799995,5825560.79208999965,13.39624738400,52.49838126700,"0"
"193739","11","0","08","008","2019","04","19","2","3","2","7","1","0","1","0","1","0","0",801805.21131299995,5823989.63473999966,13.44533510800,52.48240772800,"0"
"193740","11","0","05","005","2019","04","17","5","3","2","6","0","0","1","0","0","0","0",786227.64280200005,5830462.94790000003,13.22215425500,52.54883494500,"0"
"193741","11","0","02","002","2019","03","15","7","3","0","4","0","1","0","1","0","0","0",800745.26322399999,5825821.39902000036,13.43142702000,52.49941121000,"0"
"193742","11","0","01","001","2019","04","18","2","3","5","2","0","0","1","0","1","0","0",796122.02132299996,5828428.87303000037,13.36584102300,52.52531317800,"0"
"193743","11","0","04","004","2019","04","19","1","3","6","2","2","0","1","1","0","0","0",794000.77854099998,5824043.81240999978,13.33079164200,52.48715147400,"0"
"193744","11","0","11","011","2019","04","18","2","3","5","2","0","1","1","0","0","0","0",804550.78882100002,5830582.59834000003,13.49167366200,52.53997336700,"0"
"193745","11","0","11","011","2019","03","15","7","3","2","2","0","0","1","0","0","0","0",803546.26069100003,5829751.57402000017,13.47614853900,52.53308563400,"0"
"193746","11","0","09","009","2019","04","17","2","3","2","6","0","0","1","0","0","1","0",810040.13583599997,5819480.67520000041,13.56202880200,52.43738670600,"0"
"193747","11","0","12","012","2019","04","12","5","3","5","2","0","0","1","0","0","0","1",790683.93546199996,5835383.35001999978,13.29200279400,52.59058606700,"0"
"193748","11","0","04","004","2019","04","16","2","3","2","6","0","0","1","0","0","0","0",791373.76733599999,5826081.66364999954,13.29399555200,52.50682910100,"0"
"193749","11","0","09","009","2019","03","15","7","3","5","3","0","1","1","0","0","0","0",810794.69848799997,5820328.30198999960,13.57388154400,52.44455459800,"0"
"193750","11","0","02","002","2019","04","08","2","3","3","6","0","0","1","0","0","0","0",800010.75013900001,5824455.63702999894,13.41940928900,52.48757357600,"0"
"193751","11","0","03","003","2019","04","12","1","3","2","6","0","1","1","0","0","0","0",799394.22470799997,5830824.05877000093,13.41608720700,52.54499528500,"0"
"193752","11","0","01","001","2019","04","08","2","3","5","3","0","1","1","0","0","0","0",796640.82190800004,5826649.78017999977,13.37187944300,52.50908341300,"0"
"193753","11","0","10","010","2019","03","15","7","3","5","2","0","0","1","0","0","0","0",811351.04490400001,5831955.94804000016,13.59290819800,52.54843776000,"0"
"193754","11","0","02","002","2019","03","16","7","3","5","7","0","0","1","0","0","0","0",800283.90884100005,5824377.60842000041,13.42334982400,52.48672400200,"0"
"193755","11","0","04","004","2019","04","08","2","3","5","2","0","1","0","0","1","0","0",794465.06254600000,5825854.22131999955,13.33920981100,52.50313051600,"0"
"193756","11","0","02","002","2019","04","14","7","3","0","3","0","0","1","0","1","0","0",803001.58443599998,5828275.93422999978,13.46679857200,52.52016280500,"0"
"193757","11","0","03","003","2019","04","08","2","3","2","6","0","0","1","0","0","0","0",800464.00547900004,5830781.81025000103,13.43177712100,52.54402769900,"0"
"193758","11","0","09","009","2019","03","16","7","3","2","6","0","0","1","0","0","0","1",805936.00955299998,5821845.41151000094,13.50400901700,52.46089170500,"0"
"193759","11","0","09","009","2019","04","07","2","3","2","6","0","0","1","0","0","0","0",819184.61363499996,5819992.01212000009,13.69658800100,52.43670913400,"0"
"193760","11","0","01","001","2019","03","20","7","3","6","2","2","0","1","1","0","0","0",794894.36612100003,5830254.57094999962,13.34941785400,52.54234457300,"0"
"193761","11","0","02","002","2019","04","07","2","3","6","7","0","1","0","1","0","0","0",802190.36074000003,5826878.58394000027,13.45361001500,52.50808850700,"0"
"193762","11","0","11","011","2019","04","14","6","3","0","7","0","0","1","0","0","0","0",802642.31773500005,5829357.63545999955,13.46250419500,52.53005746700,"0"
"193763","11","0","12","012","2019","03","21","7","3","5","3","2","0","1","0","0","0","0",794480.90869099996,5837096.10790999979,13.34941449600,52.60389711100,"0"
"193764","11","0","01","001","2019","04","08","2","3","2","6","0","1","1","0","0","0","0",797205.90455099999,5827497.08672000002,13.38093789600,52.51637100800,"0"
"193765","11","0","03","003","2019","04","09","2","3","5","3","0","0","1","0","0","0","0",800112.70114899997,5831694.54152000044,13.42743710800,52.55240237400,"0"
"193766","11","0","07","007","2019","04","17","5","2","0","7","0","1","0","0","0","0","0",797325.16383199999,5817266.87229000032,13.37357282400,52.42460257200,"0"
"193767","11","0","01","001","2019","03","21","7","3","1","5","2","1","1","0","0","0","0",794771.48412899999,5830388.01382999960,13.34772954200,52.54360727800,"0"
"193768","11","0","02","002","2019","04","10","2","3","5","3","0","0","1","0","0","0","0",800585.73117799999,5827025.54956000019,13.43017109200,52.51029227300,"0"
"193769","11","0","06","006","2019","04","18","7","3","6","4","0","0","1","1","0","0","0",793720.04295100004,5816402.91153999977,13.31994864100,52.41880450900,"0"
"193770","11","0","01","001","2019","04","10","2","3","5","3","0","0","1","0","0","0","0",796964.91118399997,5828855.81037000101,13.37860999600,52.52868174900,"0"
"193771","11","0","09","009","2019","03","14","7","3","2","6","0","1","1","0","1","0","0",802430.44463200006,5824668.28636999894,13.45512979300,52.48814458700,"0"
"193772","11","0","02","002","2019","03","21","7","3","0","7","2","1","0","0","0","0","0",803207.66816200002,5826818.07873999979,13.46849828300,52.50698177600,"0"
"193773","11","0","04","004","2019","04","10","2","3","5","3","0","0","1","0","0","0","0",789490.07133700000,5826785.03619999997,13.26693110400,52.51413782300,"0"
"193774","11","0","02","002","2019","04","14","6","3","5","2","0","0","1","0","0","0","0",799071.31869099999,5825609.35847999994,13.40665082800,52.49843050900,"0"
"193775","11","0","10","010","2019","04","11","2","3","2","6","0","0","1","0","0","0","0",806524.87449700001,5829350.30540999956,13.51955395400,52.52782257200,"0"
"193776","11","0","03","003","2019","03","20","7","3","0","1","2","1","0","0","0","0","0",799258.90785800002,5830528.12511999998,13.41383111100,52.54241704500,"0"
"193777","11","0","01","001","2019","04","12","2","3","2","6","0","0","1","0","1","0","0",795676.84897199995,5829721.14828000031,13.36044777200,52.53713887800,"0"
"193778","11","0","04","004","2019","04","22","6","2","2","6","2","0","1","0","0","0","0",791895.04349499999,5823949.25430000015,13.29978542800,52.48743370000,"0"
"193779","11","0","08","008","2019","04","13","2","3","6","7","0","0","1","1","0","0","0",801048.86645900004,5822344.46188999899,13.43274608700,52.46807904800,"0"
"193780","11","0","07","007","2019","03","11","7","3","5","3","0","0","1","0","0","0","1",795970.89426500001,5824531.29937999975,13.36015449300,52.49045693300,"0"
"193781","11","0","05","005","2019","04","12","2","3","5","3","0","0","1","0","0","0","0",783814.91153399996,5828690.41060999967,13.18515328400,52.53420462800,"0"
"193782","11","0","02","002","2019","03","23","6","3","5","7","2","1","1","0","0","0","0",801705.47753999999,5826158.03376999963,13.44583437500,52.50189850600,"0"
"193783","11","0","08","008","2019","04","12","2","3","2","2","0","0","1","0","0","0","1",800666.85346400004,5824389.87150000036,13.42898357800,52.48662317000,"0"
"193784","11","0","06","006","2019","04","11","5","3","5","2","0","0","1","0","0","0","0",793315.14800000004,5820744.51099999994,13.31782196300,52.45794309400,"0"
"193785","11","0","02","002","2019","03","09","6","3","1","7","0","0","1","0","0","0","0",799726.74381100002,5824717.26869999990,13.41547444600,52.49007470400,"0"
"193786","11","0","10","010","2019","04","15","2","3","5","3","0","1","1","0","0","0","0",808578.36827199999,5829002.41822999902,13.54940548800,52.52354649000,"0"
"193787","11","0","03","003","2019","04","15","2","3","1","5","0","1","1","0","0","0","0",800026.97288799996,5830790.29165000096,13.42535956200,52.54434455100,"0"
"193788","11","0","02","002","2019","04","10","5","3","2","6","0","0","1","0","1","0","0",801792.23933400004,5825783.07933999971,13.44676891100,52.49848977400,"0"
"193789","11","0","04","004","2019","03","13","6","3","5","2","0","1","0","0","0","0","1",791278.38152900001,5822043.14616000000,13.28906421100,52.47067477600,"0"
"193790","11","0","11","011","2019","04","15","2","3","5","3","0","1","1","0","0","0","0",806923.97171399998,5834059.82572000008,13.52977101100,52.56980494100,"0"
"193791","11","0","01","001","2019","04","19","7","3","5","3","1","0","1","0","0","0","0",794422.61830800003,5829391.56254999898,13.34171705200,52.53486341700,"0"
"193792","11","0","04","004","2019","04","15","2","3","1","5","0","1","1","0","0","0","0",791578.79292699997,5822623.52422000002,13.29398161800,52.47571758600,"0"
"193793","11","0","07","007","2019","03","12","6","3","2","2","0","0","1","0","0","0","0",797598.00634199998,5815556.34336000029,13.37605249300,52.40912093700,"0"
"193794","11","0","08","008","2019","04","16","2","3","1","5","0","1","1","0","0","0","0",800916.63563799998,5822459.57937000040,13.43090922200,52.46918373200,"0"
"193795","11","0","07","007","2019","03","12","6","3","5","3","0","1","1","0","0","0","0",794246.86704899999,5822018.81561999954,13.33261854500,52.46886581300,"0"
"193796","11","0","08","008","2019","04","11","6","3","5","3","0","0","1","0","0","0","1",800559.99541700003,5825043.00626000017,13.42800368300,52.49253628300,"0"
"193797","11","0","04","004","2019","04","18","4","3","6","4","0","1","0","1","0","0","0",790326.56353299995,5827297.47920999955,13.27967040600,52.51828729000,"0"
"193798","11","0","02","002","2019","04","15","5","3","5","2","0","0","1","0","0","0","0",799067.58285999997,5825599.89245999977,13.40658746000,52.49834770700,"0"
"193799","11","0","01","001","2019","04","13","1","3","6","4","0","0","1","1","0","0","0",797709.28493600001,5831761.62655999977,13.39215437200,52.55432267100,"0"
"193800","11","0","05","005","2019","04","15","4","2","0","2","0","0","0","0","0","0","1",781558.28627299995,5819636.16896999907,13.14431933700,52.45418912800,"0"
"193801","11","0","10","010","2019","04","19","4","3","5","2","0","1","1","0","0","0","0",812486.49725100002,5824890.53641999979,13.60296381700,52.48447379100,"0"
"193802","11","0","04","004","2019","04","09","4","3","3","6","0","1","1","0","0","0","0",792658.59539200005,5826096.79117999971,13.31288529400,52.50627700800,"0"
"193803","11","0","01","001","2019","04","10","7","2","0","1","0","1","0","0","0","0","0",798231.94580200000,5829359.29509000108,13.39768383700,52.53250314200,"0"
"193804","11","0","05","005","2019","04","17","6","3","5","2","0","1","0","0","0","0","1",783981.38287800003,5830108.28715000022,13.18881294300,52.54683073600,"0"
"193805","11","0","02","002","2019","04","15","6","3","6","7","0","1","0","1","0","0","0",801974.92880700005,5826927.58770999964,13.45048989500,52.50864701700,"0"
"193806","11","0","08","008","2019","04","16","6","3","2","6","0","0","1","0","0","0","0",801157.54053400003,5823536.88712999970,13.43541761500,52.47870720900,"0"
"193807","11","0","09","009","2019","04","13","6","3","0","7","0","1","0","0","0","0","0",811054.29376699997,5820256.88724999968,13.57762222600,52.44376700600,"0"
"193808","11","0","04","004","2019","04","14","6","3","2","6","0","0","1","0","0","0","0",790808.21013799997,5827385.07880000025,13.28682530400,52.51881598700,"0"
"193809","11","0","05","005","2019","04","11","6","3","5","3","0","1","1","0","0","0","0",782133.93441400002,5829921.89023000095,13.16148254700,52.54611938800,"0"
"193810","11","0","09","009","2019","04","10","6","2","0","6","0","0","1","0","1","0","0",812192.72131299996,5821359.75992999971,13.59534811100,52.45300150900,"0"
"193811","11","0","07","007","2019","04","08","6","3","9","1","0","0","1","0","0","0","0",796917.67328900006,5820257.80355999991,13.37025457400,52.45163496200,"0"
"193812","11","0","04","004","2019","04","09","6","3","5","7","0","0","1","0","0","0","0",791783.18755399995,5827471.40673999954,13.30122930500,52.51906910300,"0"
"193813","11","0","04","004","2019","04","12","6","3","3","6","0","0","1","0","1","0","0",793261.68792599998,5826955.05685000028,13.32250178800,52.51364716100,"0"
"193814","11","0","05","005","2019","04","14","6","3","2","2","0","0","1","0","0","0","0",787003.18400000001,5829462.04200000037,13.23269555800,52.53945318500,"0"
"193815","11","0","04","004","2019","04","14","6","3","0","1","0","1","0","0","0","0","0",792711.17103400000,5821801.36323999986,13.30988518600,52.46774139100,"0"
"193816","11","0","04","004","2019","04","11","6","3","0","1","0","0","0","0","1","0","0",787112.26779399998,5826167.41552000027,13.23145497300,52.50985738500,"0"
"193817","11","0","01","001","2019","04","16","6","3","6","2","0","1","0","1","0","0","0",798956.37077599997,5827843.35814000014,13.40696895300,52.51851813900,"0"
"193818","11","0","04","004","2019","04","16","6","2","5","3","0","0","1","0","0","0","0",789850.39493499999,5827403.75380000006,13.27276508600,52.51949335700,"0"
"193819","11","0","07","007","2019","04","14","4","2","5","3","0","1","1","0","0","0","0",797838.33900000004,5822536.49299999978,13.38579584300,52.47156010600,"0"
"193820","11","0","07","007","2019","04","17","6","3","3","2","0","1","0","0","0","0","1",795892.06878300000,5820833.47945000045,13.35571652200,52.45735158400,"0"
"193821","11","0","03","003","2019","04","17","6","2","1","5","0","1","1","0","0","0","0",801873.95573599997,5830359.74100999907,13.45212198000,52.53946536500,"0"
"193822","11","0","12","012","2019","04","18","6","3","2","6","0","0","1","0","0","0","0",791205.96176600002,5830828.22668000031,13.29568751900,52.54947113800,"0"
"193823","11","0","04","004","2019","04","20","6","3","2","6","2","0","1","0","0","0","0",794399.42931699997,5825883.58181000035,13.33827161800,52.50342913100,"0"
"193824","11","0","08","008","2019","04","17","6","3","5","7","0","0","1","0","0","0","0",801459.04058599996,5823878.48323000036,13.44015244300,52.48160266900,"0"
"193825","11","0","04","004","2019","04","18","6","3","0","1","0","1","0","0","0","0","0",790414.90899999999,5825962.64099999983,13.27980386100,52.50627332500,"0"
"193826","11","0","12","012","2019","04","15","5","3","0","1","0","1","0","0","0","0","0",790460.32613700000,5834734.95029999968,13.28814276900,52.58489270800,"0"
"193827","11","0","08","008","2019","04","19","5","3","6","4","0","1","0","1","0","0","0",800642.64545900002,5823060.64267999958,13.42742958100,52.47472214100,"0"
"193828","11","0","01","001","2019","04","16","5","3","0","2","0","1","1","0","0","0","0",795258.05599999998,5826615.30099999998,13.35153372700,52.50952449600,"0"
"193829","11","0","02","002","2019","04","20","5","3","6","4","2","0","0","1","1","0","0",799782.83243900002,5825716.02011999954,13.41719678600,52.49899619200,"0"
"193830","11","0","09","009","2019","04","14","5","3","2","2","0","1","0","0","0","0","1",816417.84495599999,5817579.79064000025,13.65374152900,52.41670162000,"0"
"193831","11","0","12","012","2019","04","20","5","3","1","5","1","0","1","0","1","0","0",792953.41999500000,5835394.87251000106,13.32541891000,52.58947178800,"0"
"193832","11","0","11","011","2019","04","20","5","3","1","5","1","0","1","0","1","0","0",806724.82938200003,5825651.50892999955,13.51908356200,52.49456083600,"0"
"193833","11","0","09","009","2019","04","14","5","3","5","5","0","1","1","0","0","0","0",810116.93917200004,5821605.09807999991,13.56512695200,52.45638168700,"0"