OBJECTID,ULAND,UREGBEZ,UKREIS,UGEMEINDE,UJAHR,UMONAT,USTUNDE,UWOCHENTAG,UKATEGORIE,UART,UTYP1,ULICHTVERH,IstRad,IstPKW,IstFuss,IstKrad,IstGkfz,IstSonstig,LINREFX,LINREFY,XGCSWGS84,YGCSWGS84,STRZUSTAND
"193834","11","0","10","010","2019","04","05","5","3","5","7","0","0","1","0","1","0","0",813441.42188100005,5831116.77108000033,13.62284395100,52.53971939900,"0"
"193835","11","0","04","004","2019","04","20","5","2","5","7","0","0","1","0","1","0","0",793932.86800000002,5826057.13100000005,13.33157094500,52.50523644800,"0"
"193836","11","0","06","006","2019","04","19","5","3","5","3","1","1","1","0","0","0","0",794553.80974800000,5821399.31988999899,13.33657722200,52.46314695000,"0"
"193837","11","0","10","010","2019","04","12","5","3","5","2","0","0","1","0","0","0","0",807605.36159400002,5832376.67145000026,13.53823288000,52.55433611800,"0"
"193838","11","0","08","008","2019","04","12","5","3","6","4","0","0","1","1","0","0","0",802375.92567899998,5818955.98847000021,13.44915441500,52.43697487800,"0"
"193839","11","0","01","001","2019","04","11","5","3","6","7","0","0","0","1","0","0","1",797128.32205399999,5831826.10996000003,13.38366834300,52.55521793900,"0"
"193840","11","0","02","002","2019","04","19","5","3","5","3","0","1","1","0","0","0","0",800118.42281799996,5825756.99268000014,13.42216252200,52.49917899700,"0"
"193841","11","0","06","006","2019","04","19","5","3","2","6","1","0","1","0","0","0","0",793091.28761300002,5816614.94149999972,13.31091526300,52.42104240800,"0"
"193842","11","0","02","002","2019","04","18","5","3","6","2","0","0","1","1","0","0","0",801889.27955099999,5828453.94147999957,13.45061657200,52.52237519400,"0"
"193843","11","0","04","004","2019","04","18","5","3","5","3","0","1","1","0","0","0","0",794185.37263899995,5823227.39659999963,13.33278188400,52.47973328100,"0"
"193844","11","0","02","002","2019","04","18","5","3","5","2","0","1","1","0","0","0","0",801865.72880499996,5828983.03364000004,13.45075077200,52.52713049600,"0"
"193845","11","0","01","001","2019","04","10","5","3","4","6","0","1","0","0","0","0","1",798332.06886200001,5828366.85565000027,13.39826502600,52.52355247700,"0"
"193846","11","0","12","012","2019","04","08","5","3","5","2","0","1","1","0","0","0","0",794819.99199999997,5836297.61799999978,13.35369590900,52.59655562000,"0"
"193847","11","0","01","001","2019","04","07","5","3","1","5","0","1","1","0","0","0","0",795020.97569200001,5828260.29913999978,13.34950925900,52.52439895300,"0"
"193848","11","0","05","005","2019","04","05","5","3","2","7","0","0","0","0","1","0","1",784866.79600800003,5829227.98648000043,13.20108004200,52.53847572800,"0"
"193849","11","0","12","012","2019","04","12","5","3","5","2","0","0","1","0","0","0","0",795338.21431299997,5833841.18468999956,13.35913521300,52.57425491300,"0"
"193850","11","0","05","005","2019","04","12","5","3","2","6","0","0","1","0","0","0","0",786643.63787400001,5829241.31981000025,13.22721828600,52.53766352200,"0"
"193851","11","0","01","001","2019","04","11","5","3","0","1","0","1","0","0","0","0","0",797225.85843999998,5829070.61966999900,13.38263736000,52.53046505300,"0"
"193852","11","0","06","006","2019","04","04","5","3","1","1","2","1","1","0","0","0","0",792993.04789100005,5819674.58040000033,13.31215627500,52.44852417100,"0"
"193853","11","0","03","003","2019","04","17","5","3","5","2","0","0","1","0","1","0","0",801170.97370900004,5833190.97455000039,13.44435631700,52.56523087800,"0"
"193854","11","0","01","001","2019","04","17","5","3","2","6","0","0","1","0","0","0","0",797004.61792500003,5831478.19151999988,13.38153782500,52.55216673900,"0"
"193855","11","0","01","001","2019","04","16","5","3","0","6","0","0","1","0","0","0","1",795290.02208100003,5826132.72800999973,13.35157530200,52.50518129400,"0"
"193856","11","0","09","009","2019","04","16","5","3","5","2","0","1","1","0","0","0","0",802326.45273400005,5825310.55441999994,13.45418563100,52.49395885200,"0"
"193857","11","0","01","001","2019","04","15","5","3","5","3","0","1","1","0","0","0","0",797157.72669699998,5826452.48173999973,13.37929727800,52.50703352900,"0"
"193858","11","0","04","004","2019","04","15","5","3","2","2","0","0","1","0","0","0","1",793473.54606600001,5824731.68412000034,13.32365508700,52.49360163800,"0"
"193859","11","0","05","005","2019","04","15","5","3","2","6","0","0","1","0","0","0","0",785217.00012200000,5831058.04466999974,13.20780123700,52.55470061500,"0"
"193860","11","0","04","004","2019","04","15","5","3","5","7","0","0","1","0","0","0","0",793316.01113899995,5823617.99172000028,13.32036111400,52.48370247200,"0"
"193861","11","0","05","005","2019","04","14","5","3","5","3","0","0","1","0","0","0","0",782797.04839400004,5827821.20218000002,13.16944761800,52.52694013800,"0"
"193862","11","0","07","007","2019","04","14","5","3","5","2","0","0","1","0","0","0","0",799131.16000599996,5821712.84030000027,13.40403384200,52.46347076100,"0"
"193863","11","0","10","010","2019","04","17","4","3","2","3","0","1","1","0","0","0","0",809637.98773399997,5829697.95787999965,13.56562141100,52.52917897000,"0"
"193864","11","0","06","006","2019","04","17","4","3","1","1","0","1","1","0","0","0","0",792132.05699099996,5821042.94845999964,13.30072052200,52.46125224700,"0"
"193865","11","0","01","001","2019","04","09","4","3","3","6","0","0","1","0","0","1","0",796554.67202599999,5831927.04182999954,13.37532204800,52.55643534300,"0"
"193866","11","0","01","001","2019","04","12","4","3","6","7","0","0","1","1","0","0","0",798341.01175800001,5828577.82452000026,13.39858570900,52.52543863500,"0"
"193867","11","0","01","001","2019","04","19","4","3","0","1","0","0","1","0","1","0","0",797647.62741600000,5831884.78899999987,13.39135806400,52.55546036100,"0"
"193868","11","0","01","001","2019","04","23","4","3","1","5","2","1","1","0","0","0","0",797729.84462200000,5829250.07663000096,13.39020574500,52.53179862600,"0"
"193869","11","0","06","006","2019","04","23","4","3","8","1","2","0","1","0","0","0","0",793294.62112799997,5817692.84243999980,13.31484194400,52.43059664300,"0"
"193870","11","0","03","003","2019","04","22","4","3","5","3","2","0","1","0","0","0","0",795969.07761399995,5835562.63710999954,13.36995446500,52.58934316800,"0"
"193871","11","0","06","006","2019","04","22","4","3","0","1","2","1","0","0","0","0","0",782829.89013900002,5817441.99174000043,13.16112545400,52.43385841100,"0"
"193872","11","0","05","005","2019","04","22","4","2","5","3","2","0","1","0","0","0","1",780036.55700499995,5829199.34769000020,13.13002471700,52.54072274400,"0"
"193873","11","0","12","012","2019","04","20","4","3","6","7","1","0","1","1","0","0","0",794968.82513300003,5836428.04174000025,13.35600304500,52.59764403700,"0"
"193874","11","0","04","004","2019","04","20","4","3","3","2","2","0","0","0","1","1","0",790383.03000899998,5825664.35350000020,13.27907532000,52.50361611600,"0"
"193875","11","0","05","005","2019","04","18","4","3","2","6","0","0","1","0","0","0","0",785433.32842799998,5829253.36806999892,13.20943231300,52.53840684000,"0"
"193876","11","0","01","001","2019","04","11","4","3","1","7","0","1","1","0","0","0","0",794973.70215799997,5831001.12325000018,13.35124733400,52.54899386700,"0"
"193877","11","0","09","009","2019","04","10","4","3","5","3","0","1","1","0","0","0","0",810257.81819400005,5820349.13877000101,13.56602703500,52.44504620800,"0"
"193878","11","0","07","007","2019","04","10","4","3","5","2","0","0","1","0","0","0","0",799261.06625399995,5816265.42836999893,13.40106287500,52.41457054200,"0"
"193879","11","0","03","003","2019","04","10","4","3","3","6","0","1","1","0","0","0","0",799671.51882999996,5829003.72114999965,13.41852260400,52.52852645600,"0"
"193880","11","0","04","004","2019","04","17","4","3","6","7","0","1","0","0","0","0","1",794091.14854500000,5825975.75590000022,13.33382433300,52.50442167000,"0"
"193881","11","0","05","005","2019","04","09","4","3","2","6","0","0","1","0","0","0","1",788063.42829800001,5829187.95177999977,13.24804769400,52.53643640000,"0"
"193882","11","0","09","009","2019","04","09","4","3","5","3","0","1","1","0","0","0","0",805091.56550799997,5822807.70421999972,13.49249834100,52.46998843400,"0"
"193883","11","0","02","002","2019","04","09","4","3","6","4","0","1","0","1","0","0","0",800008.71558099997,5825473.50810000021,13.42029590700,52.49669832500,"0"
"193884","11","0","02","002","2019","04","09","4","3","3","6","0","1","0","0","1","0","0",802448.05447099998,5827415.09023999982,13.45788287700,52.51275439200,"0"
"193885","11","0","05","005","2019","04","08","4","3","2","6","0","0","1","0","0","0","0",783705.31324599998,5828528.58928999957,13.18340369100,52.53281077400,"0"
"193886","11","0","03","003","2019","04","08","4","3","5","3","0","0","1","0","0","0","1",802185.50566999998,5832421.73020999972,13.45857798500,52.55777409500,"0"
"193887","11","0","05","005","2019","04","16","4","3","6","7","0","0","1","1","0","0","0",785662.71324099996,5831751.84142000042,13.21495467000,52.56068743100,"0"
"193888","11","0","03","003","2019","04","07","4","3","0","3","0","0","1","0","1","0","0",797872.50351099996,5836024.76563000027,13.39838415300,52.59244651500,"0"
"193889","11","0","01","001","2019","04","12","4","3","5","3","0","1","1","0","0","0","0",796218.36897499999,5831514.63331000041,13.37000798300,52.55292156100,"0"
"193890","11","0","11","011","2019","04","09","4","2","5","3","0","0","1","0","1","0","0",804838.89510099997,5827755.76107999962,13.49331705900,52.51447681100,"0"
"193891","11","0","03","003","2019","04","13","4","3","8","1","0","0","1","0","0","0","0",797092.33628699998,5835720.10926999897,13.38662773300,52.59014238000,"0"
"193892","11","0","01","001","2019","04","13","4","3","6","4","0","1","0","1","0","0","0",794861.41286499996,5830994.96899999958,13.34959064500,52.54899949100,"0"
"193893","11","0","11","011","2019","04","14","4","3","2","2","0","1","1","0","0","0","0",806143.78099999996,5834855.40500000026,13.51902994300,52.57737434100,"0"
"193894","11","0","10","010","2019","04","14","4","3","5","3","0","0","1","0","0","1","0",811683.71949299995,5824681.05554000009,13.59098424300,52.48305537600,"0"
"193895","11","0","09","009","2019","04","15","4","3","4","6","0","0","1","0","0","1","0",818727.93352600001,5818694.85422999971,13.68865643000,52.42535265700,"0"
"193896","11","0","07","007","2019","04","15","4","3","2","6","0","0","1","0","0","0","0",797461.58901500003,5823763.46588000003,13.38136010400,52.48276389800,"0"
"193897","11","0","04","004","2019","04","15","4","3","5","3","0","0","1","0","1","0","0",792314.79176399997,5824573.16743000038,13.30649692900,52.49280237500,"0"
"193898","11","0","01","001","2019","04","15","4","3","5","2","0","1","1","0","0","0","0",797990.17378800001,5828910.73720000032,13.39372802500,52.52861463400,"0"
"193899","11","0","05","005","2019","04","15","4","3","1","5","0","0","1","0","1","0","0",787554.32445399999,5829435.90950999968,13.24077693100,52.53892833300,"0"
"193900","11","0","05","005","2019","04","16","4","2","2","1","0","0","1","0","1","0","0",781783.88965499995,5830638.81041000038,13.15694255800,52.55272879100,"0"
"193901","11","0","02","002","2019","04","16","4","3","0","5","0","1","1","0","0","0","0",803234.78215800005,5826322.50392999966,13.46844521100,52.50252495400,"0"
"193902","11","0","03","003","2019","04","16","4","3","6","4","0","1","0","1","0","0","0",798997.16624799999,5830065.10180000030,13.40956637900,52.53841042900,"0"
"193903","11","0","09","009","2019","04","16","4","3","2","6","0","0","0","0","1","0","1",811136.23296599998,5821575.67984000035,13.58005224800,52.45553880800,"0"
"193904","11","0","08","008","2019","04","16","4","2","2","1","0","0","1","0","0","0","0",801291.06288900005,5820456.17403999995,13.43459646300,52.45102023900,"0"
"193905","11","0","03","003","2019","04","16","4","3","0","1","0","1","0","0","0","0","0",801237.51793199999,5831577.50659000035,13.44387072500,52.55073248000,"0"
"193906","11","0","05","005","2019","04","11","4","2","0","7","0","0","1","0","0","0","0",784130.98907300003,5827301.09073000029,13.18861333000,52.52158314400,"0"
"193907","11","0","02","002","2019","04","16","3","3","0","5","0","0","1","0","1","0","0",798605.51666400000,5825607.37655999977,13.39980771800,52.49866780900,"0"
"193908","11","0","02","002","2019","04","15","3","3","5","2","0","1","1","0","0","0","0",801870.32248800003,5829009.03868999891,13.45084188900,52.52736103700,"0"
"193909","11","0","02","002","2019","04","18","3","3","5","3","0","0","1","0","0","0","0",803057.06107399997,5827448.39487999957,13.46685994600,52.51271488300,"0"
"193910","11","0","09","009","2019","04","11","3","3","5","3","0","1","0","0","0","0","1",811055.37326100003,5820310.73032000009,13.57768817800,52.44424891100,"0"
"193911","11","0","02","002","2019","04","09","3","3","5","2","0","1","1","0","0","0","0",797814.78779099998,5824933.50836000033,13.38759142400,52.49305945900,"0"
"193912","11","0","02","002","2019","04","10","3","3","2","6","0","1","1","0","0","0","0",799990.00104600005,5824728.65895000100,13.41935039100,52.49003219800,"0"
"193913","11","0","01","001","2019","04","09","3","3","5","2","0","1","1","0","0","0","0",797550.51908200001,5828717.52568999957,13.38709327900,52.52712287600,"0"
"193914","11","0","01","001","2019","04","08","3","3","6","6","0","1","0","1","0","0","0",797719.94161099999,5831257.73584999982,13.39185925300,52.54980012700,"0"
"193915","11","0","01","001","2019","04","17","3","3","0","7","0","0","0","0","1","0","0",797529.46436400001,5827886.58138000034,13.38604046200,52.51968594900,"0"
"193916","11","0","12","012","2019","04","20","3","3","2","6","2","0","1","0","0","0","0",792917.80991600000,5832171.39730000030,13.32204699200,52.56059421300,"0"
"193917","11","0","11","011","2019","04","19","3","3","5","2","1","1","1","0","0","0","0",806684.98506500002,5826907.68300999980,13.51965524600,52.50584132900,"0"
"193918","11","0","02","002","2019","04","10","3","3","6","4","0","1","0","1","0","0","0",800276.84585799999,5824801.02058000024,13.42362762100,52.49052310200,"0"
"193919","11","0","12","012","2019","04","18","3","3","3","6","0","0","1","0","0","0","0",793537.90914200002,5834125.32380999904,13.33289748600,52.57777602100,"0"
"193920","11","0","05","005","2019","04","07","3","3","2","6","0","0","1","0","0","0","0",785431.50186199998,5829253.57624999899,13.20940563400,52.53840966300,"0"
"193921","11","0","10","010","2019","04","18","3","3","4","5","0","0","1","0","1","0","0",812038.14285700000,5830889.43070000038,13.60200669400,52.53848747600,"0"
"193922","11","0","08","008","2019","04","18","3","3","5","3","0","1","1","0","0","0","0",800399.47106899996,5823335.40285000019,13.42410754200,52.47731872400,"0"
"193923","11","0","02","002","2019","04","06","3","3","5","3","0","0","0","0","1","0","1",801723.70654000004,5828129.17992000002,13.44788901600,52.51955598000,"0"
"193924","11","0","07","007","2019","04","18","3","3","2","6","0","0","1","0","0","0","0",793952.05000399996,5822236.74901000038,13.32848301300,52.47097820500,"0"
"193925","11","0","07","007","2019","04","09","3","3","5","2","0","1","1","0","0","0","0",794782.33370900003,5825696.72259000037,13.34373107000,52.50154733000,"0"
"193926","11","0","02","002","2019","04","08","3","3","2","6","0","0","1","0","0","0","0",797770.03993500001,5826028.04294000007,13.38791278400,52.50289508900,"0"
"193927","11","0","03","003","2019","04","03","3","2","5","2","2","0","1","0","1","0","0",802184.05345999997,5829413.74368000031,13.45582024700,52.53081458500,"0"
"193928","11","0","12","012","2019","04","09","3","3","0","2","0","0","1","0","0","0","1",794902.64103499998,5836310.74538000021,13.35492426900,52.59662848100,"0"
"193929","11","0","02","002","2019","04","22","3","3","0","6","2","0","1","0","1","0","0",800134.01310900005,5825397.94517999981,13.42206797300,52.49595213500,"0"
"193930","11","0","08","008","2019","04","21","3","3","5","2","2","1","1","0","0","0","0",800622.76144000003,5823114.62808000017,13.42718636600,52.47521697700,"0"
"193931","11","0","07","007","2019","04","17","3","3","1","5","0","1","1","0","0","0","0",793481.95152100001,5822137.45028000046,13.32149479700,52.47034078900,"0"
"193932","11","0","09","009","2019","04","16","3","3","3","6","0","0","1","0","1","0","0",806340.63087800005,5820990.56226999965,13.50916155000,52.45300354300,"0"
"193933","11","0","04","004","2019","04","16","3","3","1","5","0","1","1","0","0","0","0",794250.50384999998,5825274.78832999896,13.33554595600,52.49805197300,"0"
"193934","11","0","07","007","2019","04","15","3","2","4","6","0","0","1","0","0","0","0",799373.34807299997,5819048.75023999996,13.40520010600,52.43945810600,"0"
"193935","11","0","06","006","2019","04","14","3","3","3","6","0","0","1","0","0","1","0",796241.90561799996,5819640.87004000042,13.35979229400,52.44647126000,"0"
"193936","11","0","09","009","2019","04","11","3","3","6","2","0","0","1","1","0","0","0",809789.46365799999,5820505.07892999891,13.55930261600,52.44670925100,"0"
"193937","11","0","05","005","2019","04","11","3","3","2","6","0","0","1","0","0","0","0",783347.70530399994,5827675.09138999972,13.17741834500,52.52534413900,"0"
"193938","11","0","02","002","2019","04","23","3","3","0","1","2","0","0","0","1","0","0",801498.29123800003,5825260.24213000108,13.44197866000,52.49396596700,"0"
"193939","11","0","08","008","2019","04","14","2","3","1","5","0","1","0","0","0","0","1",800450.15541400004,5824498.86055999994,13.42590009800,52.48771937200,"0"
"193940","11","0","01","001","2019","04","13","4","2","6","4","0","0","1","1","0","0","0",796333.49100000004,5828573.51300000027,13.36907785100,52.52649483400,"0"
"193941","11","0","04","004","2019","04","08","4","3","2","6","0","0","1","0","0","0","0",793312.85390800005,5827204.27718999982,13.32347330000,52.51585380000,"0"
"193942","11","0","11","011","2019","04","15","2","3","6","7","0","0","0","1","0","0","1",803849.63845700002,5828805.56950999890,13.47974281600,52.52443789300,"0"
"193943","11","0","01","001","2019","04","06","2","3","5","3","0","1","1","0","0","0","0",799778.41634200001,5826560.25047999993,13.41789196500,52.50656584000,"0"
"193944","11","0","10","010","2019","04","05","2","3","5","3","1","1","1","0","0","0","0",809589.94584599999,5825056.91954999976,13.56059930100,52.48761483800,"0"
"193945","11","0","02","002","2019","04","17","2","3","1","5","0","1","0","0","0","0","1",798045.23173100001,5824557.28760999907,13.39063912100,52.48956131400,"0"
"193946","11","0","04","004","2019","04","18","2","3","5","2","0","0","1","0","1","0","0",794229.63946199999,5825408.58959999960,13.33535769400,52.49926267700,"0"
"193947","11","0","02","002","2019","04","19","2","3","2","6","0","1","1","0","0","0","0",798328.96706199995,5825315.10881999973,13.39548415800,52.49619924700,"0"
"193948","11","0","09","009","2019","04","19","2","3","6","2","0","0","1","1","0","0","0",805024.44992100005,5822715.67138999980,13.49142921800,52.46920105700,"0"
"193949","11","0","03","003","2019","04","18","2","3","5","3","0","1","1","0","0","0","0",797412.91093599994,5833971.18761999998,13.38977656200,52.57429045400,"0"
"193950","11","0","08","008","2019","04","18","2","2","6","4","0","0","1","1","0","0","0",802478.70775099995,5817003.17037000041,13.44889566800,52.41941459100,"0"
"193951","11","0","08","008","2019","04","16","2","3","5","2","0","1","1","0","0","0","0",802537.87090800004,5820721.88090999890,13.45312841300,52.45271323400,"0"
"193952","11","0","08","008","2019","04","16","2","3","0","5","0","0","1","0","1","0","0",800961.24363200006,5822392.77113000024,13.43150366500,52.46856033500,"0"
"193953","11","0","02","002","2019","04","09","4","3","3","6","0","1","0","0","0","1","0",801445.86178399995,5826052.32663000096,13.44192557000,52.50109451400,"0"
"193954","11","0","08","008","2019","04","14","2","3","5","3","0","1","1","0","0","0","0",801463.75024199998,5817983.02592999954,13.43489916500,52.42875740200,"0"
"193955","11","0","07","007","2019","04","16","2","3","5","3","0","0","1","0","0","0","0",793641.00806599995,5822508.66693999991,13.32415642000,52.47358313200,"0"
"193956","11","0","05","005","2019","04","15","2","3","2","6","0","0","1","0","0","0","0",786182.64226999995,5831235.32294999901,13.22215820200,52.55578346800,"0"
"193957","11","0","01","001","2019","04","15","2","3","5","2","0","0","1","0","1","0","0",798870.70251500001,5827372.33287999965,13.40528705000,52.51434302200,"0"
"193958","11","0","10","010","2019","04","15","2","2","6","4","0","0","0","1","0","0","1",807951.38810900005,5829207.71568999905,13.54038351900,52.52574080600,"0"
"193959","11","0","05","005","2019","04","14","2","3","2","6","0","0","1","0","0","0","0",785382.68420400005,5828156.01432999969,13.20774538400,52.52859462200,"0"
"193960","11","0","09","009","2019","04","13","2","3","5","3","0","0","1","0","0","0","0",816503.66244900005,5816939.75597000029,13.65439404400,52.41091688300,"0"
"193961","11","0","07","007","2019","04","12","2","3","3","6","0","0","1","0","0","0","0",799398.61047900002,5819046.79717999976,13.40556889300,52.43942677000,"0"
"193962","11","0","09","009","2019","04","08","2","3","5","2","0","1","1","0","0","0","0",811390.61541700002,5820161.34994999971,13.58246549100,52.44271944100,"0"
"193963","11","0","02","002","2019","04","09","2","3","5","3","0","1","1","0","0","0","0",797912.95521699998,5826214.13140000030,13.39017855400,52.50448513700,"0"
"193964","11","0","08","008","2019","04","09","2","3","2","6","0","0","1","0","0","0","0",806374.56135800004,5817145.48051999975,13.50613552700,52.41852316100,"0"
"193965","11","0","09","009","2019","04","11","2","3","5","3","0","1","1","0","0","0","0",810804.51218900003,5820796.28493000101,13.57446081700,52.44874290200,"0"
"193966","11","0","08","008","2019","04","10","2","3","5","3","0","1","1","0","0","0","0",803004.64587999997,5819357.75528000016,13.45873922500,52.44022800100,"0"
"193967","11","0","07","007","2019","04","10","2","3","5","2","0","1","1","0","0","0","0",797194.79904099996,5823674.27003000025,13.37736346000,52.48210962000,"0"
"193968","11","0","02","002","2019","04","11","2","3","1","5","0","0","1","0","1","0","0",798266.89747600001,5824589.19723000098,13.39392271300,52.48972628000,"0"
"193969","11","0","02","002","2019","04","11","2","3","0","3","0","0","1","0","0","0","1",801034.04948199994,5825237.63874000032,13.43514083400,52.49401959900,"0"
"193970","11","0","09","009","2019","04","12","2","3","2","6","0","0","1","0","0","0","0",807697.28915900004,5817812.56838999968,13.52613782100,52.42375977500,"0"
"193971","11","0","01","001","2019","04","12","2","3","0","1","0","1","0","0","0","0","0",798305.54577299999,5829373.32993999962,13.39877825100,52.53258867100,"0"
"193972","11","0","07","007","2019","04","12","1","3","2","7","0","0","1","0","0","0","0",796000.55917999998,5825140.37839999981,13.36113126500,52.49590072600,"1"
"193973","11","0","06","006","2019","04","11","1","3","5","3","0","0","1","0","0","0","0",790387.42483300006,5817150.76590000000,13.27173135100,52.42728772700,"1"
"193974","11","0","04","004","2019","04","11","1","3","5","3","0","0","1","0","0","0","0",790279.12443700002,5823331.29050999973,13.27551601900,52.48275514900,"1"
"193975","11","0","03","003","2019","04","11","1","3","5","3","0","0","1","0","0","0","0",802868.94691699999,5838271.63281000033,13.47397456500,52.60982523400,"1"
"193976","11","0","09","009","2019","04","09","1","3","5","3","0","0","1","0","0","0","0",802320.07020600000,5825532.61703999992,13.45429342300,52.49595273900,"1"
"193977","11","0","10","010","2019","04","05","1","3","1","5","1","0","1","0","0","0","1",811299.88898000005,5831631.52297000028,13.59185213500,52.54555974300,"1"
"193978","11","0","09","009","2019","04","16","1","2","5","2","0","0","1","0","0","0","0",812392.28553300002,5819585.74428000022,13.59661679300,52.43698997800,"0"
"193979","11","0","04","004","2019","04","16","1","2","5","2","0","0","1","0","1","0","0",791987.74057899998,5825969.79674999975,13.30291790600,52.50549797900,"0"
"193980","11","0","05","005","2019","04","20","1","3","1","5","2","1","1","0","0","0","0",784579.25851399999,5831845.19297000021,13.19909511600,52.56209177200,"0"
"193981","11","0","06","006","2019","04","22","1","3","5","3","2","0","1","0","1","0","0",787477.90246999997,5817705.23517999984,13.22953488300,52.43379555600,"0"
"193982","11","0","06","006","2019","04","10","7","3","3","6","0","0","1","0","0","0","0",792949.59603999997,5817756.80819000024,13.30983770300,52.43135495700,"0"
"193983","11","0","08","008","2019","04","15","7","3","3","6","0","0","1","0","0","0","0",800587.16537299997,5824429.80044000037,13.42784954800,52.48702494500,"0"
"193984","11","0","04","004","2019","04","18","7","3","1","5","0","1","1","0","0","0","0",794351.43107799999,5825641.87588000018,13.33735285500,52.50128827400,"0"
"193985","11","0","01","001","2019","04","22","7","2","5","2","2","1","1","0","0","0","0",794803.99901499995,5828308.46447999962,13.34636306500,52.52494808400,"0"
"193986","11","0","01","001","2019","04","19","7","3","5","2","0","1","1","0","0","0","0",798964.40496099996,5828777.15527999960,13.40792638100,52.52688386900,"0"
"193987","11","0","03","003","2019","04","18","7","3","5","3","0","0","1","0","0","0","0",800122.67019099998,5830636.66432000045,13.42662770900,52.54291484000,"0"
"193988","11","0","08","008","2019","04","18","7","3","5","3","0","0","1","0","0","0","0",801123.85483500001,5821899.34831999987,13.43344499900,52.46404802800,"0"
"193989","11","0","07","007","2019","04","16","7","3","6","4","0","0","1","1","0","0","0",794706.34050900000,5822788.52953999955,13.34004299100,52.47551819700,"0"
"193990","11","0","06","006","2019","04","14","7","3","1","5","0","1","1","0","0","0","0",794637.86983800004,5820070.40172000043,13.33663819200,52.45118855900,"0"
"193991","11","0","11","011","2019","04","13","7","3","2","6","0","0","1","0","0","0","0",806137.72126400005,5830159.96774999890,13.51461046100,52.53529648700,"0"
"193992","11","0","04","004","2019","04","12","7","2","6","4","0","0","1","1","0","0","0",794405.66651000001,5825735.86605000030,13.33823263800,52.50210158200,"0"
"193993","11","0","10","010","2019","04","12","7","3","2","4","0","0","1","1","0","0","0",812185.70406200003,5830937.89871999994,13.60422085700,52.53883729600,"0"
"193994","11","0","03","003","2019","04","11","7","3","5","3","0","1","1","0","0","0","0",804213.17186000000,5841142.40464999899,13.49640626200,52.63480340900,"0"
"193995","11","0","01","001","2019","04","10","7","2","6","4","0","0","1","1","0","0","0",796414.57013899996,5828590.91364999954,13.37028499800,52.52660673800,"0"
"193996","11","0","01","001","2019","04","00","7","3","4","6","2","0","1","0","0","0","0",795952.41242299997,5828785.82687999960,13.36366600900,52.52860503100,"0"
"193997","11","0","07","007","2019","04","10","6","3","6","4","0","0","1","1","0","0","0",793773.51223999995,5822833.08908999898,13.32638739500,52.47642019500,"0"
"193998","11","0","07","007","2019","04","14","6","3","5","5","0","0","1","0","0","0","0",797410.39413799997,5820424.51398999896,13.37763229800,52.45286151400,"0"
"193999","11","0","04","004","2019","04","14","6","3","5","2","0","0","1","0","1","0","0",791248.60147899995,5829731.16483999975,13.29535264000,52.53961335300,"0"
"194000","11","0","05","005","2019","04","11","4","3","0","2","0","0","1","0","0","0","1",784837.71823899995,5829252.79145000037,13.20067373400,52.53871332800,"0"
"194001","11","0","12","012","2019","04","14","6","2","5","3","0","0","1","0","1","0","0",791658.30561000004,5834488.16476000007,13.30555747300,52.58203943900,"0"
"194002","11","0","12","012","2019","04","13","6","3","1","5","0","0","1","0","0","0","1",793550.33100000001,5832378.68699999992,13.33153435100,52.56211181300,"0"
"194003","11","0","08","008","2019","04","11","6","3","5","3","0","1","1","0","0","0","0",801413.80106900004,5819158.71136999968,13.43522665900,52.43932300500,"0"
"194004","11","0","01","001","2019","04","11","6","3","5","3","0","1","1","0","0","0","0",797140.94455699995,5831804.10878000036,13.38383428300,52.55501383900,"0"
"194005","11","0","11","011","2019","04","10","6","3","5","2","0","1","1","0","0","0","0",803791.72876299999,5827706.60666999966,13.47788829000,52.51462049900,"0"
"194006","11","0","04","004","2019","04","09","6","3","3","6","0","0","1","0","0","0","1",790227.93360100000,5826074.81682000030,13.27715457500,52.50737849300,"0"
"194007","11","0","03","003","2019","04","08","6","3","1","5","0","1","1","0","0","0","0",799699.58617200004,5832536.57007999998,13.42212258500,52.56017721000,"0"
"194008","11","0","01","001","2019","04","08","6","3","3","6","0","1","0","0","0","1","0",797565.64052200003,5827415.10948000010,13.38615036400,52.51544002600,"0"
"194009","11","0","01","001","2019","04","12","6","3","2","1","0","0","1","0","1","0","0",795926.65374099999,5825636.43482999969,13.36048654000,52.50038752700,"0"
"194010","11","0","08","008","2019","04","07","6","3","5","3","0","1","1","0","0","0","0",805654.69301199995,5816444.72482000012,13.49494323200,52.41264502400,"0"
"194011","11","0","02","002","2019","04","13","6","3","2","6","0","0","1","0","0","0","1",797934.44748500001,5824873.71824999899,13.38929524000,52.49245821200,"0"
"194012","11","0","12","012","2019","04","10","6","3","5","2","0","0","1","0","0","0","1",793499.24816800002,5836110.98665999994,13.33408749800,52.59559702800,"0"
"194013","11","0","01","001","2019","04","08","6","3","5","3","0","1","1","0","0","0","0",797761.93413299997,5827442.91526999976,13.38905941500,52.51558214100,"0"
"194014","11","0","09","009","2019","04","08","6","2","6","4","0","0","1","1","0","0","0",811344.39510299999,5820154.94182999898,13.58178169800,52.44268833100,"0"