OBJECTID,ULAND,UREGBEZ,UKREIS,UGEMEINDE,UJAHR,UMONAT,USTUNDE,UWOCHENTAG,UKATEGORIE,UART,UTYP1,ULICHTVERH,IstRad,IstPKW,IstFuss,IstKrad,IstGkfz,IstSonstig,LINREFX,LINREFY,XGCSWGS84,YGCSWGS84,STRZUSTAND
"194015","11","0","09","009","2019","04","23","6","3","1","5","2","0","1","0","0","0","0",808835.40730800002,5817207.82773999963,13.54226404000,52.41769894700,"0"
"194016","11","0","08","008","2019","04","21","6","3","5","3","2","0","1","0","0","0","0",802382.05076799996,5817886.02467999980,13.44827665100,52.42738120900,"0"
"194017","11","0","02","002","2019","04","19","6","3","5","7","1","0","1","0","0","0","0",799982.21976699994,5824731.73771999963,13.41923890200,52.49006407000,"0"
"194018","11","0","05","005","2019","04","17","6","2","6","4","0","0","1","1","0","0","0",784746.50200600002,5828819.33057999983,13.19896100600,52.53487459900,"0"
"194019","11","0","01","001","2019","04","17","6","3","0","1","0","0","1","0","0","0","0",795295.44614400005,5826425.61765000038,13.35191478400,52.50780389200,"0"
"194020","11","0","06","006","2019","04","17","6","3","5","3","0","1","1","0","0","0","0",788569.03060499998,5816884.68876999896,13.24483232800,52.42586430900,"0"
"194021","11","0","03","003","2019","04","06","6","3","5","3","0","0","1","0","0","0","0",802327.49451600004,5832978.50286000036,13.46117326400,52.56268555400,"0"
"194022","11","0","05","005","2019","04","03","6","2","8","1","2","0","1","0","0","0","1",781590.55780499999,5819719.26809000038,13.14486308000,52.45491762900,"0"
"194023","11","0","09","009","2019","04","09","5","3","5","3","0","1","1","0","0","0","0",804134.23599700001,5822928.37196000014,13.47855843300,52.47160373900,"0"
"194024","11","0","04","004","2019","04","09","5","3","6","2","0","0","1","1","0","0","0",792199.45942800003,5825009.53584000003,13.30518577200,52.49677608800,"0"
"194025","11","0","01","001","2019","04","19","5","2","6","4","1","0","1","1","0","0","0",795461.49932900001,5830149.39071999956,13.35766272700,52.54109449100,"0"
"194026","11","0","04","004","2019","04","14","5","3","2","6","0","0","1","0","0","1","0",790260.10398899997,5827966.44323000032,13.27927749400,52.52431998200,"0"
"194027","11","0","02","002","2019","04","19","5","3","5","2","0","1","1","0","0","0","0",801162.37227800000,5825951.46162000019,13.43767064400,52.50034696700,"0"
"194028","11","0","06","006","2019","04","14","5","3","5","2","0","1","0","0","1","0","0",789841.24355300004,5818778.75540000014,13.26513243000,52.44217289000,"0"
"194029","11","0","06","006","2019","04","14","5","3","5","3","0","1","1","0","0","0","0",794698.73384000000,5816312.67301999964,13.33421883700,52.41746944700,"0"
"194030","11","0","01","001","2019","04","17","5","3","0","1","1","1","0","0","0","0","0",793768.73275700002,5828135.74292000011,13.33099479100,52.52395853500,"0"
"194031","11","0","01","001","2019","04","13","5","3","5","3","0","1","1","0","0","0","0",799299.45999999996,5827228.22099999990,13.41145688300,52.51281616800,"0"
"194032","11","0","06","006","2019","04","17","5","3","5","3","0","0","1","0","1","0","1",794804.18117200001,5819837.28562999982,13.33887267800,52.44900913200,"0"
"194033","11","0","12","012","2019","04","12","5","3","5","2","0","0","1","0","0","0","1",792353.14295600005,5834071.12808999978,13.31541546600,52.57792798200,"0"
"194034","11","0","09","009","2019","04","12","5","3","5","2","0","1","1","0","0","0","0",811683.29674200004,5819982.02232000045,13.58659040500,52.44094567100,"0"
"194035","11","0","10","010","2019","04","11","5","3","2","6","0","0","1","0","0","0","0",806363.04280000005,5830200.09190999903,13.51795903900,52.53552948300,"0"
"194036","11","0","01","001","2019","04","10","5","3","5","2","0","1","1","0","0","0","0",797157.64487800002,5831919.50021000020,13.38418318200,52.55603907100,"0"
"194037","11","0","07","007","2019","04","17","5","3","0","2","0","0","1","0","0","0","1",797267.36460900004,5821069.60599000100,13.37610800700,52.45872193800,"0"
"194038","11","0","01","001","2019","04","10","5","3","6","4","0","0","1","1","0","0","0",797248.73682500003,5829765.91911000106,13.38359544300,52.53668511800,"0"
"194039","11","0","12","012","2019","04","09","5","3","6","4","0","0","1","1","0","0","0",790524.05773300002,5834504.16760999896,13.28887846400,52.58278974200,"0"
"194040","11","0","01","001","2019","04","09","5","3","3","6","0","1","1","0","0","0","0",798526.51327800006,5828981.86710000038,13.40167463300,52.52895877900,"0"
"194041","11","0","06","006","2019","04","08","5","3","5","2","0","1","1","0","0","0","0",795748.44200000004,5817560.29499999993,13.35071190100,52.42808741000,"0"
"194042","11","0","03","003","2019","04","08","5","3","2","6","0","0","1","0","0","0","1",800451.38111299998,5830768.96922999900,13.43157990500,52.54391956400,"0"
"194043","11","0","01","001","2019","04","07","5","3","5","3","0","1","1","0","0","0","0",795562.75391199999,5828294.41447999980,13.35750196300,52.52441134500,"0"
"194044","11","0","04","004","2019","04","07","5","3","5","3","0","0","0","0","1","1","0",791266.47898699995,5823337.79420000035,13.29002022100,52.48228767100,"0"
"194045","11","0","01","001","2019","04","07","5","2","0","1","0","0","0","0","1","0","0",798498.45846300002,5829055.30944999959,13.40132823900,52.52963245000,"1"
"194046","11","0","07","007","2019","04","20","4","3","5","2","2","1","1","0","0","0","0",797851.29347399995,5821927.69424000010,13.38544251400,52.46609583700,"0"
"194047","11","0","01","001","2019","04","09","4","2","1","5","0","1","1","0","0","0","0",796999.29320600000,5826862.97975999955,13.37733607600,52.51079947700,"0"
"194048","11","0","07","007","2019","04","09","5","3","0","1","0","0","0","0","1","0","0",799743.78030500002,5819019.58339999989,13.41060723700,52.43899376600,"0"
"194049","11","0","01","001","2019","04","16","5","2","6","4","0","0","1","1","0","0","0",799578.97948400001,5828250.67638000008,13.41648417000,52.52182745200,"0"
"194050","11","0","07","007","2019","04","16","5","3","2","6","0","0","1","0","0","0","0",799172.87884599995,5814186.64054999966,13.39791306000,52.39598484700,"0"
"194051","11","0","11","011","2019","04","15","5","3","5","2","0","0","1","0","0","0","1",802920.98469199997,5831082.34738000017,13.46817180100,52.54536093000,"0"
"194052","11","0","02","002","2019","04","18","5","3","5","3","0","0","1","0","0","0","1",797101.02093600004,5824489.48811000027,13.37671323500,52.48946824700,"0"
"194053","11","0","09","009","2019","04","16","4","3","5","2","0","1","1","0","0","0","0",806236.77254499996,5823200.35553000029,13.50966541800,52.47286679200,"0"
"194054","11","0","12","012","2019","04","16","4","3","5","2","0","1","1","0","0","0","0",787278.10541900003,5837913.64173999988,13.24406194000,52.61508064800,"0"
"194055","11","0","09","009","2019","04","17","4","3","5","3","0","1","1","0","0","0","0",813752.29505600000,5821739.99806000013,13.61858083900,52.45551599200,"0"
"194056","11","0","07","007","2019","04","18","4","3","5","2","1","1","1","0","0","0","0",800941.86322299996,5813922.30700999964,13.42359630700,52.39264646200,"0"
"194057","11","0","09","009","2019","04","13","4","3","1","5","0","0","1","0","0","0","0",806030.00929500000,5819128.67442000005,13.50289943000,52.43649037200,"0"
"194058","11","0","11","011","2019","04","13","4","3","6","4","0","0","1","1","0","0","0",803691.18428399996,5827487.49988999963,13.47621122600,52.51271269600,"0"
"194059","11","0","04","004","2019","04","12","4","3","5","2","0","1","0","0","0","0","1",792084.10446599999,5828582.49734000023,13.30662743000,52.52886866400,"0"
"194060","11","0","02","002","2019","04","12","4","3","2","6","0","0","1","0","0","0","0",801565.43591400003,5828843.63764999900,13.44621128800,52.52604726700,"0"
"194061","11","0","06","006","2019","04","11","4","3","6","4","0","0","0","1","0","0","1",795078.46242999996,5819648.18144000042,13.34272986900,52.44716594700,"0"
"194062","11","0","03","003","2019","04","20","4","3","0","6","2","1","1","0","0","0","0",799026.66079300002,5830118.61206000019,13.41004811400,52.53887388500,"0"
"194063","11","0","08","008","2019","04","09","4","3","2","7","0","0","0","0","1","0","1",801173.38175199996,5822201.52857000101,13.43444452100,52.46672926800,"0"
"194064","11","0","09","009","2019","04","09","3","3","6","7","0","0","1","1","0","0","0",810986.32144900004,5822007.52580999956,13.57825536300,52.45949412600,"0"
"194065","11","0","03","003","2019","04","09","3","3","6","2","0","0","1","1","0","0","0",800883.50571099995,5831067.43582000025,13.43820322600,52.54635630500,"0"
"194066","11","0","04","004","2019","04","14","3","3","0","3","0","1","0","0","1","0","0",793246.07576599997,5826749.93742000032,13.32209163400,52.51181674500,"0"
"194067","11","0","01","001","2019","04","09","3","3","2","6","0","0","1","0","0","0","1",793882.60106200003,5830089.62031999975,13.33439583200,52.54141254300,"0"
"194068","11","0","05","005","2019","04","06","3","2","5","2","0","1","0","0","0","0","1",786580.05102000001,5829222.89785999991,13.22626743700,52.53753180000,"0"
"194069","11","0","04","004","2019","04","14","2","3","6","4","0","1","0","1","0","0","0",793734.54519300000,5823218.34448000044,13.32615466800,52.47989481000,"0"
"194070","11","0","01","001","2019","04","08","3","2","5","3","0","1","1","0","0","0","0",796741.15777199995,5826914.65935000032,13.37358966300,52.51140321400,"0"
"194071","11","0","06","006","2019","04","08","3","3","5","3","0","1","1","0","0","0","0",792355.81681200000,5820952.82648000028,13.30392565400,52.46032464800,"0"
"194072","11","0","04","004","2019","04","08","3","3","0","2","0","1","1","0","0","0","0",792851.76235300000,5824009.40194000024,13.31388798800,52.48746055100,"0"
"194073","11","0","06","006","2019","04","08","3","3","5","3","0","1","1","0","0","0","0",791782.13069200004,5819084.06139000040,13.29387318300,52.44387778700,"0"
"194074","11","0","01","001","2019","04","08","3","3","5","3","0","1","1","0","0","0","0",797046.91497599997,5828181.33990999963,13.37921277300,52.52259120000,"0"
"194075","11","0","03","003","2019","04","07","3","3","2","6","0","0","1","0","0","1","0",799846.77882000001,5837916.23314999975,13.42915493500,52.60831528700,"0"
"194076","11","0","11","011","2019","04","07","3","3","5","7","0","1","1","0","0","0","0",805206.63271000003,5828573.61734999903,13.49946963200,52.52160115200,"0"
"194077","11","0","07","007","2019","04","16","3","2","5","2","0","1","1","0","0","0","0",797027.13044099999,5820706.16971000098,13.37225935300,52.45559468900,"0"
"194078","11","0","09","009","2019","04","16","3","2","5","3","0","1","1","0","0","0","0",806127.68992499996,5822108.87263000105,13.50706309300,52.46314561700,"0"
"194079","11","0","01","001","2019","04","17","3","3","5","3","0","1","1","0","0","0","0",797341.68072299997,5831211.57866999973,13.38625573600,52.54959299000,"0"
"194080","11","0","10","010","2019","04","17","3","3","2","2","0","1","1","0","0","0","0",809552.07667900005,5828021.98323999997,13.56279933100,52.51420829100,"0"
"194081","11","0","07","007","2019","04","17","3","3","2","6","0","0","1","0","0","0","0",796369.26825400000,5815914.95351000037,13.35835874200,52.41300215900,"0"
"194082","11","0","02","002","2019","04","18","3","2","5","2","0","1","0","0","0","0","1",801247.58293499995,5827816.85708000045,13.44061031100,52.51701980600,"0"
"194083","11","0","02","002","2019","04","18","3","3","5","2","0","1","0","0","0","0","1",801127.69212300004,5828576.17996999901,13.43953618200,52.52389195300,"0"
"194084","11","0","06","006","2019","04","18","3","3","5","2","0","0","1","0","1","0","0",796058.64873899997,5818209.41660000011,13.35583571400,52.43373856500,"0"
"194085","11","0","01","001","2019","04","19","3","3","6","4","0","0","1","1","0","0","0",794426.85791000002,5828359.76343000028,13.34086556000,52.52561174100,"0"
"194086","11","0","05","005","2019","04","07","3","3","2","6","0","0","1","0","0","0","0",785304.33140799997,5830024.56044000015,13.20819783500,52.54538880600,"0"
"194087","11","0","12","012","2019","04","07","3","3","5","3","0","1","1","0","0","0","0",792653.94695999997,5835839.39824999962,13.32140365500,52.59361793300,"0"
"194088","11","0","04","004","2019","04","19","3","2","5","3","1","1","1","0","0","0","0",790854.89213000005,5823647.13131999969,13.28424635100,52.48528029400,"0"
"194089","11","0","07","007","2019","04","19","3","3","5","3","1","0","1","0","1","0","0",797387.64836100000,5822615.66017000098,13.37925088000,52.47251530100,"0"
"194090","11","0","02","002","2019","04","19","3","3","5","2","0","1","1","0","0","0","0",797941.22049900005,5825259.33750000037,13.38973956900,52.49591113100,"0"
"194091","11","0","02","002","2019","04","12","3","3","0","1","0","0","0","0","1","0","0",798695.03224199999,5824676.75748000015,13.40028807900,52.49027705800,"0"
"194092","11","0","05","005","2019","04","15","3","3","2","6","0","0","1","0","0","0","0",784628.50931500003,5828388.01389999967,13.19685676300,52.53106904500,"0"
"194093","11","0","01","001","2019","04","17","3","3","2","6","0","1","0","0","0","0","0",798266.11779100006,5828848.82552000042,13.39772813400,52.52790877300,"0"
"194094","11","0","06","006","2019","04","15","2","3","3","2","0","0","1","0","0","0","0",795894.15040399996,5819892.08432999905,13.35491295700,52.44891152800,"0"
"194095","11","0","06","006","2019","04","06","2","3","0","2","0","1","1","0","0","0","0",789072.44932799996,5815763.30317000020,13.25124660300,52.41554473200,"1"
"194096","11","0","03","003","2019","04","21","2","3","5","3","2","1","0","0","0","0","1",801385.07018499996,5830290.72365000099,13.44487275800,52.53911735900,"0"
"194097","11","0","10","010","2019","04","20","2","2","6","4","2","0","1","1","0","0","0",810312.78599999996,5831793.85800000001,13.57749404900,52.54757758500,"0"
"194098","11","0","04","004","2019","04","08","2","3","2","6","0","0","1","0","0","0","0",791241.46802799997,5827470.59088999964,13.29326738800,52.51935137800,"1"
"194099","11","0","02","002","2019","04","18","2","2","6","4","0","0","1","1","0","0","0",798611.63918599999,5825579.67086999957,13.39987280100,52.49841611400,"0"
"194100","11","0","09","009","2019","04","18","2","2","5","3","0","1","1","0","0","0","0",816911.78798100003,5812168.96733999997,13.65586430400,52.36793148800,"0"
"194101","11","0","03","003","2019","04","17","2","3","5","7","0","1","1","0","0","0","0",795543.80901600001,5835068.61993000098,13.36325456900,52.58514603500,"0"
"194102","11","0","11","011","2019","04","17","2","3","5","2","0","1","1","0","0","0","0",803865.43805400003,5826828.23202999961,13.47816924500,52.50670683100,"0"
"194103","11","0","09","009","2019","04","16","2","3","0","4","0","0","0","1","0","0","1",804955.20881500002,5820711.68506999966,13.48858239000,52.45127869700,"0"
"194104","11","0","03","003","2019","04","16","2","3","1","5","0","1","1","0","0","0","0",802399.20053699997,5831140.46714999899,13.46055362100,52.54617170700,"0"
"194105","11","0","05","005","2019","04","16","2","3","3","6","0","0","1","0","0","1","0",784934.07309800002,5829388.15044999961,13.20220666700,52.53987657500,"0"
"194106","11","0","01","001","2019","04","06","2","3","2","6","1","0","1","0","0","0","0",795192.85872500006,5825865.05534000043,13.34991061200,52.50283438400,"1"
"194107","11","0","08","008","2019","04","07","2","3","5","3","0","0","1","0","0","0","0",803803.43245299999,5821739.50827999972,13.47262095000,52.46113222100,"1"
"194108","11","0","07","007","2019","04","07","2","3","0","7","0","0","1","0","1","0","0",793433.97370500001,5822274.18560000043,13.32091078300,52.47159234800,"1"
"194109","11","0","03","003","2019","04","08","2","3","6","4","0","0","1","1","0","0","0",801170.21970799996,5832336.58612999972,13.44356980800,52.55757337200,"1"
"194110","11","0","04","004","2019","04","08","2","3","5","2","0","1","1","0","0","0","0",793328.36933500005,5829772.17525000032,13.32596670400,52.53886545000,"1"
"194111","11","0","08","008","2019","04","09","2","3","4","6","0","0","1","0","0","0","0",801457.41799999995,5823887.89199999999,13.44013712900,52.48168789800,"1"
"194112","11","0","04","004","2019","04","09","2","3","2","6","0","0","1","0","0","0","0",790563.41608200001,5825415.55951000098,13.28150831900,52.50128962700,"1"
"194113","11","0","02","002","2019","04","09","2","3","6","4","0","0","1","1","0","0","0",801491.13641000004,5828800.46337000094,13.44508027300,52.52570138400,"1"
"194114","11","0","06","006","2019","04","10","2","3","2","6","0","0","1","0","0","0","1",792192.08851899998,5816617.19787000027,13.29773187200,52.42154349100,"1"
"194115","11","0","12","012","2019","04","10","2","3","2","1","0","0","1","0","0","0","0",794990.38253599999,5833130.76339999959,13.35338549700,52.56807525400,"1"
"194116","11","0","12","012","2019","04","10","2","2","5","2","0","0","1","0","0","0","0",792353.66536500002,5834071.65993000101,13.31542362300,52.57793246900,"1"
"194117","11","0","05","005","2019","04","10","2","3","6","2","0","0","1","1","0","0","0",782390.16135600000,5827029.10056999978,13.16279323900,52.52004875200,"1"
"194118","11","0","01","001","2019","04","11","2","3","2","7","0","1","1","0","0","0","0",796855.06371400005,5828221.08638000023,13.37642885200,52.52305196600,"0"
"194119","11","0","02","002","2019","04","13","2","3","5","3","0","1","1","0","0","0","0",798823.74405400001,5825589.56886999961,13.40299690400,52.49838873900,"1"
"194120","11","0","10","010","2019","04","13","2","3","0","4","0","0","1","1","0","0","0",812225.34588100004,5830925.05786000006,13.60479139100,52.53869951900,"0"
"194121","11","0","05","005","2019","04","15","2","2","5","3","0","1","1","0","0","0","0",782698.51983000000,5827487.57172000036,13.16771548200,52.52399979200,"0"
"194122","11","0","10","010","2019","04","15","2","2","6","7","0","0","1","1","0","0","0",810181.95724599995,5833898.08812000044,13.57753714800,52.56650896700,"0"
"194123","11","0","04","004","2019","04","15","2","3","2","2","0","1","0","0","0","0","1",788291.78773200000,5826880.58136000019,13.24940471300,52.51562913600,"0"
"194124","11","0","09","009","2019","04","16","2","3","5","7","0","0","1","0","0","0","0",820737.71429699997,5819169.11428000033,13.71856761300,52.42842770700,"0"
"194125","11","0","04","004","2019","04","16","2","3","1","5","0","1","1","0","0","0","0",793541.87638799998,5826333.13308000006,13.32607028400,52.50792118300,"0"
"194126","11","0","01","001","2019","04","08","2","3","1","5","0","1","0","0","0","1","0",796859.87990000006,5831342.50533000100,13.37928805500,52.55102937300,"1"
"194127","11","0","06","006","2019","04","07","2","3","0","3","0","0","1","0","1","0","0",790050.91569900000,5819428.51109999977,13.26877263400,52.44788698000,"1"
"194128","11","0","12","012","2019","04","06","2","3","2","2","1","0","1","0","1","0","0",795781.28458900005,5832577.62440000009,13.36452747900,52.56268776300,"1"
"194129","11","0","04","004","2019","04","09","2","2","8","1","0","1","0","0","0","0","0",791441.96111100004,5826032.31022000033,13.29495425400,52.50635022600,"1"
"194130","11","0","02","002","2019","04","08","2","3","0","1","0","0","0","0","1","0","0",801281.51987299998,5828753.66131000035,13.44195745400,52.52539776400,"1"
"194131","11","0","04","004","2019","04","06","2","3","0","1","0","0","0","0","1","0","0",794229.97800000000,5825418.11600000039,13.33537108300,52.49934789300,"1"
"194132","11","0","01","001","2019","04","17","1","3","0","1","0","1","0","0","0","0","0",798351.13142600004,5829393.41624999978,13.39946632700,52.53274376700,"0"
"194133","11","0","01","001","2019","04","21","1","3","0","7","2","0","0","0","0","1","1",795588.28164099995,5830805.84690999892,13.36011087000,52.54691026100,"0"
"194134","11","0","01","001","2019","04","23","1","3","5","2","2","1","1","0","0","0","0",794568.98405299999,5828331.74036999978,13.34292962500,52.52528376200,"0"
"194135","11","0","11","011","2019","04","18","1","3","1","5","0","1","1","0","0","0","0",805558.21766700002,5825985.84515000042,13.50225989600,52.49821162000,"0"
"194136","11","0","11","011","2019","04","17","1","3","4","6","0","0","1","0","0","0","0",806874.68636099994,5832658.61729000043,13.52775018800,52.55727508900,"0"
"194137","11","0","02","002","2019","04","16","1","3","5","3","0","0","1","0","0","0","0",799552.81397500006,5824898.45165000018,13.41308330700,52.49179421000,"0"
"194138","11","0","08","008","2019","04","14","1","3","0","6","0","0","1","0","1","0","0",802965.57053699996,5822502.30893999990,13.46101900200,52.46843434100,"0"
"194139","11","0","11","011","2019","04","13","1","3","5","2","0","1","0","0","0","0","1",805154.78969400004,5831640.19149000105,13.50152348900,52.54911402400,"0"
"194140","11","0","02","002","2019","04","08","1","3","1","5","0","1","1","0","0","0","0",800002.59399800003,5825388.23304000031,13.42012920500,52.49593733200,"1"
"194141","11","0","02","002","2019","04","11","1","3","5","2","0","0","1","0","0","0","0",799220.30842300004,5825991.08303999994,13.40918201300,52.50177045300,"0"
"194142","11","0","11","011","2019","04","13","1","3","0","1","0","0","0","0","1","0","0",803910.75164200005,5828363.45289000031,13.48023686100,52.52044129200,"0"
"194143","11","0","02","002","2019","04","17","7","3","5","7","0","1","1","0","0","0","0",801108.79539400002,5825448.78199000098,13.43642932300,52.49587089900,"0"
"194144","11","0","08","008","2019","04","00","7","3","6","2","2","0","1","1","0","0","0",801308.07808899996,5823824.72635000106,13.43788760100,52.48120415000,"1"
"194145","11","0","07","007","2019","04","21","7","3","2","6","2","0","1","0","0","0","0",798176.01848600002,5818951.46016000025,13.38755112200,52.43924012200,"0"
"194146","11","0","06","006","2019","04","15","7","3","0","7","0","1","0","0","0","0","0",789105.06754299998,5815565.29425000027,13.25155383300,52.41375224300,"0"
"194147","11","0","01","001","2019","04","00","7","3","5","3","2","1","1","0","0","0","0",799063.79381399998,5828982.66124999896,13.40957189600,52.52867141400,"1"
"194148","11","0","04","004","2019","04","16","7","3","3","6","0","1","1","0","0","0","0",792920.08360400004,5825526.82696999982,13.31622552100,52.50102714000,"0"
"194149","11","0","01","001","2019","04","15","7","3","5","3","0","1","0","0","0","0","0",795046.84511200001,5829939.97056000028,13.35138034100,52.53944189000,"0"
"194150","11","0","04","004","2019","04","14","7","3","5","2","0","1","1","0","0","0","0",792081.36670899997,5826801.40569000039,13.30502316600,52.51290306700,"0"
"194151","11","0","09","009","2019","04","14","7","3","4","6","0","1","0","0","0","0","0",810864.42150599998,5820305.40828000009,13.57488278900,52.44430980200,"0"
"194152","11","0","05","005","2019","04","13","7","3","2","6","0","0","1","0","0","0","0",787500.93658099999,5829892.05977000110,13.24038667500,52.54304611800,"0"
"194153","11","0","03","003","2019","04","13","7","3","5","2","0","1","0","0","0","0","1",799212.79430900002,5831806.19290000014,13.41430467800,52.55389824400,"0"
"194154","11","0","07","007","2019","04","13","7","3","5","2","0","1","0","0","1","0","0",797897.04737399996,5823993.00408999901,13.38795874700,52.48458405200,"0"
"194155","11","0","01","001","2019","04","12","7","3","6","4","0","0","0","1","0","1","0",794665.41983599996,5831462.94359000027,13.34712385000,52.55330057600,"0"
"194156","11","0","08","008","2019","04","11","7","3","0","2","0","1","1","0","0","0","0",800657.35730000003,5824525.23923000041,13.42896626200,52.48784174700,"0"
"194157","11","0","11","011","2019","04","10","7","3","6","2","0","0","1","1","0","0","0",805181.91787999996,5827914.56089999992,13.49850192300,52.51570823100,"0"
"194158","11","0","12","012","2019","04","08","7","2","3","6","0","1","0","0","0","0","0",789581.85133900004,5839728.27919999976,13.27958250700,52.63012604300,"0"
"194159","11","0","03","003","2019","04","03","7","3","0","1","2","0","1","0","0","0","0",802720.77006000001,5831745.09817999974,13.46583245300,52.55141231500,"1"
"194160","11","0","11","011","2019","04","23","7","3","0","1","2","1","0","0","0","0","0",804212.54817500000,5829057.89108000044,13.48530631500,52.52649699100,"0"
"194161","11","0","03","003","2019","04","09","6","3","5","2","0","1","1","0","0","0","0",799178.61462699994,5831110.50248000026,13.41317522200,52.54768124600,"0"
"194162","11","0","09","009","2019","04","17","6","3","5","3","0","1","1","0","0","0","0",804745.60673799994,5822303.52632000018,13.48696058500,52.46566275100,"0"
"194163","11","0","01","001","2019","04","23","6","3","5","2","2","1","0","0","1","0","0",797688.19719800004,5829240.41904000007,13.38958493900,52.53173480400,"0"
"194164","11","0","02","002","2019","04","20","6","3","5","2","1","1","1","0","0","0","0",799990.16344999999,5826204.58552000020,13.42068197200,52.50326148100,"0"
"194165","11","0","03","003","2019","04","20","6","3","5","3","0","1","1","0","0","0","0",797413.37894600001,5833970.93391000107,13.38978322000,52.57428792400,"0"
"194166","11","0","08","008","2019","04","19","6","3","2","6","1","0","1","0","0","0","0",801284.50591499999,5819668.19797999971,13.43378962600,52.44396095700,"0"
"194167","11","0","03","003","2019","04","18","6","3","5","3","0","1","1","0","0","0","0",799550.55906300002,5835429.36577000096,13.42254391300,52.58618821800,"0"
"194168","11","0","06","006","2019","04","18","6","3","5","5","0","1","1","0","0","0","0",792374.89102700003,5820852.95564000029,13.30411812200,52.45941911300,"0"
"194169","11","0","12","012","2019","04","22","6","3","1","5","2","0","1","0","0","0","0",792324.94619799999,5837248.08339000028,13.31780436400,52.60642303900,"0"
"194170","11","0","08","008","2019","04","20","6","2","5","2","0","0","1","0","0","0","0",802479.15448200004,5820699.09631999955,13.45224634900,52.45254150600,"0"
"194171","11","0","04","004","2019","04","09","6","3","5","3","0","1","1","0","0","0","0",792400.89312000002,5825062.97303999960,13.30819143800,52.49714725500,"0"
"194172","11","0","07","007","2019","04","08","6","3","0","7","0","0","1","0","0","0","1",797451.85957600002,5820558.38159000035,13.37835993700,52.45403894200,"0"
"194173","11","0","03","003","2019","04","07","6","3","1","5","0","1","0","0","0","0","1",800444.46470699995,5829725.86658999976,13.43053504000,52.53457380100,"0"
"194174","11","0","01","001","2019","04","07","6","3","1","5","0","1","1","0","0","0","0",796850.62543500005,5826159.04853000026,13.37452414100,52.50457038700,"0"
"194175","11","0","07","007","2019","04","09","6","3","1","5","0","1","1","0","0","0","0",796400.44608899998,5824750.76975999959,13.36665780100,52.49219122400,"0"
"194176","11","0","01","001","2019","04","10","6","3","3","6","0","0","1","0","0","1","0",793948.01847999997,5830111.57378999982,13.33537707900,52.54157405600,"0"
"194177","11","0","04","004","2019","04","12","6","3","5","3","0","1","0","0","1","0","0",791185.05500000005,5826502.92700000014,13.29159149000,52.51070646100,"0"
"194178","11","0","02","002","2019","04","12","6","3","5","2","0","1","1","0","0","0","0",803578.98223400000,5827251.87659000047,13.47434799700,52.51066332000,"0"
"194179","11","0","01","001","2019","04","14","6","3","5","3","0","0","1","0","0","1","0",797959.84117100004,5827080.31787999999,13.39164261700,52.51222382600,"0"
"194180","11","0","05","005","2019","04","14","6","3","2","6","0","0","1","0","0","0","0",786439.34152100002,5831084.34561000019,13.22580390700,52.55429490300,"0"
"194181","11","0","04","004","2019","04","14","6","3","3","6","0","1","1","0","0","0","0",789804.48004599998,5826344.36768999975,13.27116758700,52.51002018000,"0"
"194182","11","0","04","004","2019","04","14","6","3","3","6","0","1","1","0","0","0","0",792146.21400299994,5826474.89054999966,13.30568940000,52.50994120200,"0"
"194183","11","0","10","010","2019","04","15","6","3","2","6","0","0","1","0","0","0","0",806289.75909599999,5830171.44852999970,13.51685557200,52.53531396300,"0"
"194184","11","0","01","001","2019","04","17","6","3","1","5","0","1","1","0","0","0","0",794260.59121500002,5828452.53629999980,13.33850395400,52.52653315600,"0"
"194185","11","0","09","009","2019","04","16","6","3","2","6","0","0","1","0","0","0","1",810015.36740200000,5816020.72161000036,13.55845975700,52.40639323900,"0"
"194186","11","0","03","003","2019","04","16","6","3","6","4","0","0","1","1","0","0","0",799899.70686499996,5830608.42176000029,13.42332429400,52.54278445800,"0"
"194187","11","0","06","006","2019","04","16","6","3","5","3","0","1","1","0","0","0","0",790839.94972599996,5817584.75385999959,13.27874550100,52.43093815800,"0"
"194188","11","0","08","008","2019","04","16","6","3","2","6","0","0","1","0","0","0","0",800684.97570800001,5824989.94546999969,13.42979109500,52.49199185200,"0"
"194189","11","0","06","006","2019","04","17","6","3","2","6","0","0","1","0","1","0","0",793299.14183700003,5818922.56223999988,13.31598720400,52.44161838500,"0"
"194190","11","0","08","008","2019","04","17","6","3","5","2","0","0","1","0","0","0","0",800663.84715599997,5824386.21052999981,13.42893613500,52.48659201100,"0"
"194191","11","0","07","007","2019","04","13","6","3","1","5","0","0","1","0","0","0","0",794540.31801900000,5822679.55530000012,13.33750940700,52.47463085900,"0"
"194192","11","0","10","010","2019","04","11","5","3","5","3","0","1","1","0","0","0","0",813472.04516099999,5824893.86775000021,13.61743306200,52.48393876900,"0"
"194193","11","0","10","010","2019","04","20","5","3","0","2","1","0","1","0","0","0","1",812237.60572100000,5830686.51800999977,13.60474744700,52.53655491800,"0"
"194194","11","0","07","007","2019","04","12","5","3","5","3","0","1","1","0","0","0","0",796576.69008900004,5824829.31637999974,13.36931599600,52.49279959100,"0"
"194195","11","0","04","004","2019","04","16","5","3","6","2","0","0","1","1","0","0","0",789726.53982900002,5826409.79681999981,13.27007932000,52.51064816700,"0"