OBJECTID,ULAND,UREGBEZ,UKREIS,UGEMEINDE,UJAHR,UMONAT,USTUNDE,UWOCHENTAG,UKATEGORIE,UART,UTYP1,ULICHTVERH,IstRad,IstPKW,IstFuss,IstKrad,IstGkfz,IstSonstig,LINREFX,LINREFY,XGCSWGS84,YGCSWGS84,STRZUSTAND
"194196","11","0","04","004","2019","04","18","5","3","3","6","0","0","1","0","0","1","0",790411.05448399996,5825795.99825000018,13.27960186400,52.50478140900,"0"
"194197","11","0","07","007","2019","04","18","5","3","2","2","0","0","1","0","0","0","0",796144.23805199994,5820776.29533999972,13.35936622600,52.45670239300,"0"
"194198","11","0","08","008","2019","04","17","5","3","2","6","0","0","1","0","1","0","0",801602.12518500001,5817444.88822999969,13.43644297500,52.42385762800,"0"
"194199","11","0","07","007","2019","04","07","5","3","6","4","0","0","1","1","0","0","0",796015.23283100000,5825137.69039000105,13.36134439000,52.49586867200,"0"
"194200","11","0","07","007","2019","04","06","5","3","3","6","0","0","1","0","0","0","0",798649.53981400002,5820508.37951000035,13.39588831100,52.45293768300,"0"
"194201","11","0","03","003","2019","04","17","5","3","1","5","0","1","1","0","0","0","0",799327.09358700004,5830077.24863000028,13.41442735300,52.53833819000,"0"
"194202","11","0","07","007","2019","04","16","5","3","0","3","0","0","1","0","1","0","0",796820.32462099998,5820139.64828999899,13.36872124300,52.45062867100,"0"
"194203","11","0","05","005","2019","04","16","5","3","0","3","0","0","1","0","0","0","1",785563.34507499996,5826155.45760000031,13.20868382100,52.51056324500,"0"
"194204","11","0","02","002","2019","04","16","5","3","5","1","0","0","1","0","1","0","0",801458.40599999996,5827274.31300000008,13.44321633500,52.51204042600,"0"
"194205","11","0","09","009","2019","04","16","5","2","5","3","0","1","1","0","0","0","0",809656.31684500002,5821501.98579000030,13.55827398500,52.45571876100,"0"
"194206","11","0","04","004","2019","04","16","5","3","0","4","0","1","0","1","0","0","0",790788.17317700002,5824798.84133999981,13.28427165100,52.49564099200,"0"
"194207","11","0","03","003","2019","04","15","5","2","5","3","0","1","1","0","0","0","0",800516.60517100000,5836163.15787999984,13.43742573000,52.59223248900,"0"
"194208","11","0","04","004","2019","04","16","5","3","2","6","0","0","1","0","0","0","0",793930.95297300001,5825041.73326000012,13.33064659100,52.49613495200,"0"
"194209","11","0","06","006","2019","04","15","5","3","5","2","0","1","1","0","0","0","0",788224.89801300003,5818882.66600000020,13.24150784300,52.44395887900,"0"
"194210","11","0","09","009","2019","04","15","5","3","3","6","0","0","1","0","1","0","0",810530.61369899998,5820315.24540999904,13.56999637500,52.44458762000,"0"
"194211","11","0","02","002","2019","04","05","5","2","2","6","0","1","1","0","0","0","0",801830.31147499999,5828987.95894000027,13.45023475700,52.52719425100,"0"
"194212","11","0","01","001","2019","04","15","5","3","2","2","0","1","1","0","0","0","0",799248.35100000002,5828469.19099999964,13.41182226400,52.52396765400,"0"
"194213","11","0","11","011","2019","04","13","5","3","5","5","0","1","1","0","0","0","1",803513.51058799995,5826456.44175000023,13.47266102500,52.50357044800,"0"
"194214","11","0","09","009","2019","04","12","5","2","5","3","0","1","1","0","0","0","0",811636.21268400003,5820017.71148000006,13.58593322500,52.44129233000,"0"
"194215","11","0","03","003","2019","04","12","5","3","5","3","0","1","0","0","0","0","1",801579.35451800004,5836356.04494000040,13.45324244500,52.59337310400,"0"
"194216","11","0","09","009","2019","04","12","5","3","0","3","0","1","1","0","0","0","0",811639.66733299999,5818610.10969999991,13.58467183100,52.42867615100,"0"
"194217","11","0","05","005","2019","04","12","5","3","5","3","0","0","1","0","1","0","0",780885.87141300004,5829128.97566000000,13.14245551600,52.53965457800,"0"
"194218","11","0","02","002","2019","04","12","5","3","5","2","0","0","1","0","1","0","0",801864.80396799999,5828982.55965999980,13.45073675100,52.52712676000,"0"
"194219","11","0","07","007","2019","04","11","5","3","5","3","0","1","1","0","0","0","0",794736.48199200002,5825538.53844000027,13.34291753500,52.50015408000,"0"
"194220","11","0","03","003","2019","04","10","5","3","3","6","0","1","1","0","0","0","0",801269.95452599996,5831848.10084000044,13.44459319400,52.55313989200,"0"
"194221","11","0","09","009","2019","04","09","5","3","5","2","0","1","0","0","0","1","0",807686.68781100004,5817735.95416000020,13.52591194500,52.42307910000,"0"
"194222","11","0","08","008","2019","04","09","5","3","1","5","0","1","1","0","0","0","0",801498.04567000002,5824692.05977999978,13.44146094700,52.48887338200,"0"
"194223","11","0","12","012","2019","04","09","5","3","0","6","0","0","0","0","0","0","1",793465.39113700006,5836104.55822000001,13.33358339200,52.59555767200,"0"
"194224","11","0","03","003","2019","04","09","5","3","5","2","0","1","1","0","0","0","0",801855.75777599995,5832900.48694999982,13.45416418700,52.56224802900,"0"
"194225","11","0","07","007","2019","04","08","5","3","5","3","0","1","1","0","0","0","0",795395.82006800000,5821210.63410999905,13.34876802900,52.46100097000,"0"
"194226","11","0","01","001","2019","04","08","5","3","5","3","0","1","1","0","0","0","0",798589.41895600001,5829514.15017999988,13.40307728500,52.53369549400,"0"
"194227","11","0","02","002","2019","04","13","5","3","1","7","0","0","1","0","0","0","0",801001.67750999995,5825499.64456999954,13.43490218200,52.49638587800,"0"
"194228","11","0","03","003","2019","04","16","5","3","5","7","0","1","1","0","0","0","0",801841.19103300001,5830733.66177000105,13.45198005200,52.54283495900,"0"
"194229","11","0","05","005","2019","04","20","4","3","1","1","2","0","1","0","0","0","0",786652.79154899996,5830453.76520000026,13.22839916200,52.54852905500,"0"
"194230","11","0","05","005","2019","04","20","4","2","5","3","2","0","1","0","1","0","0",782818.70879399998,5830395.79360000044,13.17195752900,52.55001346600,"0"
"194231","11","0","09","009","2019","04","16","4","3","0","3","0","1","1","0","0","0","0",820200.60769600002,5819629.40414000023,13.71113563200,52.43286643100,"0"
"194232","11","0","02","002","2019","04","22","4","3","6","2","2","0","1","1","0","0","0",799599.24069400004,5825844.63893000036,13.41461605200,52.50024988700,"0"
"194233","11","0","09","009","2019","04","11","4","3","0","3","0","0","1","0","0","0","0",809216.47164999996,5823033.01735999994,13.55323982200,52.46968864700,"0"
"194234","11","0","01","001","2019","04","11","4","3","2","6","0","0","1","0","1","0","0",796222.07134499995,5828479.48802000005,13.36735653100,52.52571254200,"0"
"194235","11","0","01","001","2019","04","20","4","3","5","3","2","0","1","0","0","0","1",793686.58604700002,5832251.55387999956,13.33342611600,52.56089866700,"0"
"194236","11","0","04","004","2019","04","05","4","3","6","2","1","1","0","1","0","0","0",792875.90036199999,5824340.11663999967,13.31453311300,52.49041236400,"0"
"194237","11","0","02","002","2019","04","20","4","3","5","3","1","1","0","0","0","0","0",797956.22562699998,5824572.25860999897,13.38934549800,52.48974409700,"0"
"194238","11","0","07","007","2019","04","22","4","3","3","6","2","0","1","0","0","0","0",795859.90753500001,5823156.40225000028,13.35730430400,52.47819224400,"0"
"194239","11","0","01","001","2019","04","21","4","3","5","7","2","0","1","0","1","0","0",794737.47568699997,5826038.09463000018,13.34337430700,52.50463173900,"0"
"194240","11","0","04","004","2019","04","20","4","3","5","3","1","1","1","0","0","0","0",792956.85408399999,5825541.96822999977,13.31677898900,52.50114313700,"0"
"194241","11","0","06","006","2019","04","18","4","3","3","6","0","1","1","0","0","0","0",791446.32295800000,5819340.09583000094,13.28916981700,52.44635224700,"0"
"194242","11","0","07","007","2019","04","18","4","3","0","6","0","1","0","0","0","0","1",795851.79388000001,5822567.07402000017,13.35666240500,52.47291376800,"0"
"194243","11","0","05","005","2019","04","17","4","3","6","7","0","0","1","1","0","0","0",784859.92978699994,5829533.69634999894,13.20124119400,52.54122029800,"0"
"194244","11","0","06","006","2019","04","20","4","3","1","1","1","0","1","0","0","0","0",790476.56682199996,5817557.30790000036,13.27339183800,52.43088517200,"0"
"194245","11","0","01","001","2019","04","13","4","3","0","1","0","1","0","0","0","0","0",795945.71099800000,5825827.54535999987,13.36093630500,52.50209033400,"0"
"194246","11","0","03","003","2019","04","17","4","3","1","1","0","0","1","0","1","0","0",800483.21381500002,5836390.30647000019,13.43714035100,52.59428688800,"0"
"194247","11","0","07","007","2019","04","17","4","3","2","6","0","0","1","0","0","0","0",798893.71522599994,5821134.06276000012,13.40003095400,52.45841268900,"0"
"194248","11","0","10","010","2019","04","12","4","3","2","6","0","0","1","0","1","0","0",812197.96818400000,5830919.89496999979,13.60438418300,52.53866893700,"0"
"194249","11","0","02","002","2019","04","12","4","3","2","7","0","0","1","0","0","0","1",800984.31660899997,5828251.91076999903,13.43713583900,52.52106463100,"0"
"194250","11","0","11","011","2019","04","16","4","3","6","4","0","0","1","1","0","0","0",804578.06993799994,5829087.51929000020,13.49070472300,52.52655846100,"0"
"194251","11","0","01","001","2019","04","13","4","3","1","5","0","1","1","0","0","0","0",798437.70699700003,5829159.23106000014,13.40052862700,52.53059722600,"0"
"194252","11","0","02","002","2019","04","13","4","3","5","2","0","1","1","0","0","0","0",801765.01730700000,5826249.19328000024,13.44679147200,52.50268265500,"0"
"194253","11","0","05","005","2019","04","13","4","3","5","2","0","0","1","0","0","0","0",784662.66643700004,5829704.04258999974,13.19848633100,52.54285071400,"0"
"194254","11","0","01","001","2019","04","15","4","3","5","3","0","1","1","0","0","0","0",798582.13084100001,5829513.65634999890,13.40296971300,52.53369506000,"0"
"194255","11","0","01","001","2019","04","15","4","3","5","2","0","1","1","0","0","0","0",793952.85855799995,5830171.19842999894,13.33550100000,52.54210594200,"0"
"194256","11","0","01","001","2019","04","10","4","3","5","2","0","0","1","0","0","0","1",798079.60400000005,5829993.13100000005,13.39601310100,52.53826796800,"0"
"194257","11","0","11","011","2019","04","10","4","3","2","2","0","1","0","0","0","0","1",803334.80621800001,5826303.63707999978,13.46989709900,52.50230026100,"0"
"194258","11","0","01","001","2019","04","10","4","3","6","2","0","1","0","1","0","0","0",797079.76218199998,5828184.99746000022,13.37969875300,52.52260609000,"0"
"194259","11","0","05","005","2019","04","09","4","3","2","6","0","0","1","0","0","0","0",784586.62780200003,5829180.42800000031,13.19691957500,52.53819570900,"0"
"194260","11","0","10","010","2019","04","08","4","3","5","2","0","1","1","0","0","0","0",809117.88587999996,5829716.91311000101,13.55799651100,52.52964399400,"0"
"194261","11","0","03","003","2019","04","06","4","3","2","2","0","0","1","0","0","0","0",799387.93208199996,5835264.09922000021,13.42000135400,52.58479640500,"0"
"194262","11","0","08","008","2019","04","17","4","3","1","2","0","0","1","1","0","0","1",800479.97866999998,5823616.03332000040,13.42554224400,52.47978984000,"0"
"194263","11","0","07","007","2019","04","14","3","3","5","2","0","1","1","0","0","0","0",798730.81200000003,5821869.15000000037,13.39829840400,52.46509089700,"0"
"194264","11","0","03","003","2019","04","21","3","3","6","4","2","1","1","1","0","0","0",800914.86815800006,5830713.17160000000,13.43834339800,52.54316366400,"0"
"194265","11","0","12","012","2019","04","21","3","3","2","2","2","0","1","0","0","0","0",790731.02444800001,5835265.94517999981,13.29259291200,52.58950838800,"0"
"194266","11","0","01","001","2019","04","21","3","3","0","7","2","0","0","0","1","0","0",797927.96897900000,5829908.71243999992,13.39370828100,52.53759418600,"0"
"194267","11","0","11","011","2019","04","10","3","3","5","2","0","0","1","0","1","0","0",806095.15404599998,5834571.35309999995,13.51805234700,52.57485598800,"0"
"194268","11","0","04","004","2019","04","10","3","3","5","3","0","1","1","0","0","0","0",791665.34449399996,5830679.34001000039,13.30231252500,52.54789062900,"0"
"194269","11","0","09","009","2019","04","20","3","3","5","2","2","0","1","0","0","0","0",808977.06486399996,5818113.37621999998,13.54517661400,52.42573454300,"0"
"194270","11","0","12","012","2019","04","10","3","3","2","2","0","0","1","0","0","0","0",792927.30900000001,5837087.04999999981,13.32653151500,52.60465522400,"0"
"194271","11","0","05","005","2019","04","12","3","3","2","6","0","0","1","0","0","0","0",784789.04121900001,5828838.98984999955,13.19960331800,52.53502863600,"0"
"194272","11","0","04","004","2019","04","17","3","3","5","2","0","0","1","0","1","0","0",792055.44400000002,5822456.12999999989,13.30083305000,52.47396224300,"0"
"194273","11","0","05","005","2019","04","10","3","3","8","1","0","0","1","0","0","0","0",782120.77724700002,5827991.35290000029,13.15964991900,52.52881618900,"0"
"194274","11","0","01","001","2019","04","09","3","3","5","3","0","1","1","0","0","0","0",796957.42392400000,5826860.90727000032,13.37671909200,52.51080369400,"0"
"194275","11","0","07","007","2019","04","09","3","3","0","2","0","0","1","0","0","0","1",795525.36499999999,5823858.67200000025,13.35301524800,52.48466870900,"0"
"194276","11","0","04","004","2019","04","09","3","2","5","2","0","1","1","0","0","0","0",794163.00399999996,5826986.61799999978,13.33577327800,52.51344473900,"0"
"194277","11","0","03","003","2019","04","08","3","3","5","2","0","0","1","0","0","0","0",800221.70679099998,5831191.25217000023,13.42858496900,52.54783119600,"0"
"194278","11","0","03","003","2019","04","09","3","3","2","6","0","0","0","0","1","0","1",801741.44949499995,5830058.94955999963,13.44990101500,52.53684275500,"0"
"194279","11","0","04","004","2019","04","09","3","3","3","6","0","0","1","0","0","0","0",794171.29483799997,5825334.07230999973,13.33443486400,52.49862612400,"0"
"194280","11","0","03","003","2019","04","08","3","3","5","3","0","0","1","0","0","0","0",801991.32835199998,5832821.03933999967,13.45608577900,52.56146077600,"0"
"194281","11","0","05","005","2019","04","08","3","2","5","2","0","0","1","0","1","0","0",780081.92373100005,5830182.74067999981,13.13152119500,52.54951725900,"0"
"194282","11","0","05","005","2019","04","08","3","3","5","7","0","0","1","0","1","0","0",785448.31563400000,5828608.73878000025,13.20909898500,52.53261933000,"0"
"194283","11","0","01","001","2019","04","08","3","2","5","3","0","1","1","0","0","0","0",796541.35882400000,5829874.36268000025,13.37329341600,52.53804256200,"0"
"194284","11","0","05","005","2019","04","07","3","3","5","2","0","1","0","0","0","0","1",784734.24235199997,5828588.87368999980,13.19858331300,52.53281473000,"0"
"194285","11","0","09","009","2019","04","06","3","3","5","3","0","1","1","0","0","0","0",805715.20145599998,5823995.10976000037,13.50273902600,52.48028189100,"0"
"194286","11","0","02","002","2019","04","11","3","2","2","6","0","0","1","0","1","0","0",797373.24765300006,5824874.80886999890,13.38105466500,52.49277401000,"0"
"194287","11","0","04","004","2019","04","11","3","3","5","2","0","1","1","0","0","0","0",792600.80694299995,5823072.87863000110,13.30938059500,52.47919939100,"0"
"194288","11","0","01","001","2019","04","11","3","3","5","2","0","0","1","0","0","0","0",794906.53177600005,5828293.70136999898,13.34785690800,52.52476029300,"0"
"194289","11","0","05","005","2019","04","12","3","3","2","7","0","1","1","0","0","0","0",781715.56410199997,5829145.92786000017,13.15467113700,52.53937825300,"0"
"194290","11","0","08","008","2019","04","12","3","3","0","7","0","0","1","0","0","0","0",801181.50492600002,5820594.76862999890,13.43311414100,52.45232288000,"0"
"194291","11","0","12","012","2019","04","12","3","3","2","6","0","0","1","0","0","0","0",792067.13303899998,5832942.13834000006,13.31021229300,52.56796059400,"0"
"194292","11","0","09","009","2019","04","13","3","3","2","6","0","0","1","0","0","0","0",809338.05935500003,5822682.14695999958,13.55469879600,52.46647537900,"0"
"194293","11","0","04","004","2019","04","14","3","3","0","7","0","0","1","0","0","0","1",793331.81802100001,5824306.10188999958,13.32119883500,52.48986263800,"0"
"194294","11","0","07","007","2019","04","13","3","3","2","6","0","0","1","0","0","0","1",799059.68513500004,5819743.74340999965,13.40122141700,52.44585945900,"0"
"194295","11","0","04","004","2019","04","14","3","3","1","5","0","1","1","0","0","0","0",792154.18499900005,5827256.58597999997,13.30649281400,52.51694465300,"0"
"194296","11","0","08","008","2019","04","14","3","3","0","6","0","0","1","0","1","0","0",802520.03623700002,5823137.95559000038,13.45505670000,52.47437855800,"0"
"194297","11","0","05","005","2019","04","15","3","3","2","6","0","0","1","0","0","0","0",781126.86208800005,5820046.88140000030,13.13833294000,52.45809397800,"0"
"194298","11","0","04","004","2019","04","15","3","3","6","4","0","0","1","1","0","0","0",793054.12336400000,5825234.72647000104,13.31793749300,52.49833659200,"0"
"194299","11","0","09","009","2019","04","16","3","2","5","2","0","1","1","0","0","0","0",814209.92753099999,5821928.12877000030,13.62547060900,52.45693896100,"0"
"194300","11","0","01","001","2019","04","16","3","3","5","3","0","1","1","0","0","0","0",798658.87906299997,5828820.44465999957,13.40347506000,52.52743935400,"0"
"194301","11","0","01","001","2019","04","16","3","3","5","2","0","0","1","0","1","0","0",794405.32194900000,5827596.94299000036,13.33987381000,52.51878517800,"0"
"194302","11","0","01","001","2019","04","15","2","3","2","2","0","0","1","0","0","0","0",794018.78257699998,5830174.78564999904,13.33647345900,52.54210253000,"0"
"194303","11","0","08","008","2019","04","14","2","3","5","2","0","1","1","0","0","0","0",804702.84745300002,5817818.27226999961,13.48224268400,52.42548648000,"0"
"194304","11","0","02","002","2019","04","15","2","3","2","6","0","0","1","0","0","0","0",798626.49269700004,5826386.80621000100,13.40081478100,52.50564287600,"0"
"194305","11","0","01","001","2019","04","22","2","3","1","5","2","0","1","0","1","0","0",795871.82137400005,5831152.28942999896,13.36458873500,52.54986186500,"0"
"194306","11","0","04","004","2019","04","19","2","3","5","7","2","0","1","0","0","0","0",790398.49165500002,5825655.64405000024,13.27929487500,52.50352980600,"0"
"194307","11","0","01","001","2019","04","00","2","3","2","6","2","0","1","0","0","0","0",796633.89276900003,5829795.26068000030,13.37458314100,52.53728313800,"0"
"194308","11","0","11","011","2019","04","23","2","3","5","3","2","0","1","0","0","0","0",805479.10792400001,5826709.05088000000,13.50176155400,52.50473758900,"0"
"194309","11","0","12","012","2019","04","18","2","3","6","4","0","0","1","1","0","0","0",789586.81019700004,5834345.23869000096,13.27494536900,52.58186461100,"0"
"194310","11","0","10","010","2019","04","18","2","3","5","2","0","0","1","0","0","0","0",809288.61915799999,5831671.63135000039,13.56232465800,52.54706462600,"0"
"194311","11","0","09","009","2019","04","18","2","2","0","1","0","0","0","0","1","0","0",814778.05177799996,5818254.59506000020,13.63034461200,52.42369394200,"0"
"194312","11","0","03","003","2019","04","16","2","2","2","6","0","1","0","0","0","0","0",801655.09856299998,5830131.32471999992,13.44869743400,52.53753925700,"0"
"194313","11","0","09","009","2019","04","14","2","3","0","7","0","1","0","1","0","0","0",811239.59674700000,5820234.02151000034,13.58031847600,52.44345666000,"0"
"194314","11","0","10","010","2019","04","14","2","3","5","3","0","1","0","0","0","0","0",814334.10883000004,5830073.41779000033,13.63497644100,52.52985606300,"0"
"194315","11","0","09","009","2019","04","14","2","2","4","1","0","0","1","0","0","0","0",808012.35332400003,5819781.71502999961,13.53257047900,52.44123034800,"0"
"194316","11","0","09","009","2019","04","13","2","3","0","2","0","0","1","0","0","0","1",811334.43354300002,5815644.97730000038,13.57743897000,52.40227758300,"0"
"194317","11","0","08","008","2019","04","13","2","3","2","6","0","1","1","0","0","0","0",802511.09418899997,5817956.63023000024,13.45023262600,52.42794272800,"0"
"194318","11","0","09","009","2019","04","10","2","3","5","3","0","1","1","0","0","0","0",816925.25863000005,5817159.65364000015,13.66077980100,52.41264341500,"0"
"194319","11","0","02","002","2019","04","09","2","2","5","3","0","0","1","0","1","0","0",797615.89035899995,5825532.08636999968,13.38520525300,52.49853351100,"0"
"194320","11","0","09","009","2019","04","10","1","2","5","3","0","0","1","0","0","0","1",807941.24166299996,5816571.33430000022,13.52857198700,52.41249834200,"0"
"194321","11","0","04","004","2019","04","18","1","3","6","4","0","1","0","1","0","0","0",791240.70027999999,5829696.33232999966,13.29520593500,52.53930530700,"0"
"194322","11","0","07","007","2019","04","16","1","3","5","3","0","1","1","0","0","0","0",797858.34726099996,5815725.80412000045,13.38001931900,52.41049841800,"0"
"194323","11","0","08","008","2019","04","16","1","3","5","3","0","0","1","0","1","0","0",799853.53666200000,5816513.46618000045,13.40997023100,52.41646964900,"0"
"194324","11","0","09","009","2019","04","16","1","3","6","7","0","1","0","1","0","0","0",812159.89442799997,5819710.56639000028,13.59332582900,52.43824123100,"0"
"194325","11","0","02","002","2019","04","15","1","3","6","7","0","1","0","1","0","0","0",800565.06281200005,5825807.80779999960,13.42876815400,52.49938866500,"0"
"194326","11","0","03","003","2019","04","11","1","3","5","7","0","1","1","0","0","0","0",799219.86800000002,5831773.70600000024,13.41437942000,52.55360316400,"0"
"194327","11","0","10","010","2019","04","17","1","2","1","5","0","1","1","0","0","0","0",809827.71915100003,5832983.34111000039,13.57147346900,52.55851319700,"0"
"194328","11","0","08","008","2019","04","03","1","3","1","1","2","0","1","0","0","0","1",801780.87852200004,5822803.60422000010,13.44390462400,52.47179058400,"0"
"194329","11","0","11","011","2019","04","14","1","3","0","2","0","0","0","0","0","0","1",806293.06762099999,5834079.29267000034,13.52050926100,52.57033475700,"0"
"194330","11","0","03","003","2019","04","16","1","3","1","1","0","0","1","0","1","0","0",799131.37656799995,5830269.17408000026,13.41172303600,52.54016597300,"0"
"194331","11","0","11","011","2019","04","07","1","3","0","1","0","1","0","0","0","0","0",803822.91315000004,5829137.84071999975,13.47965368400,52.52743082100,"0"
"194332","11","0","01","001","2019","04","15","1","3","5","2","0","0","1","0","0","0","1",796447.17208399996,5831945.21420999896,13.37375726400,52.55665676600,"0"
"194333","11","0","01","001","2019","04","18","1","3","0","1","0","0","0","0","1","0","0",797834.32937599998,5830450.07074000034,13.39281701500,52.54249794300,"0"
"194334","11","0","05","005","2019","04","03","7","1","9","1","2","0","1","0","0","1","0",784381.68047699996,5829957.69730999973,13.19457132200,52.54527172300,"0"
"194335","11","0","03","003","2019","04","17","7","3","5","2","0","1","1","0","0","0","0",796558.22554200003,5840101.44747000095,13.38269335400,52.62970700100,"0"
"194336","11","0","09","009","2019","04","09","7","2","1","5","0","1","1","0","0","0","0",814697.53240499995,5820825.20583999995,13.63158401100,52.44677529300,"0"
"194337","11","0","07","007","2019","04","14","7","3","1","5","0","1","1","0","0","0","0",795538.84267299995,5815979.41557000019,13.34624174500,52.41402899200,"0"
"194338","11","0","04","004","2019","04","20","7","3","1","5","1","1","1","0","0","0","0",792586.53832900000,5826114.09738999978,13.31184187300,52.50647080200,"0"
"194339","11","0","02","002","2019","04","18","7","3","5","2","0","1","1","0","0","0","0",799065.59066400002,5825613.52214999963,13.40657043800,52.49847096900,"0"
"194340","11","0","08","008","2019","04","15","7","3","3","6","0","1","1","0","0","0","0",801701.59919300000,5822577.47011999972,13.44253649900,52.46980749000,"0"
"194341","11","0","09","009","2019","04","15","7","3","6","4","0","0","1","1","0","0","0",814202.58869500004,5821321.02577999979,13.62479177200,52.45150295400,"0"
"194342","11","0","05","005","2019","04","13","7","3","5","2","0","0","1","0","0","0","0",782366.46593900002,5830501.27864000015,13.16539522500,52.55119391100,"0"
"194343","11","0","06","006","2019","04","13","7","3","0","7","0","1","0","0","0","0","0",787534.98085299996,5817273.12108999956,13.23000056400,52.42989131400,"0"
"194344","11","0","02","002","2019","04","12","7","3","5","2","0","0","1","0","0","0","1",797751.83117500006,5824596.90130000003,13.38636606700,52.49007651000,"0"
"194345","11","0","08","008","2019","04","11","7","3","2","2","0","0","0","0","1","0","1",801302.13300000003,5823988.25100000016,13.43794810500,52.48267314100,"0"
"194346","11","0","07","007","2019","04","01","7","3","0","3","2","0","1","0","0","0","1",799428.28809699998,5813175.17272000015,13.40075201500,52.38677867000,"0"
"194347","11","0","08","008","2019","04","07","7","2","5","3","0","0","1","0","0","0","0",805536.00277100003,5818566.23300999962,13.49514098400,52.43172560100,"0"
"194348","11","0","12","012","2019","04","08","7","3","5","2","0","1","1","0","0","0","0",793390.73189699999,5832515.87298000045,13.32930797300,52.56342762800,"0"
"194349","11","0","06","006","2019","04","09","7","3","5","3","0","1","1","0","0","0","0",795532.03353300004,5819966.64121000096,13.34966604200,52.44977575200,"0"
"194350","11","0","07","007","2019","04","10","7","3","2","6","0","0","1","0","0","0","0",799818.56485199998,5813186.49352999963,13.40647971100,52.38666673700,"0"
"194351","11","0","06","006","2019","04","10","7","2","6","2","0","0","1","1","0","0","0",793275.45148399996,5819096.08574000001,13.31579196000,52.44318668800,"0"
"194352","11","0","07","007","2019","04","10","7","3","2","2","0","0","1","0","0","0","0",798021.41155399999,5819648.76197999995,13.38590525500,52.44557496000,"0"
"194353","11","0","02","002","2019","04","05","7","2","5","3","2","0","1","0","0","0","1",800718.31697100005,5827875.85979999974,13.43288726800,52.51784075100,"0"
"194354","11","0","11","011","2019","05","14","5","3","5","7","0","1","1","0","0","0","0",804688.92901199998,5828427.13511000108,13.49172878400,52.52057781500,"1"
"194355","11","0","01","001","2019","05","14","5","3","0","6","0","1","1","0","0","0","0",797433.39594900003,5831263.49789000023,13.38765087300,52.55000831100,"0"
"194356","11","0","06","006","2019","05","17","5","3","1","5","0","1","1","0","0","0","0",793963.35324500001,5820437.76699999999,13.32706445000,52.45484498500,"0"
"194357","11","0","09","009","2019","05","12","5","3","5","3","0","1","1","0","0","0","0",808809.46450600005,5819002.11734000035,13.54354021300,52.43379407400,"0"
"194358","11","0","06","006","2019","05","17","5","3","5","3","0","0","1","0","0","0","0",796519.01000000001,5817311.25000000000,13.36179121200,52.42543783400,"0"
"194359","11","0","09","009","2019","05","14","5","3","5","3","0","0","1","0","1","0","0",804938.71559599997,5820712.24129999988,13.48834094600,52.45129288200,"1"
"194360","11","0","04","004","2019","05","13","5","3","1","5","0","1","1","0","0","0","0",793062.93512799998,5826099.30358999968,13.31882784600,52.50608248500,"1"
"194361","11","0","02","002","2019","05","17","5","3","2","6","0","1","1","0","0","0","0",801492.82597500004,5827923.97207000107,13.44431062700,52.51784437300,"0"
"194362","11","0","07","007","2019","05","14","5","3","5","2","0","1","1","0","0","0","0",794770.95252199995,5825692.85010000039,13.34356046000,52.50151876400,"0"
"194363","11","0","11","011","2019","05","17","5","3","5","2","0","1","1","0","0","0","0",804587.55200000003,5826362.86600000039,13.48835013900,52.50213329700,"0"
"194364","11","0","03","003","2019","05","16","5","3","5","3","0","1","1","0","0","0","0",798133.10578700004,5836522.36911000032,13.40266779400,52.59676400000,"0"
"194365","11","0","02","002","2019","05","16","5","3","0","3","0","1","1","0","0","0","0",800314.75109499996,5827618.16046999954,13.42672500700,52.51575328800,"0"
"194366","11","0","12","012","2019","05","16","5","3","2","6","0","0","1","0","0","1","0",793590.80787899997,5832534.44412999973,13.33226757800,52.56348625600,"0"
"194367","11","0","09","009","2019","05","05","5","2","4","6","1","0","0","0","0","0","1",816844.02675800002,5812910.54100000020,13.65557250400,52.37461566700,"1"
"194368","11","0","09","009","2019","05","09","5","2","6","3","0","0","1","1","0","0","0",810989.97444000002,5820319.47843000107,13.57673720300,52.44436450400,"0"
"194369","11","0","04","004","2019","05","08","5","3","3","6","0","1","1","0","0","0","0",793444.53052599996,5823962.16473999992,13.32255127300,52.48671879800,"0"
"194370","11","0","01","001","2019","05","09","5","3","5","3","0","1","0","0","0","0","1",799060.43551400001,5829007.20784000028,13.40954461900,52.52889328000,"0"
"194371","11","0","08","008","2019","05","07","5","3","2","3","0","1","0","0","0","0","0",802163.91743100004,5823362.71172999963,13.45003313500,52.47659018800,"0"
"194372","11","0","02","002","2019","05","07","5","3","5","2","0","1","1","0","0","0","0",796768.68848100002,5826034.57086999901,13.37320955400,52.50349914400,"1"
"194373","11","0","10","010","2019","05","07","5","3","5","3","0","1","1","0","0","0","0",811153.54214599996,5828388.18123000022,13.58666539200,52.51657875200,"0"
"194374","11","0","02","002","2019","05","07","5","3","5","2","0","1","0","0","0","0","1",801865.72880499996,5828983.03364000004,13.45075077200,52.52713049600,"1"
"194375","11","0","12","012","2019","05","07","5","3","5","2","0","1","0","0","0","0","1",792304.47338300000,5833990.78481999971,13.31462843000,52.57723388400,"0"
"194376","11","0","10","010","2019","05","14","5","3","5","2","0","0","0","0","1","0","1",809629.53278699995,5828924.24550000019,13.56477679500,52.52225006600,"1"