OBJECTID,ULAND,UREGBEZ,UKREIS,UGEMEINDE,UJAHR,UMONAT,USTUNDE,UWOCHENTAG,UKATEGORIE,UART,UTYP1,ULICHTVERH,IstRad,IstPKW,IstFuss,IstKrad,IstGkfz,IstSonstig,LINREFX,LINREFY,XGCSWGS84,YGCSWGS84,STRZUSTAND
"194377","11","0","12","012","2019","05","13","5","3","5","3","0","1","1","0","0","0","0",796233.27570100001,5833661.64914999902,13.37214400300,52.57215913800,"1"
"194378","11","0","02","002","2019","05","13","5","2","4","6","0","0","1","0","0","1","0",802126.35034400003,5828462.97377999965,13.45410833200,52.52232484700,"1"
"194379","11","0","05","005","2019","05","13","5","2","5","2","0","0","1","0","0","0","0",782379.94536899996,5827031.93590999953,13.16264548100,52.52007946500,"0"
"194380","11","0","09","009","2019","05","12","5","3","5","2","0","1","0","0","0","0","0",811182.71529900003,5822107.38798000012,13.58122966900,52.46027725600,"0"
"194381","11","0","01","001","2019","05","11","5","2","5","3","0","0","1","0","0","0","0",796437.21044299996,5826324.13970000017,13.36859812100,52.50627503900,"0"
"194382","11","0","04","004","2019","05","10","5","3","5","2","0","0","1","0","0","0","0",791265.92895099998,5823330.34546000045,13.29000563600,52.48222118700,"0"
"194383","11","0","04","004","2019","05","10","5","3","6","2","0","0","1","1","0","0","0",786924.44289099996,5825820.21781999990,13.22839572000,52.50684334700,"0"
"194384","11","0","10","010","2019","05","06","4","3","5","2","0","1","1","0","0","0","0",812227.87693999999,5830702.52237000037,13.60461951000,52.53670390800,"0"
"194385","11","0","11","011","2019","05","10","4","3","3","6","0","0","0","0","1","0","1",807091.40649900003,5825784.74352000002,13.52458900000,52.49554879200,"0"
"194386","11","0","03","003","2019","05","13","4","3","5","2","0","1","1","0","0","0","0",799544.37640800001,5830089.09575999994,13.41763213600,52.53832499300,"0"
"194387","11","0","05","005","2019","05","10","4","3","2","6","0","0","1","0","0","0","0",783940.22299200005,5823367.91741999984,13.18245488700,52.48641688900,"0"
"194388","11","0","07","007","2019","05","20","4","3","6","4","0","0","1","1","0","0","0",795431.15771599999,5821687.53127000108,13.34970877200,52.46525693200,"0"
"194389","11","0","05","005","2019","05","18","4","3","5","3","0","0","1","0","0","0","0",780053.19936600002,5819443.37727000099,13.12206636500,52.45323363900,"0"
"194390","11","0","02","002","2019","05","08","4","3","0","6","0","1","1","0","0","0","0",802842.87765100005,5826587.39974999893,13.46293010900,52.50511683300,"0"
"194391","11","0","11","011","2019","05","07","4","2","6","4","0","0","0","1","0","0","1",806602.17657000001,5827734.54872999899,13.51920064000,52.51329841000,"0"
"194392","11","0","05","005","2019","05","21","4","3","5","3","2","1","1","0","0","0","0",784421.21770299994,5831938.43314000033,13.19684988300,52.56301034200,"0"
"194393","11","0","03","003","2019","05","20","4","2","5","2","1","1","1","0","0","0","0",800192.75128500001,5830931.05071000103,13.42792404900,52.54551489900,"0"
"194394","11","0","10","010","2019","05","16","4","3","5","3","0","1","1","0","0","0","0",812640.37786899996,5825270.99409000110,13.60557938500,52.48779505200,"0"
"194395","11","0","07","007","2019","05","16","4","3","5","2","0","0","1","0","1","0","0",795392.11947100004,5820977.95313999988,13.34850782300,52.45891713700,"0"
"194396","11","0","08","008","2019","05","15","4","3","5","3","0","1","1","0","0","0","0",805190.10341200000,5816496.39269000106,13.48818087500,52.41336730700,"0"
"194397","11","0","01","001","2019","05","15","4","3","2","2","0","1","1","0","0","0","0",799109.59828899999,5828466.01738999970,13.40978036200,52.52401534200,"0"
"194398","11","0","01","001","2019","05","17","4","3","2","6","0","0","1","0","0","0","0",795751.82825799996,5828194.68183000106,13.36019203800,52.52341480200,"0"
"194399","11","0","04","004","2019","05","17","4","3","5","3","0","0","1","0","0","0","0",790361.62015900004,5827321.35555000044,13.28020644500,52.51848267800,"0"
"194400","11","0","01","001","2019","05","16","4","3","2","6","0","0","1","0","1","0","0",799567.64225200005,5828743.12050999980,13.41676115000,52.52624767200,"0"
"194401","11","0","04","004","2019","05","16","4","3","2","6","0","0","1","0","0","0","0",792839.83135500003,5825503.29954999965,13.31502594500,52.50085929800,"0"
"194402","11","0","06","006","2019","05","16","4","3","0","1","0","1","0","0","0","0","0",789182.88725599996,5818567.64872999955,13.25529080800,52.44062878400,"0"
"194403","11","0","07","007","2019","05","15","4","3","2","6","0","0","1","0","0","0","0",795437.68713900005,5821007.01762000006,13.34920225300,52.45915305000,"0"
"194404","11","0","07","007","2019","05","14","4","3","3","6","0","0","1","0","1","0","0",797323.54313300003,5821806.77594000008,13.37758905000,52.46529937200,"0"
"194405","11","0","05","005","2019","05","07","4","2","5","3","0","1","1","0","0","0","0",785933.21192799998,5831674.05862000026,13.21886710000,52.55984807100,"0"
"194406","11","0","02","002","2019","05","13","4","3","0","2","0","1","0","0","0","0","1",797034.96198000002,5825879.76649999991,13.37698285700,52.50196659700,"0"
"194407","11","0","02","002","2019","05","15","4","2","0","1","0","0","0","0","1","0","0",803360.76583199995,5826703.56288999971,13.47064273800,52.50587028800,"0"
"194408","11","0","04","004","2019","05","14","4","3","2","6","0","0","1","0","0","0","0",791220.75300000003,5830669.20500000007,13.29576558500,52.54803762700,"0"
"194409","11","0","01","001","2019","05","13","4","2","5","2","0","0","1","0","1","0","0",794524.61739899998,5831566.17403999995,13.34514470600,52.55430211600,"0"
"194410","11","0","09","009","2019","05","13","4","3","2","6","0","0","1","0","0","0","0",812118.44461300003,5819731.74177999981,13.59273780900,52.43845464600,"0"
"194411","11","0","06","006","2019","05","12","4","3","6","7","0","0","1","1","0","0","0",789932.13013499998,5817661.16774000041,13.26549645000,52.43210513600,"0"
"194412","11","0","08","008","2019","05","12","4","3","6","7","0","0","1","1","0","0","0",805724.10198200005,5816948.16330999974,13.49642037400,52.41711839900,"0"
"194413","11","0","01","001","2019","05","11","4","3","2","6","0","0","1","0","0","0","0",799208.30099999998,5828464.61099999957,13.41122958800,52.52394858000,"0"
"194414","11","0","08","008","2019","05","11","4","3","5","2","0","1","1","0","0","0","0",801242.34108299995,5822469.04093999974,13.43569808000,52.46908904300,"0"
"194415","11","0","01","001","2019","05","09","4","3","5","2","0","0","1","0","1","0","0",798311.99754500005,5826963.78507999983,13.39671201500,52.51098678600,"0"
"194416","11","0","01","001","2019","05","09","4","3","5","3","0","1","1","0","0","0","0",796971.92497599998,5830138.08464000002,13.37985881900,52.54017206600,"0"
"194417","11","0","02","002","2019","05","09","4","3","5","2","0","0","1","0","1","0","0",801945.25399999996,5825652.13999999966,13.44889743100,52.49723151700,"0"
"194418","11","0","08","008","2019","05","09","4","3","0","1","0","0","0","0","1","0","0",803825.43565100001,5822133.27672000043,13.47330224800,52.46464927200,"0"
"194419","11","0","04","004","2019","05","09","4","2","2","6","0","0","1","0","0","0","0",790856.93114899995,5824316.49464999977,13.28486049700,52.49128009200,"0"
"194420","11","0","05","005","2019","05","09","4","3","5","3","0","0","1","0","0","0","0",783412.21151099994,5828627.71499000024,13.17917876000,52.53385204700,"0"
"194421","11","0","09","009","2019","05","09","4","3","5","3","0","0","1","0","0","0","0",807416.01474000001,5818311.21513999999,13.52247262300,52.42838687600,"0"
"194422","11","0","03","003","2019","05","08","4","3","2","2","0","0","1","0","0","0","0",800276.03404699999,5831757.37916000001,13.42989569400,52.55287558500,"0"
"194423","11","0","02","002","2019","05","08","4","3","5","2","0","1","1","0","0","0","0",800426.74078700005,5827979.71253000107,13.42869688800,52.51893231200,"0"
"194424","11","0","11","011","2019","05","08","4","3","0","2","0","0","0","0","0","1","1",802985.74561800004,5830861.26676000003,13.46892223300,52.54334342600,"0"
"194425","11","0","04","004","2019","05","07","4","3","0","5","0","1","1","0","0","0","0",793543.00941499998,5826368.36013999954,13.32611799500,52.50823636800,"0"
"194426","11","0","01","001","2019","05","06","4","3","5","2","0","0","1","0","1","0","0",796305.04997199995,5828920.95371999964,13.36896948000,52.52962475200,"0"
"194427","11","0","04","004","2019","05","08","3","3","0","6","0","0","1","0","0","0","0",789148.27007500001,5826072.50906000007,13.26128922900,52.50793111800,"0"
"194428","11","0","01","001","2019","05","19","3","3","0","3","0","0","1","0","1","0","0",795314.63412599999,5826263.09508000035,13.35205250400,52.50633661500,"0"
"194429","11","0","01","001","2019","05","19","3","3","5","3","0","1","1","0","0","0","0",795384.96801800001,5826005.47826999892,13.35285720200,52.50398920400,"0"
"194430","11","0","02","002","2019","05","19","3","3","1","5","0","1","1","0","0","0","0",801667.80818199995,5826285.16182999965,13.44539627500,52.50305879500,"0"
"194431","11","0","02","002","2019","05","22","3","3","1","5","2","1","1","0","0","0","0",799612.29445000004,5826218.57433000021,13.41514422100,52.50359448500,"0"
"194432","11","0","03","003","2019","05","18","3","3","6","6","0","1","0","1","0","0","0",801137.65854700003,5830739.43719999958,13.44164252600,52.54327600100,"0"
"194433","11","0","12","012","2019","05","18","3","3","5","2","0","0","1","0","1","0","0",794338.80126400001,5835703.62631000020,13.34608438000,52.59149163600,"0"
"194434","11","0","07","007","2019","05","18","3","3","0","1","0","0","1","0","0","0","0",799004.59696400003,5819644.29277000017,13.40032428600,52.44499813600,"0"
"194435","11","0","11","011","2019","05","13","3","3","2","6","0","0","1","0","0","0","0",804498.23838899995,5830968.06163999997,13.49125449500,52.54345744800,"0"
"194436","11","0","08","008","2019","05","17","3","3","5","2","0","0","1","0","1","0","0",801679.85231500003,5822337.21296000015,13.44200009000,52.46766602400,"0"
"194437","11","0","09","009","2019","05","17","3","2","0","1","0","1","1","0","0","0","0",809143.06476600002,5819515.66964999959,13.54890661000,52.43820808100,"0"
"194438","11","0","03","003","2019","05","17","3","3","4","5","0","0","1","0","0","0","1",801387.76373500004,5831905.75963000022,13.44637787100,52.55359151500,"0"
"194439","11","0","05","005","2019","05","16","3","3","2","6","0","0","1","0","0","0","0",785279.47182500002,5829297.36596000008,13.20720773800,52.53888188900,"0"
"194440","11","0","03","003","2019","05","16","3","3","5","2","0","1","1","0","0","0","0",800938.78897400002,5831179.53144999966,13.43911759500,52.54733049800,"0"
"194441","11","0","05","005","2019","05","15","3","3","2","6","0","0","1","0","1","0","0",784645.62536399998,5829284.37609000038,13.19787615100,52.53909689300,"0"
"194442","11","0","04","004","2019","05","16","3","2","6","7","0","0","1","1","0","0","0",792023.81185399997,5827237.28553999960,13.30456000600,52.51684145500,"0"
"194443","11","0","02","002","2019","05","15","3","2","3","6","0","1","1","0","0","0","0",802483.97043500002,5827406.97766999900,13.45840313900,52.51266176400,"0"
"194444","11","0","02","002","2019","05","15","3","3","2","6","0","0","1","0","0","0","0",797826.77499800001,5824903.96324000042,13.38774105400,52.49278808100,"0"
"194445","11","0","02","002","2019","05","12","3","3","1","5","0","1","1","0","0","0","0",802214.32999100001,5827126.50946000032,13.45418720500,52.51029738700,"0"
"194446","11","0","04","004","2019","05","11","3","3","4","6","0","0","1","0","0","1","0",792003.41644299997,5828567.03277000040,13.30542779600,52.52877325600,"0"
"194447","11","0","01","001","2019","05","10","3","3","3","6","0","1","1","0","0","0","0",797360.28005299997,5829277.14936000016,13.38479786500,52.53224303500,"0"
"194448","11","0","04","004","2019","05","09","3","3","5","3","0","1","1","0","0","0","0",792625.79983399995,5825458.58652999904,13.31184258500,52.50057327700,"0"
"194449","11","0","04","004","2019","05","08","3","3","5","3","0","0","1","0","1","0","0",792066.90182399994,5828230.81503999978,13.30606564300,52.52572513800,"0"
"194450","11","0","12","012","2019","05","08","3","3","2","2","0","0","1","0","0","0","1",794382.21002899995,5836232.76087000035,13.34719364600,52.59621139300,"0"
"194451","11","0","01","001","2019","05","07","3","3","1","5","0","1","1","0","0","0","0",797309.03036700003,5827210.91048000008,13.38219748000,52.51374955700,"0"
"194452","11","0","12","012","2019","05","07","3","3","5","3","0","1","1","0","0","0","0",791780.77952800004,5836929.47106000036,13.30951058400,52.60385916200,"0"
"194453","11","0","01","001","2019","05","07","3","3","3","6","0","0","1","0","0","0","0",799589.18437799998,5828777.54978000000,13.41710875700,52.52654443900,"0"
"194454","11","0","12","012","2019","05","05","3","3","2","6","1","0","1","0","1","0","0",793438.77933100006,5833416.06106000021,13.33081108900,52.57147138200,"1"
"194455","11","0","03","003","2019","05","15","2","2","5","2","0","1","1","0","0","0","0",798963.38070199999,5831449.05633000098,13.41031533500,52.55083402300,"0"
"194456","11","0","06","006","2019","05","10","2","3","1","5","0","0","1","0","0","0","0",793893.17975799995,5817750.32340000011,13.32367104400,52.43079071200,"0"
"194457","11","0","01","001","2019","05","16","2","3","2","2","0","0","1","0","0","0","1",798699.84082299995,5827083.25569000095,13.40251719700,52.51184544200,"0"
"194458","11","0","01","001","2019","05","22","2","3","5","3","2","1","1","0","0","0","0",794558.80803199997,5828452.02407999989,13.34288661400,52.52636752100,"0"
"194459","11","0","04","004","2019","05","20","2","2","6","4","2","0","1","1","0","0","0",793201.11903900001,5827792.84164999891,13.32235014500,52.52119011000,"0"
"194460","11","0","01","001","2019","05","19","2","2","5","3","0","1","1","0","0","0","0",799457.41519099998,5827067.35680999979,13.41363277800,52.51128757000,"0"
"194461","11","0","01","001","2019","05","19","2","3","2","6","2","0","1","0","0","0","0",795770.23523400002,5825717.50868999958,13.35826096200,52.50119908900,"0"
"194462","11","0","02","002","2019","05","18","2","3","0","2","0","1","1","0","0","0","0",797913.35400000005,5825279.64900000021,13.38934847000,52.49610841100,"0"
"194463","11","0","06","006","2019","05","18","2","3","2","6","0","0","1","0","0","0","0",790162.74003700004,5819744.33244000003,13.27068778000,52.45065907100,"1"
"194464","11","0","07","007","2019","05","17","2","2","2","6","0","0","1","0","1","0","0",797256.11020700005,5820930.40053999983,13.37581891000,52.45748021800,"0"
"194465","11","0","07","007","2019","05","16","2","3","5","3","0","1","1","0","0","0","0",795620.91837600002,5824477.76786000002,13.35496745100,52.49016670300,"0"
"194466","11","0","11","011","2019","05","17","2","3","5","3","0","0","1","0","0","0","0",806390.92296200001,5831399.42652000021,13.51947478600,52.54626243600,"0"
"194467","11","0","06","006","2019","05","16","2","3","1","5","0","1","1","0","0","0","0",784491.98743199999,5816959.31957999989,13.18509769900,52.42866867100,"0"
"194468","11","0","06","006","2019","05","16","2","3","2","6","0","0","1","0","0","0","0",792382.09045500006,5818469.59575999994,13.30213760400,52.43804867000,"0"
"194469","11","0","05","005","2019","05","17","2","3","1","5","0","0","1","0","0","0","1",787737.82605499995,5828231.44661999959,13.24243237000,52.52803288100,"0"
"194470","11","0","03","003","2019","05","16","2","3","5","2","0","1","1","0","0","0","0",799215.09688199998,5831774.08657999989,13.41430960200,52.55360919700,"0"
"194471","11","0","04","004","2019","05","16","2","3","0","3","0","0","1","0","0","0","1",793133.52021300001,5825589.39164999966,13.31941591100,52.50147339500,"0"
"194472","11","0","08","008","2019","05","15","2","3","2","6","0","0","1","0","0","0","0",803926.24928900006,5818240.96540999971,13.47124066900,52.42970694600,"0"
"194473","11","0","01","001","2019","05","15","2","3","1","5","0","1","1","0","0","0","1",798120.55019300000,5827409.44321999978,13.39429860100,52.51508620500,"0"
"194474","11","0","03","003","2019","05","14","2","3","1","5","0","1","1","0","0","0","0",804085.33469299995,5840223.73049999960,13.49367783300,52.62664154400,"0"
"194475","11","0","06","006","2019","05","14","2","3","5","2","0","1","1","0","0","0","0",791620.20999999996,5820656.73199999984,13.29287078900,52.45806320600,"0"
"194476","11","0","04","004","2019","05","13","2","3","0","5","0","0","1","0","0","0","0",793542.28954100003,5826345.97847000044,13.32608768200,52.50803611400,"0"
"194477","11","0","09","009","2019","05","13","2","3","5","3","0","1","1","0","0","0","0",817518.81687600003,5818243.22470000014,13.67050534300,52.42200877400,"0"
"194478","11","0","12","012","2019","05","16","2","3","5","3","0","1","1","0","0","0","0",796310.00345700001,5833949.51303999964,13.37353008000,52.57469775000,"0"
"194479","11","0","07","007","2019","05","13","2","3","5","3","0","1","1","0","0","0","0",797010.25586399995,5820402.42023999989,13.37174157800,52.45288102400,"0"
"194480","11","0","06","006","2019","05","12","2","3","1","5","0","0","1","0","0","0","0",792494.80620899994,5817042.86106999964,13.30254297600,52.42519782300,"0"
"194481","11","0","07","007","2019","05","11","2","2","3","6","0","1","0","0","0","1","0",798156.96450899995,5819022.54389999993,13.38733505500,52.43988769900,"0"
"194482","11","0","07","007","2019","05","06","2","3","5","3","0","0","1","0","1","0","0",800637.21294400003,5814907.27431000024,13.42001644500,52.40164257900,"0"
"194483","11","0","10","010","2019","05","07","2","3","6","2","0","0","1","1","0","0","0",812420.04838900000,5830374.66356000025,13.60713545100,52.53365582300,"0"
"194484","11","0","04","004","2019","05","12","2","3","5","2","0","1","1","0","0","0","0",791877.65469899995,5822388.26375999954,13.29816352600,52.47344886200,"0"
"194485","11","0","06","006","2019","05","07","2","3","6","4","0","1","0","1","0","0","0",790951.99427000002,5820700.80575000029,13.28310244100,52.45881448600,"0"
"194486","11","0","08","008","2019","05","06","2","3","5","3","0","0","1","0","1","0","0",803863.61229299998,5821820.37939999998,13.47357760900,52.46182359700,"0"
"194487","11","0","03","003","2019","05","06","2","3","5","3","0","0","1","0","1","0","0",797866.24866799999,5835308.02134000044,13.39764766400,52.58602536000,"0"
"194488","11","0","06","006","2019","05","07","2","3","5","7","0","1","1","0","0","0","0",794848.65314499999,5817553.85601999983,13.33751080500,52.42851534200,"0"
"194489","11","0","05","005","2019","05","07","2","3","5","2","0","0","1","0","0","0","0",785604.07703100005,5828574.32961000036,13.21135946900,52.53222922500,"0"
"194490","11","0","12","012","2019","05","07","2","3","6","4","0","0","1","1","0","0","0",794782.18400000001,5836291.86299999990,13.35313421600,52.59652452700,"0"
"194491","11","0","07","007","2019","05","08","2","2","5","3","0","0","1","0","0","0","0",797688.64430299995,5823493.13956000004,13.38445243400,52.48021698800,"0"
"194492","11","0","06","006","2019","05","08","2","3","0","3","0","0","1","0","1","0","0",791348.90192800004,5816108.09105999954,13.28492420600,52.41742883500,"0"
"194493","11","0","11","011","2019","05","08","2","2","6","4","0","0","1","1","0","0","0",806606.48471700004,5827753.21499000024,13.51928112400,52.51346327900,"0"
"194494","11","0","01","001","2019","05","09","2","3","3","6","0","1","0","0","0","0","0",798277.79458400002,5827479.53962999955,13.39667180800,52.51562855600,"0"
"194495","11","0","09","009","2019","05","09","2","3","3","6","0","0","1","0","0","0","1",808537.55681800004,5819110.45053999964,13.53965322400,52.43491839100,"0"
"194496","11","0","04","004","2019","05","09","2","3","6","4","0","0","1","1","0","0","0",794044.37338200002,5823103.78825999983,13.33060267800,52.47870112900,"0"
"194497","11","0","06","006","2019","05","10","2","3","5","2","0","0","1","0","0","0","0",790148.89696299995,5819770.49280000012,13.27050737500,52.45090095300,"0"
"194498","11","0","01","001","2019","05","10","2","3","5","3","0","1","0","0","0","0","1",799687.81169200002,5827827.08710000012,13.41770181100,52.51797083800,"0"
"194499","11","0","04","004","2019","05","10","2","2","2","6","0","0","1","0","0","0","0",788261.20053300005,5827800.38829999976,13.24975231000,52.52389176500,"0"
"194500","11","0","04","004","2019","05","10","2","3","2","6","0","1","1","0","0","0","0",792705.42961700005,5825893.89410000015,13.31339497400,52.50443297200,"0"
"194501","11","0","04","004","2019","05","11","2","3","1","5","0","1","1","0","0","0","0",792298.45091799996,5826012.90323000029,13.30752052700,52.50571804400,"0"
"194502","11","0","09","009","2019","05","11","2","3","5","2","0","1","1","0","0","0","0",805903.97820999997,5821819.79016000032,13.50351555300,52.46068000500,"0"
"194503","11","0","12","012","2019","05","11","2","3","6","4","0","0","1","1","0","0","0",796727.90072100004,5833305.51563000027,13.37910244600,52.56869739900,"0"
"194504","11","0","05","005","2019","05","11","2","3","5","2","0","1","1","0","0","0","0",785077.17166100000,5829876.78421999980,13.20473023600,52.54418277500,"0"
"194505","11","0","09","009","2019","05","12","2","3","0","1","0","1","0","0","0","0","0",814202.19632400002,5821284.92547000106,13.62475205800,52.45117968500,"0"
"194506","11","0","05","005","2019","05","12","2","3","3","6","0","0","1","0","0","0","0",783024.35501299996,5828580.34133000020,13.17343561200,52.53362883500,"0"
"194507","11","0","01","001","2019","05","05","1","3","6","4","1","1","0","1","0","0","0",797451.17878299998,5830054.63508000039,13.38682983600,52.53916264900,"0"
"194508","11","0","01","001","2019","05","15","1","3","5","2","0","1","1","0","0","0","0",796960.89652600000,5826701.87818000000,13.37662822300,52.50937627700,"0"
"194509","11","0","08","008","2019","05","17","1","3","0","7","0","0","1","0","1","0","0",802024.35671399999,5823487.48428000044,13.44809752300,52.47778573100,"0"
"194510","11","0","06","006","2019","05","17","1","3","1","5","0","1","1","0","0","0","0",795285.13014100003,5818576.98529000022,13.34481537900,52.43745172200,"0"
"194511","11","0","08","008","2019","05","14","1","3","5","2","0","1","1","0","0","0","0",800773.22056199994,5822754.82856999896,13.42907051200,52.47190913400,"0"
"194512","11","0","03","003","2019","05","14","1","3","6","4","0","1","0","1","0","0","0",799854.34027100005,5829796.66569999978,13.42192478000,52.53553337800,"0"
"194513","11","0","08","008","2019","05","12","1","3","6","4","0","0","0","1","1","0","0",800851.51443900005,5822529.81022999901,13.43001677300,52.46984910100,"0"
"194514","11","0","02","002","2019","05","14","1","2","6","4","0","1","0","1","0","0","0",798715.62140700000,5825011.77752000000,13.40089076900,52.49326880300,"0"
"194515","11","0","10","010","2019","05","18","1","2","6","4","0","0","1","1","0","0","0",811408.07643599994,5829835.22697999980,13.59175916300,52.52940087500,"0"
"194516","11","0","08","008","2019","05","20","1","2","5","3","1","0","1","0","0","0","0",805316.49292800005,5817686.37669000030,13.49111908300,52.42396229300,"0"
"194517","11","0","02","002","2019","05","11","1","2","6","4","0","0","1","1","0","0","0",799701.91117300000,5825677.40876000002,13.41597354300,52.49869454600,"0"
"194518","11","0","08","008","2019","05","09","1","3","5","3","0","0","1","0","1","0","0",799852.91177400004,5816514.87531999964,13.40996233300,52.41648262300,"0"
"194519","11","0","04","004","2019","05","08","1","2","0","2","0","0","1","0","0","0","0",792707.63095000002,5825467.90285000019,13.31305284400,52.50061290600,"0"
"194520","11","0","12","012","2019","05","03","1","2","1","5","2","0","1","0","0","0","0",791625.99614700000,5836754.33827999979,13.30707721600,52.60237221300,"0"
"194521","11","0","06","006","2019","05","13","1","3","2","6","0","0","1","0","0","0","1",793396.69984599994,5820359.57835999969,13.31868051400,52.45444851100,"0"
"194522","11","0","12","012","2019","05","14","1","3","5","2","0","0","1","0","0","0","0",789903.15426099999,5835694.80394000001,13.28078205100,52.59379494900,"0"
"194523","11","0","07","007","2019","05","16","7","2","6","2","0","0","0","1","0","0","1",794963.49861300003,5824889.04095000029,13.34567699800,52.49420911400,"0"
"194524","11","0","04","004","2019","05","12","7","3","1","5","0","0","1","0","0","0","0",794221.93052199995,5823923.71346999891,13.33393319100,52.48595571200,"0"
"194525","11","0","03","003","2019","05","19","7","3","5","2","1","1","1","0","0","0","0",800025.03220599995,5834542.93976000044,13.42872384600,52.57798155100,"0"
"194526","11","0","01","001","2019","05","17","7","3","5","3","0","1","0","0","0","0","1",798731.33622800000,5829568.32538000029,13.40521200400,52.53410333400,"0"
"194527","11","0","12","012","2019","05","21","7","2","6","4","2","0","1","1","0","0","0",793826.58538599999,5836350.24825999979,13.33911850200,52.59756507100,"0"
"194528","11","0","12","012","2019","05","21","7","3","6","6","2","0","1","1","0","0","0",793817.41996199999,5836446.81415999960,13.33906926000,52.59843566400,"0"
"194529","11","0","01","001","2019","05","19","7","3","5","2","0","1","1","0","0","0","0",794526.20111100003,5831579.00081999972,13.34517937700,52.55441624200,"0"
"194530","11","0","09","009","2019","05","19","7","3","5","3","0","0","1","0","0","0","0",810306.25724199996,5819727.92061999999,13.56616062600,52.43945154200,"0"
"194531","11","0","07","007","2019","05","17","7","3","5","2","0","0","1","0","1","0","0",797213.31353900000,5819550.56929000095,13.37396301300,52.44513461500,"0"
"194532","11","0","09","009","2019","05","18","7","3","2","6","0","0","1","0","0","0","0",811260.28512599994,5820195.32363000046,13.58058583300,52.44309809300,"1"
"194533","11","0","10","010","2019","05","18","7","2","1","5","0","0","1","0","1","0","0",813910.87918199995,5825561.29629999958,13.62450278000,52.48966745500,"0"
"194534","11","0","01","001","2019","05","18","7","3","2","6","0","0","1","0","0","0","0",795045.57097300002,5830316.29650000017,13.35169581700,52.54281603700,"0"
"194535","11","0","10","010","2019","05","17","7","3","5","3","0","0","1","0","1","0","0",812010.43124499999,5830589.80518999975,13.60131812700,52.53581835800,"0"
"194536","11","0","01","001","2019","05","16","7","3","1","5","0","0","1","0","0","0","0",799906.87724700000,5826955.87909999955,13.42013544000,52.51004142600,"0"
"194537","11","0","02","002","2019","05","01","7","3","5","3","2","0","1","0","0","0","0",800871.09917299997,5825304.61270000041,13.43280837600,52.49470975000,"1"
"194538","11","0","05","005","2019","05","14","7","2","0","6","0","0","1","0","0","0","1",782434.93992100004,5827016.67274999898,13.16344088600,52.51991412700,"0"
"194539","11","0","01","001","2019","05","14","7","3","6","4","0","0","1","1","0","0","0",794790.41564000002,5831159.97204000037,13.34869310700,52.55051703800,"1"
"194540","11","0","10","010","2019","05","13","7","2","0","1","0","1","0","0","0","0","0",810968.69649700006,5830834.14570999891,13.58623754100,52.53860332300,"0"
"194541","11","0","08","008","2019","05","13","7","3","5","2","0","1","1","0","0","0","0",805807.59092600003,5816836.14828999899,13.49754182800,52.41606781400,"0"
"194542","11","0","12","012","2019","05","12","7","3","5","3","0","1","1","0","0","0","0",793791.71600999997,5838387.28859999962,13.34041351600,52.61584441600,"0"
"194543","11","0","03","003","2019","05","11","7","3","5","3","0","0","1","0","0","0","0",802871.75823899999,5838290.45222000033,13.47403318200,52.60999233900,"0"
"194544","11","0","06","006","2019","05","10","7","3","0","1","0","0","1","0","0","0","0",784608.71364199999,5816618.35448999982,13.18651969900,52.42555076600,"0"
"194545","11","0","04","004","2019","05","03","6","3","1","1","2","0","1","0","0","0","0",793294.51832200005,5823078.69409000035,13.31957108600,52.47887939900,"0"
"194546","11","0","10","010","2019","05","08","6","3","5","2","0","1","1","0","0","0","0",813089.30009000003,5827106.99772000033,13.61389477900,52.50399033000,"0"
"194547","11","0","09","009","2019","05","12","6","3","6","7","0","0","1","1","0","0","0",811036.56172500004,5821843.09681000095,13.57883923600,52.45799200000,"0"
"194548","11","0","05","005","2019","05","14","6","3","6","6","0","0","1","1","0","0","0",781031.17444700003,5819392.17987000104,13.13637729900,52.45227260400,"0"
"194549","11","0","07","007","2019","05","22","6","3","2","2","2","0","1","0","0","0","0",794083.54439199995,5821722.79829999991,13.32996027100,52.46630009200,"0"
"194550","11","0","07","007","2019","05","06","6","3","3","6","0","0","1","0","0","0","1",797300.83598700003,5821360.39697999973,13.37685816100,52.46131038500,"0"
"194551","11","0","02","002","2019","05","21","6","3","6","4","2","1","0","1","0","0","0",801475.92376799998,5825766.40331999958,13.44210828000,52.49851513100,"0"
"194552","11","0","08","008","2019","05","19","6","3","1","5","0","1","1","0","0","0","1",801422.66676699999,5823868.01582000032,13.43960898100,52.48152892600,"0"
"194553","11","0","08","008","2019","05","07","6","3","5","3","0","0","1","0","0","0","0",800566.65017000004,5825140.19505999982,13.42818908200,52.49340375500,"0"
"194554","11","0","12","012","2019","05","18","6","3","5","2","0","0","1","0","0","0","0",795066.65580800001,5832467.64080999978,13.35391780400,52.56208960500,"0"
"194555","11","0","07","007","2019","05","18","6","3","1","5","0","1","1","0","0","0","1",796478.93572199997,5824878.98166000005,13.36792457300,52.49329789800,"0"
"194556","11","0","11","011","2019","05","07","6","3","1","1","0","0","1","0","0","1","0",804591.11664100003,5832766.38580000028,13.49426949600,52.55952293700,"0"