OBJECTID,ULAND,UREGBEZ,UKREIS,UGEMEINDE,UJAHR,UMONAT,USTUNDE,UWOCHENTAG,UKATEGORIE,UART,UTYP1,ULICHTVERH,IstRad,IstPKW,IstFuss,IstKrad,IstGkfz,IstSonstig,LINREFX,LINREFY,XGCSWGS84,YGCSWGS84,STRZUSTAND
"194557","11","0","09","009","2019","05","17","6","3","5","3","0","1","1","0","0","0","0",807405.13475900004,5818330.19888000004,13.52233055500,52.42856312600,"0"
"194558","11","0","01","001","2019","05","08","6","3","5","2","0","1","1","0","0","0","0",799055.75722899998,5828996.62043000106,13.40946633800,52.52880094600,"0"
"194559","11","0","01","001","2019","05","08","6","3","1","5","0","1","1","0","0","0","0",797320.93243699998,5827179.81857999973,13.38234457300,52.51346436500,"0"
"194560","11","0","06","006","2019","05","00","6","3","1","5","2","1","0","0","0","1","1",781636.45791000000,5814901.69593000039,13.14147837000,52.41169589900,"0"
"194561","11","0","01","001","2019","05","08","6","3","2","6","0","0","1","0","1","0","0",796689.43159499997,5828765.44113999978,13.37448040800,52.52802168100,"0"
"194562","11","0","05","005","2019","05","09","6","2","6","4","0","0","1","1","0","0","0",784637.78277799999,5827259.95170999970,13.19602744200,52.52094996600,"0"
"194563","11","0","07","007","2019","05","09","6","2","6","4","0","0","1","1","0","0","0",798082.92631300003,5815826.68604000006,13.38340110000,52.41128049200,"0"
"194564","11","0","01","001","2019","05","09","6","3","5","5","0","0","1","0","1","0","0",797954.81175300002,5826681.06156999897,13.39121130700,52.50864773600,"0"
"194565","11","0","01","001","2019","05","10","6","3","1","5","0","0","1","0","1","0","0",793890.49178399995,5827657.66368999891,13.33236186100,52.51960720300,"0"
"194566","11","0","06","006","2019","05","11","6","3","2","6","0","0","1","0","0","0","0",794204.39944499999,5821446.04246999975,13.33149018000,52.46375403800,"0"
"194567","11","0","05","005","2019","05","12","6","3","2","6","0","0","1","0","0","0","0",784791.30844299996,5828770.72006999981,13.19957815100,52.53441534600,"0"
"194568","11","0","08","008","2019","05","12","6","3","5","2","0","1","0","0","0","0","1",800975.23829300003,5824764.51690000016,13.43384982200,52.48981131100,"0"
"194569","11","0","02","002","2019","05","13","6","2","5","3","0","0","1","0","1","0","0",798420.42820900003,5824745.83880000003,13.39631750200,52.49104646800,"0"
"194570","11","0","06","006","2019","05","13","6","3","5","7","0","1","1","0","0","0","0",793077.48549600004,5820686.07106999960,13.31428286400,52.45754669500,"0"
"194571","11","0","03","003","2019","05","13","6","3","0","7","0","0","1","0","1","0","0",800033.17504600005,5830686.50702999905,13.42535700700,52.54341088300,"0"
"194572","11","0","01","001","2019","05","14","6","3","2","6","0","0","1","0","1","0","0",797571.70368499996,5831890.30826999899,13.39024644200,52.55555132200,"0"
"194573","11","0","02","002","2019","05","15","6","3","5","7","0","0","1","0","1","0","0",797032.95319599996,5824470.71717000101,13.37569694700,52.48933702500,"0"
"194574","11","0","12","012","2019","05","15","6","2","5","2","0","1","1","0","0","0","0",793539.15359700006,5835464.04031999968,13.33410159800,52.58977605900,"0"
"194575","11","0","01","001","2019","05","16","5","3","1","5","0","1","1","0","0","0","1",797991.76424699998,5826838.45610999968,13.39189507800,52.51003839900,"0"
"194576","11","0","03","003","2019","05","08","5","3","5","3","0","1","1","0","0","0","0",801415.94243299996,5830909.62053999957,13.44588808200,52.54464749100,"0"
"194577","11","0","08","008","2019","05","06","5","2","2","7","0","0","1","0","1","0","0",803600.45102200005,5821923.66674999893,13.46981002000,52.46289561600,"0"
"194578","11","0","01","001","2019","05","11","5","3","6","2","0","0","1","1","0","0","0",797913.39626499999,5827274.60453999974,13.39113417800,52.51399073400,"0"
"194579","11","0","09","009","2019","05","18","5","3","5","2","0","1","1","0","0","0","0",808974.66603500000,5818112.35338000022,13.54514050200,52.42572673000,"0"
"194580","11","0","01","001","2019","05","18","5","3","0","3","0","1","1","0","0","0","0",799126.11156899994,5827120.57459999993,13.40881331900,52.51194636400,"0"
"194581","11","0","01","001","2019","05","08","5","3","5","3","0","1","1","0","0","0","0",799898.90236599999,5826523.84387999959,13.41962905600,52.50617329700,"0"
"194582","11","0","12","012","2019","05","16","5","3","5","2","0","1","1","0","0","0","0",792217.26084500004,5833939.83526000008,13.31330016700,52.57682398100,"0"
"194583","11","0","04","004","2019","05","15","5","3","1","5","0","0","1","0","1","0","0",793503.69143600005,5827893.08021000028,13.32688528500,52.52192592200,"0"
"194584","11","0","02","002","2019","05","14","5","3","5","5","0","1","1","0","0","0","0",799564.61938900000,5826307.67607999966,13.41452410300,52.50441932400,"0"
"194585","11","0","08","008","2019","05","15","5","2","5","2","0","0","1","0","0","0","0",802294.92536999995,5817848.23374000005,13.44696500500,52.42709062400,"0"
"194586","11","0","12","012","2019","05","15","5","3","2","6","0","0","1","0","0","0","0",792548.30997499998,5834467.68161999993,13.31863741300,52.58137800800,"0"
"194587","11","0","03","003","2019","05","15","5","2","5","2","0","0","1","0","1","0","0",803342.43772299995,5831580.71047000028,13.47482294600,52.54959312200,"0"
"194588","11","0","06","006","2019","05","09","5","2","5","3","0","1","1","0","0","0","0",792711.91201800003,5821670.60467000026,13.30978135500,52.46656877000,"0"
"194589","11","0","05","005","2019","05","12","5","3","5","3","0","0","0","0","1","0","1",786106.71270699997,5829356.90410999954,13.21942297700,52.53898198400,"0"
"194590","11","0","01","001","2019","05","12","5","3","5","2","0","1","0","0","0","1","0",793500.94774400000,5829389.72460000031,13.32816618400,52.53534406000,"0"
"194591","11","0","04","004","2019","05","11","5","3","5","3","0","0","1","0","0","0","0",791292.47315700003,5826060.76097000018,13.29278287800,52.50668512100,"0"
"194592","11","0","06","006","2019","05","15","5","3","6","7","0","0","1","1","0","0","0",793520.23646900000,5820658.45349000022,13.32075604300,52.45706150800,"0"
"194593","11","0","09","009","2019","05","15","5","3","6","7","0","0","1","1","0","0","0",808749.82990100002,5815317.37772999890,13.53926650200,52.40080483400,"0"
"194594","11","0","07","007","2019","05","10","5","3","5","3","0","1","1","0","0","0","0",796364.57109900005,5825091.32409000024,13.36643389200,52.49526346100,"0"
"194595","11","0","02","002","2019","05","10","5","3","5","2","0","0","1","0","0","0","1",802950.21247000003,5826077.69850999955,13.46404294400,52.50048885300,"0"
"194596","11","0","07","007","2019","05","08","5","3","2","6","0","0","1","0","0","0","1",795332.62333700003,5821559.25977000035,13.34814904800,52.46416033100,"0"
"194597","11","0","01","001","2019","05","08","5","3","3","6","0","0","0","0","0","0","1",799113.83400000003,5828309.34100000001,13.40970169900,52.52260864600,"0"
"194598","11","0","02","002","2019","05","08","5","2","0","1","0","0","0","0","1","0","0",798433.24376999994,5826505.33315999992,13.39808226900,52.50681105200,"0"
"194599","11","0","02","002","2019","05","00","5","3","1","5","2","1","1","0","0","0","0",800645.17250900005,5827393.03256999981,13.43137628800,52.51355336900,"0"
"194600","11","0","07","007","2019","05","08","5","3","0","1","0","1","0","0","0","0","0",797284.00384799996,5821143.50657000020,13.37641798700,52.45937533300,"0"
"194601","11","0","02","002","2019","05","16","4","3","6","2","0","1","0","1","0","0","0",800921.74197800003,5826861.77615000028,13.43495920200,52.50863908500,"0"
"194602","11","0","06","006","2019","05","19","4","3","5","2","0","0","1","0","0","0","0",792938.70223499998,5817767.98316000029,13.30968771700,52.43146097300,"0"
"194603","11","0","08","008","2019","05","19","4","2","3","6","0","0","1","0","0","0","0",801027.42299999995,5823894.03299999982,13.43382993300,52.48198014800,"0"
"194604","11","0","02","002","2019","05","22","4","3","6","4","2","1","0","1","0","0","0",800480.42797900003,5825761.59707999974,13.42748343100,52.49902106900,"0"
"194605","11","0","03","003","2019","05","12","4","3","5","2","0","1","1","0","0","0","0",803366.15084400005,5833523.53863999993,13.47694736200,52.56699282300,"0"
"194606","11","0","05","005","2019","05","21","4","2","2","6","2","0","1","0","1","0","0",784391.56079899997,5828680.70500999968,13.19362355600,52.53381701000,"0"
"194607","11","0","12","012","2019","05","19","4","3","5","2","0","0","1","0","1","0","0",794339.28399999999,5835706.26699999999,13.34609383200,52.59151504600,"0"
"194608","11","0","02","002","2019","05","18","4","3","6","7","0","0","1","1","0","0","0",801071.12014599994,5827121.58076000027,13.43738855200,52.51088535100,"0"
"194609","11","0","09","009","2019","05","18","4","3","6","2","0","0","1","1","0","0","0",802309.98966500000,5825530.66102000047,13.45414361200,52.49594079100,"0"
"194610","11","0","07","007","2019","05","14","4","3","6","7","0","1","0","1","0","0","0",797855.04207800003,5821652.03036000021,13.38525149700,52.46362277000,"0"
"194611","11","0","04","004","2019","05","13","4","3","5","2","0","0","1","0","1","0","0",791577.96771999996,5824878.87459999975,13.29594250500,52.49593711600,"0"
"194612","11","0","06","006","2019","05","13","4","3","1","5","0","1","1","0","0","0","1",792269.50072699995,5820610.28461000044,13.30235894800,52.45729996700,"0"
"194613","11","0","05","005","2019","05","12","4","3","2","2","0","0","1","0","1","0","0",787665.07541100006,5829975.32813999988,13.24287247700,52.54370602100,"0"
"194614","11","0","04","004","2019","05","12","4","3","3","6","0","1","1","0","0","0","0",792661.14660800004,5827139.96779999975,13.31384009500,52.51562739300,"0"
"194615","11","0","02","002","2019","05","17","4","3","5","2","0","0","1","0","1","0","0",798718.11999799998,5825880.51592999976,13.40170654500,52.50105451200,"0"
"194616","11","0","08","008","2019","05","12","4","3","5","3","0","0","1","0","0","0","0",801478.54997599998,5817971.45617999975,13.43510575000,52.42864554400,"0"
"194617","11","0","12","012","2019","05","12","4","3","5","3","0","1","1","0","0","0","0",790579.00800000003,5839713.71300000045,13.29426121800,52.62946290900,"0"
"194618","11","0","04","004","2019","05","15","4","3","0","2","0","0","1","0","0","0","1",793503.57327299996,5825309.42150999978,13.32460515300,52.49876466600,"0"
"194619","11","0","04","004","2019","05","15","4","3","0","6","0","1","1","0","0","0","0",793303.07833000005,5823754.17033999972,13.32029103300,52.48493021300,"0"
"194620","11","0","10","010","2019","05","16","4","3","2","1","0","0","1","0","0","0","0",810512.38786000002,5827974.25107999984,13.57686079000,52.51323472200,"0"
"194621","11","0","02","002","2019","05","10","4","3","0","1","0","0","0","0","1","0","0",799282.54104599997,5826219.36607000045,13.41030127300,52.50378255000,"1"
"194622","11","0","12","012","2019","04","17","3","3","5","3","0","1","1","0","0","0","0",790967.14989600005,5834529.37007999979,13.29542179200,52.58277889400,"0"
"194623","11","0","07","007","2019","04","06","3","2","5","3","0","0","1","0","1","0","0",796332.20207400003,5825092.71444000024,13.36595973000,52.49529349900,"0"
"194624","11","0","01","001","2019","04","09","3","3","2","2","0","0","1","0","0","0","0",797179.40090600005,5831917.91854999959,13.38450172700,52.55601302200,"0"
"194625","11","0","09","009","2019","04","15","3","3","6","6","0","1","0","1","0","0","0",808562.45728099998,5819104.77711999975,13.54001311000,52.43485350000,"0"
"194626","11","0","02","002","2019","04","17","3","3","1","5","0","0","1","0","1","0","0",799852.11462400004,5825823.33848000038,13.41831095800,52.49992007300,"0"
"194627","11","0","01","001","2019","04","07","3","3","2","6","1","0","1","0","0","0","0",793878.00043500005,5830231.52285000030,13.33445372000,52.54268709400,"0"
"194628","11","0","09","009","2019","04","23","3","3","5","3","2","0","1","0","1","0","0",807417.08748700004,5818311.38009999972,13.52248850300,52.42838775100,"0"
"194629","11","0","01","001","2019","04","15","3","2","5","2","0","0","0","0","1","0","1",796634.19196400000,5829789.72252999898,13.37458259600,52.53723333100,"0"
"194630","11","0","01","001","2019","04","15","3","3","3","6","0","1","1","0","0","0","0",796919.97839800001,5831542.38783999998,13.38035056500,52.55278832900,"0"
"194631","11","0","09","009","2019","04","15","3","3","5","3","0","1","1","0","0","0","0",806015.40780499997,5820102.35651000030,13.50357684700,52.44522517200,"0"
"194632","11","0","07","007","2019","04","15","3","3","5","3","0","1","0","0","0","0","1",797146.88246700005,5823822.61875000037,13.37679216500,52.48346549100,"0"
"194633","11","0","07","007","2019","04","15","3","3","5","3","0","1","1","0","0","0","0",793747.14626399998,5821713.61352999974,13.32501453900,52.46639872000,"0"
"194634","11","0","04","004","2019","04","15","3","2","5","7","0","1","1","0","0","0","0",790410.80265099998,5825382.65300999954,13.27923764900,52.50107586100,"0"
"194635","11","0","02","002","2019","04","15","3","2","5","2","0","1","1","0","0","0","0",798680.01820499997,5826445.14472000021,13.40165338800,52.50613650200,"0"
"194636","11","0","01","001","2019","04","15","3","2","5","7","0","0","1","0","1","0","0",794854.66890299995,5828992.14417999983,13.34771406800,52.53104936600,"0"
"194637","11","0","02","002","2019","04","14","3","3","5","3","0","1","1","0","0","0","0",798514.86815600004,5826169.42489999998,13.39898015400,52.50375542500,"0"
"194638","11","0","01","001","2019","04","14","3","3","5","2","0","1","0","0","0","1","0",793408.28613499994,5829078.43561999965,13.32652916500,52.53260340400,"0"
"194639","11","0","10","010","2019","04","14","3","3","3","6","0","1","0","0","0","0","1",813212.92480100004,5825316.59972000029,13.61402688500,52.48787558100,"0"
"194640","11","0","04","004","2019","04","15","3","3","1","5","0","0","1","0","0","0","0",791051.66048299999,5826351.10054000001,13.28949869200,52.50941653300,"0"
"194641","11","0","07","007","2019","04","13","3","3","5","7","0","1","1","0","0","0","0",795707.20485600003,5824041.26205000095,13.35584728500,52.48620703600,"0"
"194642","11","0","04","004","2019","04","11","3","3","5","2","0","1","1","0","0","0","0",792891.69247600005,5824757.10799000040,13.31513160700,52.49414209200,"0"
"194643","11","0","09","009","2019","04","06","3","3","5","7","0","0","1","0","0","1","0",806236.02604000003,5822494.01924000029,13.50900615000,52.46653675300,"0"
"194644","11","0","03","003","2019","05","18","5","3","2","6","0","0","1","0","0","0","0",800925.64693599998,5831198.17114999890,13.43894126000,52.54750482800,"0"
"194645","11","0","10","010","2019","04","06","3","3","1","5","0","0","1","0","0","1","0",807447.00925899995,5830728.88320000004,13.53437928500,52.53965813400,"0"
"194646","11","0","05","005","2019","04","06","3","3","5","3","0","0","1","0","0","0","0",787269.25663800002,5830242.61161000095,13.23728294700,52.54631120500,"0"
"194647","11","0","07","007","2019","05","18","5","3","5","3","0","0","1","0","0","0","0",797929.79111999995,5818556.12719000038,13.38358713200,52.43583056200,"0"
"194648","11","0","03","003","2019","05","14","5","3","5","3","0","1","0","0","0","0","0",798836.04540199996,5831456.12712000031,13.40844929100,52.55096727400,"1"
"194649","11","0","01","001","2019","04","06","3","3","2","6","0","0","1","0","0","0","0",796543.92549299996,5831927.80145999976,13.37516467600,52.55644800400,"0"
"194650","11","0","10","010","2019","05","14","5","2","2","6","0","0","1","0","0","0","0",809588.08996200003,5828534.08464999963,13.56380481600,52.51877712000,"1"
"194651","11","0","11","011","2019","05","14","5","3","5","3","0","1","1","0","0","0","0",806449.41550600005,5826869.52983000036,13.51616023200,52.50563175100,"1"
"194652","11","0","06","006","2019","05","16","6","3","1","5","0","1","1","0","0","0","0",793574.24150400003,5820963.48811999988,13.32181680600,52.45976703700,"0"
"194653","11","0","11","011","2019","05","16","6","3","2","2","0","0","0","0","1","0","1",802427.99497200001,5828890.96815000102,13.45892991400,52.52599371200,"0"
"194654","11","0","02","002","2019","05","16","6","3","2","6","0","0","1","0","1","0","0",800168.84399600001,5827328.84214999899,13.42432028000,52.51324034600,"0"
"194655","11","0","12","012","2019","05","15","6","2","2","6","0","0","1","0","0","0","0",791191.57845599996,5830904.40275999997,13.29554279600,52.55016173300,"0"
"194656","11","0","01","001","2019","05","15","6","3","1","5","0","1","1","0","0","0","0",797040.00269100000,5828398.90393000096,13.37930551000,52.52454518400,"0"
"194657","11","0","05","005","2019","05","15","6","3","5","2","0","0","1","0","1","0","0",783507.60761599999,5822041.79874000046,13.17497314700,52.47475129300,"0"
"194658","11","0","02","002","2019","05","15","6","3","2","6","0","0","1","0","0","0","1",798083.07148699998,5826489.93085999973,13.39292439500,52.50686442300,"0"
"194659","11","0","11","011","2019","05","13","6","3","5","2","0","0","0","0","0","1","1",803007.82258399995,5830784.44008999970,13.46917670900,52.54264257000,"0"
"194660","11","0","04","004","2019","05","13","6","2","5","2","0","1","1","0","0","0","0",793633.64980100002,5824865.51185999997,13.32612449900,52.49471523900,"0"
"194661","11","0","01","001","2019","05","13","6","3","0","5","0","1","0","0","0","0","1",797752.46785599994,5828802.03921999969,13.39013700300,52.52777017600,"0"
"194662","11","0","02","002","2019","05","13","6","3","5","3","0","0","1","0","0","0","0",799704.90672500001,5826006.48072999902,13.41631367500,52.50164253000,"0"
"194663","11","0","11","011","2019","05","12","6","3","3","6","0","1","0","0","0","0","1",803275.67779700004,5826146.08578000031,13.46888519000,52.50092102000,"0"
"194664","11","0","09","009","2019","05","11","6","3","0","3","0","0","1","0","0","0","1",808740.26917700004,5818502.99782999977,13.54206478400,52.42936000600,"0"
"194665","11","0","09","009","2019","05","09","5","3","3","6","0","1","0","0","0","0","1",801672.64235200000,5825161.33528999891,13.44444942800,52.49298311900,"0"
"194666","11","0","06","006","2019","05","20","5","3","2","6","1","0","1","0","0","0","0",793196.78934400005,5819819.79296999890,13.31527309200,52.44971673900,"0"
"194667","11","0","05","005","2019","05","19","5","3","5","2","0","0","1","0","0","0","0",789675.18000000005,5829301.07199999969,13.27184306900,52.53659622400,"1"
"194668","11","0","01","001","2019","05","19","5","3","5","3","0","1","1","0","0","0","0",795774.91697599995,5829084.01317000110,13.36132246600,52.53137433200,"1"
"194669","11","0","01","001","2019","05","19","5","3","2","6","0","0","1","0","0","0","0",795770.81423899997,5831869.08593000099,13.36374199900,52.55634210300,"1"
"194670","11","0","12","012","2019","05","23","5","3","0","1","2","0","0","0","1","0","0",791164.15099999995,5834024.74399999995,13.29787785300,52.57814965000,"1"
"194671","11","0","06","006","2019","05","08","5","3","0","1","0","0","0","0","0","0","1",792720.50391400000,5816241.03889000043,13.30515124100,52.41788885700,"1"
"194672","11","0","05","005","2019","05","12","5","3","2","4","0","0","1","1","0","0","0",784885.30670900003,5830156.40380000044,13.20214845700,52.54679018700,"1"
"194673","11","0","04","004","2019","05","12","5","3","2","6","0","0","1","0","0","1","0",790563.86685700004,5825419.47233999986,13.28151835500,52.50132446600,"1"
"194674","11","0","06","006","2019","05","12","5","3","6","2","0","0","0","1","0","0","1",793052.72723199998,5816371.77572999895,13.31013686900,52.41888311000,"1"
"194675","11","0","02","002","2019","05","11","5","3","5","3","0","0","1","0","0","0","0",798538.96189300006,5825340.11894000042,13.39859066800,52.49630860600,"1"
"194676","11","0","10","010","2019","05","10","5","3","6","2","0","0","1","1","0","0","0",809190.21080000000,5830208.99433000106,13.55951696100,52.53401284900,"1"
"194677","11","0","02","002","2019","05","10","5","3","0","2","0","0","1","0","0","0","1",802039.45206399995,5827167.36952000018,13.45165530000,52.51076047000,"1"
"194678","11","0","02","002","2019","05","10","5","3","2","6","0","0","0","0","0","0","1",800870.93340900005,5826856.40895999968,13.43420797600,52.50861900100,"1"
"194679","11","0","02","002","2019","05","09","5","3","5","3","0","1","1","0","0","0","0",801108.40204500000,5827043.87038000021,13.43786594500,52.51016824000,"1"
"194680","11","0","02","002","2019","05","09","5","3","5","3","0","0","1","0","1","0","0",800625.17041599995,5825680.81924999971,13.42953633300,52.49821731800,"1"
"194681","11","0","12","012","2019","05","09","5","3","5","3","0","0","1","0","0","0","0",796741.12779499998,5833529.99502000026,13.37949786800,52.57070238000,"1"
"194682","11","0","02","002","2019","05","08","5","3","2","6","0","0","1","0","0","0","0",798501.38302499999,5825362.59494000021,13.39805890500,52.49653062800,"1"
"194683","11","0","01","001","2019","05","08","5","3","5","2","0","0","1","0","0","0","0",796695.74539900001,5831632.05857999995,13.37713317300,52.55371431700,"1"
"194684","11","0","02","002","2019","05","08","5","2","5","2","0","0","1","0","1","0","0",802768.37874199997,5827684.08617999963,13.46283343100,52.51498766900,"1"
"194685","11","0","03","003","2019","05","08","5","3","4","6","0","0","1","0","0","1","0",800997.76977300004,5833690.92128000036,13.44226235500,52.56980771500,"1"
"194686","11","0","07","007","2019","05","06","5","3","6","2","0","0","1","1","0","0","0",797506.27768900001,5819279.94115000032,13.37801982200,52.44254937600,"1"
"194687","11","0","04","004","2019","05","05","5","2","1","1","1","0","1","0","0","0","0",793593.16394500004,5827840.07895999961,13.32815343200,52.52140262500,"1"
"194688","11","0","11","011","2019","05","02","5","2","6","4","2","0","0","1","0","1","0",803909.91899699997,5828257.61631000042,13.48012793600,52.51949317800,"1"
"194689","11","0","06","006","2019","05","17","5","2","6","4","0","0","1","1","0","0","0",795273.53925799998,5818159.21232999954,13.34427635600,52.43371288100,"0"
"194690","11","0","03","003","2019","05","17","5","3","2","6","0","0","1","0","1","0","0",799571.57652700006,5828972.38975999970,13.41702552900,52.52830054800,"1"
"194691","11","0","05","005","2019","05","13","5","3","1","5","0","1","1","0","0","0","0",785642.30462199997,5828568.89647000097,13.21191682700,52.53216048000,"1"
"194692","11","0","11","011","2019","05","17","5","2","1","5","0","1","1","0","0","0","0",805966.50693100004,5825290.12160000019,13.50761667800,52.49174755200,"0"
"194693","11","0","02","002","2019","05","17","5","3","1","5","0","1","1","0","0","0","0",801778.89353600005,5825794.15220999904,13.44658294300,52.49859640100,"0"
"194694","11","0","02","002","2019","05","16","5","3","0","2","0","0","0","0","1","0","1",802768.03799999994,5827682.90699999966,13.46282735200,52.51497728900,"1"
"194695","11","0","01","001","2019","05","16","5","3","6","4","0","0","1","1","0","0","0",796836.41156599997,5831496.93824000005,13.37908101400,52.55242647500,"1"
"194696","11","0","01","001","2019","05","15","5","3","6","2","0","0","1","1","0","0","0",797253.17000000004,5827355.92783000041,13.38150628600,52.51507991900,"1"
"194697","11","0","03","003","2019","05","15","5","3","1","5","0","1","1","0","0","0","0",799611.66663899994,5832084.79243000038,13.42042169000,52.55617615800,"1"
"194698","11","0","04","004","2019","05","15","5","3","5","5","0","0","0","0","1","0","1",793453.44664900005,5826556.09802000038,13.32496765800,52.50996753900,"1"
"194699","11","0","12","012","2019","05","15","5","2","0","1","0","0","0","0","1","0","0",793134.24639200000,5835277.91645999998,13.32797702200,52.58832593000,"1"
"194700","11","0","07","007","2019","05","14","5","3","2","6","0","0","1","0","0","0","0",797244.35363200004,5820762.25382999890,13.37549669800,52.45597934000,"1"
"194701","11","0","01","001","2019","05","14","5","3","2","6","0","0","1","0","0","0","0",797036.10359800002,5831894.13499999978,13.38237300000,52.55587800500,"1"
"194702","11","0","10","010","2019","05","10","4","3","2","6","0","0","1","0","0","0","0",809906.71192899998,5831576.95335999969,13.57132231200,52.54586493600,"0"
"194703","11","0","04","004","2019","05","10","4","2","5","3","0","0","1","0","1","0","0",789829.51300000004,5826308.72300000023,13.27150437100,52.50968731900,"0"
"194704","11","0","07","007","2019","05","11","4","3","5","2","0","1","1","0","0","0","0",800108.11201200006,5821434.53328999970,13.41812066900,52.46044047500,"0"
"194705","11","0","01","001","2019","05","12","4","3","5","3","0","1","1","0","0","0","0",799139.88963200001,5827828.86534000002,13.40965250100,52.51828759800,"0"
"194706","11","0","03","003","2019","05","14","4","3","2","6","0","0","0","0","0","1","1",799036.17200999998,5830376.17291000020,13.41041974300,52.54117730900,"0"
"194707","11","0","09","009","2019","05","14","4","3","5","3","0","1","1","0","0","0","0",811115.33892200002,5822357.82278999966,13.58047460200,52.46255989000,"1"
"194708","11","0","05","005","2019","05","15","4","3","1","5","0","1","1","0","0","0","0",782063.84699999995,5830186.16199999955,13.16067618300,52.54852525000,"0"
"194709","11","0","05","005","2019","05","16","4","3","5","3","0","1","1","0","0","0","0",784596.40025700000,5827970.93900000025,13.19602764800,52.52734630700,"0"
"194710","11","0","04","004","2019","05","16","4","3","2","6","0","0","1","0","0","0","0",790895.90259700001,5824758.16382000037,13.28581851600,52.49521890800,"0"
"194711","11","0","05","005","2019","05","16","4","3","2","6","0","0","1","0","0","0","0",779568.04718800006,5827837.03115999978,13.12198848000,52.52874764000,"0"
"194712","11","0","01","001","2019","05","17","4","3","1","5","0","1","1","0","0","0","0",798870.21254600002,5826660.15959999990,13.40464032500,52.50795965800,"0"
"194713","11","0","04","004","2019","05","17","4","3","2","6","0","0","1","0","0","0","0",790747.67633299995,5827375.95667999983,13.28592771200,52.51876648500,"0"
"194714","11","0","10","010","2019","05","18","4","3","5","3","0","1","1","0","0","0","0",812010.40049000003,5830589.94864000008,13.60131781000,52.53581966100,"0"
"194715","11","0","10","010","2019","05","15","4","2","6","4","0","0","1","1","0","0","0",813246.92757399997,5831036.35711000022,13.61990975200,52.53911064600,"1"
"194716","11","0","05","005","2019","05","12","4","3","0","5","0","0","1","0","0","0","1",780159.73300000001,5828726.95199999958,13.13143787700,52.53642357000,"0"
"194717","11","0","04","004","2019","05","17","4","3","2","6","0","0","1","0","0","0","0",791929.96083400003,5826205.31574000046,13.30227557000,52.50764028600,"0"
"194718","11","0","01","001","2019","05","10","4","3","2","6","0","0","1","0","0","0","0",794775.01138699998,5826232.82323000021,13.34409813600,52.50635707300,"0"
"194719","11","0","03","003","2019","05","10","4","3","2","2","0","0","0","0","1","0","0",798656.83174599998,5831793.98316999897,13.40611793300,52.55409394300,"0"
"194720","11","0","04","004","2019","05","09","4","2","6","7","0","0","1","1","0","0","0",791967.08168399998,5825240.48295999970,13.30197491900,52.49897085900,"0"
"194721","11","0","01","001","2019","05","09","4","3","5","3","0","1","1","0","0","0","0",794797.21409599995,5828309.44139999989,13.34626421200,52.52496051000,"0"
"194722","11","0","02","002","2019","05","09","4","3","5","2","0","1","1","0","0","0","0",798797.74099099997,5824935.57785000093,13.40202839700,52.49254082900,"0"
"194723","11","0","01","001","2019","05","09","4","3","2","6","0","1","0","0","0","0","0",800138.02235600003,5827373.48962000012,13.42390772600,52.51365749800,"0"
"194724","11","0","04","004","2019","05","09","4","3","3","6","0","0","1","0","0","0","0",790492.66715500003,5826677.48441999964,13.28157019000,52.51264054800,"0"
"194725","11","0","02","002","2019","05","09","4","3","2","2","0","0","1","0","0","0","0",797781.57273999997,5824941.95626000036,13.38711118800,52.49315330500,"0"
"194726","11","0","04","004","2019","05","22","4","3","0","2","2","0","1","0","1","0","0",791964.08139299997,5825257.34473999962,13.30194562900,52.49912362700,"0"
"194727","11","0","01","001","2019","05","08","4","3","2","3","0","1","1","0","0","0","0",797765.43264400004,5827448.79628000036,13.38911608300,52.51563294700,"0"
"194728","11","0","02","002","2019","05","08","4","3","6","2","0","0","0","1","0","0","1",799593.24331199995,5825828.28093999997,13.41451325000,52.50010655400,"0"
"194729","11","0","12","012","2019","05","08","4","3","5","3","0","1","1","0","0","0","0",791374.32000299997,5833124.80224000011,13.30017984100,52.56996940800,"0"
"194730","11","0","11","011","2019","05","08","4","3","1","5","0","1","1","0","0","0","0",803824.32046700001,5828349.30068000033,13.47895400200,52.52036261200,"0"
"194731","11","0","07","007","2019","05","07","4","3","5","3","0","1","1","0","0","0","0",794798.25130600005,5823734.55372999981,13.34222872900,52.48394913500,"0"
"194732","11","0","09","009","2019","05","07","4","3","6","4","0","0","1","1","0","0","0",808552.95959099999,5819121.42867000028,13.53988921100,52.43500809000,"0"
"194733","11","0","01","001","2019","05","21","4","3","8","1","2","0","1","0","0","0","0",796744.05518899998,5830484.30552999955,13.37681801800,52.54339968900,"1"
"194734","11","0","08","008","2019","05","07","4","3","6","4","0","0","1","1","0","0","0",801794.42598499998,5823034.39726000000,13.44431227100,52.47385173900,"0"
"194735","11","0","09","009","2019","05","07","4","3","5","3","0","0","1","0","1","0","0",810473.78883900004,5820264.06905000098,13.56911543500,52.44416126000,"0"
"194736","11","0","05","005","2019","05","07","4","2","5","2","0","1","1","0","0","0","0",786719.55806700001,5828213.48445999995,13.22744793600,52.52840836500,"0"
"194737","11","0","05","005","2019","05","06","4","3","2","6","0","0","1","0","0","0","0",789773.64981199999,5829265.46057000104,13.27325976200,52.53622461300,"0"