OBJECTID,ULAND,UREGBEZ,UKREIS,UGEMEINDE,UJAHR,UMONAT,USTUNDE,UWOCHENTAG,UKATEGORIE,UART,UTYP1,ULICHTVERH,IstRad,IstPKW,IstFuss,IstKrad,IstGkfz,IstSonstig,LINREFX,LINREFY,XGCSWGS84,YGCSWGS84,STRZUSTAND
"194738","11","0","04","004","2019","05","18","4","3","5","2","0","1","1","0","0","0","0",793474.25767099997,5824732.16921999957,13.32366596600,52.49360560400,"1"
"194739","11","0","09","009","2019","05","07","3","3","4","6","0","1","0","0","0","0","0",811048.55356200004,5816925.01441999990,13.57443933400,52.41391130200,"0"
"194740","11","0","11","011","2019","05","06","3","3","5","2","0","1","1","0","0","0","0",803330.18313000002,5830082.83009999990,13.47327509200,52.53617488100,"0"
"194741","11","0","04","004","2019","05","18","3","3","5","2","0","0","1","0","0","0","0",793343.86973999999,5823071.59946999978,13.32028943600,52.47878929100,"0"
"194742","11","0","09","009","2019","05","17","3","3","6","4","0","0","1","1","0","0","0",810657.49444499996,5821080.04272999894,13.57256837200,52.45136938800,"0"
"194743","11","0","12","012","2019","05","16","3","3","6","2","0","0","1","1","0","0","0",792284.54130100005,5833928.50526000001,13.31428021700,52.57668628000,"0"
"194744","11","0","01","001","2019","05","16","3","2","6","4","0","0","1","1","0","0","0",796442.18580600002,5832092.09908000007,13.37381511700,52.55797614100,"0"
"194745","11","0","05","005","2019","05","05","3","3","5","2","0","1","1","0","0","0","0",786252.19050599996,5829129.24383000098,13.22136599000,52.53686444300,"0"
"194746","11","0","05","005","2019","05","19","3","3","5","3","0","0","1","0","0","0","0",782800.11527099996,5830384.75631000102,13.17167463900,52.54992415600,"0"
"194747","11","0","05","005","2019","05","16","3","2","5","7","0","0","1","0","0","1","0",787999.87153799995,5830187.34838999901,13.24797959700,52.54542999600,"0"
"194748","11","0","01","001","2019","05","17","3","3","8","1","0","0","1","0","0","0","0",797576.78023499995,5828569.24026000034,13.38734653700,52.52577934400,"0"
"194749","11","0","01","001","2019","05","13","3","3","5","2","0","0","1","0","0","0","0",796855.32398800005,5830644.51247000042,13.37859714000,52.54477515000,"0"
"194750","11","0","04","004","2019","05","22","3","2","6","4","2","0","1","1","0","0","0",791174.14385500003,5824964.60450000037,13.29008586800,52.49692127700,"0"
"194751","11","0","07","007","2019","05","13","3","3","5","2","0","1","1","0","0","0","0",798861.30118800001,5813649.34709999990,13.39286825800,52.39133868300,"0"
"194752","11","0","12","012","2019","05","13","3","3","5","3","0","1","1","0","0","0","0",793826.90761899995,5836348.10797000024,13.33912134600,52.59754571100,"0"
"194753","11","0","03","003","2019","05","13","3","3","5","2","0","1","1","0","0","0","0",800190.47558099998,5830932.50480999891,13.42789190500,52.54552918600,"0"
"194754","11","0","07","007","2019","05","11","3","3","5","2","0","1","1","0","0","0","0",793989.87300000002,5821548.87000000011,13.32843214000,52.46479130900,"0"
"194755","11","0","07","007","2019","05","09","3","3","5","2","0","1","1","0","0","0","0",794952.11995099997,5825645.63351000100,13.34617986700,52.50099760400,"0"
"194756","11","0","11","011","2019","05","09","3","3","0","7","0","1","0","0","0","0","0",807586.92599999998,5824501.72499999963,13.53068085300,52.48377126100,"0"
"194757","11","0","09","009","2019","05","15","3","3","0","4","0","0","0","1","0","0","1",811257.73715900001,5820224.52343000099,13.58057566400,52.44336121800,"0"
"194758","11","0","07","007","2019","05","09","3","2","5","7","0","0","1","0","0","0","0",798347.55700000003,5815900.57899999991,13.38734605000,52.41179871300,"0"
"194759","11","0","06","006","2019","05","09","3","3","2","6","0","0","1","0","0","0","0",790161.38706600002,5819797.24304999970,13.27071389400,52.45113414700,"0"
"194760","11","0","05","005","2019","05","08","3","3","3","2","0","0","1","0","0","1","0",784709.85519300005,5828610.85659999959,13.19824358800,52.53302456900,"0"
"194761","11","0","03","003","2019","05","08","3","3","2","6","0","0","1","0","0","1","0",799540.55901900004,5833962.64221000019,13.42107136800,52.57304705800,"0"
"194762","11","0","07","007","2019","05","07","3","3","5","2","0","1","0","0","0","0","1",797204.57733799994,5818623.52024000045,13.37301040800,52.43682922100,"0"
"194763","11","0","05","005","2019","05","07","3","3","5","7","0","0","1","0","1","0","0",784077.53478500003,5831148.96344999969,13.19111752600,52.55611136500,"0"
"194764","11","0","03","003","2019","05","07","3","3","5","3","0","0","1","0","0","0","0",799744.26741099998,5831841.93797000032,13.42215244300,52.55392641200,"0"
"194765","11","0","09","009","2019","05","16","3","3","2","6","0","0","1","0","0","0","1",808355.90698800003,5819446.39209999982,13.53729949900,52.43803155700,"0"
"194766","11","0","03","003","2019","05","16","3","3","5","3","0","1","1","0","0","0","0",799127.42145499995,5830556.24388999958,13.41192336000,52.54274128500,"0"
"194767","11","0","03","003","2019","05","16","3","3","5","3","0","1","1","0","0","0","0",800085.70500399999,5831671.19660000037,13.42701903700,52.55220800100,"0"
"194768","11","0","08","008","2019","05","15","3","3","2","6","0","0","1","0","0","0","0",805300.90482099995,5818198.64549000096,13.49135811000,52.42856228800,"0"
"194769","11","0","02","002","2019","05","15","3","3","1","5","0","1","1","0","0","0","0",800891.59965500003,5826110.27395000029,13.43383724700,52.50191980900,"0"
"194770","11","0","07","007","2019","05","15","3","3","1","5","0","1","0","0","0","0","1",797208.10369999998,5821393.36125999968,13.37552663300,52.46165632000,"0"
"194771","11","0","01","001","2019","05","11","3","3","5","3","0","1","0","0","1","0","0",795211.00017899997,5828229.30375999957,13.35227450400,52.52401824900,"0"
"194772","11","0","08","008","2019","05","11","3","3","0","6","0","1","0","0","0","0","1",800997.79858900001,5822176.35962000024,13.43184495300,52.46660042800,"0"
"194773","11","0","10","010","2019","05","14","2","3","5","3","0","0","1","0","0","0","0",810011.68132400000,5832304.95055999979,13.57354490100,52.55232914400,"0"
"194774","11","0","02","002","2019","05","16","2","3","6","7","0","1","0","1","0","0","0",798629.45437399996,5825311.27869000100,13.39989383400,52.49600058500,"0"
"194775","11","0","03","003","2019","05","12","2","3","1","5","0","1","1","0","0","0","0",802801.59719500004,5828576.12337000109,13.46413339600,52.52296444100,"0"
"194776","11","0","07","007","2019","05","09","2","2","0","5","0","0","1","0","0","0","1",796117.02789100003,5815936.53144999966,13.35468005900,52.41333209600,"0"
"194777","11","0","11","011","2019","05","15","2","3","5","3","0","1","1","0","0","0","0",805491.92176499998,5827157.09446999896,13.50236088800,52.50874596800,"0"
"194778","11","0","05","005","2019","05","11","2","2","0","1","0","0","1","0","1","0","0",783447.96047399996,5826733.80324999895,13.17808996500,52.51685220700,"0"
"194779","11","0","01","001","2019","05","09","2","3","3","6","0","1","0","0","0","0","0",799107.93758699996,5827140.17028999981,13.40856392700,52.51213197700,"0"
"194780","11","0","02","002","2019","05","15","2","3","5","3","0","0","1","0","0","0","0",800591.89716399997,5827048.69940999895,13.43028258100,52.51049637500,"0"
"194781","11","0","11","011","2019","05","15","2","3","6","7","0","0","0","1","1","0","0",806791.60134199995,5833787.36677000020,13.52757205000,52.56743777900,"0"
"194782","11","0","03","003","2019","05","14","2","3","2","2","0","1","1","0","0","0","0",801740.38558899995,5829170.43164999969,13.44907881400,52.52887953800,"0"
"194783","11","0","11","011","2019","05","14","2","3","5","2","0","1","1","0","0","0","0",806996.96929499996,5825780.86294999905,13.52319872600,52.49556713800,"0"
"194784","11","0","11","011","2019","05","14","2","2","5","7","0","0","1","0","0","0","1",806701.71245400002,5826903.61488000024,13.51989717900,52.50579546700,"0"
"194785","11","0","05","005","2019","05","14","2","3","5","3","0","1","1","0","0","0","0",788963.63879500004,5829790.68743999954,13.26180736300,52.54136350200,"0"
"194786","11","0","08","008","2019","05","13","2","3","2","6","0","0","1","0","0","0","0",804076.02399999998,5819258.84999999963,13.47436256000,52.43874689500,"0"
"194787","11","0","02","002","2019","05","11","2","3","5","2","0","0","1","0","1","0","0",801701.65790500003,5825858.23309000023,13.44550667700,52.49921346900,"0"
"194788","11","0","01","001","2019","05","10","2","3","2","2","0","1","1","0","0","0","0",796636.21152899996,5829797.86146999896,13.37461955000,52.53730518900,"0"
"194789","11","0","10","010","2019","05","09","2","3","2","6","0","0","1","0","0","0","0",809391.80096000002,5831416.35462999903,13.56360366900,52.54471835500,"0"
"194790","11","0","08","008","2019","05","10","2","3","0","1","0","0","0","0","1","0","0",801105.69634000002,5824045.04607999977,13.43511546100,52.48329056500,"0"
"194791","11","0","01","001","2019","05","09","2","2","5","2","0","1","0","0","0","1","0",799108.78687600000,5828466.04031999968,13.40976845900,52.52401599200,"0"
"194792","11","0","11","011","2019","05","15","2","3","5","3","0","0","1","0","0","0","0",804696.12067099998,5830719.91603999957,13.49393585600,52.54112283200,"0"
"194793","11","0","09","009","2019","05","14","2","3","8","1","0","0","1","0","0","0","0",811809.52408500004,5818140.94484999962,13.58672464100,52.42437496600,"0"
"194794","11","0","02","002","2019","05","08","2","2","5","2","0","1","1","0","0","0","0",800949.20194399997,5825524.49835000094,13.43415398700,52.49663758600,"0"
"194795","11","0","01","001","2019","05","08","2","3","1","5","0","1","1","0","0","0","1",798538.89361000003,5826790.92882000003,13.39989040100,52.50931323400,"0"
"194796","11","0","07","007","2019","05","08","2","2","6","4","0","0","0","1","1","0","0",795199.55410600000,5825605.52799000032,13.34977889800,52.50050428800,"0"
"194797","11","0","06","006","2019","05","08","2","3","2","7","0","0","1","0","1","1","0",794997.29993099999,5821377.00267999992,13.34306643700,52.46270764400,"0"
"194798","11","0","09","009","2019","05","08","2","3","5","2","0","1","0","0","0","1","0",810277.45310599997,5818053.55546000041,13.56418461000,52.42446264000,"0"
"194799","11","0","06","006","2019","05","07","2","3","0","1","0","0","0","0","1","0","0",790682.24816600000,5821048.53394000046,13.27944635500,52.46207547200,"0"
"194800","11","0","04","004","2019","05","07","2","3","5","3","0","0","1","0","1","0","0",793085.12403900002,5822780.31080999970,13.31623443700,52.47631689800,"0"
"194801","11","0","07","007","2019","05","12","2","3","5","3","0","1","1","0","0","0","0",798071.41681199998,5814690.19935000036,13.38222080800,52.40109926700,"0"
"194802","11","0","02","002","2019","05","20","2","3","5","3","0","0","1","0","0","0","1",803201.54975400004,5827260.87846000027,13.46881174400,52.51095391300,"0"
"194803","11","0","07","007","2019","05","19","2","3","1","1","0","0","1","0","0","0","0",797746.19726799999,5820398.89228999894,13.38253650300,52.45244903700,"0"
"194804","11","0","12","012","2019","05","18","2","3","2","6","0","0","1","0","0","0","0",793511.62569999998,5832411.78870000038,13.33099428300,52.56242941600,"0"
"194805","11","0","12","012","2019","05","18","2","2","6","4","1","0","1","1","0","0","0",792727.34900799999,5833871.97303999960,13.32074619400,52.57594148800,"0"
"194806","11","0","04","004","2019","05","18","2","3","6","7","0","0","1","1","0","0","0",792695.85452199995,5823099.21502999961,13.31079925800,52.47938455600,"0"
"194807","11","0","10","010","2019","05","17","2","3","5","3","0","1","1","0","0","0","0",811770.62734500004,5831763.07419999968,13.59889497900,52.54646943800,"0"
"194808","11","0","01","001","2019","05","17","2","3","1","5","0","1","0","0","0","0","1",799528.60378600005,5826741.84406999964,13.41438569900,52.50833075700,"0"
"194809","11","0","05","005","2019","05","16","2","2","6","4","0","0","1","1","0","0","0",784521.22488200001,5828650.41309999954,13.19550407400,52.53347773700,"0"
"194810","11","0","02","002","2019","05","16","2","3","5","3","0","0","1","0","0","0","1",801772.19308999996,5828665.67456000019,13.44908819200,52.52433777700,"0"
"194811","11","0","09","009","2019","05","15","2","3","5","2","0","1","0","0","0","0","1",802327.51750600000,5825309.56390000042,13.45420036800,52.49394938400,"0"
"194812","11","0","01","001","2019","05","13","2","3","5","3","0","1","1","0","0","0","0",799698.22837699996,5827210.02560000028,13.41729908600,52.51243412200,"0"
"194813","11","0","05","005","2019","05","12","2","3","3","3","0","0","1","0","0","0","0",782558.64773099998,5830463.65658999979,13.16819006900,52.55075691600,"0"
"194814","11","0","08","008","2019","05","20","1","3","0","7","1","1","1","0","0","0","0",803014.06584199995,5823520.19373000041,13.46265535100,52.47753070600,"0"
"194815","11","0","04","004","2019","05","19","1","3","1","7","0","1","1","0","0","0","0",791849.46205700003,5825196.74206999969,13.30020883300,52.49864164400,"0"
"194816","11","0","06","006","2019","05","18","1","3","5","7","0","0","1","0","1","0","0",793003.98731899995,5817867.18474000040,13.31073216500,52.43231533500,"0"
"194817","11","0","07","007","2019","05","17","1","3","5","2","0","1","1","0","0","0","0",795448.82764499995,5825344.34662999958,13.35320874600,52.49802809400,"0"
"194818","11","0","06","006","2019","05","17","1","3","1","5","0","1","1","0","0","0","0",792860.10459000000,5815408.96083000023,13.30647007100,52.41035466800,"0"
"194819","11","0","09","009","2019","05","16","1","3","6","7","0","0","0","1","1","0","0",814080.05459499999,5821883.94084999897,13.62352395200,52.45661763500,"0"
"194820","11","0","09","009","2019","05","16","1","3","5","2","0","1","1","0","0","0","0",810635.87317399995,5821048.72300999891,13.57222210200,52.45110099800,"0"
"194821","11","0","03","003","2019","05","16","1","3","2","6","0","0","1","0","1","0","0",800275.48679000000,5831605.72455000039,13.42975049200,52.55151657100,"0"
"194822","11","0","06","006","2019","05","16","1","3","5","3","0","0","1","0","0","0","0",787738.59777100000,5818260.43049999978,13.23383692300,52.43863621600,"0"
"194823","11","0","06","006","2019","05","12","1","3","1","7","0","1","1","0","0","0","0",793062.90223300003,5818173.34324000031,13.31186463700,52.43502843300,"0"
"194824","11","0","10","010","2019","05","15","1","3","5","2","0","0","1","0","0","0","0",812579.55799999996,5830318.93099999987,13.60942699800,52.53306495500,"0"
"194825","11","0","09","009","2019","05","14","1","3","3","6","0","0","1","0","0","0","0",811720.89544200001,5823293.61380000040,13.59023314000,52.47060079400,"0"
"194826","11","0","03","003","2019","05","12","1","3","0","3","0","1","1","0","0","0","0",801627.53462299996,5836352.23510000017,13.45394808500,52.59331224000,"0"
"194827","11","0","08","008","2019","05","16","1","3","3","6","0","1","1","0","0","0","0",801054.00605700002,5824921.28691000026,13.43514805600,52.49117305000,"0"
"194828","11","0","01","001","2019","05","11","1","2","5","7","0","0","1","0","1","0","0",793541.02913200005,5829060.08011000045,13.32846428300,52.53236738400,"0"
"194829","11","0","02","002","2019","05","09","1","3","4","6","0","1","0","0","0","0","0",797613.18533899996,5824984.56391999964,13.38467635100,52.49362707200,"0"
"194830","11","0","04","004","2019","05","10","1","2","5","2","0","0","1","0","0","0","0",790387.67514800001,5825674.97910000011,13.27915283000,52.50370890400,"0"
"194831","11","0","02","002","2019","05","13","1","3","6","4","0","1","0","1","0","0","0",800201.20741899998,5824411.83040999901,13.42216635100,52.48707622800,"0"
"194832","11","0","01","001","2019","05","13","1","3","2","2","0","1","1","0","0","0","0",797590.35532099998,5828353.17906999961,13.38735269800,52.52383520800,"0"
"194833","11","0","09","009","2019","05","10","1","3","5","2","0","0","1","0","0","0","1",809391.88996700000,5821482.71085000038,13.55437700900,52.45569575700,"0"
"194834","11","0","08","008","2019","05","04","1","3","5","7","1","0","1","0","0","0","0",800675.02594700002,5824113.05747999996,13.42885387500,52.48413749000,"1"
"194835","11","0","09","009","2019","05","20","1","3","0","7","0","0","1","0","0","0","0",802657.29754299996,5824431.56754000019,13.45824564200,52.48589716800,"0"
"194836","11","0","12","012","2019","05","19","1","2","5","3","0","0","1","0","0","0","0",795259.89491999999,5836637.93472000025,13.36047510600,52.59936755500,"0"
"194837","11","0","07","007","2019","05","12","7","3","5","3","0","1","0","0","0","0","1",795000.74934700003,5823312.43228999898,13.34482858900,52.48005572000,"0"
"194838","11","0","05","005","2019","05","18","1","3","5","3","0","0","1","0","1","0","0",781738.18905499997,5828424.99780999962,13.15439262500,52.53290234300,"0"
"194839","11","0","01","001","2019","05","14","7","3","6","2","0","0","1","1","0","0","0",794612.85608199995,5831374.56451999955,13.34627238800,52.55253676000,"0"
"194840","11","0","04","004","2019","05","18","1","2","2","6","0","0","1","0","0","0","0",794205.55478600005,5826084.38245000038,13.33560100800,52.50533376800,"0"
"194841","11","0","05","005","2019","05","17","1","2","6","4","0","0","1","1","0","0","0",785595.33430500003,5832202.44912000000,13.21435128600,52.56476282100,"0"
"194842","11","0","01","001","2019","05","11","7","3","3","6","0","1","0","0","0","0","0",794318.00246900006,5828450.57345999964,13.33934603600,52.52648456900,"0"
"194843","11","0","04","004","2019","05","16","1","3","1","5","0","0","1","0","0","0","0",790964.74104700005,5823218.88927000109,13.28548570300,52.48138255000,"0"
"194844","11","0","01","001","2019","05","17","1","2","5","2","0","0","1","0","0","0","1",795663.62417600001,5829738.90871000104,13.36026915700,52.53730525900,"0"
"194845","11","0","05","005","2019","05","12","7","3","2","7","0","0","1","0","0","0","0",784573.77142899996,5828437.34410000034,13.19609423500,52.53153992200,"0"
"194846","11","0","08","008","2019","05","16","1","3","0","1","0","0","0","0","1","0","0",800881.73210300005,5824265.28603000101,13.43202611000,52.48538809900,"1"
"194847","11","0","11","011","2019","05","17","7","2","0","1","0","0","0","0","1","0","0",803239.81336599996,5829620.78447000030,13.47152526200,52.53208397100,"1"
"194848","11","0","09","009","2019","05","16","1","2","5","3","0","1","1","0","0","0","0",818930.61811200005,5820234.17456999980,13.69309528000,52.43902708800,"0"
"194849","11","0","01","001","2019","05","16","1","3","3","6","0","1","1","0","0","0","0",798211.63944699999,5829356.58691000100,13.39738293100,52.53248997700,"0"
"194850","11","0","06","006","2019","05","23","7","3","5","2","2","0","1","0","0","0","0",794871.37197400001,5817933.69720000029,13.33817892200,52.43190819200,"0"
"194851","11","0","05","005","2019","05","19","7","3","5","2","0","0","1","0","0","0","0",784356.70623200003,5830003.07380999904,13.19424288000,52.54569160600,"1"
"194852","11","0","06","006","2019","05","16","1","3","0","1","0","0","1","0","1","0","0",795155.43575599999,5818833.07125999965,13.34313915700,52.43981739700,"1"
"194853","11","0","01","001","2019","05","15","1","3","5","2","0","1","1","0","0","0","0",795703.82280900003,5828178.07306999899,13.35947176500,52.52329195600,"0"
"194854","11","0","05","005","2019","05","18","7","3","5","3","1","0","1","0","0","0","0",782606.17078399996,5827484.51733999979,13.16635533300,52.52402028200,"1"
"194855","11","0","06","006","2019","05","13","1","3","1","5","0","1","1","0","0","0","0",786758.58909599995,5817508.62287999969,13.21881449700,52.43241032900,"0"
"194856","11","0","02","002","2019","05","18","7","3","5","2","0","1","1","0","0","0","0",800634.99450599996,5825676.12188000046,13.42967637500,52.49816980200,"1"
"194857","11","0","03","003","2019","05","12","7","3","5","3","0","1","1","0","0","0","0",799917.92802999995,5837070.12978999969,13.42943583900,52.60069228400,"0"
"194858","11","0","06","006","2019","05","13","1","3","0","3","0","0","1","0","1","0","0",782753.22800000000,5815836.28600000031,13.15864328500,52.41950031800,"0"
"194859","11","0","05","005","2019","05","12","1","3","0","2","0","0","1","0","1","0","0",782360.47325399995,5830492.36914999969,13.16529949900,52.55111713200,"0"
"194860","11","0","05","005","2019","05","11","7","3","5","2","0","0","1","0","0","0","0",783575.19999999995,5830201.05300000031,13.18291820300,52.54787408100,"0"
"194861","11","0","01","001","2019","05","11","1","3","2","6","0","0","1","0","0","0","0",796631.47427100001,5826181.26168000046,13.37132463700,52.50488869400,"0"
"194862","11","0","04","004","2019","05","12","7","3","5","2","0","1","1","0","0","0","0",790488.57305000001,5826704.83968000021,13.28153390900,52.51288797000,"0"
"194863","11","0","03","003","2019","05","11","1","2","1","5","0","1","1","0","0","0","0",803031.67958400003,5838268.82839000039,13.47636790300,52.60970940400,"0"
"194864","11","0","04","004","2019","05","20","7","3","5","2","0","0","1","0","1","0","0",793485.87970900000,5827580.17308999971,13.32634742900,52.51913044800,"1"
"194865","11","0","04","004","2019","05","09","1","3","5","2","0","1","1","0","0","0","0",792719.62135699997,5826110.19498000015,13.31379364500,52.50636443000,"0"
"194866","11","0","06","006","2019","05","13","7","3","5","3","0","1","0","0","0","0","0",793245.60771699995,5817229.26463999972,13.31371660800,52.42646703300,"0"
"194867","11","0","01","001","2019","05","01","1","3","0","7","2","1","1","0","0","0","0",795997.34094000002,5828697.64161000028,13.36424786000,52.52779014000,"1"
"194868","11","0","04","004","2019","05","15","7","3","1","5","0","1","1","0","0","0","0",792131.81200000003,5822350.50999999978,13.30186170400,52.47297453300,"1"
"194869","11","0","04","004","2019","05","10","7","3","0","7","0","1","0","0","0","0","0",790746.02079900005,5822639.18589999992,13.28176857100,52.47630194900,"0"
"194870","11","0","06","006","2019","05","15","7","3","5","3","0","1","1","0","0","0","0",794581.21490499994,5818532.31359000038,13.33445084300,52.43743085100,"1"
"194871","11","0","01","001","2019","05","23","7","3","5","2","2","1","1","0","0","0","0",796253.79124100006,5825960.45388999954,13.36557999000,52.50311456000,"0"
"194872","11","0","02","002","2019","05","16","7","3","5","3","0","1","1","0","0","0","0",800613.46755399997,5827116.75214000046,13.43066093000,52.51109446400,"1"
"194873","11","0","06","006","2019","05","09","7","3","1","5","0","1","1","0","0","0","0",791806.67112800002,5818880.98923000041,13.29405587800,52.44204414600,"0"
"194874","11","0","10","010","2019","05","09","7","3","5","3","0","0","1","0","0","0","0",809115.45428099995,5829717.02828999981,13.55796088700,52.52964640500,"0"
"194875","11","0","01","001","2019","05","17","7","3","1","5","0","0","1","0","0","0","0",799133.03097900003,5827816.05496000033,13.40954020400,52.51817653400,"1"
"194876","11","0","10","010","2019","05","09","7","3","5","3","0","1","1","0","0","0","0",810697.97245600005,5832013.54329000041,13.58336179400,52.54932673200,"0"
"194877","11","0","10","010","2019","05","11","7","3","5","2","0","1","1","0","0","0","0",810681.00417500001,5832016.16782999970,13.58311480700,52.54935992900,"0"
"194878","11","0","09","009","2019","05","05","7","3","0","7","0","1","0","0","0","0","0",802024.26542800001,5824662.16634999961,13.44916039500,52.48831458400,"0"
"194879","11","0","09","009","2019","05","01","7","3","1","5","2","1","1","0","0","0","0",806261.73868299997,5819264.54597000033,13.50642211200,52.43757841700,"0"
"194880","11","0","12","012","2019","05","17","7","3","5","3","0","0","1","0","0","0","0",786547.84515199997,5833207.97451000102,13.22923406200,52.57327743900,"1"
"194881","11","0","09","009","2019","05","20","7","3","6","4","0","0","1","1","0","0","0",804383.74325699999,5820898.26314000040,13.48036908300,52.45326943500,"0"
"194882","11","0","01","001","2019","05","15","7","3","0","1","0","0","0","0","1","0","0",797002.83499999996,5828944.46399999969,13.37924658700,52.52945576900,"1"
"194883","11","0","10","010","2019","05","19","7","2","0","1","0","1","0","0","0","0","0",811446.33761100005,5828143.64910999965,13.59073752600,52.51422031400,"0"
"194884","11","0","01","001","2019","05","11","7","3","6","4","0","1","0","1","0","0","0",797199.34447400004,5831985.21564999968,13.38485528700,52.55660537400,"0"
"194885","11","0","05","005","2019","05","18","7","3","5","2","0","0","1","0","0","0","0",784452.91500000004,5828671.69900000002,13.19451793900,52.53370424300,"0"
"194886","11","0","10","010","2019","05","04","7","3","5","3","1","0","1","0","0","0","0",810060.34800000000,5832630.41899999976,13.57456433900,52.55521811300,"0"
"194887","11","0","01","001","2019","05","08","7","3","5","2","0","1","1","0","0","0","0",799434.68339799996,5826506.27936000004,13.41279409600,52.50627083000,"0"
"194888","11","0","10","010","2019","05","18","7","3","2","7","0","0","1","0","0","0","0",809586.29613499995,5824129.28304999974,13.55968429200,52.47930367700,"0"
"194889","11","0","02","002","2019","05","15","6","3","3","6","0","1","0","0","0","0","0",797740.98733799998,5825304.32785000093,13.38683902900,52.49642368600,"0"
"194890","11","0","08","008","2019","05","08","6","3","5","7","0","0","1","0","0","0","0",801458.84315700002,5820198.82349999994,13.43682566400,52.44862103500,"0"
"194891","11","0","01","001","2019","05","10","7","3","2","6","0","0","1","0","0","0","0",793894.31313100003,5831930.03165999986,13.33619691600,52.55790435200,"0"
"194892","11","0","07","007","2019","05","07","6","3","6","2","0","0","1","1","0","0","0",799597.70999200002,5813174.91839999985,13.40323383500,52.38668378100,"0"
"194893","11","0","05","005","2019","05","10","7","2","2","7","0","0","1","0","1","0","0",788010.96098400000,5829392.70012000017,13.24745373800,52.53829978600,"0"
"194894","11","0","03","003","2019","05","07","6","3","5","3","0","1","1","0","0","0","0",802811.09176400001,5838572.48326999974,13.47339809800,52.61255387300,"1"
"194895","11","0","01","001","2019","05","11","7","3","1","5","0","1","1","0","0","0","0",798437.25469600002,5829160.00532000046,13.40052267400,52.53060441400,"0"
"194896","11","0","05","005","2019","05","11","7","2","6","2","0","0","1","1","0","0","0",784354.05706899997,5828103.75289999973,13.19257858600,52.52866359000,"0"
"194897","11","0","08","008","2019","05","07","6","3","0","7","0","1","0","0","0","0","1",801336.64886199997,5824528.30972999893,13.43894305700,52.48749476400,"1"
"194898","11","0","03","003","2019","05","07","6","3","0","3","0","1","1","0","0","0","0",799695.28466999996,5837327.33377999999,13.42639117700,52.60312041400,"1"
"194899","11","0","03","003","2019","05","12","7","3","2","6","0","0","1","0","1","0","0",803418.51769400004,5831717.75901000109,13.47606676000,52.55077907300,"0"
"194900","11","0","05","005","2019","05","12","7","1","2","6","0","0","1","0","0","0","0",785221.97110199998,5831811.81379000098,13.20852215500,52.56145618900,"0"
"194901","11","0","08","008","2019","05","06","6","3","5","2","1","0","1","0","0","0","0",803748.30542899994,5818747.77431999985,13.46909186200,52.43434826500,"0"
"194902","11","0","04","004","2019","05","12","7","3","2","6","0","0","1","0","0","0","0",788158.56092199998,5827234.72640000004,13.24775357000,52.51887461500,"0"
"194903","11","0","11","011","2019","05","05","6","3","5","3","0","1","1","0","0","0","0",804938.38424699998,5833108.85584000032,13.49969098500,52.56239793100,"1"
"194904","11","0","04","004","2019","05","13","7","3","5","2","0","0","1","0","0","0","1",793352.20600000001,5829681.35099999979,13.32623697000,52.53803842500,"0"
"194905","11","0","01","001","2019","05","12","7","3","2","6","0","0","1","0","0","0","1",793898.27229600004,5830072.06171999965,13.33461071100,52.54124668800,"0"
"194906","11","0","09","009","2019","05","05","6","3","5","3","0","1","1","0","0","0","0",811143.80690299999,5822084.98771999963,13.58063797000,52.46009866800,"0"
"194907","11","0","10","010","2019","05","13","7","3","2","7","0","0","1","0","0","0","1",811156.84579599998,5829120.94292000029,13.58739929600,52.52314339400,"0"
"194908","11","0","03","003","2019","05","05","6","3","1","5","0","1","1","0","0","0","0",800365.90922999999,5831838.28507999983,13.43129048700,52.55355120800,"1"
"194909","11","0","05","005","2019","05","14","7","2","1","5","0","0","1","0","1","0","0",787284.72071000002,5828331.37145000044,13.23585794700,52.52916773900,"0"
"194910","11","0","02","002","2019","05","21","6","2","5","3","2","1","1","0","0","0","0",800146.13038400002,5827337.05253999960,13.42399398400,52.51332643800,"0"
"194911","11","0","06","006","2019","05","14","7","3","5","3","0","0","1","0","0","0","0",792501.29812900000,5817473.16605999973,13.30301450400,52.42905201200,"0"
"194912","11","0","01","001","2019","05","18","6","3","1","5","0","1","1","0","0","0","1",798756.45448900003,5828241.17205999978,13.40438870700,52.52219353600,"0"
"194913","11","0","03","003","2019","05","15","7","3","5","3","0","1","1","0","0","0","0",802580.15890399995,5833492.77079000045,13.46535831400,52.56715447700,"0"
"194914","11","0","07","007","2019","05","15","7","3","2","6","0","0","1","0","0","0","0",795255.59377299994,5824956.69625999965,13.35002690900,52.49465766700,"0"
"194915","11","0","04","004","2019","05","17","6","3","5","3","0","0","1","0","0","0","0",791777.42247200001,5827470.97269000020,13.30114420000,52.51906829700,"0"
"194916","11","0","09","009","2019","05","17","6","2","6","4","0","0","1","1","0","0","0",809742.59987999999,5815209.60199000034,13.55371269500,52.39927840300,"0"
"194917","11","0","04","004","2019","05","15","7","3","2","6","0","0","1","0","0","0","1",791749.72779799998,5827305.28610000014,13.30059189100,52.51759776300,"0"
"194918","11","0","02","002","2019","05","17","7","2","3","2","0","1","1","0","0","0","0",797667.77421499998,5826292.49746000022,13.38664703100,52.50532141200,"0"