OBJECTID,ULAND,UREGBEZ,UKREIS,UGEMEINDE,UJAHR,UMONAT,USTUNDE,UWOCHENTAG,UKATEGORIE,UART,UTYP1,ULICHTVERH,IstRad,IstPKW,IstFuss,IstKrad,IstGkfz,IstSonstig,LINREFX,LINREFY,XGCSWGS84,YGCSWGS84,STRZUSTAND
"194919","11","0","10","010","2019","05","17","6","2","5","3","0","0","1","0","0","0","1",811407.86643900000,5827590.80044999905,13.58965517000,52.50928802700,"0"
"194920","11","0","09","009","2019","05","22","7","3","5","2","2","0","1","0","1","0","0",806064.72756100004,5818827.91667999979,13.50313322100,52.43377540200,"0"
"194921","11","0","02","002","2019","05","16","6","3","2","6","0","0","1","0","0","0","0",797601.57052900002,5825939.34398000035,13.38535886300,52.50219191600,"0"
"194922","11","0","03","003","2019","05","07","6","3","5","3","0","1","1","0","0","0","0",802447.08817000000,5832660.97018000018,13.46264278100,52.55977315000,"0"
"194923","11","0","07","007","2019","05","15","6","3","3","6","0","0","1","0","1","1","0",797850.16590999998,5820787.36507000029,13.38440845100,52.45587464100,"0"
"194924","11","0","11","011","2019","05","14","6","2","5","2","0","0","1","0","0","0","1",807283.29438099999,5825410.57988000009,13.52706154300,52.49208749700,"0"
"194925","11","0","01","001","2019","05","13","6","3","5","3","0","0","1","0","1","0","0",797880.97900000005,5827169.72499999963,13.39056400100,52.51306832300,"0"
"194926","11","0","10","010","2019","05","17","6","3","1","6","0","1","1","0","0","0","0",810130.04519199999,5827932.77244000044,13.57120601900,52.51308052100,"0"
"194927","11","0","10","010","2019","05","14","6","2","6","4","0","0","1","1","0","0","0",813446.58900399995,5830082.55783999991,13.62194457900,52.53044897500,"0"
"194928","11","0","02","002","2019","05","00","6","3","0","1","2","1","0","0","0","0","0",797751.70863100002,5826074.80733000021,13.38768533300,52.50332428000,"1"
"194929","11","0","01","001","2019","05","14","6","2","6","4","0","0","0","1","0","0","1",797594.20334200002,5828462.03387000039,13.38750665800,52.52480885900,"0"
"194930","11","0","12","012","2019","05","11","6","3","5","3","0","1","1","0","0","0","0",791765.39474699995,5838949.58148000017,13.31106567200,52.62197684300,"0"
"194931","11","0","05","005","2019","05","13","6","3","2","6","0","0","1","0","0","0","0",783652.47941499995,5829475.51078999974,13.18343520200,52.54132852800,"0"
"194932","11","0","05","005","2019","05","11","6","3","2","6","0","0","1","0","0","0","0",789604.46884099999,5829289.77462999895,13.27079359400,52.53653252200,"0"
"194933","11","0","08","008","2019","05","19","6","3","1","5","0","0","1","0","0","0","0",801825.21146000002,5823845.62258999981,13.44549835700,52.48110587100,"0"
"194934","11","0","01","001","2019","05","13","6","3","6","4","0","0","1","1","0","0","0",797134.23389000003,5831887.17898999900,13.38380995000,52.55576212400,"0"
"194935","11","0","11","011","2019","05","22","6","2","6","2","2","0","0","1","0","0","1",804807.50712600001,5827484.63004000019,13.49260761200,52.51206433400,"0"
"194936","11","0","07","007","2019","05","14","6","3","2","2","0","0","1","0","0","0","0",800102.20947500004,5821437.79583999980,13.41803698700,52.46047296000,"0"
"194937","11","0","06","006","2019","05","20","6","3","1","5","0","0","1","0","1","0","0",789631.99199999997,5818562.35599999968,13.26187490700,52.44034365700,"0"
"194938","11","0","08","008","2019","05","12","6","2","6","4","0","0","0","1","0","0","1",801033.92767100001,5822165.31529000029,13.43236522000,52.46648152900,"0"
"194939","11","0","03","003","2019","05","19","6","3","5","2","0","0","1","0","0","0","0",799680.93701500003,5831267.78512000013,13.42070294200,52.54881493300,"0"
"194940","11","0","09","009","2019","05","19","6","3","2","6","0","0","1","0","0","0","0",812628.30757900001,5819457.58473000024,13.59995768400,52.43570665500,"0"
"194941","11","0","08","008","2019","05","11","6","3","1","5","0","0","1","0","0","0","1",801472.06285600003,5820191.60520999972,13.43701308200,52.44854904600,"0"
"194942","11","0","02","002","2019","05","10","6","3","5","3","0","1","1","0","0","0","0",797768.97645399999,5824598.13922999892,13.38661894600,52.49007825500,"0"
"194943","11","0","01","001","2019","05","18","6","3","0","2","0","1","1","0","0","0","0",796661.62135499995,5829006.56041000038,13.37428681600,52.53019819400,"0"
"194944","11","0","02","002","2019","05","18","6","3","3","6","0","1","1","0","0","0","0",803224.89417700004,5827326.27642000001,13.46921425600,52.51152708700,"0"
"194945","11","0","01","001","2019","05","00","6","3","0","2","2","1","1","0","0","0","0",797013.79896699998,5828942.30049999990,13.37940580200,52.52943040200,"0"
"194946","11","0","12","012","2019","05","17","6","3","5","2","0","0","1","0","0","0","0",791681.80370799999,5838148.22051000036,13.30912757000,52.61483786900,"0"
"194947","11","0","05","005","2019","05","13","5","3","5","7","0","1","1","0","0","0","0",784159.27158299997,5829360.17093000095,13.19078923500,52.54003031600,"0"
"194948","11","0","04","004","2019","05","17","6","3","3","6","0","1","1","0","0","0","0",793214.53044400003,5825402.09850999899,13.32044102900,52.49975085900,"0"
"194949","11","0","11","011","2019","05","17","6","2","5","2","0","1","0","0","0","0","1",804957.77703799994,5825153.84566000011,13.49268067400,52.49109062700,"0"
"194950","11","0","09","009","2019","05","12","5","2","5","3","0","1","0","0","0","0","0",813761.73256200005,5821406.95115999971,13.61840637400,52.45252612700,"0"
"194951","11","0","09","009","2019","05","17","6","3","2","6","0","0","1","0","0","0","0",807862.77295000001,5818113.75308000017,13.52884096900,52.42636598400,"0"
"194952","11","0","04","004","2019","05","09","6","3","0","6","0","0","0","0","1","0","1",793267.12385400000,5823077.70952000003,13.31916800600,52.47888528400,"0"
"194953","11","0","03","003","2019","05","06","5","3","6","4","0","1","0","1","0","0","0",800821.47566000000,5829579.39355000108,13.43594400700,52.53305298600,"0"
"194954","11","0","03","003","2019","05","09","6","3","1","5","0","1","1","0","0","0","0",799971.54853799997,5829009.52049000096,13.42293732300,52.52841342900,"0"
"194955","11","0","12","012","2019","05","09","6","3","4","7","0","0","1","0","0","0","0",790622.94536699995,5837362.09781999979,13.29284195000,52.60835774900,"0"
"194956","11","0","07","007","2019","05","18","5","3","5","3","0","1","1","0","0","0","0",794933.96570499998,5824599.75061000045,13.34498716200,52.49163177600,"0"
"194957","11","0","12","012","2019","05","16","6","3","5","2","0","1","1","0","0","0","0",794737.02274000004,5838696.47023999970,13.35461098300,52.61810406200,"0"
"194958","11","0","05","005","2019","05","13","5","3","1","5","0","0","1","0","0","0","1",781324.92276600003,5828392.78923000023,13.14828888400,52.53282701600,"0"
"194959","11","0","03","003","2019","05","08","6","3","5","3","0","0","1","0","0","0","0",800112.70114899997,5831694.54152000044,13.42743710800,52.55240237400,"0"
"194960","11","0","05","005","2019","05","12","5","3","0","1","0","0","1","0","1","0","0",784317.70517099998,5828922.03247999959,13.19274411500,52.53601929900,"1"
"194961","11","0","03","003","2019","05","09","6","3","1","5","0","1","0","0","0","0","1",799180.90024400002,5829462.54172000010,13.41172489500,52.53290856000,"0"
"194962","11","0","05","005","2019","05","05","5","2","5","3","0","0","1","0","0","0","0",781726.12389100005,5828529.55348000024,13.15430385200,52.53384607800,"1"
"194963","11","0","04","004","2019","05","16","6","3","5","3","0","1","0","0","0","0","1",790862.90423800005,5824695.21609000023,13.28527886100,52.49467216600,"0"
"194964","11","0","03","003","2019","05","10","6","2","6","2","0","0","1","1","0","0","0",802320.19077500002,5831349.59673000034,13.45958238500,52.54808995800,"0"
"194965","11","0","02","002","2019","05","21","5","3","5","3","2","1","1","0","0","0","0",802715.68696600001,5826048.93271000031,13.46057239100,52.50036117200,"1"
"194966","11","0","02","002","2019","05","20","5","3","1","5","1","1","1","0","0","0","1",800973.49793600000,5826772.87676000036,13.43563911600,52.50781370900,"1"
"194967","11","0","03","003","2019","05","08","6","3","3","6","0","1","1","0","0","0","0",804070.13456599996,5841245.89405000024,13.49439442500,52.63581101800,"0"
"194968","11","0","03","003","2019","05","08","6","2","2","6","0","0","1","0","0","0","0",799795.67744500004,5829593.96698000003,13.42087964700,52.53374878700,"0"
"194969","11","0","12","012","2019","05","19","5","2","5","3","0","0","1","0","1","0","0",794711.22048000002,5834897.63881000038,13.35084919800,52.58406500200,"0"
"194970","11","0","03","003","2019","05","08","6","3","2","6","0","0","1","0","0","0","1",800401.05934899999,5829064.26535999961,13.42929916700,52.52866761800,"0"
"194971","11","0","01","001","2019","05","19","5","3","1","5","0","1","1","0","0","0","0",800191.51227299997,5826762.78043000028,13.42414276600,52.50815405600,"0"
"194972","11","0","03","003","2019","05","08","6","3","5","2","0","0","1","0","0","1","0",800127.26017400005,5833864.29681999981,13.42961367400,52.57184237000,"0"
"194973","11","0","06","006","2019","05","16","5","3","1","6","0","1","1","0","0","0","0",793245.47097100003,5821587.34415000025,13.31753990800,52.46553624700,"0"
"194974","11","0","05","005","2019","05","07","6","3","5","3","0","1","1","0","0","0","0",784686.68591500004,5829337.54949000105,13.19852549500,52.53955219400,"0"
"194975","11","0","08","008","2019","05","16","5","3","0","5","0","0","1","0","0","0","1",803346.98907899996,5822593.11725000106,13.46669923700,52.46903660600,"0"
"194976","11","0","03","003","2019","05","21","6","3","5","2","2","0","1","0","1","0","0",801904.67738799995,5830332.40412000008,13.45254874600,52.53920332600,"0"
"194977","11","0","03","003","2019","05","18","6","3","5","3","0","0","1","0","0","0","0",802909.80674399994,5828625.56522000022,13.46576846900,52.52334747900,"0"
"194978","11","0","10","010","2019","05","15","5","3","5","2","0","1","1","0","0","0","0",812391.44390199997,5824301.72640000004,13.60101689400,52.47925172300,"1"
"194979","11","0","01","001","2019","05","15","5","3","5","3","0","0","1","0","0","0","0",798241.41220000002,5829624.14027000032,13.39806062400,52.53487194100,"0"
"194980","11","0","06","006","2019","05","16","6","2","5","3","0","1","1","0","0","0","0",789317.32470200001,5815691.72422999982,13.25477521500,52.41477360700,"0"
"194981","11","0","05","005","2019","05","15","5","3","2","6","0","0","1","0","0","0","0",789773.64981199999,5829265.46057000104,13.27325976200,52.53622461300,"0"
"194982","11","0","12","012","2019","05","16","3","2","1","5","0","1","1","0","0","0","0",796733.44968700001,5833361.31194000039,13.37923399400,52.56919452200,"0"
"194983","11","0","08","008","2019","05","16","3","3","0","1","0","0","0","0","1","0","0",806901.34944699996,5817785.59949999955,13.51444454300,52.42396503600,"0"
"194984","11","0","07","007","2019","05","16","3","2","0","7","0","0","0","0","1","0","0",795995.04070200003,5824293.69931000099,13.36029804900,52.48831395500,"0"
"194985","11","0","04","004","2019","05","17","3","3","0","3","0","0","1","0","1","0","0",789992.27300000004,5826317.66500000004,13.27390366800,52.50968098500,"0"
"194986","11","0","03","003","2019","05","17","3","3","5","3","0","1","1","0","0","0","0",797412.63405700005,5833971.33772000019,13.38977262300,52.57429195100,"0"
"194987","11","0","04","004","2019","05","11","3","3","6","4","0","0","1","1","0","0","0",793184.44680200005,5827779.43236999959,13.32209330500,52.52107886600,"0"
"194988","11","0","05","005","2019","05","11","3","3","5","3","0","1","1","0","0","0","0",783795.27815200004,5826000.90859999973,13.18256962700,52.51010029200,"0"
"194989","11","0","07","007","2019","05","18","3","3","6","2","0","0","1","1","0","0","0",794963.21814400004,5824888.28000000026,13.34567220500,52.49420244400,"0"
"194990","11","0","05","005","2019","05","18","3","3","4","6","0","1","0","0","0","0","0",785721.41576400003,5832286.29528999981,13.21627853000,52.56544840800,"0"
"194991","11","0","05","005","2019","05","21","3","3","5","3","2","1","1","0","0","0","0",785711.79414999997,5829289.67961999960,13.21355815000,52.53858647100,"0"
"194992","11","0","07","007","2019","05","17","3","3","5","3","0","0","1","0","0","0","0",794938.78972100001,5824457.99375999998,13.34493253200,52.49035841200,"0"
"194993","11","0","02","002","2019","05","19","3","3","0","6","0","1","1","0","0","0","0",798359.88691000000,5825516.68608000036,13.39611882200,52.49798922800,"0"
"194994","11","0","09","009","2019","05","18","3","1","0","1","0","1","0","0","0","0","0",818774.42058599996,5812579.51678000018,13.68351993200,52.37053054200,"0"
"194995","11","0","03","003","2019","05","18","2","3","5","2","0","1","1","0","0","0","0",801129.85864700004,5830744.45724000037,13.44153240700,52.54332530700,"0"
"194996","11","0","06","006","2019","05","11","2","3","5","3","0","0","1","0","0","0","0",791193.37341799994,5819179.76432999969,13.28531876500,52.44504963500,"0"
"194997","11","0","04","004","2019","05","20","2","3","5","7","2","0","1","0","0","0","0",791769.60739400005,5825166.57325999998,13.29900939700,52.49841388400,"0"
"194998","11","0","04","004","2019","05","19","2","3","6","7","0","0","1","1","0","0","0",790079.06825600006,5826150.27094999980,13.27503310300,52.50813412600,"0"
"194999","11","0","07","007","2019","05","19","2","3","2","6","0","0","1","0","0","0","1",799065.80812399997,5819071.61402999982,13.40070969600,52.43983131300,"1"
"195000","11","0","01","001","2019","05","18","2","2","1","5","0","1","0","0","0","0","1",799907.18037700001,5826955.76989000104,13.42013979500,52.51004028000,"0"
"195001","11","0","02","002","2019","05","17","2","3","5","2","0","1","1","0","0","0","0",799907.15499600000,5824470.97200000007,13.41790197400,52.48776794800,"0"
"195002","11","0","03","003","2019","05","18","2","3","0","1","0","1","0","0","0","0","0",801683.78891700006,5831794.27902999893,13.45062952000,52.55242843400,"1"
"195003","11","0","10","010","2019","05","18","2","3","0","1","0","0","0","0","1","0","0",812480.29494099994,5830372.26525999978,13.60801850600,52.53359979800,"1"
"195004","11","0","07","007","2019","05","07","2","3","5","3","0","1","1","0","0","0","0",798994.25111499999,5814277.02421000041,13.39537623000,52.39689257000,"0"
"195005","11","0","08","008","2019","05","07","2","3","5","2","0","1","1","0","0","0","0",800897.63861300005,5822374.82141999993,13.43055396700,52.46843448000,"0"
"195006","11","0","12","012","2019","05","08","2","3","2","6","0","0","1","0","0","0","0",790205.76724299998,5835859.76736999955,13.28538147800,52.59511243600,"0"
"195007","11","0","05","005","2019","05","10","2","3","6","7","0","0","1","1","0","0","0",784468.69403799996,5828145.57000999898,13.19429968000,52.52897871300,"0"
"195008","11","0","10","010","2019","05","10","2","3","6","4","0","0","1","1","0","0","0",810447.50907699997,5830952.43594000023,13.57868816200,52.53996051100,"0"
"195009","11","0","12","012","2019","05","18","2","3","2","6","0","0","1","0","0","0","0",796643.47632799996,5832435.27845000103,13.37708236300,52.56094274100,"0"
"195010","11","0","12","012","2019","05","10","2","3","5","2","0","1","0","0","0","1","0",792996.37942999997,5835636.92190000042,13.32626532400,52.59161848100,"0"
"195011","11","0","01","001","2019","05","10","2","3","5","2","0","1","1","0","0","0","0",797159.09768400004,5831919.40118000004,13.38420445900,52.55603739000,"0"
"195012","11","0","04","004","2019","05","18","2","3","5","2","0","1","1","0","0","0","0",793957.45723399997,5824711.29191000108,13.33074430100,52.49315843400,"0"
"195013","11","0","08","008","2019","05","11","2","2","6","4","0","0","1","1","0","0","0",801742.18825899996,5823676.73065999988,13.44412668600,52.47963794500,"0"
"195014","11","0","01","001","2019","05","12","2","2","2","6","0","0","1","0","0","0","0",793718.33772900002,5828117.16234000027,13.33023772000,52.52381912000,"0"
"195015","11","0","02","002","2019","05","18","2","3","6","4","0","0","1","1","1","0","0",801448.58967599995,5826026.30233000033,13.44194207900,52.50085974800,"0"
"195016","11","0","07","007","2019","05","13","2","3","2","6","0","0","1","0","0","0","0",796439.49069999997,5819785.78457999974,13.36281959400,52.44766321200,"0"
"195017","11","0","10","010","2019","05","15","2","3","2","6","0","0","1","0","0","0","0",812927.64107799996,5827912.94962000009,13.61227842100,52.51130523200,"0"
"195018","11","0","09","009","2019","05","17","2","3","6","2","0","0","1","1","0","0","0",810554.23983800004,5816698.48242999893,13.56698464100,52.41216182300,"0"
"195019","11","0","12","012","2019","05","10","2","3","0","1","0","1","0","0","0","0","0",790166.08265899995,5839979.37385999970,13.28841075500,52.63206525700,"0"
"195020","11","0","06","006","2019","05","16","2","3","2","6","0","0","1","0","0","0","0",794533.28807000001,5819142.24758000020,13.33428537400,52.44292444800,"0"
"195021","11","0","01","001","2019","05","16","2","3","2","6","0","0","1","0","0","0","0",794409.07716900005,5828450.38846999966,13.34068446600,52.52643373700,"0"
"195022","11","0","02","002","2019","05","15","2","3","5","3","0","1","1","0","0","0","0",800147.19357000000,5825071.24067999981,13.42196720000,52.49301649900,"0"
"195023","11","0","02","002","2019","05","15","2","3","2","7","0","1","1","0","0","0","0",798242.16927299998,5824523.56962999981,13.39350085800,52.48915151900,"0"
"195024","11","0","12","012","2019","05","12","2","3","5","5","0","1","1","0","0","0","0",790455.14824400004,5834889.62330000009,13.28820214100,52.58628209600,"0"
"195025","11","0","03","003","2019","05","18","2","3","2","6","0","0","1","0","0","0","1",799262.05357800005,5831802.49050999898,13.41502572100,52.55383799500,"1"
"195026","11","0","11","011","2019","05","13","1","2","5","3","0","1","1","0","0","0","0",805042.42865400005,5833528.23725000024,13.50160669000,52.56609829100,"0"
"195027","11","0","12","012","2019","05","13","1","3","0","5","0","1","1","0","0","0","0",785959.62688200001,5839260.57727999985,13.22580623500,52.62785207500,"0"
"195028","11","0","07","007","2019","05","14","1","3","5","3","0","0","1","0","0","0","0",793977.74833300000,5822276.43034000043,13.32889522000,52.47132010100,"0"
"195029","11","0","09","009","2019","05","09","1","3","1","5","0","1","1","0","0","0","1",810281.47971400002,5819711.38186000008,13.56578192800,52.43931738300,"0"
"195030","11","0","02","002","2019","05","09","1","3","5","3","0","0","1","0","0","0","0",799908.18975400005,5825974.64316000044,13.41927081000,52.50124546900,"0"
"195031","11","0","02","002","2019","05","12","1","3","2","2","0","1","1","0","0","0","0",799085.55087799998,5825615.00088000018,13.40686492400,52.49847328500,"0"
"195032","11","0","04","004","2019","05","14","1","3","6","4","0","1","0","1","0","0","0",793693.46869600005,5824912.31852999981,13.32704435000,52.49510265400,"0"
"195033","11","0","03","003","2019","05","14","1","3","2","6","0","0","1","0","1","0","0",800068.93074400001,5835830.90952999890,13.43053592300,52.58950165400,"0"
"195034","11","0","01","001","2019","05","17","1","2","5","3","0","1","0","0","0","0","0",799744.65939900000,5828647.15096999891,13.41927611300,52.52529016600,"0"
"195035","11","0","09","009","2019","05","18","1","3","6","4","0","0","0","1","0","0","1",805698.03659200005,5820151.18678000011,13.49896646800,52.44584033800,"0"
"195036","11","0","02","002","2019","05","06","1","3","1","5","0","0","1","0","0","0","0",801154.56569900003,5825113.51575999986,13.43679842500,52.49284057600,"0"
"195037","11","0","11","011","2019","05","03","1","3","5","3","2","0","1","0","0","0","1",803823.99284900003,5829051.08313000109,13.47959027900,52.52665264000,"0"
"195038","11","0","05","005","2019","05","13","1","3","2","6","0","0","1","0","0","0","0",780652.92090999999,5827524.46423999965,13.13767491400,52.52538747000,"0"
"195039","11","0","06","006","2019","05","01","1","2","1","5","2","0","1","0","0","0","0",793342.76936300006,5817703.40182999894,13.31555736500,52.43066549000,"0"
"195040","11","0","04","004","2019","05","13","1","3","0","7","0","1","0","0","0","0","0",792008.46047399996,5827371.88198999967,13.30445255300,52.51805630300,"0"
"195041","11","0","01","001","2019","05","22","1","3","6","4","2","1","0","1","0","0","0",797205.37255600002,5827479.96035000030,13.38091478000,52.51621777900,"0"
"195042","11","0","01","001","2019","05","23","1","3","3","6","2","0","1","0","0","0","1",797408.18466699996,5831901.11474000011,13.38785132700,52.55573750800,"0"
"195043","11","0","08","008","2019","05","22","1","3","3","6","2","1","1","0","0","0","0",800452.21857799997,5823679.59539000038,13.42519198700,52.48037484500,"0"
"195044","11","0","03","003","2019","05","20","1","3","0","1","0","1","0","0","0","0","0",799647.05542899994,5831207.76735000033,13.42015060500,52.54829561100,"0"
"195045","11","0","11","011","2019","05","17","7","3","3","6","0","0","1","0","0","0","0",805325.55397999997,5833257.68326000031,13.50552184100,52.56351480400,"0"
"195046","11","0","08","008","2019","05","22","7","3","2","5","2","1","1","0","0","0","0",801922.56501100003,5823547.77536999900,13.44665786600,52.47838241000,"0"
"195047","11","0","03","003","2019","05","11","7","3","2","6","0","0","1","0","0","1","0",799688.06359999999,5835436.34406000003,13.42457375100,52.58617503700,"0"
"195048","11","0","01","001","2019","05","16","7","3","6","6","0","0","0","1","0","0","1",793609.06630700000,5828135.06879999954,13.32864755600,52.52403849600,"0"
"195049","11","0","02","002","2019","05","15","7","3","1","5","0","0","1","0","1","0","0",800956.22487100004,5827735.18039000034,13.43625559400,52.51644857700,"0"
"195050","11","0","02","002","2019","05","16","7","3","5","7","0","0","1","0","1","0","0",803150.37465400004,5825734.41086000018,13.46667019400,52.49730085800,"0"
"195051","11","0","08","008","2019","05","22","7","3","1","5","2","0","1","0","1","0","0",801965.37377599999,5823307.65495000035,13.44706886000,52.47620651100,"0"
"195052","11","0","05","005","2019","05","23","7","3","2","6","2","0","1","0","0","0","0",784717.85549700004,5828569.96832999960,13.19832618900,52.53265378500,"0"
"195053","11","0","02","002","2019","05","13","7","3","5","3","0","1","1","0","0","0","0",802813.13621000003,5827293.45844000019,13.46313554000,52.51146167200,"0"
"195054","11","0","02","002","2019","05","13","7","3","5","7","0","1","1","0","0","0","0",801591.11456799996,5825953.05166999903,13.44396903200,52.50012444200,"0"
"195055","11","0","02","002","2019","05","13","7","3","3","6","0","0","1","0","0","0","0",802769.08499999996,5826120.18599999975,13.46142140800,52.50097018700,"0"
"195056","11","0","10","010","2019","05","11","7","3","5","2","0","1","1","0","0","0","0",812533.12423099997,5825006.75456000026,13.60375718900,52.48548855900,"0"
"195057","11","0","04","004","2019","05","10","7","3","2","6","0","0","1","0","0","0","0",792974.32703199994,5825562.93685000110,13.31705411100,52.50132173200,"0"
"195058","11","0","02","002","2019","05","10","7","3","6","4","0","1","0","1","0","0","0",801916.65302500001,5827101.83129999973,13.44979189000,52.51024102500,"0"
"195059","11","0","07","007","2019","05","09","7","3","6","4","0","0","1","1","0","0","0",797022.51699100004,5823342.14534999896,13.37453809200,52.47922619000,"0"
"195060","11","0","07","007","2019","05","10","7","3","5","2","0","0","1","0","0","0","0",796914.56258499995,5822289.42480000015,13.37201603200,52.46984826400,"0"
"195061","11","0","06","006","2019","05","11","7","3","5","3","0","0","1","0","0","0","0",794600.51096400002,5817730.27163999993,13.33402714600,52.43023050700,"0"
"195062","11","0","04","004","2019","05","11","7","2","5","5","0","0","1","0","1","0","0",794544.51230599999,5825991.55123000033,13.34049841100,52.50431871100,"0"
"195063","11","0","01","001","2019","05","21","7","3","3","6","2","0","1","0","1","0","0",796037.26177999994,5828541.61043999996,13.36469568700,52.52636979200,"0"
"195064","11","0","01","001","2019","05","20","7","3","0","7","0","0","1","0","0","0","0",795711.90821499994,5830584.61039000098,13.36173172200,52.54485999300,"0"
"195065","11","0","03","003","2019","05","20","7","3","5","2","0","1","1","0","0","0","0",798417.53595100006,5831797.42133000027,13.40260200000,52.55425592500,"0"
"195066","11","0","12","012","2019","05","19","7","3","1","5","0","1","1","0","0","0","0",790370.53567799996,5840109.32072000019,13.29153737100,52.63312092800,"0"
"195067","11","0","01","001","2019","05","19","7","3","2","6","0","0","1","0","0","0","0",797920.08337699994,5828871.13009999972,13.39266238500,52.52829791600,"0"
"195068","11","0","03","003","2019","05","19","7","3","5","7","0","1","1","0","0","0","0",799055.80669500004,5830171.95287000109,13.41052458200,52.53933601100,"0"
"195069","11","0","11","011","2019","05","19","7","3","5","3","0","1","0","0","0","0","0",804933.64226500003,5828166.66658999957,13.49508553900,52.51810658800,"0"
"195070","11","0","08","008","2019","05","18","7","3","5","2","0","0","1","0","0","0","1",802539.19665800000,5822977.21224000026,13.45519214500,52.47292719700,"0"
"195071","11","0","07","007","2019","05","17","7","3","5","3","0","1","1","0","0","0","0",796594.68166100001,5823923.57894999906,13.36877412100,52.48467073200,"0"
"195072","11","0","07","007","2019","05","17","7","3","2","6","0","0","1","0","1","0","0",799945.02733299998,5814578.09482999891,13.40957783300,52.39907145900,"0"
"195073","11","0","11","011","2019","05","17","7","3","5","3","0","0","1","0","0","0","0",807677.80271600001,5824533.40283000097,13.53204413400,52.48400396300,"0"
"195074","11","0","08","008","2019","05","16","7","3","1","5","0","1","1","0","0","0","1",802363.01928999997,5820217.51678000018,13.45010659100,52.44828929100,"0"
"195075","11","0","06","006","2019","05","23","7","3","0","1","2","1","0","0","0","0","0",793485.29319100000,5820199.96253000107,13.31984026700,52.45297004200,"0"
"195076","11","0","12","012","2019","05","15","7","3","2","6","0","0","1","0","0","0","1",793246.13084000000,5832513.79848000035,13.32717900700,52.56348693400,"0"
"195077","11","0","08","008","2019","05","15","7","3","2","6","0","0","1","0","1","0","0",801801.04097400000,5821981.01520000026,13.44345653200,52.46440642400,"0"
"195078","11","0","09","009","2019","05","14","7","3","5","3","0","0","1","0","0","0","0",804928.65147599997,5822553.32244999893,13.48987494200,52.46779946100,"0"
"195079","11","0","04","004","2019","05","14","7","3","5","2","0","0","1","0","0","0","0",792407.32088200003,5824952.92188000027,13.30818924400,52.49615722800,"0"
"195080","11","0","12","012","2019","05","14","7","2","5","2","0","0","0","0","1","1","0",793423.78243899997,5836090.16717000026,13.33295811900,52.59545111800,"0"
"195081","11","0","07","007","2019","05","13","7","2","1","5","0","0","1","0","0","0","0",797376.04345700005,5818673.67819999997,13.37556996300,52.43718564100,"0"
"195082","11","0","06","006","2019","05","17","7","3","0","5","0","0","1","0","1","0","0",784501.38024600002,5817251.52804999892,13.18548408900,52.43128381500,"0"
"195083","11","0","03","003","2019","05","22","6","3","5","3","2","0","1","0","0","0","0",797904.73269099998,5835174.88836000022,13.39809432700,52.58481094200,"0"
"195084","11","0","10","010","2019","05","20","6","3","2","6","0","0","1","0","1","0","0",809581.41761999996,5824962.30030999891,13.56038621900,52.48677172200,"0"
"195085","11","0","03","003","2019","05","18","6","3","6","4","0","1","0","1","0","0","0",802303.28408000001,5829213.75210000016,13.45739071700,52.52895596700,"0"
"195086","11","0","08","008","2019","05","19","6","3","2","2","1","0","1","0","1","0","0",802682.99822600000,5820805.76331000030,13.45533359100,52.45338474000,"0"
"195087","11","0","02","002","2019","05","12","6","3","5","3","0","1","0","0","0","0","0",798664.83592700004,5825569.37806000002,13.40064488400,52.49829474300,"0"
"195088","11","0","07","007","2019","05","11","6","3","5","2","0","0","1","0","1","0","0",795022.45721100003,5825424.54293000046,13.34701720400,52.49897765700,"0"
"195089","11","0","01","001","2019","05","10","6","3","5","3","0","0","1","0","0","0","0",796676.69654899999,5831912.55482999980,13.37710372100,52.55623902400,"0"
"195090","11","0","08","008","2019","05","10","6","3","5","2","0","1","1","0","0","0","0",801044.83151399996,5824192.07639999967,13.43435465300,52.48464199800,"0"
"195091","11","0","12","012","2019","05","09","6","3","0","3","0","0","1","0","1","0","0",795635.33900000004,5833005.71600000001,13.36276217100,52.56660445000,"0"
"195092","11","0","04","004","2019","05","07","6","3","5","2","0","0","1","0","1","0","0",789835.88624599995,5827385.45677999966,13.27253591300,52.51933703300,"0"
"195093","11","0","01","001","2019","05","08","6","3","5","2","0","1","1","0","0","0","0",797091.27364000003,5828086.57550000027,13.37978000800,52.52171757600,"0"
"195094","11","0","04","004","2019","05","07","6","3","0","1","0","1","1","0","0","0","0",792727.89122400002,5826154.67508000042,13.31395425400,52.50675874300,"0"
"195095","11","0","07","007","2019","05","06","6","3","5","2","0","0","1","0","0","0","0",799188.53365700005,5821729.35243999958,13.40489063100,52.46358735900,"0"
"195096","11","0","10","010","2019","05","09","6","3","5","3","0","0","1","0","0","0","0",812203.76537699997,5830920.94981000107,13.60447037300,52.53867506900,"0"
"195097","11","0","02","002","2019","05","08","6","3","2","6","0","0","1","0","0","0","0",800684.95073599997,5828487.46796000004,13.43294987200,52.52334114200,"0"
"195098","11","0","02","002","2019","05","11","6","2","2","6","0","0","0","0","0","1","0",798616.49093500001,5825580.03925000038,13.39994439000,52.49841676100,"0"
"195099","11","0","05","005","2019","05","13","6","3","6","2","0","0","1","1","0","0","0",784770.41133300005,5827278.68087000027,13.19799293800,52.52104864200,"0"