OBJECTID,ULAND,UREGBEZ,UKREIS,UGEMEINDE,UJAHR,UMONAT,USTUNDE,UWOCHENTAG,UKATEGORIE,UART,UTYP1,ULICHTVERH,IstRad,IstPKW,IstFuss,IstKrad,IstGkfz,IstSonstig,LINREFX,LINREFY,XGCSWGS84,YGCSWGS84,STRZUSTAND
"195281","11","0","01","001","2019","05","18","2","3","1","5","0","1","1","0","0","0","0",798585.09274999995,5829278.80425000098,13.40280228900,52.53158832100,"1"
"195282","11","0","06","006","2019","05","11","3","3","5","3","0","0","1","0","0","0","0",793646.52809499996,5817259.15166999958,13.31962230200,52.42651993900,"0"
"195283","11","0","06","006","2019","05","17","2","3","5","3","0","0","1","0","0","0","0",793628.97640199994,5817259.24791000038,13.31936499300,52.42653022200,"1"
"195284","11","0","12","012","2019","05","08","3","3","1","5","0","1","1","0","0","0","0",790380.45821900002,5834845.95660000015,13.28706452700,52.58593050300,"0"
"195285","11","0","09","009","2019","05","19","2","3","0","1","0","1","0","0","0","0","0",811225.55900000001,5820128.65600000042,13.58001447900,52.44252041200,"1"
"195286","11","0","02","002","2019","05","17","2","3","6","7","0","0","1","1","0","0","0",798734.31921300001,5826189.69570000004,13.40222185300,52.50381702100,"1"
"195287","11","0","12","012","2019","05","08","3","3","1","5","0","0","1","0","0","0","0",794122.11216000002,5835868.96882000007,13.34304165800,52.59309102100,"0"
"195288","11","0","09","009","2019","05","07","3","3","6","4","0","1","0","1","0","0","0",811515.52495500003,5820087.77835999988,13.58422870900,52.44198899200,"0"
"195289","11","0","03","003","2019","05","16","2","2","5","3","0","1","1","0","0","0","0",801070.31404600001,5831429.99077000096,13.44127843500,52.54950272100,"1"
"195290","11","0","01","001","2019","05","16","2","3","0","1","0","1","0","0","0","0","0",798773.60576800001,5829654.03385000024,13.40591037100,52.53484841700,"1"
"195291","11","0","07","007","2019","05","07","3","3","6","4","0","0","1","1","0","0","0",795972.27891600004,5824032.47025999986,13.35973181700,52.48598459400,"0"
"195292","11","0","04","004","2019","05","11","2","3","3","6","0","0","1","0","0","0","0",792081.21502500004,5825301.43666000012,13.30370491500,52.49945622200,"0"
"195293","11","0","08","008","2019","05","08","3","3","2","6","0","0","1","0","0","0","0",802308.69863999996,5817856.77596999891,13.44717467700,52.42715958000,"0"
"195294","11","0","01","001","2019","05","14","2","3","2","2","0","0","1","0","0","0","0",798576.36519699998,5826865.80511000101,13.40050805700,52.50996389200,"0"
"195295","11","0","07","007","2019","05","14","2","3","5","2","0","1","1","0","0","0","0",793712.83309700002,5821648.22142999899,13.32445333100,52.46583095200,"0"
"195296","11","0","01","001","2019","05","09","3","3","3","6","0","1","1","0","0","0","0",795592.95157799998,5826267.06809999980,13.35614472300,52.50622151000,"0"
"195297","11","0","12","012","2019","05","12","2","3","6","7","0","1","0","1","0","0","0",791399.57083600003,5834261.63955000043,13.30155049600,52.58014733800,"0"
"195298","11","0","02","002","2019","05","12","2","3","2","6","0","0","1","0","0","0","0",799058.61801900005,5825596.91115999967,13.40645311600,52.49832589600,"0"
"195299","11","0","09","009","2019","05","07","3","2","5","2","0","1","0","0","0","1","0",804641.02016700001,5822121.47254000045,13.48525963400,52.46408938200,"0"
"195300","11","0","11","011","2019","05","14","2","2","6","4","0","0","1","1","0","0","0",803751.20088400005,5828639.90649999958,13.47814503900,52.52300795500,"0"
"195301","11","0","09","009","2019","05","12","2","2","2","6","0","0","1","0","0","1","1",809660.91971299995,5821481.48768000025,13.55832250000,52.45553245300,"0"
"195302","11","0","08","008","2019","05","06","3","3","5","3","0","0","1","0","0","0","0",801908.55689000001,5822702.47742999904,13.44568710100,52.47081362000,"0"
"195303","11","0","04","004","2019","05","16","2","3","2","7","0","0","1","0","0","1","0",788116.64553200000,5826424.78497000039,13.24643618200,52.51163526300,"0"
"195304","11","0","04","004","2019","05","06","3","3","1","5","0","0","1","0","1","0","0",789751.74747800000,5829849.13900000043,13.27344674500,52.54146900500,"0"
"195305","11","0","08","008","2019","05","11","2","3","5","2","0","0","1","0","0","0","0",800173.72853399999,5817058.34965999983,13.41515292500,52.42117827400,"0"
"195306","11","0","09","009","2019","05","00","3","3","9","1","2","0","0","0","1","0","0",810995.21352500003,5816879.57265000045,13.57361538400,52.41353437300,"0"
"195307","11","0","05","005","2019","05","13","2","3","0","1","0","1","0","0","0","0","0",788976.83981899999,5829789.23831999954,13.26200021400,52.54134351000,"0"
"195308","11","0","01","001","2019","05","15","3","3","2","6","0","0","1","0","1","0","0",796215.86518500000,5828475.89539000019,13.36726211900,52.52568371000,"0"
"195309","11","0","05","005","2019","05","09","2","3","3","6","0","0","1","0","0","0","1",784944.01199999999,5829399.73699999973,13.20236275500,52.53997526200,"0"
"195310","11","0","11","011","2019","05","07","2","2","0","1","0","1","0","0","0","0","0",805149.93048700003,5829103.17109999992,13.49912238600,52.52637897400,"0"
"195311","11","0","01","001","2019","05","15","3","3","3","2","0","1","1","0","0","0","0",799986.50924900000,5826927.11677999981,13.42127936700,52.50973983300,"0"
"195312","11","0","02","002","2019","05","15","3","3","1","5","0","1","0","0","0","0","1",799631.51785399998,5825078.24459999986,13.41440074000,52.49336259100,"0"
"195313","11","0","08","008","2019","05","07","2","3","2","7","0","0","1","0","0","0","1",802362.70853499998,5822766.96966999955,13.45241114600,52.47114049500,"0"
"195314","11","0","12","012","2019","05","11","2","3","3","6","0","1","0","0","0","0","0",790372.06765600003,5834860.22831999976,13.28695353600,52.58606292600,"0"
"195315","11","0","07","007","2019","05","15","3","3","2","7","0","0","1","0","0","0","0",796533.24604300002,5823983.60812999960,13.36792544800,52.48524220700,"0"
"195316","11","0","08","008","2019","05","10","2","3","6","2","0","0","1","1","0","0","0",805533.74683900003,5818557.60111999977,13.49510001800,52.43164949600,"0"
"195317","11","0","03","003","2019","05","14","3","3","5","2","0","1","1","0","0","0","0",803931.77781799994,5841354.67545999959,13.49245631600,52.63686340300,"0"
"195318","11","0","12","012","2019","05","10","2","3","1","7","0","1","1","0","0","0","0",790769.33808500005,5834508.05754000042,13.29249179800,52.58269358400,"0"
"195319","11","0","12","012","2019","05","14","3","3","5","3","0","0","1","0","1","0","0",792325.89199999999,5839054.71399999969,13.31941483800,52.62261801500,"0"
"195320","11","0","04","004","2019","05","10","2","3","5","3","0","1","1","0","0","0","0",793965.89411300002,5824966.03720999975,13.33109300000,52.49543755600,"0"
"195321","11","0","01","001","2019","05","13","3","3","5","7","0","0","1","0","0","0","0",797359.53766100004,5831681.28187999967,13.38693897800,52.55379354600,"0"
"195322","11","0","02","002","2019","05","09","2","3","1","5","0","1","1","0","0","0","0",800408.04598000005,5828302.82847000100,13.42871400000,52.52183879500,"0"
"195323","11","0","09","009","2019","05","11","2","3","5","3","0","1","1","0","0","0","0",812142.18279600004,5820293.29023000039,13.59361034800,52.44347334900,"0"
"195324","11","0","03","003","2019","05","13","3","2","4","6","0","0","1","0","0","0","0",804405.96318900003,5840572.14309000038,13.49872096000,52.62958454700,"0"
"195325","11","0","01","001","2019","05","16","3","3","5","7","2","1","0","0","1","0","0",793687.34449299995,5832241.68037999980,13.33342853400,52.56080974800,"0"
"195326","11","0","02","002","2019","05","12","1","3","2","6","0","0","1","0","0","0","0",798282.90662499995,5825471.91184000019,13.39494810200,52.49762996300,"0"
"195327","11","0","09","009","2019","05","16","3","2","5","3","0","1","1","0","0","0","0",807975.35041499999,5817754.54384000041,13.53016073400,52.42308333000,"0"
"195328","11","0","01","001","2019","06","16","5","3","2","6","0","0","1","0","0","1","0",795457.92630799999,5831617.40417999960,13.35891623300,52.55425584700,"1"
"195329","11","0","07","007","2019","06","16","5","2","0","2","0","1","1","0","0","0","0",797889.08200000005,5819627.07600000035,13.38394465100,52.44545267800,"1"
"195330","11","0","08","008","2019","06","16","5","3","5","2","0","1","0","0","0","0","1",802622.71758099995,5820750.65816000011,13.45439927000,52.45292420300,"0"
"195331","11","0","04","004","2019","06","16","5","3","5","2","0","1","1","0","0","0","0",793311.06958300003,5826220.71226000041,13.32258023700,52.50703751900,"1"
"195332","11","0","02","002","2019","06","09","5","3","5","2","0","1","1","0","0","0","0",797111.07022899995,5824238.34582000040,13.37663690800,52.48721154600,"0"
"195333","11","0","01","001","2019","06","13","5","3","5","2","0","1","1","0","0","0","0",794587.31048900005,5829777.20129000023,13.34447996300,52.53823139900,"0"
"195334","11","0","11","011","2019","06","15","5","3","5","3","0","0","1","0","0","0","0",804599.56932200002,5827842.19529999979,13.48988029800,52.51538518500,"1"
"195335","11","0","04","004","2019","06","08","5","3","0","7","0","0","1","0","0","0","1",794134.03971799999,5823925.95227999985,13.33264454300,52.48602313900,"0"
"195336","11","0","04","004","2019","06","08","5","3","5","3","0","0","1","0","0","0","0",791289.85733399994,5826076.68338999897,13.29275837800,52.50682926200,"0"
"195337","11","0","04","004","2019","06","08","5","3","5","3","0","1","1","0","0","0","0",792911.96130099997,5824396.11237999983,13.31511193500,52.49089500000,"0"
"195338","11","0","04","004","2019","06","07","5","3","2","6","0","0","1","0","0","0","0",791106.57377400005,5829127.23794999905,13.29273534300,52.53427510800,"0"
"195339","11","0","10","010","2019","06","07","5","3","5","3","0","1","1","0","0","0","0",811507.84778399998,5828872.01563999988,13.59232296100,52.52071228700,"0"
"195340","11","0","08","008","2019","06","07","5","3","5","2","0","1","0","0","0","0","0",806562.16420500004,5815922.46715999953,13.50776550400,52.40745688000,"0"
"195341","11","0","10","010","2019","06","06","5","3","1","5","0","0","1","0","0","0","0",810838.90533800004,5829002.18374999892,13.58261720200,52.52226047900,"0"
"195342","11","0","07","007","2019","06","23","4","3","7","7","2","1","0","0","0","0","0",795482.66436900001,5823906.98328999896,13.35243107600,52.48512489400,"0"
"195343","11","0","04","004","2019","06","16","4","3","4","6","0","1","1","0","0","0","0",791489.26636999997,5829731.41896999907,13.29889134900,52.53948694700,"0"
"195344","11","0","12","012","2019","06","19","4","3","5","2","0","0","1","0","1","0","0",790222.88737200003,5839935.40278000012,13.28920910300,52.63164071300,"0"
"195345","11","0","04","004","2019","06","18","4","3","2","6","0","0","1","0","0","0","0",791736.60446299997,5823809.28904000018,13.29733614500,52.48626361200,"0"
"195346","11","0","02","002","2019","06","18","4","3","5","3","0","1","1","0","0","0","0",797263.85886299994,5825192.28462000005,13.37973148700,52.49567942200,"0"
"195347","11","0","04","004","2019","06","23","4","3","1","5","2","0","1","0","1","0","0",791503.34833700000,5826282.27305999957,13.29607504100,52.50855832200,"0"
"195348","11","0","02","002","2019","06","22","4","3","5","3","2","1","1","0","0","0","0",796973.14300000004,5824453.60599999968,13.37480340400,52.48921618000,"0"
"195349","11","0","01","001","2019","06","22","4","2","2","6","2","0","1","0","0","0","0",796599.61595300003,5831776.11816000007,13.37584818800,52.55505800700,"0"
"195350","11","0","02","002","2019","06","18","4","3","3","6","0","1","1","0","0","0","0",801638.86720800004,5826059.45911000110,13.44476674800,52.50105179300,"0"
"195351","11","0","09","009","2019","06","18","4","3","5","3","0","1","1","0","0","0","0",809507.54995799996,5819511.28739999980,13.55424741000,52.43796267700,"0"
"195352","11","0","06","006","2019","06","18","4","3","0","7","0","1","0","0","0","0","0",791844.16236399999,5817836.80334000010,13.29369419700,52.43266298300,"0"
"195353","11","0","03","003","2019","06","18","4","3","5","3","0","1","0","0","1","0","0",801315.90553800005,5831017.47764999978,13.44451520400,52.54566955400,"0"
"195354","11","0","12","012","2019","06","16","4","3","5","2","0","0","1","0","0","0","0",795441.73291499994,5834154.07210000046,13.36093712400,52.57700346000,"0"
"195355","11","0","01","001","2019","06","16","4","3","5","2","0","1","1","0","0","0","0",793687.80119799997,5828003.29705999978,13.32968837000,52.52281482700,"0"
"195356","11","0","01","001","2019","06","15","4","3","0","1","0","0","0","0","1","0","0",798014.66768199997,5829956.97599000018,13.39502607100,52.53797940100,"0"
"195357","11","0","04","004","2019","06","22","4","3","5","2","2","0","1","0","0","0","0",793352.20600000001,5829681.35099999979,13.32623697000,52.53803842500,"0"
"195358","11","0","02","002","2019","06","20","4","3","5","2","0","1","0","1","0","0","0",797856.95400000003,5824923.14599999972,13.38820139900,52.49294356500,"0"
"195359","11","0","04","004","2019","06","15","4","3","5","3","0","1","0","0","0","0","1",791433.25297100004,5827295.47291999962,13.29593249500,52.51767900400,"0"
"195360","11","0","11","011","2019","06","14","4","3","5","3","0","1","1","0","0","0","0",806134.91708200006,5827017.69620999973,13.51167731600,52.50713621100,"0"
"195361","11","0","03","003","2019","06","14","4","3","5","3","0","0","1","0","0","0","1",798889.51504800003,5835615.23290000018,13.41298348400,52.58821779900,"0"
"195362","11","0","10","010","2019","06","14","4","2","6","4","0","1","0","1","0","0","0",809407.09835400002,5831062.86335000023,13.56349930600,52.54154182200,"0"
"195363","11","0","02","002","2019","06","13","4","3","5","2","0","0","1","0","0","0","0",802586.01613500004,5827698.71996999905,13.46016754900,52.51522003000,"0"
"195364","11","0","08","008","2019","06","13","4","3","5","3","0","1","1","0","0","0","0",805555.30916199996,5818563.08839000110,13.49542120300,52.43168663400,"0"
"195365","11","0","03","003","2019","06","13","4","3","1","7","0","0","0","0","1","0","0",799452.85300000000,5831128.10199999996,13.41722331200,52.54768832500,"0"
"195366","11","0","09","009","2019","06","13","4","2","6","4","0","0","1","1","0","0","0",811008.96089500003,5821785.05307999998,13.57838026100,52.45748754500,"0"
"195367","11","0","03","003","2019","06","08","4","3","0","1","0","0","0","0","1","0","0",802331.31293799996,5838821.49007999990,13.46656137800,52.61505273300,"0"
"195368","11","0","11","011","2019","06","10","4","3","0","2","0","1","1","0","0","0","0",804589.97084199998,5826362.14867000096,13.48838500800,52.50212551700,"0"
"195369","11","0","03","003","2019","06","10","4","3","2","7","0","0","0","0","1","1","0",798992.43575700000,5829272.29736000020,13.40878362200,52.53130671500,"0"
"195370","11","0","06","006","2019","06","13","4","3","5","3","0","1","1","0","0","0","0",794683.20212799998,5817424.33311000094,13.33497030000,52.42744336800,"0"
"195371","11","0","04","004","2019","06","10","4","3","2","6","0","0","1","0","1","0","0",793388.69700000004,5829914.91999999993,13.32697969700,52.54011260700,"0"
"195372","11","0","11","011","2019","06","08","4","2","0","1","0","1","0","0","0","0","0",806298.28982399998,5832119.17889999971,13.51877687100,52.55276505100,"0"
"195373","11","0","05","005","2019","06","12","4","3","2","2","0","0","1","0","0","0","1",785191.27323199995,5829706.72221000027,13.20626223200,52.54259830100,"0"
"195374","11","0","03","003","2019","06","09","4","3","5","2","0","1","1","0","0","0","0",799955.55301100004,5835682.51001000032,13.42873297500,52.58823405300,"0"
"195375","11","0","07","007","2019","06","11","4","3","5","2","0","1","1","0","0","0","0",796145.34153099998,5820785.22020000033,13.35939033500,52.45678179900,"0"
"195376","11","0","08","008","2019","06","08","4","3","5","2","0","1","1","0","0","0","0",799270.52050400001,5823820.52536000032,13.40796997900,52.48228695900,"0"
"195377","11","0","08","008","2019","06","08","4","3","5","2","0","1","1","0","0","0","0",802574.11224399996,5819912.96076000016,13.45292739200,52.44544274100,"0"
"195378","11","0","09","009","2019","06","07","4","3","5","7","0","0","1","0","1","0","0",809225.97092899994,5822860.97061000019,13.55321977500,52.46814141500,"0"
"195379","11","0","03","003","2019","06","07","4","2","5","3","0","1","1","0","0","0","0",800111.95252599998,5831694.92466999963,13.42742644600,52.55240622100,"0"
"195380","11","0","01","001","2019","06","02","4","2","0","7","2","0","1","0","0","0","1",797377.54506300006,5828939.73859000020,13.38474981200,52.52920913100,"0"
"195381","11","0","02","002","2019","06","08","3","3","3","6","0","0","1","0","1","0","0",797534.17684500001,5824980.30614999961,13.38351223300,52.49363197900,"0"
"195382","11","0","04","004","2019","06","14","3","3","0","7","0","0","1","0","0","0","0",792394.11199999996,5826057.65500000026,13.30896523200,52.50606797400,"0"
"195383","11","0","01","001","2019","06","13","3","3","0","3","0","1","0","0","0","0","1",798681.49750699999,5829454.20093999989,13.40437686900,52.53310768500,"0"
"195384","11","0","01","001","2019","06","08","3","3","6","4","0","0","1","1","0","0","0",794350.54630699998,5828579.54942000005,13.33993853500,52.52762318500,"0"
"195385","11","0","01","001","2019","06","16","3","3","2","2","0","1","1","0","0","0","0",797135.04573100002,5827775.16626999900,13.38014508400,52.51890229100,"0"
"195386","11","0","12","012","2019","06","16","3","3","5","2","0","1","1","0","0","0","0",793862.76271100005,5835438.78189000022,13.33884238600,52.58937490300,"0"
"195387","11","0","02","002","2019","06","16","3","3","5","2","0","1","1","0","0","0","0",801191.63400199998,5825184.74376999959,13.43740714900,52.49345855700,"0"
"195388","11","0","07","007","2019","06","15","3","3","0","2","0","1","1","0","0","0","0",797415.27677500003,5823703.78048000019,13.38062688300,52.48225410900,"0"
"195389","11","0","11","011","2019","06","15","3","3","2","6","0","0","1","0","0","0","0",805316.59778199997,5830022.47572000045,13.50241574700,52.53452482600,"0"
"195390","11","0","03","003","2019","06","14","3","3","5","7","0","1","1","0","0","0","0",799595.41815100005,5831292.56331000105,13.41946785600,52.54908406800,"0"
"195391","11","0","05","005","2019","06","14","3","3","0","6","0","1","0","0","0","0","0",781939.58374599996,5828463.06584999897,13.15738610500,52.53313953600,"0"
"195392","11","0","09","009","2019","06","13","3","3","5","2","0","0","0","0","1","0","1",806268.86196999997,5822161.01960999891,13.50918240500,52.46353387600,"0"
"195393","11","0","06","006","2019","06","18","3","3","6","4","0","0","1","1","0","0","0",795491.92000000004,5817582.80599999987,13.34696992900,52.42842781400,"0"
"195394","11","0","04","004","2019","06","12","3","3","3","6","0","0","1","0","1","0","0",792713.44983299996,5825710.29495000094,13.31335139100,52.50278275900,"0"
"195395","11","0","07","007","2019","06","12","3","3","6","7","0","0","1","1","0","0","0",798358.66930299997,5819903.00332000013,13.39107982800,52.44767001900,"0"
"195396","11","0","05","005","2019","06","11","3","3","2","2","0","0","1","0","0","0","0",784711.38041600003,5828610.45086999889,13.19826566600,52.53302013400,"0"
"195397","11","0","01","001","2019","06","11","3","3","5","2","0","1","1","0","0","0","0",796635.45513300004,5826670.49522999953,13.37181905900,52.50927202000,"0"
"195398","11","0","09","009","2019","06","11","3","3","3","6","0","1","0","0","0","0","0",811682.71799999999,5819968.78899999987,13.58656957700,52.44082741100,"0"
"195399","11","0","11","011","2019","06","13","3","2","5","3","0","1","1","0","0","0","0",806596.46595999994,5827370.33829000033,13.51878124200,52.51003749200,"0"
"195400","11","0","04","004","2019","06","11","3","2","2","7","0","1","1","0","0","0","0",792033.91531199997,5826857.07010000013,13.30437476900,52.51342749500,"0"
"195401","11","0","01","001","2019","06","11","3","3","2","2","0","0","1","0","0","0","0",796423.99582299998,5831972.40931999963,13.37344069300,52.55691315500,"0"
"195402","11","0","01","001","2019","06","10","3","3","3","6","0","0","1","0","1","0","0",798279.67932300002,5830092.79122000001,13.39904378100,52.53905181300,"0"
"195403","11","0","04","004","2019","06","10","3","3","5","2","0","0","1","0","0","0","0",793352.86837899999,5829679.46870999970,13.32624504700,52.53802119500,"0"
"195404","11","0","08","008","2019","06","10","3","3","5","3","0","0","1","0","0","0","0",805094.45600000001,5817915.93300000019,13.48807322900,52.42614357900,"0"
"195405","11","0","04","004","2019","06","09","3","3","5","3","0","1","1","0","0","0","0",791936.06628699997,5828318.38224999979,13.30421947600,52.52658023300,"0"
"195406","11","0","02","002","2019","06","23","3","2","5","2","2","1","1","0","0","0","0",797916.26899999997,5825263.65000000037,13.38937697300,52.49596340800,"0"
"195407","11","0","01","001","2019","06","20","3","3","2","6","0","0","1","0","0","0","0",794029.85748699994,5828460.73340000026,13.33511990900,52.52673112700,"0"
"195408","11","0","02","002","2019","06","08","3","3","5","3","0","1","1","0","0","0","0",798264.38267399999,5825734.82832000032,13.39491148700,52.49999680100,"0"
"195409","11","0","08","008","2019","06","09","3","3","1","5","0","1","1","0","0","0","0",801392.45882099995,5822960.85042000003,13.43834563500,52.47341446100,"0"
"195410","11","0","03","003","2019","06","09","3","3","2","6","0","0","1","0","1","0","0",802014.40934599994,5829661.57416999899,13.45355215700,52.53312989900,"0"
"195411","11","0","05","005","2019","06","07","3","3","0","1","0","1","0","0","0","0","0",783642.49469500000,5825508.22656999901,13.17990458700,52.50576225300,"0"
"195412","11","0","11","011","2019","06","08","3","3","5","3","0","1","1","0","0","0","0",804456.41433099995,5830937.52366000041,13.49061167500,52.54320712200,"0"
"195413","11","0","06","006","2019","06","20","3","3","6","7","0","1","0","1","0","0","0",794274.89050900005,5819344.77672000043,13.33067302500,52.44487915800,"0"
"195414","11","0","10","010","2019","06","19","3","2","6","4","0","0","1","1","0","0","0",810834.62141200004,5830942.06331000105,13.58436800000,52.53964689600,"0"
"195415","11","0","12","012","2019","06","08","3","2","5","2","0","1","1","0","0","0","0",792185.20744699996,5832955.09678999893,13.31196084000,52.56801339900,"0"
"195416","11","0","03","003","2019","06","19","3","3","5","2","0","1","1","0","0","0","0",802418.40675800003,5829234.25035000034,13.45910123300,52.52907584000,"0"
"195417","11","0","07","007","2019","06","08","3","3","3","6","0","0","1","0","0","1","0",799951.92553999997,5821299.95227000024,13.41570782200,52.45931990000,"0"
"195418","11","0","08","008","2019","06","19","3","3","6","2","0","0","1","1","0","0","0",803715.42295000004,5818000.80848999973,13.46793122800,52.42767150800,"0"
"195419","11","0","04","004","2019","06","19","3","3","1","5","0","1","1","0","0","0","1",793601.42560099997,5825243.99853000045,13.32598481400,52.49812554200,"0"
"195420","11","0","03","003","2019","06","08","3","3","5","3","0","1","1","0","0","0","0",797534.77773400000,5834855.00440999959,13.39236279800,52.58214607000,"0"
"195421","11","0","12","012","2019","06","07","3","3","2","6","0","0","1","0","0","0","0",792157.56693099998,5832941.82820000034,13.31154250000,52.56790928600,"0"
"195422","11","0","04","004","2019","06","07","3","3","5","3","0","0","1","0","0","0","1",793262.14251499996,5826081.53679999989,13.32173881600,52.50581617000,"0"
"195423","11","0","02","002","2019","06","18","3","3","3","6","0","1","1","0","0","0","0",799991.51500000001,5825411.92399999965,13.41998783400,52.49615577400,"0"
"195424","11","0","04","004","2019","06","18","3","2","5","2","0","0","1","0","1","0","0",791785.83746299997,5828225.15873999987,13.30192952900,52.52582492900,"0"
"195425","11","0","12","012","2019","06","18","3","3","2","6","0","0","1","0","0","0","0",791914.50104000000,5831520.75619999971,13.30671629800,52.55530022500,"0"
"195426","11","0","02","002","2019","06","07","3","3","1","1","0","0","1","0","1","0","0",797370.14775300003,5824872.93749000039,13.38100747000,52.49275892400,"0"
"195427","11","0","11","011","2019","06","04","3","3","5","3","1","0","1","0","0","0","0",803985.20314600004,5830279.25686000008,13.48308238600,52.53757043300,"0"
"195428","11","0","09","009","2019","06","17","3","3","1","5","0","1","1","0","0","0","0",807525.72197600000,5821627.77448999975,13.52713324900,52.45804897000,"0"
"195429","11","0","09","009","2019","06","04","3","3","0","1","1","1","0","0","0","0","0",811999.95429599995,5821166.05974000040,13.59233961800,52.45137574100,"0"
"195430","11","0","01","001","2019","06","17","3","3","5","3","0","0","1","0","0","0","1",794983.89051499998,5826147.48407000024,13.34709114800,52.50547917100,"0"
"195431","11","0","10","010","2019","06","17","3","3","0","2","0","1","1","0","0","0","0",806628.46889599995,5830238.42635999992,13.52189542200,52.53572378200,"0"
"195432","11","0","09","009","2019","06","12","2","3","2","6","0","0","1","0","1","0","0",807552.45871599996,5815370.72596000042,13.52177124100,52.40195666000,"0"
"195433","11","0","02","002","2019","06","18","2","3","1","5","0","1","1","0","0","0","0",798504.49326999998,5826129.93374999892,13.39879235400,52.50340711500,"0"
"195434","11","0","11","011","2019","06","12","2","3","5","3","0","1","0","0","0","0","0",805334.45153600001,5832884.70933999959,13.50530951400,52.56016711300,"0"
"195435","11","0","06","006","2019","06","12","2","3","6","7","0","1","0","1","0","0","0",792581.30316999997,5817837.00817000028,13.30450621400,52.43227104600,"0"
"195436","11","0","11","011","2019","06","22","2","3","8","1","2","0","1","0","0","0","0",806502.40902499994,5832279.51479000039,13.52192604200,52.55408717800,"1"
"195437","11","0","08","008","2019","06","22","2","3","0","3","2","1","1","0","0","0","0",803950.60137900000,5822021.01114999969,13.47503675100,52.46357344700,"1"
"195438","11","0","01","001","2019","06","21","2","3","5","3","0","0","1","0","0","0","0",796228.53640800004,5828214.79566000029,13.36721576900,52.52333632000,"0"
"195439","11","0","07","007","2019","06","20","2","3","5","2","0","0","1","0","0","0","1",796914.54196599999,5822289.44225000031,13.37201574500,52.46984843200,"0"
"195440","11","0","09","009","2019","06","20","2","3","5","2","0","1","1","0","0","0","0",806455.52200899995,5822104.80967999995,13.51186973200,52.46292545200,"0"
"195441","11","0","08","008","2019","06","19","2","3","0","3","0","1","1","0","0","0","0",801143.48400000005,5822843.54939999990,13.43458523400,52.47250037500,"1"
"195442","11","0","10","010","2019","06","20","2","3","5","3","0","0","1","0","0","0","1",812489.16306499997,5824946.87270000018,13.60305575600,52.48497710600,"1"
"195443","11","0","03","003","2019","06","20","2","3","5","3","1","1","1","0","0","0","0",799770.49341000000,5831409.32012999896,13.42214751200,52.55003428500,"1"
"195444","11","0","09","009","2019","06","19","2","2","0","1","0","1","0","0","0","0","0",809569.57434299996,5819802.87081000023,13.55542699200,52.44054070600,"1"
"195445","11","0","09","009","2019","06","20","2","2","1","7","1","0","1","0","0","0","0",810536.78141599998,5816296.42432000022,13.56635588100,52.40856857600,"1"
"195446","11","0","07","007","2019","06","19","2","3","8","1","0","0","1","0","0","0","0",799538.85530599998,5821808.63121999986,13.41010291300,52.46410605800,"1"
"195447","11","0","01","001","2019","06","18","2","3","2","2","0","1","1","0","0","0","0",793819.07875999995,5831725.80924000032,13.33490956000,52.55611422600,"0"
"195448","11","0","04","004","2019","06","18","2","3","2","6","0","0","1","0","0","0","0",793549.43787899998,5827732.56149000023,13.32741593200,52.52046232500,"0"
"195449","11","0","02","002","2019","06","18","2","2","5","2","0","1","1","0","0","0","0",802107.32533599995,5827355.97984000016,13.45282358600,52.51241340300,"0"
"195450","11","0","04","004","2019","06","18","2","3","1","5","0","1","1","0","0","0","0",791292.77810300002,5825004.86777000036,13.29186368000,52.49721892800,"0"
"195451","11","0","04","004","2019","06","17","2","3","2","6","0","0","1","0","0","0","0",793515.76995400002,5824046.69113000110,13.32367185300,52.48743824900,"0"
"195452","11","0","06","006","2019","06","15","2","3","3","6","0","0","1","0","1","0","0",789522.75427899999,5817483.27240999974,13.25933773700,52.43072705000,"0"
"195453","11","0","07","007","2019","06","17","2","3","5","3","0","0","1","0","0","0","0",798626.83613499999,5820663.48453000095,13.39569389900,52.45434041600,"0"
"195454","11","0","10","010","2019","06","17","2","3","5","3","0","1","1","0","0","0","0",814259.26329399995,5829301.13073999994,13.63314692200,52.52297894600,"0"
"195455","11","0","09","009","2019","06","22","2","3","5","2","2","1","1","0","0","0","0",804531.00424000004,5821714.57732000016,13.48327401300,52.46050382000,"1"
"195456","11","0","03","003","2019","06","15","2","3","5","3","0","1","0","0","0","0","0",799883.92038899998,5837959.22566000000,13.42974074400,52.60868014700,"0"
"195457","11","0","06","006","2019","06","14","2","3","5","3","0","1","1","0","0","0","0",793425.58799999999,5820368.85099999979,13.31911257200,52.45451613100,"0"
"195458","11","0","01","001","2019","06","14","2","3","0","2","0","0","1","0","0","0","1",796256.89888999995,5825959.67614000011,13.36562494700,52.50310590100,"0"
"195459","11","0","02","002","2019","06","14","2","3","2","6","0","0","1","0","0","0","0",800315.66466699995,5824569.10795999970,13.42398864600,52.48842302300,"0"
"195460","11","0","03","003","2019","06","13","2","3","2","6","0","0","1","0","0","1","0",800735.70900000003,5833607.49500000011,13.43833172200,52.56920480000,"0"