OBJECTID,ULAND,UREGBEZ,UKREIS,UGEMEINDE,UJAHR,UMONAT,USTUNDE,UWOCHENTAG,UKATEGORIE,UART,UTYP1,ULICHTVERH,IstRad,IstPKW,IstFuss,IstKrad,IstGkfz,IstSonstig,LINREFX,LINREFY,XGCSWGS84,YGCSWGS84,STRZUSTAND
"195461","11","0","05","005","2019","06","12","2","3","1","5","0","1","0","0","0","0","1",783196.50811299996,5830090.41432000045,13.17725405000,52.54707907700,"0"
"195462","11","0","08","008","2019","06","11","2","3","5","7","0","0","1","0","0","0","0",801471.76889700000,5820904.62021999992,13.43765236600,52.45494017100,"0"
"195463","11","0","01","001","2019","06","12","2","3","2","6","0","0","1","0","0","0","0",795793.89602500002,5831890.86565999966,13.36410087800,52.55652480100,"0"
"195464","11","0","01","001","2019","06","00","2","3","5","2","2","1","1","0","0","0","0",798494.37873200001,5829062.25681000110,13.40127451500,52.52969695700,"0"
"195465","11","0","04","004","2019","06","12","2","3","5","7","0","0","1","0","1","0","0",792407.36868600000,5825612.22551000025,13.30876880200,52.50206770400,"0"
"195466","11","0","01","001","2019","06","11","2","3","6","4","0","1","0","1","0","0","0",798523.96290200006,5829141.34085999988,13.40178034500,52.53038963500,"0"
"195467","11","0","01","001","2019","06","11","2","2","5","2","0","0","1","0","0","0","0",797364.24154299998,5831210.39173000026,13.38658642100,52.54957003500,"0"
"195468","11","0","09","009","2019","06","16","2","3","5","3","0","0","1","0","1","0","0",811750.92006300006,5819776.66289999988,13.58739051200,52.43906680900,"0"
"195469","11","0","02","002","2019","06","11","2","3","5","2","0","1","1","0","0","0","0",797802.38995900005,5824910.24983999971,13.38738856400,52.49285773700,"0"
"195470","11","0","01","001","2019","06","11","2","3","3","6","0","0","1","0","1","0","0",796834.22163799999,5831942.20899000019,13.37944695200,52.55641900300,"0"
"195471","11","0","10","010","2019","06","16","2","2","0","5","0","1","1","0","0","0","0",809955.17257699999,5828031.18300000019,13.56872902300,52.51406182900,"0"
"195472","11","0","05","005","2019","06","10","2","2","5","2","0","0","1","0","1","0","0",785222.43641099997,5831822.85441999976,13.20853849100,52.56155493300,"0"
"195473","11","0","09","009","2019","06","16","2","3","5","3","0","1","1","0","0","0","0",809945.81142299995,5821592.80984000023,13.56260510800,52.45636862700,"0"
"195474","11","0","04","004","2019","06","10","2","3","2","6","0","0","1","0","1","0","0",791649.04969999997,5827653.21683999989,13.29941741200,52.52077075800,"0"
"195475","11","0","08","008","2019","06","10","2","3","5","7","0","1","1","0","0","0","0",802702.02558500005,5818043.01960999891,13.45311039500,52.42861144900,"0"
"195476","11","0","03","003","2019","06","15","2","3","0","7","0","0","1","0","0","0","0",802305.73568799999,5829235.44194000028,13.45744646800,52.52914901200,"0"
"195477","11","0","09","009","2019","06","15","2","3","0","6","0","1","1","0","0","0","0",805441.30942900002,5821500.21095999982,13.49643455500,52.45807454200,"0"
"195478","11","0","02","002","2019","06","09","2","3","5","3","0","1","1","0","0","0","0",800778.50503899995,5827188.07381999958,13.43314991900,52.51164276500,"0"
"195479","11","0","05","005","2019","06","09","2","3","5","2","0","1","1","0","0","0","0",784218.85096299998,5827369.13265999965,13.18996295900,52.52214742400,"0"
"195480","11","0","02","002","2019","06","08","2","3","5","2","0","1","1","0","0","0","0",798314.88546300004,5825383.12710999977,13.39533826200,52.49681664200,"0"
"195481","11","0","04","004","2019","06","08","2","3","5","2","0","0","1","0","0","0","0",790211.45187999995,5827297.93374000024,13.27797909600,52.51835263700,"0"
"195482","11","0","02","002","2019","06","07","2","3","2","6","0","0","1","0","0","1","0",799975.57272699999,5825746.68860999960,13.42005519100,52.49916517800,"0"
"195483","11","0","05","005","2019","06","15","2","3","6","4","0","0","1","1","0","0","0",784458.45707600005,5828663.55353000108,13.19459245300,52.53362831800,"0"
"195484","11","0","09","009","2019","06","07","2","3","5","3","0","0","1","0","0","0","0",810947.13609299995,5822198.97329000104,13.57785880800,52.46123208700,"0"
"195485","11","0","01","001","2019","06","06","2","3","5","7","0","0","1","0","0","0","0",795336.77081100002,5826631.59994999971,13.35270465700,52.50962799400,"0"
"195486","11","0","12","012","2019","06","15","2","3","0","2","0","0","1","0","0","0","1",790944.84856199997,5833788.28069000039,13.29444309500,52.57614710000,"0"
"195487","11","0","01","001","2019","06","06","2","3","2","6","0","0","1","0","0","0","0",799078.12469700002,5828998.06080999970,13.40979637200,52.52880158600,"0"
"195488","11","0","09","009","2019","06","06","2","3","0","3","0","1","1","0","0","0","0",809668.74399999995,5819050.75999999978,13.55618458000,52.43374426000,"0"
"195489","11","0","01","001","2019","06","15","2","2","2","2","0","0","1","0","0","0","0",799727.74362400000,5827760.65479000099,13.41822869700,52.51735343200,"0"
"195490","11","0","03","003","2019","06","05","2","3","1","5","0","0","1","0","1","0","0",800486.99485300004,5831261.90722000040,13.43254945200,52.54831823100,"0"
"195491","11","0","02","002","2019","06","01","2","3","5","2","2","0","1","0","0","0","0",801777.98217099998,5828668.49146999978,13.44917581800,52.52435982100,"0"
"195492","11","0","01","001","2019","06","08","2","3","0","1","0","1","0","0","0","0","0",798106.79214899999,5829363.71533000097,13.39584820800,52.53261122600,"0"
"195493","11","0","11","011","2019","06","20","2","3","5","2","0","1","1","0","0","0","0",805123.48271999997,5829991.75803000107,13.49954928300,52.53435766300,"1"
"195494","11","0","06","006","2019","06","09","2","3","5","2","0","1","0","0","0","0","1",791848.97252299997,5821376.43745000102,13.29685734700,52.46439322400,"0"
"195495","11","0","10","010","2019","06","17","2","1","1","7","0","0","1","0","0","0","0",807352.42699299997,5832454.82325000037,13.53458629100,52.55517929700,"0"
"195496","11","0","04","004","2019","06","14","1","3","2","6","0","1","0","0","0","0","0",790965.95262600004,5826026.47142999899,13.28795561800,52.50655195800,"0"
"195497","11","0","04","004","2019","06","14","1","3","5","3","0","1","1","0","0","0","0",791553.92471599998,5823245.51061999984,13.29416035100,52.48130695000,"0"
"195498","11","0","01","001","2019","06","14","1","3","6","7","0","0","1","1","0","0","0",797521.92274099996,5829149.11730999965,13.38705922300,52.53100717800,"0"
"195499","11","0","09","009","2019","06","19","1","3","3","6","0","1","1","0","0","0","0",811012.95019600005,5820412.72491999995,13.57716095100,52.44518707300,"0"
"195500","11","0","01","001","2019","06","21","1","3","5","3","0","0","1","0","0","0","0",795854.74490000005,5831132.30260999966,13.36431981600,52.54969197700,"0"
"195501","11","0","11","011","2019","06","20","1","2","4","6","0","0","1","0","1","0","0",803311.95801800000,5826289.71227000095,13.46954884100,52.50218815500,"0"
"195502","11","0","02","002","2019","06","20","1","3","1","5","0","1","1","0","0","0","1",800846.90700799995,5826869.32122999895,13.43386669900,52.50874798700,"0"
"195503","11","0","04","004","2019","06","17","1","3","0","2","0","1","1","0","0","0","0",791834.23184699996,5830684.82515999954,13.30480093700,52.54784935300,"0"
"195504","11","0","02","002","2019","06","17","1","2","5","3","0","0","1","0","1","0","0",798331.78711399995,5825629.63217000104,13.39580728200,52.49901700700,"0"
"195505","11","0","10","010","2019","06","15","1","2","5","3","0","0","1","0","1","0","0",812575.85395100003,5824282.13191999961,13.60370506700,52.47897062400,"0"
"195506","11","0","07","007","2019","06","16","1","3","5","2","0","1","1","0","0","0","0",795999.75389000005,5824957.19766000006,13.36095667400,52.49425910300,"0"
"195507","11","0","03","003","2019","06","16","1","3","0","1","0","1","0","0","0","0","0",800029.16759400000,5830416.59865000099,13.42505433100,52.54099381900,"0"
"195508","11","0","11","011","2019","06","14","1","3","5","3","0","0","1","0","0","0","0",808003.46667100000,5824739.71631000098,13.53701540900,52.48566935300,"0"
"195509","11","0","07","007","2019","06","14","1","3","5","3","0","0","1","0","1","0","0",794954.37948600005,5825404.02692000009,13.34599907700,52.49883054400,"0"
"195510","11","0","01","001","2019","06","14","1","3","5","3","0","0","1","0","0","0","0",794991.91395900003,5826149.06135999970,13.34721041500,52.50548897200,"0"
"195511","11","0","01","001","2019","06","14","1","3","5","2","0","0","1","0","1","0","0",797703.82881800004,5827795.44283999968,13.38852110900,52.51877384200,"0"
"195512","11","0","11","011","2019","06","14","1","2","5","3","0","1","1","0","0","0","0",808002.76401100005,5824740.14147999976,13.53700548700,52.48567356000,"0"
"195513","11","0","03","003","2019","06","13","1","3","2","6","0","0","1","0","0","0","0",798310.98703800002,5831834.95163000096,13.40106883300,52.55465069900,"0"
"195514","11","0","11","011","2019","06","12","6","3","5","2","0","1","1","0","0","0","0",807062.63123199996,5824409.71788999904,13.52289953300,52.48324175600,"0"
"195515","11","0","08","008","2019","06","13","1","3","2","6","0","0","1","0","0","0","0",801401.26674600004,5821120.99076000042,13.43681326400,52.45691844300,"0"
"195516","11","0","07","007","2019","06","12","1","2","5","3","0","0","1","0","1","0","0",797649.49870999996,5822186.48529000022,13.38271166100,52.46852559200,"0"
"195517","11","0","01","001","2019","06","12","6","3","5","2","0","1","0","0","0","0","1",797141.29188699997,5831886.67872999981,13.38391330200,52.55575378900,"0"
"195518","11","0","01","001","2019","06","01","1","2","5","2","2","0","1","0","0","0","0",793962.76419999998,5830161.35333000030,13.33563793200,52.54201234300,"0"
"195519","11","0","06","006","2019","06","17","6","2","5","2","0","1","1","0","0","0","0",792354.52901399997,5820772.04889999982,13.30374843200,52.45870468800,"0"
"195520","11","0","11","011","2019","06","02","1","3","5","3","2","0","1","0","0","0","0",804988.98843300005,5833003.15998000000,13.50033805500,52.56142230500,"0"
"195521","11","0","08","008","2019","06","12","6","3","3","6","0","1","0","0","0","1","0",801490.38954999996,5817788.31697000097,13.43511427000,52.42699747800,"0"
"195522","11","0","12","012","2019","06","10","1","3","4","5","0","0","1","0","0","0","0",793707.07400000002,5835028.56500000041,13.33618717700,52.58578168300,"0"
"195523","11","0","12","012","2019","06","07","6","2","5","2","0","1","0","0","0","1","0",792848.89617500000,5835170.08820000011,13.32368171300,52.58751300400,"0"
"195524","11","0","01","001","2019","06","10","1","3","5","2","0","0","1","0","0","0","0",794619.07747699996,5829877.86539999954,13.34503624400,52.53911660600,"0"
"195525","11","0","01","001","2019","06","11","1","3","5","3","0","0","1","0","0","0","1",797153.93372099998,5831897.01467000041,13.38410847400,52.55583954000,"0"
"195526","11","0","05","005","2019","06","12","6","3","5","3","0","1","1","0","0","0","0",785933.63780699996,5831651.07297000103,13.21885356000,52.55964176400,"0"
"195527","11","0","06","006","2019","06","12","1","2","2","1","0","0","1","0","0","0","0",791970.45020399999,5816407.28505000100,13.29429865200,52.41977990900,"0"
"195528","11","0","04","004","2019","06","12","6","3","0","6","0","0","1","0","1","0","0",793484.72232399997,5825053.89334999956,13.32410310000,52.49648410100,"0"
"195529","11","0","11","011","2019","06","01","1","3","0","1","2","0","0","0","1","0","0",803678.93432100001,5828763.36900999956,13.47719589400,52.52415476400,"0"
"195530","11","0","04","004","2019","06","11","6","3","5","2","0","0","1","0","1","0","0",792115.28870799998,5822352.90299000032,13.30162122600,52.47300482300,"0"
"195531","11","0","08","008","2019","06","00","1","3","0","1","2","1","0","0","0","0","0",801355.28142699995,5823951.00887000095,13.43869472500,52.48231000300,"0"
"195532","11","0","08","008","2019","06","11","6","3","5","2","0","1","1","0","0","0","0",800946.51106499997,5817042.18052999955,13.42646820000,52.42060892900,"0"
"195533","11","0","02","002","2019","06","12","7","3","5","3","0","0","1","0","0","0","0",800157.95410199999,5827367.79578000028,13.42419542400,52.51359549400,"0"
"195534","11","0","03","003","2019","06","18","7","3","5","3","0","0","1","0","0","0","0",798953.16717899998,5829166.03524000011,13.40811089200,52.53037577000,"0"
"195535","11","0","09","009","2019","06","12","6","3","5","3","0","0","1","0","0","0","1",811644.14188999997,5820420.71131000109,13.58642533200,52.44489928100,"0"
"195536","11","0","03","003","2019","06","13","6","2","5","3","0","1","1","0","0","0","0",803391.11709900002,5832799.03261000104,13.47665210700,52.56048542400,"0"
"195537","11","0","06","006","2019","06","15","7","3","1","5","0","1","1","0","0","0","0",793693.40007199999,5819262.56092000008,13.32206976100,52.44445476700,"0"
"195538","11","0","10","010","2019","06","18","7","2","5","3","0","1","1","0","0","0","0",809970.51966300001,5832029.81718999892,13.57268292000,52.54988696900,"0"
"195539","11","0","09","009","2019","06","12","6","2","3","6","0","1","0","0","0","1","0",810467.95999999996,5820310.15899999999,13.56907277400,52.44457761300,"0"
"195540","11","0","07","007","2019","06","15","7","3","5","2","0","1","0","0","0","0","0",797776.66136699996,5823273.75062999967,13.38554873100,52.47820242600,"0"
"195541","11","0","04","004","2019","06","16","6","3","5","3","0","1","1","0","0","0","0",789559.88554299995,5826580.37229999993,13.26777893600,52.51226590600,"0"
"195542","11","0","01","001","2019","06","14","7","3","5","2","0","0","1","0","1","0","0",794242.98698399996,5828441.21141999960,13.33823518900,52.52644113700,"0"
"195543","11","0","01","001","2019","06","19","7","3","2","6","0","0","1","0","0","0","0",796684.99638300005,5831917.80833000038,13.37723048200,52.55628159400,"0"
"195544","11","0","08","008","2019","06","16","6","3","5","3","0","0","1","0","1","0","0",801575.13414700003,5816649.68809000030,13.43533053700,52.41674483800,"0"
"195545","11","0","02","002","2019","06","19","7","3","5","3","0","1","1","0","0","0","0",799598.68060800002,5826095.89558000024,13.41483387200,52.50250233100,"0"
"195546","11","0","04","004","2019","06","13","7","3","5","2","0","1","1","0","0","0","0",794117.34198100003,5826092.18042000011,13.33431197900,52.50545123300,"0"
"195547","11","0","03","003","2019","06","16","6","3","6","4","0","0","1","1","0","0","0",803515.11701399996,5839643.05427999981,13.48474637400,52.62175614700,"0"
"195548","11","0","11","011","2019","06","19","7","3","2","6","0","0","1","0","0","0","0",807229.05616699997,5824116.19785000104,13.52507212400,52.48051757000,"0"
"195549","11","0","09","009","2019","06","16","6","2","5","2","0","1","1","0","0","0","0",811692.38877800002,5819923.67062999960,13.58666931600,52.44041757300,"0"
"195550","11","0","04","004","2019","06","16","6","2","4","6","0","1","0","0","0","0","0",790150.54244999995,5828210.08023000043,13.27787972000,52.52656252600,"0"
"195551","11","0","07","007","2019","06","19","7","3","5","3","0","0","1","0","0","0","0",794964.56709799997,5824059.45705000032,13.34495834400,52.48677186400,"0"
"195552","11","0","02","002","2019","06","15","6","2","5","7","0","0","1","0","0","1","0",799444.67353000003,5825642.37736000028,13.41216398100,52.49852174700,"0"
"195553","11","0","02","002","2019","06","12","7","2","5","2","0","1","1","0","0","0","0",800946.85097999999,5826400.02770000044,13.43491064200,52.50448647400,"0"
"195554","11","0","04","004","2019","06","16","6","3","5","2","0","1","0","0","1","0","0",793559.25376200001,5827756.09625000041,13.32758095600,52.52066801900,"0"
"195555","11","0","06","006","2019","06","22","7","3","6","4","2","0","1","1","0","0","0",788845.71878600004,5819607.89962000027,13.25124361800,52.45013337300,"0"
"195556","11","0","07","007","2019","06","12","7","3","1","5","0","0","1","0","0","0","0",800128.51918199996,5814982.43821999989,13.41262898900,52.40259534200,"0"
"195557","11","0","07","007","2019","06","16","6","3","1","5","0","1","1","0","0","0","0",795883.57657200005,5825470.29035000037,13.35970618600,52.49892154100,"0"
"195558","11","0","04","004","2019","06","09","6","3","2","7","0","0","1","0","0","0","0",791683.11188700004,5823653.80496999901,13.29641453000,52.48489829000,"0"
"195559","11","0","05","005","2019","06","11","7","3","0","2","0","0","1","0","0","0","1",784843.18729399994,5829239.96334999893,13.20074315700,52.53859545300,"0"
"195560","11","0","05","005","2019","06","10","7","3","5","2","0","1","1","0","0","0","0",788103.71112100000,5827867.39989999961,13.24749548000,52.52457579700,"0"
"195561","11","0","03","003","2019","06","12","6","2","1","1","0","0","1","0","0","0","1",801589.57284200005,5831780.42654000036,13.44923155900,52.55235644900,"0"
"195562","11","0","01","001","2019","06","23","7","2","0","1","2","1","0","0","0","0","0",798496.29302200000,5828386.93365999963,13.40069642000,52.52364256900,"0"
"195563","11","0","02","002","2019","06","17","6","3","5","3","0","0","1","0","0","0","0",798411.84106100001,5825784.56243999954,13.39712189300,52.50036198800,"0"
"195564","11","0","08","008","2019","06","09","7","3","5","7","0","0","1","0","0","0","0",802374.66303399997,5819912.36591000110,13.45000121300,52.44554774000,"0"
"195565","11","0","01","001","2019","06","09","7","2","5","2","0","1","0","0","0","1","0",798071.65092699998,5829988.77017000038,13.39589227400,52.53823322900,"0"
"195566","11","0","08","008","2019","06","15","6","3","6","2","0","0","1","1","0","0","0",800651.73627300002,5823014.23053999990,13.42752118800,52.47430112800,"0"
"195567","11","0","04","004","2019","05","05","6","3","5","2","0","1","1","0","0","0","0",791762.25352400006,5824375.35529000033,13.29820840500,52.49132463500,"0"
"195568","11","0","03","003","2019","05","07","6","3","5","3","0","0","1","0","1","0","0",800994.24245100003,5831899.73775000032,13.44058575300,52.55375515000,"0"
"195569","11","0","02","002","2019","06","23","6","2","5","3","2","0","1","0","0","0","0",798531.80392600002,5826271.36371000018,13.39932032400,52.50465990500,"0"
"195570","11","0","04","004","2019","05","09","6","3","5","2","0","1","1","0","0","0","0",792326.05734599999,5828251.91346000042,13.30989328700,52.52577538500,"0"
"195571","11","0","11","011","2019","06","15","6","3","5","2","0","0","1","0","1","0","0",807931.20579499996,5833796.26028000005,13.54434096800,52.56687410000,"0"
"195572","11","0","04","004","2019","05","09","6","3","5","2","0","0","1","0","0","0","0",791916.04188799998,5826239.07576999906,13.30210067600,52.50795038600,"0"
"195573","11","0","07","007","2019","05","15","6","3","2","6","0","0","1","0","0","0","0",799139.94319100003,5819915.76121000107,13.40255280300,52.44735747600,"0"
"195574","11","0","07","007","2019","06","11","6","3","1","5","0","1","1","0","0","0","1",797853.12669900001,5819621.18678999972,13.38341193900,52.44541947500,"0"
"195575","11","0","03","003","2019","06","11","6","3","2","1","0","0","1","0","0","0","0",801160.44592800003,5831611.24853000045,13.44276807400,52.55107752700,"0"
"195576","11","0","12","012","2019","05","15","6","3","5","3","0","0","1","0","0","0","0",792601.30608799995,5833665.67537000030,13.31870945300,52.57415991000,"0"
"195577","11","0","07","007","2019","05","15","6","3","5","2","0","1","1","0","0","0","0",797748.21255099995,5822532.30448000040,13.38446917500,52.47157169200,"0"
"195578","11","0","04","004","2019","06","18","6","3","0","7","0","1","0","0","0","0","0",791296.14947800001,5827183.94641000032,13.29382001000,52.51675243000,"0"
"195579","11","0","09","009","2019","05","13","6","3","5","3","0","1","1","0","0","0","0",810544.91551399999,5815073.18950000033,13.56534100000,52.39760159800,"0"
"195580","11","0","02","002","2019","06","10","6","2","6","4","0","1","0","1","0","0","0",799774.23885600001,5825695.51697999984,13.41705211700,52.49881713400,"0"
"195581","11","0","12","012","2019","05","13","6","2","5","2","0","0","1","0","0","0","0",793186.31008600001,5832306.13408999890,13.32611552600,52.56165755100,"0"
"195582","11","0","12","012","2019","05","16","6","3","5","3","0","0","1","0","0","0","0",793845.70328300004,5836158.08965000045,13.33922943100,52.59583218200,"0"
"195583","11","0","04","004","2019","05","17","6","2","2","6","0","0","1","0","0","0","0",790383.99672699999,5829032.40517999977,13.28202955500,52.53381039700,"0"
"195584","11","0","12","012","2019","06","15","6","3","1","5","0","0","1","0","0","0","0",789775.44035000005,5839769.23615000024,13.28247068100,52.63038996900,"0"
"195585","11","0","09","009","2019","05","17","6","2","5","2","0","1","1","0","0","0","0",804483.06593799999,5823234.78732999973,13.48395777700,52.47415573100,"0"
"195586","11","0","03","003","2019","06","10","6","3","5","2","0","0","1","0","1","0","0",798625.42363099998,5831114.24285000097,13.40504471900,52.54801829200,"0"
"195587","11","0","02","002","2019","05","19","6","3","5","7","0","1","0","0","0","0","1",799780.11005100003,5824852.42595000099,13.41637967500,52.49125688200,"0"
"195588","11","0","05","005","2019","06","09","6","3","1","5","0","1","1","0","0","0","1",786995.53605800006,5829344.09999999963,13.23248122600,52.53839979400,"0"
"195589","11","0","02","002","2019","05","19","6","3","0","6","0","0","1","0","0","0","1",799529.41296099999,5824906.78333000094,13.41274715800,52.49188173200,"0"
"195590","11","0","02","002","2019","06","09","6","3","5","3","0","1","1","0","0","0","0",799702.09250100004,5826016.30795000028,13.41628118400,52.50173216100,"0"
"195591","11","0","12","012","2019","05","20","6","3","5","2","0","0","1","0","0","0","0",793277.73658499995,5832576.99473999999,13.32769980100,52.56403642900,"1"
"195592","11","0","09","009","2019","06","15","6","3","5","3","0","1","1","0","0","0","0",806460.19125499995,5820700.25437999982,13.51064911800,52.45033467600,"0"
"195593","11","0","07","007","2019","05","21","6","3","2","6","2","0","1","0","0","0","1",798915.87679300003,5821220.27328000031,13.40043334100,52.45917333600,"1"
"195594","11","0","07","007","2019","06","15","6","3","1","5","0","1","1","0","0","0","0",799689.62101300003,5813178.69756999891,13.40458371200,52.38666739500,"0"
"195595","11","0","02","002","2019","05","18","6","3","0","1","0","1","0","0","0","0","0",799191.79755899997,5824231.97563999984,13.40718348100,52.48601817800,"0"
"195596","11","0","06","006","2019","05","09","6","3","2","2","0","0","1","0","0","0","1",792655.74765399995,5820908.33122999966,13.30828853600,52.45976521500,"0"
"195597","11","0","04","004","2019","06","14","6","3","5","2","0","1","1","0","0","0","0",793170.93115800002,5830158.34668000042,13.32399278100,52.54241201500,"0"
"195598","11","0","09","009","2019","05","10","6","3","5","2","0","1","1","0","0","0","0",819383.69430700003,5819909.11849000026,13.69942745600,52.43585020300,"0"
"195599","11","0","04","004","2019","06","14","6","3","5","2","0","1","1","0","0","0","0",791852.60991600004,5827431.58447999973,13.30221460000,52.51867495400,"0"
"195600","11","0","03","003","2019","05","12","6","3","2","6","0","0","1","0","0","0","0",799869.27378199995,5829787.29361000098,13.42213583400,52.53544115700,"0"
"195601","11","0","01","001","2019","05","12","6","3","0","7","0","1","0","0","0","0","1",799883.92077600001,5826480.63021999970,13.41937006000,52.50579418900,"1"
"195602","11","0","03","003","2019","06","14","6","2","5","2","0","1","1","0","0","0","0",798642.40570400003,5831469.18542999960,13.40561363200,52.55119052100,"0"
"195603","11","0","01","001","2019","05","12","6","3","2","6","0","0","1","0","0","0","0",795445.72008000000,5831557.49017000105,13.35868339900,52.55372539400,"0"
"195604","11","0","06","006","2019","06","13","6","3","1","5","0","1","1","0","0","0","0",795430.68471099995,5818542.78273000102,13.34692014400,52.43706651300,"0"
"195605","11","0","02","002","2019","05","12","6","3","2","6","0","0","1","0","0","0","1",801215.30901800003,5826225.28215999994,13.43869580700,52.50277206000,"0"
"195606","11","0","06","006","2019","06","14","6","3","2","6","0","0","1","0","0","1","0",790129.16963100003,5819679.49316000007,13.27013884900,52.45009558600,"0"
"195607","11","0","01","001","2019","05","12","6","3","0","7","0","0","0","0","1","0","1",799884.91301899997,5826475.44794999901,13.41937996700,52.50574719300,"1"
"195608","11","0","01","001","2019","06","10","6","3","2","6","0","0","1","0","0","1","0",793964.97491999995,5830169.60548999906,13.33567773800,52.54208512600,"0"
"195609","11","0","12","012","2019","05","23","6","3","2","6","2","0","1","0","0","0","0",793941.32134000002,5835293.84171000030,13.33987007800,52.58803317700,"1"
"195610","11","0","01","001","2019","05","21","6","3","0","1","2","0","0","0","1","0","0",797011.44635200000,5828945.17361999955,13.37937379000,52.52945743800,"1"
"195611","11","0","01","001","2019","06","08","6","3","1","1","0","0","1","0","0","0","0",793989.00873000000,5828215.83908999898,13.33430300500,52.52455782200,"0"
"195612","11","0","11","011","2019","06","08","6","1","6","4","0","0","0","1","0","1","0",807133.90369299997,5823935.22630000021,13.52350871100,52.47894919000,"0"
"195613","11","0","02","002","2019","05","18","5","3","6","7","0","0","1","1","0","0","0",797701.21402499999,5826004.96948000044,13.38688117300,52.50272581700,"0"
"195614","11","0","08","008","2019","06","16","5","3","0","2","0","1","0","0","0","0","1",802517.82579799998,5824218.26659000106,13.45600434700,52.48406264300,"1"
"195615","11","0","07","007","2019","05","18","5","2","5","2","0","0","1","0","1","0","0",800164.95665299997,5814068.96494000033,13.41234457700,52.39438729500,"0"
"195616","11","0","02","002","2019","06","18","5","3","3","6","0","1","1","0","0","0","0",797760.48771999998,5826437.82851000037,13.38813895300,52.50657354200,"0"
"195617","11","0","04","004","2019","05","17","5","3","6","4","0","0","1","1","0","0","0",792980.29620999994,5822529.24335000105,13.31447485000,52.47412239000,"0"
"195618","11","0","10","010","2019","05","17","5","2","5","3","0","1","1","0","0","0","0",812267.91071600001,5830209.46686000004,13.60474462900,52.53226265700,"0"
"195619","11","0","12","012","2019","06","15","5","3","2","6","0","0","1","0","0","0","0",790646.32247899997,5834378.21994999982,13.29056745000,52.58159533900,"0"
"195620","11","0","09","009","2019","06","07","5","3","5","2","0","1","1","0","0","0","0",811004.62054699997,5820318.67231000029,13.57695124800,52.44434895100,"0"
"195621","11","0","03","003","2019","05","16","5","3","5","3","0","0","1","0","0","0","0",797239.91631000000,5835063.78691999987,13.38821104400,52.58417869300,"0"
"195622","11","0","10","010","2019","05","16","5","2","5","3","0","1","1","0","0","0","0",811909.31599300005,5829755.69426000025,13.59904955300,52.52840162500,"0"
"195623","11","0","09","009","2019","06","07","5","3","5","2","0","1","1","0","0","0","0",809340.91730199999,5818506.28027999960,13.55087408700,52.42905015300,"0"
"195624","11","0","01","001","2019","05","18","5","3","5","2","0","1","1","0","0","0","0",794316.30398299999,5828379.61022999976,13.33925826200,52.52584934700,"0"
"195625","11","0","05","005","2019","06","06","5","3","5","3","0","0","1","0","1","0","0",785203.82556999999,5831871.76307000034,13.20830672700,52.56200318900,"0"
"195626","11","0","12","012","2019","05","16","5","3","0","1","0","1","0","0","0","0","0",790567.19113499997,5841249.85417999979,13.29543821100,52.64324030200,"0"
"195627","11","0","10","010","2019","05","16","5","3","5","7","0","0","1","0","0","0","0",809347.23470999999,5834283.65172000043,13.56562079400,52.57043913700,"0"
"195628","11","0","08","008","2019","06","06","5","3","5","2","0","1","0","0","1","0","0",803180.96501399996,5822713.85747999977,13.46437235900,52.47021095200,"0"
"195629","11","0","02","002","2019","05","23","5","2","6","4","2","0","1","1","0","0","0",800883.17401500000,5826849.83060999960,13.43438184300,52.50855328700,"0"
"195630","11","0","01","001","2019","06","21","5","3","5","7","2","1","1","0","0","0","0",795873.62544600002,5831960.34619999956,13.36533541800,52.55710431500,"1"
"195631","11","0","08","008","2019","05","22","5","3","5","7","2","1","1","0","0","0","0",801152.34656600002,5822196.06618000008,13.43413087900,52.46669190100,"0"
"195632","11","0","08","008","2019","06","21","5","3","2","6","1","1","1","0","0","0","0",800715.07257800002,5822880.25043000095,13.42833009000,52.47306534900,"1"
"195633","11","0","04","004","2019","05","20","5","3","5","3","1","1","1","0","0","0","0",792912.44067699998,5824395.26996999979,13.31511823500,52.49088719100,"0"
"195634","11","0","04","004","2019","06","21","5","3","6","4","1","0","1","1","0","0","0",793150.56142000004,5826111.65711999964,13.32012607300,52.50614615300,"1"
"195635","11","0","03","003","2019","05","20","5","3","5","2","1","1","1","0","0","0","0",804447.88737300003,5832668.12074000016,13.49207305800,52.55872233400,"0"
"195636","11","0","01","001","2019","05","19","5","3","1","5","0","1","1","0","0","0","0",794705.38145200000,5828322.53297999967,13.34492613500,52.52512751300,"0"
"195637","11","0","08","008","2019","06","12","5","2","6","2","0","0","1","1","0","0","0",805682.64942399994,5816732.61887999997,13.49561588900,52.41520970500,"0"
"195638","11","0","03","003","2019","06","23","5","3","5","3","2","0","1","0","0","0","0",800312.20400000003,5831547.27199999988,13.43023752800,52.55097240600,"1"
"195639","11","0","10","010","2019","05","18","5","3","2","6","0","1","0","0","0","0","0",809633.23751200002,5825751.66920999903,13.56188037600,52.49381642900,"0"
"195640","11","0","10","010","2019","05","18","5","3","5","3","0","0","1","0","0","0","0",810496.82597500004,5824818.40448999964,13.57369029000,52.48496239500,"0"
"195641","11","0","03","003","2019","06","15","5","3","0","7","0","0","1","0","0","0","0",802837.01997999998,5835346.60663000029,13.47082960800,52.58362704200,"0"