OBJECTID,ULAND,UREGBEZ,UKREIS,UGEMEINDE,UJAHR,UMONAT,USTUNDE,UWOCHENTAG,UKATEGORIE,UART,UTYP1,ULICHTVERH,IstRad,IstPKW,IstFuss,IstKrad,IstGkfz,IstSonstig,LINREFX,LINREFY,XGCSWGS84,YGCSWGS84,STRZUSTAND
"195642","11","0","01","001","2019","05","15","5","3","3","6","0","1","1","0","0","0","0",797682.27159000002,5827925.57619000040,13.38832079300,52.51995209700,"0"
"195643","11","0","08","008","2019","06","15","5","3","5","2","0","0","1","0","0","0","0",801015.62590099999,5823905.72929999977,13.43366729900,52.48209148800,"1"
"195644","11","0","04","004","2019","05","15","5","3","5","3","0","0","1","0","0","0","0",789024.17794400000,5827024.01494999975,13.26029231700,52.51652742600,"0"
"195645","11","0","01","001","2019","06","15","5","3","1","5","0","1","1","0","0","0","1",793066.11712199997,5828301.70500999968,13.32081452700,52.52582443300,"1"
"195646","11","0","03","003","2019","05","14","5","3","2","2","0","0","1","0","0","0","0",796933.39997899998,5836537.75745000038,13.38502153000,52.59755832900,"0"
"195647","11","0","07","007","2019","06","13","5","2","2","6","0","1","1","0","0","0","0",796571.70724999998,5816237.90680000000,13.36161257000,52.41578756000,"0"
"195648","11","0","04","004","2019","05","14","5","3","2","6","0","0","1","0","0","0","0",792463.78190900001,5824037.33798000030,13.30821487400,52.48791897300,"0"
"195649","11","0","11","011","2019","06","12","5","2","6","2","0","0","1","1","0","0","0",804306.38165700005,5828168.33732999954,13.48587132400,52.51847192200,"0"
"195650","11","0","11","011","2019","05","13","5","3","6","2","0","0","0","1","0","0","1",805353.00672199996,5827358.96210999973,13.50050559900,52.51063296200,"0"
"195651","11","0","02","002","2019","06","12","5","3","5","2","0","1","1","0","0","0","0",800928.58684999996,5828504.47367999982,13.43654545100,52.52335916000,"0"
"195652","11","0","05","005","2019","05","13","5","2","1","5","0","1","1","0","0","0","0",783897.64209500002,5823452.48436000012,13.18190152100,52.48719728300,"0"
"195653","11","0","06","006","2019","05","10","5","2","5","7","0","0","1","0","1","0","0",792904.70457800000,5817699.67413000111,13.30912924600,52.43086679600,"0"
"195654","11","0","01","001","2019","06","12","5","3","5","2","0","0","1","0","1","0","0",796061.51947699999,5828499.80353999976,13.36501498600,52.52598186000,"0"
"195655","11","0","05","005","2019","05","06","5","2","1","5","0","0","1","0","0","0","0",784036.32624700002,5827974.40233999956,13.18779699200,52.52766946600,"0"
"195656","11","0","09","009","2019","06","12","5","3","2","6","0","0","1","0","0","0","0",806434.86800000002,5822979.08700000029,13.51236951500,52.47077261900,"0"
"195657","11","0","12","012","2019","05","16","4","3","2","6","0","0","1","0","0","0","0",787918.89517200005,5836238.08543999959,13.25204241500,52.59971974100,"0"
"195658","11","0","02","002","2019","06","11","5","2","5","7","0","1","1","0","0","0","0",798201.42251599999,5824527.25107999984,13.39290581600,52.48920677800,"0"
"195659","11","0","04","004","2019","05","18","4","3","2","2","0","1","1","0","0","0","0",793341.67299999995,5829714.92300000042,13.32611175300,52.53834505100,"0"
"195660","11","0","06","006","2019","06","11","5","3","5","2","0","0","1","0","1","0","0",786983.89725899999,5817341.28840999957,13.22197585600,52.43079186900,"0"
"195661","11","0","02","002","2019","05","18","4","3","5","2","0","1","0","0","0","0","1",801759.63673899998,5826240.48036000039,13.44670454800,52.50260753600,"0"
"195662","11","0","01","001","2019","05","16","4","3","3","6","0","0","1","0","1","0","0",794571.04038000002,5828597.61557000037,13.34319538400,52.52766603900,"0"
"195663","11","0","10","010","2019","06","11","5","3","2","6","0","0","1","0","0","0","0",809467.43590100005,5831424.55375999957,13.56472309300,52.54474887900,"0"
"195664","11","0","09","009","2019","06","07","5","3","6","2","0","0","1","1","0","0","0",814708.27461800002,5821927.34212000016,13.63277999200,52.45664521400,"0"
"195665","11","0","09","009","2019","05","23","4","3","0","1","2","1","0","0","0","0","0",810257.74652100005,5821474.03632999957,13.56707080700,52.45512724700,"0"
"195666","11","0","04","004","2019","05","17","4","3","6","4","0","0","1","1","0","0","0",792063.74932399997,5826935.08652999904,13.30488162800,52.51411092100,"0"
"195667","11","0","02","002","2019","06","10","5","3","5","5","0","0","1","0","1","0","0",802166.78737999999,5827344.01095000096,13.45368626500,52.51227319000,"0"
"195668","11","0","01","001","2019","05","20","4","3","0","2","1","1","0","0","0","1","0",797855.12458900001,5826858.94230999891,13.38990599800,52.51029665600,"0"
"195669","11","0","04","004","2019","06","10","5","3","2","2","0","0","1","0","0","0","0",794160.17219199997,5827008.86509000044,13.33575133500,52.51364569800,"0"
"195670","11","0","04","004","2019","05","18","4","3","5","3","0","1","1","0","0","0","0",793977.11296199996,5824687.01283000037,13.33101155800,52.49293019800,"0"
"195671","11","0","09","009","2019","05","18","4","2","5","2","0","0","1","0","0","0","0",804391.85698399995,5821738.30669999961,13.48125394500,52.46079402100,"0"
"195672","11","0","04","004","2019","06","09","5","3","6","2","0","1","0","1","0","0","0",793503.07753600006,5825217.48814000003,13.32451685700,52.49794078900,"0"
"195673","11","0","02","002","2019","05","23","4","3","5","3","2","0","1","0","0","0","0",797839.91787200002,5824927.16681999993,13.38795480700,52.49298890300,"0"
"195674","11","0","11","011","2019","05","22","4","3","5","2","2","0","1","0","0","0","0",804587.55200000003,5826362.86600000039,13.48835013900,52.50213329700,"0"
"195675","11","0","11","011","2019","06","09","5","2","6","4","0","0","0","1","0","0","1",805456.53761000000,5833348.81228999980,13.50753208700,52.56425806000,"0"
"195676","11","0","03","003","2019","05","21","4","3","5","2","1","1","1","0","0","0","0",800014.05788199999,5833422.15534999967,13.42754839700,52.56794176200,"0"
"195677","11","0","03","003","2019","05","18","4","3","0","2","0","0","1","0","1","0","0",799528.88171999995,5831002.16186999902,13.41822760400,52.54651767900,"0"
"195678","11","0","04","004","2019","06","19","5","3","2","6","0","1","0","0","1","0","0",792711.89573600003,5825652.15278000012,13.31327745000,52.50226236500,"1"
"195679","11","0","01","001","2019","05","18","4","3","5","2","0","1","1","0","0","0","0",796010.12077200005,5831416.05929999985,13.36685758600,52.55215116100,"0"
"195680","11","0","01","001","2019","06","18","5","3","0","1","0","1","0","0","0","0","0",798646.00177900004,5828482.38370999973,13.40298219300,52.52441616700,"1"
"195681","11","0","05","005","2019","05","15","4","3","6","2","0","0","1","1","0","0","0",784673.28139599995,5828461.07615999971,13.19757757500,52.53170074100,"0"
"195682","11","0","01","001","2019","06","18","5","3","0","3","0","1","0","0","1","0","0",798119.36630899995,5828960.15044000000,13.39567112600,52.52898692400,"1"
"195683","11","0","10","010","2019","05","18","4","3","5","3","0","1","1","0","0","0","0",810635.68039600004,5825832.05475000106,13.57667338500,52.49396727000,"0"
"195684","11","0","05","005","2019","06","18","5","3","0","2","0","1","1","0","0","0","0",784493.33802200004,5828877.79440000001,13.19528870200,52.53553100200,"1"
"195685","11","0","06","006","2019","05","09","4","2","3","6","0","0","1","0","1","0","0",793367.09199999995,5820349.12700000033,13.31823686100,52.45437071000,"0"
"195686","11","0","02","002","2019","05","11","4","3","5","3","0","1","1","0","0","0","0",800624.64618699998,5826273.87911999971,13.43006399500,52.50353338600,"0"
"195687","11","0","01","001","2019","06","18","5","2","5","3","1","1","1","0","0","0","0",797910.11972900003,5826572.08040000033,13.39045721100,52.50769526100,"1"
"195688","11","0","12","012","2019","06","18","5","3","5","2","0","1","1","0","0","0","0",795103.05673299998,5836856.31417999975,13.35836082300,52.60141025300,"1"
"195689","11","0","04","004","2019","05","18","4","3","2","6","0","0","1","0","0","0","0",792307.78870599996,5825309.51692999899,13.30704023900,52.49940734300,"0"
"195690","11","0","04","004","2019","05","11","4","3","5","2","0","0","1","0","0","1","0",790536.33761699998,5822781.42750000022,13.27881388400,52.47768875100,"0"
"195691","11","0","06","006","2019","06","18","5","2","6","4","0","0","1","1","0","0","0",788900.46607800003,5819429.73624000046,13.25189288300,52.44850711800,"1"
"195692","11","0","07","007","2019","05","11","4","3","5","7","0","0","1","0","0","0","0",795484.01794199995,5825581.34733999986,13.35393588900,52.50013357000,"0"
"195693","11","0","01","001","2019","06","18","5","3","0","1","0","0","0","0","1","0","0",796778.42574900005,5828817.97451000102,13.37583529900,52.52844414600,"1"
"195694","11","0","05","005","2019","05","11","4","3","5","2","0","0","1","0","1","0","0",784685.02500000002,5829353.95000000019,13.19851512500,52.53970010900,"0"
"195695","11","0","02","002","2019","06","17","5","2","6","4","0","0","0","1","1","0","0",799854.84400000004,5825830.61400000006,13.41835759600,52.49998378700,"1"
"195696","11","0","02","002","2019","05","12","4","3","1","5","0","1","1","0","0","0","1",801448.44424700004,5826394.20842999965,13.44227299600,52.50415742800,"0"
"195697","11","0","12","012","2019","06","16","5","2","0","1","0","1","0","0","0","0","0",787421.99500400003,5838721.99873999972,13.24688388400,52.62225173300,"1"
"195698","11","0","09","009","2019","05","17","4","3","2","6","0","1","1","0","0","0","0",804041.82386600005,5821222.14202999976,13.47564778000,52.45636258600,"0"
"195699","11","0","04","004","2019","05","17","4","2","6","4","0","0","1","1","0","0","0",789061.78612599999,5827078.06742000021,13.26089196900,52.51699209100,"0"
"195700","11","0","01","001","2019","06","16","5","3","6","4","0","0","1","1","0","0","0",793557.25433799997,5828335.35848999955,13.32806287600,52.52586189100,"1"
"195701","11","0","07","007","2019","06","15","5","3","1","5","0","0","1","0","0","0","0",798266.37310800003,5818954.03741999995,13.38887872300,52.43921395500,"1"
"195702","11","0","06","006","2019","05","17","4","3","5","3","0","0","1","0","0","0","1",794204.18629200000,5816869.23142999969,13.32745729200,52.42272486700,"0"
"195703","11","0","04","004","2019","06","17","5","3","5","3","0","1","1","0","0","0","0",791792.57451800001,5827046.04528999981,13.30099418600,52.51525079000,"0"
"195704","11","0","01","001","2019","06","17","5","3","4","6","0","0","0","0","1","1","0",796660.96023099998,5832032.76628000010,13.37697972700,52.55732515500,"0"
"195705","11","0","04","004","2019","06","17","5","3","5","3","0","0","1","0","0","0","0",791333.41834800004,5828705.52639000025,13.29570062200,52.53037331300,"0"
"195706","11","0","12","012","2019","06","17","5","3","5","3","0","1","1","0","0","0","0",795563.04577600001,5833222.52197999973,13.36189186300,52.56858715800,"0"
"195707","11","0","01","001","2019","06","16","5","3","5","3","0","0","1","0","0","0","1",800065.59589000000,5826411.89329000097,13.42197678200,52.50507818700,"0"
"195708","11","0","06","006","2019","06","16","5","3","5","2","0","1","1","0","0","0","0",790858.09985700005,5817586.20526000019,13.27901297400,52.43094152000,"0"
"195709","11","0","04","004","2019","06","16","5","2","5","3","0","1","1","0","0","0","0",792630.71511600004,5827088.36484999955,13.31334753000,52.51518111800,"0"
"195710","11","0","03","003","2019","06","16","5","3","5","2","0","1","1","0","0","0","0",804276.57292599999,5841093.31285000034,13.49729501000,52.63432791600,"0"
"195711","11","0","01","001","2019","06","16","5","3","5","2","0","0","1","0","1","0","0",797074.68229000003,5829292.20148999896,13.38061335100,52.53253369000,"0"
"195712","11","0","10","010","2019","06","20","5","3","2","6","0","0","1","0","1","0","0",811337.37353700004,5829835.02431999985,13.59072008600,52.52943944000,"0"
"195713","11","0","02","002","2019","06","20","5","3","5","3","0","1","1","0","0","0","0",803553.15421099996,5827194.92659999989,13.47391664900,52.51016726300,"0"
"195714","11","0","02","002","2019","06","19","5","3","5","3","0","1","1","0","0","0","0",801966.69733400003,5829025.69598999899,13.45227332600,52.52745696400,"0"
"195715","11","0","11","011","2019","06","19","5","3","2","2","0","0","1","0","0","0","0",804467.61549600004,5826384.24485999998,13.48660821000,52.50239183900,"0"
"195716","11","0","05","005","2019","06","19","5","3","1","5","0","0","1","0","0","0","1",784701.63509800006,5827273.31764999963,13.19697742600,52.52103647000,"0"
"195717","11","0","10","010","2019","06","18","5","3","2","6","0","0","1","0","0","0","1",811702.55990600004,5831880.64226000011,13.59800477100,52.54756193000,"0"
"195718","11","0","06","006","2019","06","18","5","3","0","7","0","1","0","0","0","0","0",790576.90034499997,5821720.59293000028,13.27848530900,52.46815662700,"0"
"195719","11","0","01","001","2019","06","18","5","3","5","3","0","1","1","0","0","0","0",794564.48300000001,5829100.63200000022,13.34354470100,52.53217877500,"0"
"195720","11","0","01","001","2019","06","18","5","3","0","1","0","1","0","0","0","0","0",798305.32209000003,5829373.24388999958,13.39877488600,52.53258802200,"0"
"195721","11","0","07","007","2019","06","18","5","3","0","2","0","1","1","0","0","0","0",795656.93482900003,5816070.42198999971,13.34805338700,52.41478104100,"0"
"195722","11","0","09","009","2019","06","15","5","3","6","7","0","1","0","1","0","0","0",807236.43437200005,5822135.76594999898,13.52335654600,52.46276439900,"0"
"195723","11","0","09","009","2019","06","17","5","3","2","6","0","0","1","0","1","0","0",809683.35828699998,5821307.29604000039,13.55849013200,52.45395867100,"0"
"195724","11","0","02","002","2019","06","15","5","3","6","4","0","0","1","1","0","0","0",802688.77407299995,5828129.33461000025,13.46206898700,52.51902256700,"0"
"195725","11","0","09","009","2019","06","15","5","3","2","6","0","0","1","0","0","0","0",806504.82315399998,5822090.64138999954,13.51258012500,52.46277082100,"0"
"195726","11","0","02","002","2019","06","15","5","3","5","7","0","0","1","0","0","0","0",799332.09900100005,5825627.34839999955,13.41049708700,52.49844879100,"0"
"195727","11","0","10","010","2019","06","06","5","2","5","2","0","1","1","0","0","0","0",808083.54286100005,5832324.67097999994,13.54521532600,52.55359983700,"0"
"195728","11","0","03","003","2019","06","07","5","2","5","3","0","1","1","0","0","0","0",798990.58360300004,5835036.51274999976,13.41394872900,52.58297497600,"0"
"195729","11","0","01","001","2019","06","14","5","3","6","4","0","0","1","1","0","0","0",794938.98042100004,5827271.40017999988,13.34742736600,52.51557856200,"0"
"195730","11","0","11","011","2019","06","07","5","3","3","6","0","0","1","0","1","0","0",803699.39235800004,5826242.40110999905,13.47519594600,52.50154862900,"1"
"195731","11","0","02","002","2019","06","07","5","3","3","6","0","1","0","0","0","0","1",801597.52205000003,5825937.28349999990,13.44404885900,52.49997956900,"0"
"195732","11","0","06","006","2019","06","07","5","3","3","6","0","0","1","0","1","0","0",795822.21319899999,5819719.90381999966,13.35370504200,52.44740698000,"0"
"195733","11","0","06","006","2019","06","07","5","2","5","2","0","0","1","0","1","0","0",788909.92299999995,5817930.33100000024,13.25073529900,52.43505917200,"1"
"195734","11","0","01","001","2019","06","08","5","3","5","3","0","1","1","0","0","0","0",796113.39238600002,5831188.84915000107,13.36817364800,52.55005832200,"0"
"195735","11","0","11","011","2019","06","08","5","3","6","4","0","0","1","1","0","0","0",806173.82331899996,5831244.07820999902,13.51614004000,52.54499222200,"0"
"195736","11","0","09","009","2019","06","08","5","3","5","2","0","1","1","0","0","0","0",802352.57165800000,5824748.04944000021,13.45405876900,52.48890263800,"0"
"195737","11","0","09","009","2019","06","09","5","3","5","2","0","1","1","0","0","0","0",806199.79716900003,5823259.92614999972,13.50917742900,52.47342141400,"0"
"195738","11","0","01","001","2019","06","14","5","3","5","7","0","0","1","0","1","0","0",798142.92000000004,5827413.08299999963,13.39463054000,52.51510660300,"0"
"195739","11","0","01","001","2019","06","10","5","3","5","3","0","1","1","0","0","0","0",797160.43500000006,5827685.96100000013,13.38043848300,52.51808883100,"0"
"195740","11","0","11","011","2019","06","10","5","2","5","3","0","1","0","0","0","1","0",807089.54006499995,5825838.72398999892,13.52461135300,52.49603362400,"0"
"195741","11","0","04","004","2019","06","12","5","3","2","6","0","1","1","0","0","0","0",790046.06362100004,5822991.80044999905,13.27179828600,52.47983539500,"0"
"195742","11","0","03","003","2019","06","12","5","3","1","5","0","1","1","0","0","0","0",802858.45078099996,5831759.00291999988,13.46786953400,52.55146040800,"0"
"195743","11","0","02","002","2019","06","12","5","3","0","3","0","1","0","0","0","1","0",798491.93788099999,5825234.69632000010,13.39780558300,52.49538934800,"0"
"195744","11","0","04","004","2019","06","08","5","2","0","1","0","1","0","0","0","0","0",792087.79201800004,5825285.92789999954,13.30378792600,52.49931366900,"0"
"195745","11","0","04","004","2019","06","16","5","3","5","3","0","1","0","0","0","0","1",786960.29201400001,5825533.40680999961,13.22867524100,52.50425303400,"0"
"195746","11","0","06","006","2019","06","15","4","3","6","7","0","0","0","1","1","0","0",791522.01473399997,5818101.64740000013,13.28920003500,52.43520911200,"0"
"195747","11","0","01","001","2019","06","11","4","3","6","4","0","1","0","1","0","0","0",797706.13603599998,5829665.78902999964,13.39022961100,52.53553791300,"0"
"195748","11","0","01","001","2019","06","19","4","3","0","1","0","0","0","0","1","0","0",797222.13283500005,5829068.62868000008,13.38258082000,52.53044923700,"1"
"195749","11","0","08","008","2019","06","19","4","3","0","1","1","1","0","0","0","0","0",803814.91890100006,5822123.03806999978,13.47313859900,52.46456335200,"1"
"195750","11","0","03","003","2019","06","11","4","2","4","6","0","0","1","0","0","1","0",804873.57189799997,5841344.50941000041,13.50632094900,52.63624438300,"0"
"195751","11","0","02","002","2019","06","08","4","3","0","1","0","0","0","0","1","0","0",797102.11108499998,5824461.42989999987,13.37670422800,52.48921614100,"1"
"195752","11","0","01","001","2019","06","23","4","3","0","2","2","1","1","0","0","0","0",797656.01330100000,5831888.07777000032,13.39148433900,52.55548525700,"1"
"195753","11","0","01","001","2019","06","22","4","3","0","3","2","0","1","0","1","0","0",796542.12527399999,5829873.61335999984,13.37330401500,52.53803542800,"1"
"195754","11","0","12","012","2019","06","22","4","3","5","3","2","0","1","0","0","0","0",793946.41969799995,5836639.16260000039,13.34113914000,52.60009020100,"1"
"195755","11","0","06","006","2019","06","15","4","3","5","2","0","0","1","0","1","0","0",794789.36516599997,5819837.70325999986,13.33865566600,52.44902086500,"0"
"195756","11","0","10","010","2019","06","15","4","2","6","4","0","0","1","1","0","0","0",811301.92191499996,5831644.18023999967,13.59189387900,52.54567200700,"0"
"195757","11","0","07","007","2019","06","15","4","3","0","7","0","0","1","0","0","0","1",798507.01655299996,5820918.36899999995,13.39416368600,52.45669060000,"0"
"195758","11","0","01","001","2019","06","16","4","3","6","4","0","1","0","1","0","0","0",797135.84067299997,5826451.25191000104,13.37897466400,52.50703442500,"0"
"195759","11","0","09","009","2019","06","18","4","3","5","2","0","1","1","0","0","0","0",810939.76983899996,5821589.10919000022,13.57718276000,52.45577094800,"1"
"195760","11","0","09","009","2019","06","18","4","3","6","4","0","0","1","1","0","0","0",810176.69194399996,5819580.75222999975,13.56412407400,52.43820615000,"1"
"195761","11","0","04","004","2019","06","18","4","3","5","3","0","1","1","0","0","0","0",791815.97485799994,5827721.35255999956,13.30193042400,52.52129227600,"1"
"195762","11","0","11","011","2019","06","19","4","3","0","7","0","0","1","0","0","0","0",804744.63843900000,5827412.07510000002,13.49161764000,52.51144918400,"1"
"195763","11","0","08","008","2019","06","18","4","3","5","2","0","0","0","0","1","0","1",802184.31209400005,5823750.84262999892,13.45068422600,52.48005775800,"0"
"195764","11","0","05","005","2019","06","17","4","3","6","4","0","1","0","1","0","0","0",781626.80288800003,5830689.75267999992,13.15467501800,52.55326681400,"0"
"195765","11","0","03","003","2019","06","16","4","3","6","4","0","1","0","1","0","0","0",802231.75839199999,5829343.84279999975,13.45645781500,52.53016162100,"0"
"195766","11","0","03","003","2019","06","16","4","3","5","3","0","0","1","0","0","0","1",800015.04340400000,5833422.21198999975,13.42756294500,52.56794172600,"0"
"195767","11","0","08","008","2019","06","22","4","3","2","6","2","0","1","0","0","0","0",800343.30431200005,5824377.04200000037,13.42422140800,52.48668625500,"1"
"195768","11","0","03","003","2019","06","20","4","3","5","3","1","1","1","0","0","0","0",801828.31520900002,5831741.14556999970,13.45270636500,52.55187213500,"1"
"195769","11","0","05","005","2019","06","16","4","3","2","6","0","0","1","0","0","0","0",783392.35503500002,5827691.33966999967,13.17808856600,52.52546661700,"0"
"195770","11","0","01","001","2019","06","20","4","3","1","5","0","1","1","0","0","0","0",797212.02836200001,5827200.01413999964,13.38076252500,52.51370474800,"1"
"195771","11","0","01","001","2019","06","19","4","2","5","7","0","0","1","0","0","0","1",798032.95858500001,5830088.78651000094,13.39541318100,52.53915090500,"1"
"195772","11","0","08","008","2019","06","18","4","3","0","1","1","1","0","0","0","0","0",803039.49292100000,5818352.38643999957,13.45833897500,52.43119751500,"1"
"195773","11","0","01","001","2019","06","10","4","3","1","5","0","1","1","0","0","0","1",798660.11757799995,5828529.97291000094,13.40323237500,52.52483500500,"0"
"195774","11","0","06","006","2019","06","13","4","3","5","2","0","1","1","0","0","0","0",792762.57228099997,5817959.17007999960,13.30727186500,52.43326922900,"0"
"195775","11","0","05","005","2019","06","14","4","3","5","2","0","1","1","0","0","0","0",785392.59400000004,5830299.98199999984,13.20973255800,52.54781196300,"0"
"195776","11","0","06","006","2019","06","14","4","3","5","3","0","0","1","0","0","0","0",785991.24987499998,5817398.88826999906,13.20746457200,52.43182817300,"0"
"195777","11","0","02","002","2019","06","12","4","3","2","6","0","1","1","0","0","0","0",799535.51792999997,5825861.01802999899,13.41369485200,52.50043168100,"0"
"195778","11","0","02","002","2019","06","13","4","3","5","2","0","0","1","0","1","0","0",801837.19148299994,5825745.47580000013,13.44739501600,52.49812787000,"0"
"195779","11","0","01","001","2019","06","13","4","3","5","3","0","1","1","0","0","0","0",795089.05789499998,5828866.94397000037,13.35104823800,52.52980020800,"0"
"195780","11","0","04","004","2019","06","13","4","3","5","3","0","1","1","0","0","0","0",790494.01006400003,5826545.70258000027,13.28147489000,52.51145840000,"0"
"195781","11","0","06","006","2019","06","15","4","3","5","2","0","1","1","0","0","0","0",795596.19174299994,5817084.58607999980,13.34805877200,52.42390524200,"0"
"195782","11","0","04","004","2019","06","15","4","3","2","6","0","0","1","0","0","0","0",793967.97151399998,5824808.70861999970,13.33098468000,52.49402606400,"0"
"195783","11","0","04","004","2019","06","12","4","2","5","3","0","1","1","0","0","0","0",791284.91767500003,5826353.80960000027,13.29292831000,52.50931631700,"0"
"195784","11","0","06","006","2019","06","13","4","3","2","6","0","0","1","0","0","0","0",794926.35113500000,5816245.01893999986,13.33749643800,52.41674035400,"0"
"195785","11","0","03","003","2019","06","10","4","3","5","7","0","0","1","0","0","0","1",803489.02447599999,5832275.53093000036,13.47761329800,52.55573891100,"0"
"195786","11","0","01","001","2019","06","19","4","3","3","6","0","0","1","0","0","0","0",796941.69887900003,5831531.14596999902,13.38065992700,52.55267571800,"1"
"195787","11","0","02","002","2019","06","19","4","3","0","5","0","1","1","0","0","0","0",799391.57057200000,5824779.83994999900,13.41060890500,52.49081948700,"1"
"195788","11","0","11","011","2019","06","04","4","3","0","7","1","0","0","0","1","0","1",803815.41132199997,5829076.62528999895,13.47948751000,52.52688634800,"1"
"195789","11","0","04","004","2019","06","05","4","3","0","3","0","0","1","0","1","0","0",793355.90893699997,5822576.19967000093,13.32003041600,52.47434173300,"1"
"195790","11","0","01","001","2019","06","06","4","3","5","3","0","0","1","0","0","0","0",797959.93489499995,5827080.33291999996,13.39164400700,52.51222391000,"1"
"195791","11","0","09","009","2019","06","06","4","3","5","3","0","0","1","0","0","0","0",807026.67368999997,5822418.55131999962,13.52053887900,52.46541668700,"0"
"195792","11","0","10","010","2019","06","10","4","3","5","3","0","1","1","0","0","0","0",806466.20802599995,5830189.79660000000,13.51946578800,52.53537921600,"0"
"195793","11","0","04","004","2019","06","06","4","3","2","7","0","0","0","0","1","1","0",793558.90848099999,5827755.26840000041,13.32757515100,52.52066078300,"1"
"195794","11","0","04","004","2019","06","07","4","3","5","7","0","0","1","0","0","0","0",792443.67200000002,5824097.21600000001,13.30797209400,52.48846653900,"0"
"195795","11","0","11","011","2019","06","07","4","3","5","2","0","1","1","0","0","0","0",803973.88449299999,5829075.17411000095,13.48181496300,52.52678500900,"0"
"195796","11","0","05","005","2019","06","08","4","3","5","2","0","1","1","0","0","0","0",782287.07975899999,5827413.01418999955,13.16160389200,52.52354446300,"1"
"195797","11","0","02","002","2019","06","09","4","3","3","6","0","1","0","0","0","0","0",798125.51798999996,5825283.64128999971,13.39246801500,52.49602834800,"0"
"195798","11","0","01","001","2019","06","09","4","3","5","2","0","1","1","0","0","0","0",799107.79078499996,5828466.06845999975,13.40975384600,52.52401679100,"0"
"195799","11","0","09","009","2019","06","09","4","3","2","6","0","0","1","0","0","1","0",811250.13102199999,5820228.50590000022,13.58046782700,52.44340123600,"0"
"195800","11","0","02","002","2019","06","09","4","3","5","2","0","0","1","0","1","0","0",800080.39599999995,5825641.05599999987,13.42149956600,52.49816072000,"0"
"195801","11","0","06","006","2019","06","08","4","3","5","3","0","1","1","0","0","0","0",791767.86941100005,5819273.96681000106,13.29382979200,52.44558790300,"0"
"195802","11","0","04","004","2019","06","09","4","3","6","4","0","0","1","1","0","0","0",792064.04858099995,5828315.79114000034,13.30609834300,52.52648845600,"0"
"195803","11","0","03","003","2019","06","08","4","3","1","5","0","0","1","0","0","0","0",803018.93070899998,5828592.45529999956,13.46734179300,52.52299008900,"0"
"195804","11","0","03","003","2019","06","09","4","3","2","6","0","1","0","0","0","0","1",800378.93068899994,5831547.39144999906,13.43121879500,52.55093668500,"0"
"195805","11","0","07","007","2019","06","08","4","3","6","4","0","1","0","1","0","0","0",797285.40131600003,5820652.56001999974,13.37600135200,52.45497371700,"0"
"195806","11","0","12","012","2019","06","08","4","3","5","3","0","0","1","0","0","0","1",793960.52787200001,5836628.45758000016,13.34133734100,52.59998661200,"0"
"195807","11","0","04","004","2019","06","08","4","3","0","1","0","0","0","0","1","0","0",792362.82083400001,5825380.27398999967,13.30791074200,52.50001218300,"0"
"195808","11","0","03","003","2019","06","15","3","3","2","6","0","0","1","0","0","0","0",796783.21865800000,5835811.12712999899,13.38215961800,52.59112698900,"0"
"195809","11","0","01","001","2019","06","18","3","3","2","6","0","1","1","0","0","0","0",796853.46401000000,5831545.80162000004,13.37937547200,52.55285518500,"0"
"195810","11","0","01","001","2019","06","14","3","3","6","7","0","1","0","1","0","0","0",797575.65957000002,5831644.31065999996,13.39008411000,52.55334411000,"0"
"195811","11","0","08","008","2019","06","14","3","3","2","6","0","0","1","0","0","0","0",801411.20299999998,5824757.38100000005,13.44024489400,52.48950682200,"0"
"195812","11","0","01","001","2019","06","12","3","3","6","7","0","1","0","1","0","0","0",796844.38808399998,5827831.72903999966,13.37592448300,52.51956760800,"0"
"195813","11","0","05","005","2019","06","19","3","3","5","3","0","0","1","0","0","0","0",783195.19546199997,5827093.79772000015,13.17468137400,52.52021134100,"0"
"195814","11","0","01","001","2019","06","18","3","3","2","6","0","1","1","0","0","0","0",797900.32013000001,5826589.91160000023,13.39032920700,52.50786044700,"0"
"195815","11","0","03","003","2019","06","17","3","3","2","6","0","0","0","0","1","1","0",799197.27250500000,5831774.77825000044,13.41404811100,52.55362518800,"0"
"195816","11","0","01","001","2019","06","18","3","3","0","7","0","0","1","0","0","0","1",795010.51049500005,5830118.16832999978,13.35100438100,52.54105896200,"0"
"195817","11","0","05","005","2019","06","18","3","3","2","6","0","0","1","0","0","0","0",785673.41133100004,5828035.44116999954,13.21191574500,52.52736130100,"0"
"195818","11","0","02","002","2019","06","18","3","3","5","3","0","0","1","0","0","0","0",801692.89058100001,5827209.46430999972,13.44660233000,52.51132954500,"0"
"195819","11","0","04","004","2019","06","18","3","3","6","2","0","0","1","1","0","0","0",792840.46249199996,5825525.39126999956,13.31505464300,52.50105700500,"0"
"195820","11","0","11","011","2019","06","17","3","2","5","3","0","1","0","0","0","0","0",806719.19219400000,5826792.69474999979,13.52005172700,52.50479155300,"0"
"195821","11","0","03","003","2019","06","17","3","3","6","4","0","1","0","1","0","0","0",798932.89723600005,5831058.93415000103,13.40951590700,52.54735390100,"0"
"195822","11","0","01","001","2019","06","17","3","3","5","2","0","1","1","0","0","0","0",795768.63997899997,5826683.92817999981,13.35909608900,52.50986309200,"0"