OBJECTID,ULAND,UREGBEZ,UKREIS,UGEMEINDE,UJAHR,UMONAT,USTUNDE,UWOCHENTAG,UKATEGORIE,UART,UTYP1,ULICHTVERH,IstRad,IstPKW,IstFuss,IstKrad,IstGkfz,IstSonstig,LINREFX,LINREFY,XGCSWGS84,YGCSWGS84,STRZUSTAND
"195823","11","0","01","001","2019","06","17","3","3","2","6","0","0","1","0","0","0","0",796684.50929399999,5830138.27539999969,13.37563351100,52.54033033700,"0"
"195824","11","0","11","011","2019","06","16","3","3","6","7","0","1","0","1","0","0","0",807313.97462600004,5824881.73113999981,13.52702432400,52.48733061400,"0"
"195825","11","0","09","009","2019","06","15","3","3","5","2","0","0","1","0","1","0","0",811143.16046100005,5821575.20294000022,13.58015342500,52.45553059100,"0"
"195826","11","0","08","008","2019","06","15","3","3","2","7","0","0","1","0","1","0","0",800356.06099999999,5824216.00299999956,13.42426359800,52.48523578100,"0"
"195827","11","0","07","007","2019","06","10","2","2","8","1","0","0","1","0","0","0","0",796416.54953700001,5816591.13035000023,13.35965073700,52.41903800200,"0"
"195828","11","0","04","004","2019","06","15","3","3","2","6","0","0","1","0","0","0","0",793964.83533399994,5824913.93977000099,13.33103147600,52.49497109800,"0"
"195829","11","0","11","011","2019","06","08","2","3","0","7","0","0","0","0","1","1","0",805242.26127300004,5826268.27677999996,13.49787886000,52.50091971200,"1"
"195830","11","0","12","012","2019","06","14","3","3","1","5","0","1","1","0","0","0","1",793175.50193300005,5832628.32950999960,13.32624123300,52.56455167900,"0"
"195831","11","0","03","003","2019","06","10","2","3","0","1","0","1","0","0","0","0","0",799393.25684000005,5833497.77147000097,13.41848463600,52.56896131100,"0"
"195832","11","0","09","009","2019","06","14","3","3","5","2","0","0","1","0","0","0","0",804392.06672999996,5821738.63159999996,13.48125731900,52.46079681600,"0"
"195833","11","0","02","002","2019","06","19","2","3","5","2","0","1","1","0","0","0","0",798295.59517700004,5825328.03940000013,13.39500561800,52.49633339400,"0"
"195834","11","0","05","005","2019","06","19","2","3","2","7","0","0","0","0","1","0","1",781092.32819599996,5828603.19806000032,13.14504686800,52.53483367800,"0"
"195835","11","0","05","005","2019","06","14","3","3","1","5","0","1","1","0","0","0","0",787276.42771099997,5829779.86644999962,13.23698818600,52.54215866800,"0"
"195836","11","0","12","012","2019","06","13","3","3","3","6","0","0","1","0","1","0","0",793482.37005200004,5837003.28957999963,13.33462999700,52.60360501400,"0"
"195837","11","0","01","001","2019","06","19","2","3","5","2","0","1","1","0","0","0","0",796204.16731100006,5831516.88874999899,13.36980114600,52.55294950200,"0"
"195838","11","0","02","002","2019","06","21","2","2","9","1","1","0","0","0","1","0","0",800370.45979300002,5827871.59695999976,13.42777230600,52.51799424100,"0"
"195839","11","0","11","011","2019","06","17","3","3","8","1","0","0","1","0","0","0","0",805115.80683799996,5834607.67944999970,13.50367896000,52.57573146500,"0"
"195840","11","0","03","003","2019","06","18","2","2","0","1","0","0","0","0","1","0","0",798866.11881500005,5830435.52427999955,13.40797312700,52.54180260200,"0"
"195841","11","0","01","001","2019","06","09","3","3","3","6","0","1","0","0","0","0","1",794563.41511499998,5826098.67288000043,13.34087087500,52.50526878400,"0"
"195842","11","0","10","010","2019","06","18","2","3","5","3","0","0","1","0","0","0","1",813028.15361100005,5827272.34850999899,13.61315230500,52.50550712500,"0"
"195843","11","0","06","006","2019","06","18","2","3","5","3","0","1","1","0","0","0","0",790992.16763499996,5817440.52073999960,13.28085258500,52.42956413200,"0"
"195844","11","0","02","002","2019","06","17","2","3","5","3","0","0","1","0","0","1","0",801765.06946100004,5828662.15787999984,13.44898032000,52.52431020000,"0"
"195845","11","0","01","001","2019","06","10","3","3","2","6","0","1","1","0","0","0","0",794573.31232999999,5828555.62138999905,13.34319157200,52.52728836300,"0"
"195846","11","0","01","001","2019","06","17","2","3","5","7","0","0","1","0","1","0","0",793383.27476800000,5829578.19409999996,13.32660266200,52.53709695100,"0"
"195847","11","0","04","004","2019","06","10","3","3","0","6","0","0","1","0","0","0","1",792570.12392799999,5822973.06677999999,13.30884251200,52.47832103700,"0"
"195848","11","0","02","002","2019","06","18","2","3","5","2","0","1","1","0","0","0","0",797941.73628800001,5825259.28074000031,13.38974709400,52.49591034100,"0"
"195849","11","0","09","009","2019","06","16","2","3","2","2","0","0","1","0","0","0","0",808486.17255200003,5819040.70213999972,13.53883540400,52.43432228100,"0"
"195850","11","0","01","001","2019","06","10","3","3","8","1","0","1","1","0","0","0","0",797729.61555900006,5827644.57283999957,13.38876500600,52.51740739900,"0"
"195851","11","0","12","012","2019","06","16","2","3","5","2","0","1","0","0","0","0","1",795344.39290900005,5833841.03749999963,13.35922599000,52.57425024100,"0"
"195852","11","0","07","007","2019","06","17","2","3","8","1","0","0","1","0","0","0","0",800646.76373799995,5814141.46497000102,13.41946920900,52.39477293600,"0"
"195853","11","0","09","009","2019","06","11","3","3","0","2","0","1","0","0","0","0","0",812040.64310300001,5821394.94416000042,13.59315026900,52.45340363600,"0"
"195854","11","0","05","005","2019","06","07","2","2","6","4","0","0","1","1","0","0","0",780337.70126999996,5827869.12346999906,13.13333137600,52.52864012700,"0"
"195855","11","0","05","005","2019","06","13","3","3","5","3","0","0","1","0","0","0","0",782657.16602700006,5829427.98589999974,13.16875774100,52.54141965500,"0"
"195856","11","0","12","012","2019","06","07","2","3","0","2","0","1","0","0","0","1","0",793930.27413699997,5835301.49966000021,13.33971427500,52.58810779400,"0"
"195857","11","0","01","001","2019","06","07","2","2","5","3","0","0","1","0","1","0","0",797870.61516399996,5826767.85451999959,13.39005205900,52.50947170700,"0"
"195858","11","0","07","007","2019","06","11","3","3","0","7","0","0","0","0","1","0","0",795714.03468399995,5824031.10212999955,13.35593856000,52.48611226100,"1"
"195859","11","0","06","006","2019","06","12","3","2","2","2","0","0","1","0","1","0","0",794746.83523299999,5816900.96403000038,13.33544230400,52.42271732000,"0"
"195860","11","0","10","010","2019","06","07","2","3","5","2","0","0","1","0","1","0","0",809594.96183699998,5830266.06847999990,13.56551826000,52.53429458200,"0"
"195861","11","0","03","003","2019","06","07","2","3","2","6","0","0","1","0","0","0","0",803319.04681900004,5842608.87793000042,13.48458155200,52.64844669700,"0"
"195862","11","0","11","011","2019","06","10","3","2","2","7","0","0","1","0","0","0","0",805938.76898399997,5833721.74500999972,13.51496813600,52.56732959700,"0"
"195863","11","0","06","006","2019","06","06","2","3","5","3","0","1","1","0","0","0","0",793746.51042199996,5821052.63657999970,13.32442344800,52.46047365000,"0"
"195864","11","0","09","009","2019","06","09","3","2","5","2","0","1","1","0","0","0","0",809421.44320700003,5818429.53110000025,13.55198368200,52.42831679900,"0"
"195865","11","0","12","012","2019","06","05","2","3","5","3","0","0","1","0","0","0","0",795347.05392500001,5836375.50275999960,13.36152415400,52.59696778500,"0"
"195866","11","0","03","003","2019","06","09","3","3","9","1","0","0","1","0","0","0","0",796317.21372400003,5835023.39362000022,13.37459612900,52.58431994200,"0"
"195867","11","0","02","002","2019","06","03","2","3","0","1","2","1","0","0","0","0","0",802449.16296500002,5827058.91139999963,13.45757549100,52.50956136200,"0"
"195868","11","0","12","012","2019","06","19","3","3","0","4","1","0","0","1","0","0","1",793236.56240299996,5832494.66622000001,13.32702134200,52.56332057700,"0"
"195869","11","0","08","008","2019","06","10","2","3","5","3","0","0","1","0","0","0","0",802031.44614999997,5824297.41676000040,13.44893530300,52.48504132600,"0"
"195870","11","0","04","004","2019","06","10","2","3","2","6","0","0","1","0","0","0","0",791462.72440299997,5828267.80021000095,13.29721767300,52.52638003900,"0"
"195871","11","0","04","004","2019","06","22","3","3","2","6","2","0","1","0","0","0","0",790846.00420099997,5824725.06352999900,13.28505668900,52.49494875500,"1"
"195872","11","0","02","002","2019","06","08","3","3","1","5","0","1","1","0","0","0","0",801244.83301399997,5825286.71595000103,13.43828057000,52.49434319900,"0"
"195873","11","0","09","009","2019","06","10","2","3","5","3","0","1","1","0","0","0","0",812235.24167300004,5817032.00138999894,13.59193044800,52.41419451600,"0"
"195874","11","0","12","012","2019","06","09","3","3","1","5","0","1","1","0","0","0","0",796650.96572400001,5832516.83382000029,13.37726542900,52.56166971100,"0"
"195875","11","0","11","011","2019","06","09","2","3","1","5","0","0","1","0","0","0","0",803025.82161099999,5829186.34580999892,13.46798422300,52.52830918800,"0"
"195876","11","0","08","008","2019","06","09","3","3","5","3","0","0","1","0","1","0","0",800787.61760600004,5821355.11694000009,13.42802022600,52.45935506200,"0"
"195877","11","0","06","006","2019","06","09","2","3","5","7","0","0","1","0","0","0","0",793474.17598299996,5817729.81063000020,13.31750779400,52.43083176100,"0"
"195878","11","0","01","001","2019","06","08","3","2","3","6","0","1","0","0","0","1","0",795475.89139300003,5826646.41236000042,13.35476174700,52.50968543900,"0"
"195879","11","0","09","009","2019","06","09","2","2","5","2","0","0","1","0","0","0","1",806241.57178400003,5822170.74727000110,13.50879089000,52.46363635400,"0"
"195880","11","0","03","003","2019","06","06","3","3","2","6","0","0","1","0","0","0","0",801093.54364900000,5833203.29904999956,13.44322860800,52.56538417000,"0"
"195881","11","0","06","006","2019","06","08","2","3","5","3","0","0","1","0","1","0","0",790251.61201899999,5820067.25117999967,13.27227252400,52.45350694200,"0"
"195882","11","0","07","007","2019","06","09","2","3","5","2","0","1","0","0","0","0","1",796229.52308600000,5824934.16160999890,13.36431070900,52.49392795300,"0"
"195883","11","0","05","005","2019","06","04","3","3","2","2","1","0","1","0","0","0","0",787973.37637499999,5830562.17769000027,13.24791498700,52.54880449700,"1"
"195884","11","0","11","011","2019","06","08","2","3","5","3","0","1","1","0","0","0","0",805892.94099100004,5826556.82784000039,13.50769976200,52.50314146900,"1"
"195885","11","0","02","002","2019","06","08","3","3","0","1","0","0","0","0","1","0","0",799994.23805000004,5826215.78177999984,13.42075190800,52.50335959700,"0"
"195886","11","0","12","012","2019","06","16","2","3","0","2","0","0","1","0","0","0","1",793399.54056200001,5833163.71040000021,13.33001052700,52.56923036200,"0"
"195887","11","0","11","011","2019","06","16","2","3","5","7","0","0","0","0","1","0","1",804212.19714099995,5828214.88413999975,13.48453010800,52.51894164900,"0"
"195888","11","0","07","007","2019","06","08","3","3","0","7","0","1","0","0","0","0","0",796956.67193499999,5820516.85374999978,13.37105711800,52.45393592900,"0"
"195889","11","0","01","001","2019","06","11","2","3","5","2","0","1","0","0","0","0","1",799727.01100399997,5827763.95868000016,13.41822090900,52.51738344900,"0"
"195890","11","0","04","004","2019","06","15","2","3","2","6","0","0","1","0","0","0","0",791315.96533399995,5821990.19061999954,13.28956970400,52.47017998600,"0"
"195891","11","0","01","001","2019","06","11","2","2","5","3","0","1","1","0","0","0","0",793513.20846999995,5829336.88719999976,13.32829976400,52.53486379700,"0"
"195892","11","0","01","001","2019","06","17","2","3","0","5","0","0","1","0","0","0","1",794881.66378800001,5831061.35491000023,13.34994738900,52.54958362500,"0"
"195893","11","0","02","002","2019","06","11","2","3","5","2","0","0","1","0","0","0","0",799071.62808699999,5825610.14807000104,13.40665608100,52.49843741700,"0"
"195894","11","0","07","007","2019","06","16","2","2","5","2","0","0","1","0","0","0","1",799250.95931900002,5816260.56295000110,13.40091036400,52.41453245500,"0"
"195895","11","0","06","006","2019","06","11","2","3","5","2","0","1","1","0","0","0","0",790244.20171299996,5820078.82419999968,13.27217383900,52.45361463200,"0"
"195896","11","0","03","003","2019","06","12","2","3","2","2","0","0","1","0","0","0","0",800081.29208699998,5833883.29901000019,13.42895462400,52.57203803600,"0"
"195897","11","0","08","008","2019","06","16","2","3","5","2","0","1","1","0","0","0","0",802019.42841499997,5823518.72071000095,13.44805346900,52.47806843300,"0"
"195898","11","0","10","010","2019","06","16","2","3","4","6","0","1","0","0","0","0","0",812353.14553200000,5830455.07603999972,13.60622789000,52.53441474700,"0"
"195899","11","0","05","005","2019","06","16","2","3","6","7","0","0","1","1","0","0","0",782540.35332300002,5820579.04476999957,13.15953131600,52.46213670000,"0"
"195900","11","0","08","008","2019","06","14","2","3","2","6","0","0","1","0","0","0","0",800976.22055500001,5822150.40909000020,13.43150486800,52.46637971100,"0"
"195901","11","0","07","007","2019","06","13","2","2","5","3","0","1","0","0","0","0","0",799654.35026199999,5820996.97307999991,13.41106927200,52.45676735900,"0"
"195902","11","0","04","004","2019","06","13","2","3","5","3","0","0","1","0","0","0","0",793356.39353200002,5822837.39412999898,13.32026727800,52.47668299300,"0"
"195903","11","0","03","003","2019","06","14","2","3","1","5","0","1","1","0","0","0","0",801561.28242099995,5830196.96867000032,13.44737797000,52.53817954700,"0"
"195904","11","0","03","003","2019","06","14","2","2","0","7","0","0","0","0","1","0","0",800092.78125100001,5831674.03773999959,13.42712565900,52.55222956800,"1"
"195905","11","0","04","004","2019","06","16","2","3","5","3","0","0","1","0","0","0","0",791573.85971400002,5826553.98826000001,13.29734906800,52.51095653300,"0"
"195906","11","0","11","011","2019","06","14","2","3","5","3","0","1","1","0","0","0","0",803665.24236100004,5830091.98345000017,13.47820825100,52.53607033900,"0"
"195907","11","0","02","002","2019","06","17","2","3","5","2","0","0","1","0","1","0","0",799744.23151199997,5824761.61342000030,13.41577112600,52.49046258600,"0"
"195908","11","0","12","012","2019","06","15","2","3","2","6","0","0","1","0","1","0","0",792506.39356500003,5832839.59857999999,13.31658432100,52.56680551800,"0"
"195909","11","0","03","003","2019","06","22","2","3","5","3","2","0","1","0","0","1","0",795960.96479999996,5835559.62007999979,13.36983236400,52.58932053800,"0"
"195910","11","0","08","008","2019","06","14","2","3","6","7","0","0","1","1","0","0","0",801184.28211399994,5823544.28206000011,13.43581686000,52.47875874500,"0"
"195911","11","0","10","010","2019","06","19","2","3","5","3","0","0","1","0","0","0","0",811122.30006799998,5828405.04301000107,13.58622222700,52.51674767900,"0"
"195912","11","0","08","008","2019","06","15","2","3","0","2","0","0","1","0","1","0","0",803992.48126499995,5819117.52500000037,13.47300880100,52.43752665700,"0"
"195913","11","0","03","003","2019","06","19","2","2","0","3","0","1","0","0","0","0","0",800291.86262100004,5830298.36780000012,13.42880932100,52.53978938200,"0"
"195914","11","0","10","010","2019","06","15","2","3","0","2","0","1","0","0","0","0","1",806582.22486500000,5828262.49074000027,13.51939398500,52.51804114200,"0"
"195915","11","0","07","007","2019","06","15","2","3","6","4","0","0","0","1","0","0","1",796573.70262899995,5816232.44288999960,13.36163698100,52.41573749900,"0"
"195916","11","0","05","005","2019","06","18","2","3","0","5","0","0","1","0","1","0","0",784707.32184800005,5828447.56508000009,13.19806647300,52.53156182000,"0"
"195917","11","0","04","004","2019","06","15","2","3","5","3","0","1","1","0","0","0","0",792466.79725700000,5828126.51357000042,13.31185160500,52.52457573300,"0"
"195918","11","0","05","005","2019","06","16","2","2","5","2","0","0","1","0","1","0","0",783803.64115499996,5828689.07949000038,13.18498643500,52.53419856200,"0"
"195919","11","0","08","008","2019","06","14","2","3","5","2","0","1","1","0","0","0","0",801568.67919900001,5822302.96107999980,13.44033753700,52.46742039200,"0"
"195920","11","0","07","007","2019","06","11","2","3","0","1","0","1","0","0","0","0","0",797099.41356699995,5815597.54959999956,13.36878061600,52.40976110900,"0"
"195921","11","0","05","005","2019","06","14","2","3","0","3","0","0","1","0","0","0","0",783797.67093499994,5826294.09846000001,13.18285481600,52.51272784900,"0"
"195922","11","0","08","008","2019","06","07","2","3","0","1","0","0","0","0","1","0","0",801715.42463200004,5824253.30372999981,13.44425558500,52.48482065200,"1"
"195923","11","0","08","008","2019","06","15","2","3","5","3","0","0","1","0","0","0","0",805737.69189999998,5818436.98187999986,13.49798020100,52.43045449700,"0"
"195924","11","0","04","004","2019","06","14","2","3","1","5","0","1","1","0","0","0","0",793425.20133600000,5821768.78134000022,13.32033750700,52.46706628000,"0"
"195925","11","0","02","002","2019","06","00","2","3","5","3","2","1","1","0","0","0","0",798830.44689400005,5825095.50535000023,13.40265213400,52.49395645900,"0"
"195926","11","0","04","004","2019","06","00","2","3","3","6","2","1","1","0","0","0","0",789703.91886400001,5830105.55893999990,13.27296709400,52.54379327200,"0"
"195927","11","0","12","012","2019","06","15","2","3","5","3","0","1","1","0","0","0","0",790313.97440599999,5835443.83631000109,13.28660989700,52.59132591200,"0"
"195928","11","0","01","001","2019","06","16","1","3","3","6","0","0","1","0","0","0","0",797596.55153800000,5830884.90259999968,13.38971075200,52.54652557800,"0"
"195929","11","0","09","009","2019","06","10","1","3","5","2","0","0","1","0","1","0","0",804392.93911299994,5821739.98297000024,13.48127135200,52.46080844200,"0"
"195930","11","0","11","011","2019","06","14","1","3","2","2","0","0","1","0","0","0","0",805957.02568099997,5833700.22723000031,13.51521680900,52.56712649100,"0"
"195931","11","0","01","001","2019","06","04","1","3","9","1","1","0","1","0","0","0","0",794815.30848500005,5831322.62019000109,13.34920358900,52.55196157700,"0"
"195932","11","0","03","003","2019","06","20","1","3","0","7","0","0","1","0","1","0","0",799409.09437099996,5834088.73158000037,13.41925114000,52.57424957300,"0"
"195933","11","0","02","002","2019","06","19","1","3","5","3","0","1","1","0","0","0","0",803338.92104799999,5826745.55822999962,13.47036013800,52.50625883000,"0"
"195934","11","0","03","003","2019","06","13","1","3","1","5","0","1","1","0","0","0","0",798544.58725300001,5835292.87602000032,13.40761671000,52.58551778100,"0"
"195935","11","0","08","008","2019","06","18","1","3","5","2","0","0","1","0","0","0","0",801415.43607099995,5820228.50614000019,13.43621566800,52.44891102200,"0"
"195936","11","0","02","002","2019","06","18","1","3","5","7","0","1","1","0","0","0","0",800053.46930800006,5825651.86668999959,13.42111384000,52.49827242600,"0"
"195937","11","0","04","004","2019","06","14","1","3","1","5","0","1","1","0","0","0","0",793084.82457900001,5823917.69335999992,13.31722990900,52.48651334500,"0"
"195938","11","0","03","003","2019","06","17","1","3","3","6","0","1","1","0","0","0","0",798865.95603400003,5829830.81881999969,13.40742682800,52.53638240200,"0"
"195939","11","0","06","006","2019","06","16","1","3","2","7","0","0","1","0","1","0","0",793326.72485899995,5818151.20820999891,13.31571491500,52.43468858000,"0"
"195940","11","0","11","011","2019","06","17","1","3","2","6","0","0","1","0","1","0","0",803945.87582900003,5826406.28954000026,13.47896556600,52.50288028100,"0"
"195941","11","0","08","008","2019","06","16","1","3","6","7","0","1","0","1","0","0","0",800646.21539499995,5823012.88599999994,13.42743893700,52.47429211500,"0"
"195942","11","0","01","001","2019","06","17","1","3","5","2","0","1","0","0","1","0","0",795402.21821500000,5825828.11359000020,13.35295325500,52.50238992700,"0"
"195943","11","0","05","005","2019","06","16","1","3","0","1","0","1","1","0","0","0","0",784989.98026200000,5830012.55465000030,13.20356447100,52.54544569800,"0"
"195944","11","0","12","012","2019","06","14","1","2","6","4","0","0","1","1","0","0","0",795226.89753700001,5833265.44649000093,13.35698482800,52.56915434700,"0"
"195945","11","0","04","004","2019","06","16","1","2","1","5","0","0","1","0","1","0","0",790485.51851099997,5829020.08308999892,13.28351128900,52.53364583100,"0"
"195946","11","0","07","007","2019","06","16","1","3","3","6","0","1","1","0","0","0","0",799633.87582199997,5813176.42391999997,13.40376501100,52.38667750100,"0"
"195947","11","0","04","004","2019","06","12","1","2","5","2","0","1","1","0","0","0","0",791583.35826899996,5825102.29394999892,13.29621726400,52.49793717200,"0"
"195948","11","0","05","005","2019","06","11","1","2","6","4","0","0","1","1","0","0","0",784771.97295199998,5826336.49789000023,13.19720940600,52.51260018600,"0"
"195949","11","0","01","001","2019","06","16","1","3","1","5","0","1","1","0","0","0","0",797024.94935000001,5830889.13470000029,13.38130991400,52.54687545400,"0"
"195950","11","0","09","009","2019","06","15","1","3","5","2","0","1","1","0","0","0","0",809409.87736100005,5818440.89200999960,13.55182462700,52.42842515500,"0"
"195951","11","0","08","008","2019","06","15","1","3","5","2","0","0","1","0","0","0","0",800848.87011899997,5824299.26723000035,13.43157429200,52.48571079100,"0"
"195952","11","0","05","005","2019","06","14","1","3","2","6","0","0","1","0","0","0","0",782728.46045200003,5820907.90876999963,13.16257128500,52.46498816500,"0"
"195953","11","0","12","012","2019","06","11","1","2","5","2","0","0","1","0","0","0","0",795779.57100000000,5832576.86000000034,13.36450159100,52.56268184200,"0"
"195954","11","0","09","009","2019","06","14","1","3","0","1","0","1","0","0","0","0","0",809180.59513300005,5819542.05018000025,13.54948136400,52.43842328800,"0"
"195955","11","0","07","007","2019","06","14","1","2","3","1","0","1","1","0","0","0","0",794736.29231499997,5824888.34681000095,13.34233941700,52.49432562900,"0"
"195956","11","0","01","001","2019","06","05","1","3","0","1","0","1","0","0","0","0","0",798313.42500000005,5829376.36099999957,13.39889678500,52.53261152800,"0"
"195957","11","0","03","003","2019","06","13","1","2","1","5","0","1","1","0","0","0","0",798969.61509800004,5832774.00339999981,13.41160039300,52.56270670200,"0"
"195958","11","0","06","006","2019","06","12","1","3","0","1","0","0","0","0","1","0","0",788902.20944400004,5816174.33844000008,13.24910529900,52.41931978800,"0"
"195959","11","0","06","006","2019","06","16","1","3","0","1","0","1","0","0","0","0","0",786914.96516499994,5818472.43269000109,13.22193562800,52.44096972800,"0"
"195960","11","0","12","012","2019","06","10","1","2","5","3","0","0","1","0","0","0","0",793943.43409300002,5836625.49734999891,13.34108305200,52.59996931700,"0"
"195961","11","0","08","008","2019","06","01","1","3","5","3","2","1","1","0","0","0","0",800762.37419600005,5824348.13394000009,13.43034841900,52.48619645200,"0"
"195962","11","0","02","002","2019","06","02","1","2","0","1","2","0","0","0","1","0","0",797260.31916600000,5825365.86758999899,13.37983440500,52.49723733300,"0"
"195963","11","0","02","002","2019","06","01","1","3","2","6","2","1","1","0","0","0","0",799429.89951400005,5824542.61352000013,13.41095858900,52.48867207200,"0"
"195964","11","0","06","006","2019","06","21","1","3","0","4","2","0","0","1","0","0","1",795310.30227200000,5818401.18350999895,13.34502929400,52.43586216900,"0"
"195965","11","0","06","006","2019","06","18","1","3","5","3","0","0","1","0","1","0","0",793185.47800000000,5820116.88700000010,13.31536792300,52.45238618200,"0"
"195966","11","0","08","008","2019","06","01","1","3","5","2","2","1","1","0","0","0","0",801489.21241799998,5823934.20997000020,13.44064578300,52.48208550300,"0"
"195967","11","0","04","004","2019","06","01","1","3","0","1","2","1","0","0","0","0","0",791210.32228600001,5829055.68357999995,13.29419788200,52.53357820800,"0"
"195968","11","0","08","008","2019","06","03","7","3","6","4","2","0","0","1","1","0","0",801171.11188300001,5824102.46109000035,13.43612772900,52.48376911500,"0"
"195969","11","0","04","004","2019","06","12","7","3","2","6","0","0","1","0","0","0","0",791682.24539699999,5827485.68145999964,13.29975836900,52.51925107500,"0"
"195970","11","0","11","011","2019","06","10","7","3","6","4","0","0","1","1","0","0","0",804702.69726599997,5831230.65385999996,13.49450099200,52.54569662100,"0"
"195971","11","0","10","010","2019","06","09","7","3","5","2","0","1","1","0","0","0","0",812385.81024400005,5824295.84054999892,13.60092869600,52.47920220100,"0"
"195972","11","0","02","002","2019","06","15","7","3","1","5","0","1","0","0","0","0","0",799034.20325699996,5825517.32349999994,13.40602308100,52.49762588200,"0"
"195973","11","0","03","003","2019","06","19","7","3","2","6","0","0","1","0","0","0","0",800129.85832600005,5831648.19137999974,13.42764750000,52.55197747200,"0"
"195974","11","0","08","008","2019","06","16","7","3","5","2","0","0","1","0","1","0","0",800357.49729900004,5824320.63023000024,13.42437896700,52.48617280600,"0"
"195975","11","0","01","001","2019","06","16","7","3","2","2","0","1","1","0","0","0","0",799368.11615000002,5826341.29982999898,13.41166790100,52.50482856200,"0"
"195976","11","0","03","003","2019","06","14","7","3","5","3","0","1","0","0","0","0","0",801598.66017199995,5831580.68998999894,13.44918375500,52.55056117900,"0"
"195977","11","0","02","002","2019","06","14","7","3","5","3","0","1","1","0","0","0","0",800573.42200599995,5827017.06414000038,13.42998260000,52.51022299800,"0"
"195978","11","0","03","003","2019","06","13","7","3","6","7","0","1","0","1","0","0","0",797933.13802399999,5832881.58753999975,13.39645175900,52.56423918200,"0"
"195979","11","0","10","010","2019","06","15","7","3","2","7","0","0","1","0","0","0","0",809167.41245299997,5833283.25097000040,13.56204370800,52.56157612700,"0"
"195980","11","0","08","008","2019","06","12","7","3","3","6","0","1","1","0","0","0","0",801099.24977800006,5824904.99457999971,13.43579769700,52.49100206400,"0"
"195981","11","0","07","007","2019","06","15","7","3","0","3","0","0","0","0","1","0","1",797371.58405700000,5820512.95019999985,13.37714160500,52.45367537200,"0"
"195982","11","0","09","009","2019","06","12","7","3","6","4","0","0","1","1","0","0","0",811167.20807299996,5821738.85788000003,13.58065869300,52.45698349900,"0"
"195983","11","0","04","004","2019","06","15","7","3","5","3","0","1","1","0","0","0","0",793938.18619899999,5825810.73201000039,13.33143154500,52.50302474300,"0"
"195984","11","0","12","012","2019","06","12","7","3","5","7","0","0","1","0","0","0","0",790297.63635799999,5834598.85771999974,13.28562902300,52.58375948800,"0"
"195985","11","0","12","012","2019","06","17","7","3","0","7","0","0","1","0","0","0","0",790030.37141599995,5836201.33361000102,13.28309849900,52.59826811800,"0"
"195986","11","0","04","004","2019","06","18","7","3","1","5","0","1","1","0","0","0","0",791006.71790900000,5826540.58774999902,13.28900402700,52.51113925900,"0"
"195987","11","0","04","004","2019","06","09","7","3","5","3","0","1","1","0","0","0","0",793655.44389200001,5825258.55953000020,13.32679110300,52.49822701000,"0"
"195988","11","0","10","010","2019","06","18","7","3","0","1","0","0","0","0","1","0","0",812227.36603599996,5824567.23984999955,13.59885737200,52.48172488200,"0"
"195989","11","0","09","009","2019","06","14","7","3","0","1","0","1","0","0","0","0","0",805974.93825799995,5819890.36517999973,13.50278914000,52.44334784600,"0"
"195990","11","0","07","007","2019","06","21","7","2","9","1","0","0","0","0","1","0","0",795411.76783499995,5821010.04222000018,13.34882456000,52.45919417400,"0"
"195991","11","0","04","004","2019","06","20","7","3","5","2","0","0","1","0","1","0","0",791634.26599999995,5824512.51499999966,13.29644872200,52.49262265500,"0"
"195992","11","0","02","002","2019","06","13","7","2","6","7","0","0","1","1","0","0","0",797690.63011499995,5826000.87729999982,13.38672204800,52.50269491000,"0"
"195993","11","0","05","005","2019","06","18","7","2","2","6","0","0","1","0","1","0","0",784992.09899700002,5828458.30143999960,13.20226250500,52.53150925700,"0"
"195994","11","0","01","001","2019","06","13","7","3","0","1","0","1","0","0","0","0","0",797673.96124300000,5829618.59468000010,13.38971437600,52.53513244900,"0"
"195995","11","0","07","007","2019","06","07","7","3","2","2","0","1","0","0","0","0","0",795723.88524400000,5824490.05941000022,13.35649046300,52.49022111700,"0"
"195996","11","0","02","002","2019","06","15","7","2","5","2","0","1","0","0","0","0","1",802079.72370300000,5827361.47793000098,13.45242308500,52.51247796800,"0"
"195997","11","0","04","004","2019","06","03","7","3","1","5","2","0","1","0","1","0","0",793784.84598300001,5826615.78809999954,13.32988942000,52.51032425500,"0"
"195998","11","0","12","012","2019","06","11","7","3","0","2","0","0","1","0","0","0","1",794856.32164700003,5833052.87760000024,13.35134403500,52.56744970400,"0"
"195999","11","0","08","008","2019","06","13","7","3","5","3","0","0","1","0","1","0","0",802314.85269900004,5817143.61770000029,13.44662044000,52.42076398600,"0"
"196000","11","0","12","012","2019","06","12","7","2","5","3","0","1","1","0","0","0","0",792931.40394400002,5835312.94230999891,13.32502240800,52.58874918700,"0"
"196001","11","0","12","012","2019","06","11","7","2","0","7","0","0","1","0","0","0","1",795118.07132400002,5836341.81984999962,13.35812328800,52.59679016600,"0"
"196002","11","0","11","011","2019","06","11","7","3","0","7","0","1","0","0","0","0","0",805424.84380399995,5830023.49053000100,13.50400759300,52.53447327600,"0"
"196003","11","0","09","009","2019","06","12","7","3","0","7","0","1","0","0","0","0","0",812489.71933100000,5821265.91203000024,13.59961670400,52.45199082200,"0"