OBJECTID,ULAND,UREGBEZ,UKREIS,UGEMEINDE,UJAHR,UMONAT,USTUNDE,UWOCHENTAG,UKATEGORIE,UART,UTYP1,ULICHTVERH,IstRad,IstPKW,IstFuss,IstKrad,IstGkfz,IstSonstig,LINREFX,LINREFY,XGCSWGS84,YGCSWGS84,STRZUSTAND
"196004","11","0","04","004","2019","06","03","7","3","5","3","1","0","1","0","1","0","0",792286.48110199999,5825467.62511999998,13.30686601000,52.50083616200,"0"
"196005","11","0","09","009","2019","06","11","7","3","5","2","0","1","1","0","0","0","0",809404.15599999996,5818446.51200000010,13.55174594500,52.42847875600,"0"
"196006","11","0","06","006","2019","06","21","7","3","5","3","2","0","1","0","0","0","0",789852.44788400002,5818776.95987999998,13.26529525300,52.44215085400,"0"
"196007","11","0","03","003","2019","06","11","7","3","5","2","0","1","1","0","0","0","0",799183.60049700004,5831223.94264999963,13.41335072800,52.54869532200,"0"
"196008","11","0","03","003","2019","06","09","7","3","0","1","0","1","0","0","0","0","0",797564.56886000000,5833279.24968999904,13.39138703500,52.56800526000,"0"
"196009","11","0","06","006","2019","06","20","7","3","1","5","0","1","1","0","0","0","0",795834.29064599995,5819062.83889000025,13.35330046200,52.44151030900,"0"
"196010","11","0","10","010","2019","06","20","7","3","2","2","0","1","1","0","0","0","0",810420.90782600001,5825090.94498000015,13.57282967800,52.48744795100,"0"
"196011","11","0","12","012","2019","06","10","7","3","2","3","0","0","1","0","0","0","0",786700.56233500002,5837661.20878999960,13.23533628700,52.61312248100,"0"
"196012","11","0","07","007","2019","06","10","7","3","7","7","0","1","0","0","0","0","1",795510.56678200001,5825542.11990999896,13.35429104900,52.49976755000,"0"
"196013","11","0","02","002","2019","06","19","7","3","2","6","0","0","1","0","0","0","0",799688.66897899995,5824489.65945000108,13.41471066500,52.48805543000,"0"
"196014","11","0","06","006","2019","06","02","7","3","0","1","2","1","0","0","0","0","0",795363.84650700004,5819975.48739000037,13.34720621300,52.44994594600,"0"
"196015","11","0","04","004","2019","06","11","7","3","1","5","0","1","1","0","0","0","0",790770.44607599999,5823532.20208999980,13.28290599200,52.48429492400,"0"
"196016","11","0","01","001","2019","06","16","6","3","0","1","0","1","0","0","0","0","0",796907.61673799995,5828126.64106999896,13.37711685400,52.52217675300,"0"
"196017","11","0","06","006","2019","06","15","6","3","0","1","0","0","0","0","1","0","0",793639.22559599997,5821079.30214999896,13.32287238200,52.46077035600,"0"
"196018","11","0","05","005","2019","06","19","7","2","6","4","0","0","1","1","0","0","0",781781.11438899999,5828430.03333000094,13.15502804400,52.53292530300,"0"
"196019","11","0","04","004","2019","06","09","6","3","5","3","0","0","1","0","1","0","0",789055.24073399999,5826997.44787000027,13.26072573300,52.51627278200,"0"
"196020","11","0","09","009","2019","06","19","7","3","5","3","0","1","1","0","0","0","0",810878.62805000006,5820660.76730000041,13.57542178000,52.44748631100,"0"
"196021","11","0","09","009","2019","06","15","6","2","5","3","0","0","1","0","1","0","0",805870.93982299999,5821259.36388000008,13.50251736400,52.45567568600,"0"
"196022","11","0","03","003","2019","06","18","7","2","5","3","0","0","1","0","0","0","0",799879.91661499999,5831734.79621999990,13.42405042600,52.55289139900,"0"
"196023","11","0","04","004","2019","06","15","6","3","2","6","0","0","1","0","0","0","0",789162.47699200001,5826895.47721000109,13.26221304000,52.51530173800,"0"
"196024","11","0","04","004","2019","06","18","7","3","5","2","0","1","1","0","0","0","0",794004.23824199999,5824258.59279000107,13.33103192500,52.48907501300,"0"
"196025","11","0","05","005","2019","06","14","6","3","2","6","0","0","1","0","0","0","0",786453.49326000002,5829186.23238999955,13.22437496500,52.53726960900,"0"
"196026","11","0","07","007","2019","06","14","6","3","0","6","0","0","1","0","1","0","0",795252.10741699999,5822139.74452999979,13.34748095700,52.46940751500,"0"
"196027","11","0","05","005","2019","06","17","7","3","2","6","0","0","1","0","1","0","0",785358.70904500003,5832589.90235000104,13.21120312000,52.56836073000,"0"
"196028","11","0","06","006","2019","06","17","7","3","5","3","0","1","1","0","0","0","0",793382.60225700005,5820367.72652999964,13.31848080200,52.45452912400,"0"
"196029","11","0","04","004","2019","06","13","6","2","5","3","0","0","1","0","0","0","1",792806.39432299999,5821859.73814000003,13.31133417300,52.46821368200,"0"
"196030","11","0","01","001","2019","06","09","6","3","6","4","0","0","1","1","0","0","0",799723.66000000003,5827462.37799999956,13.41790000500,52.51468209400,"0"
"196031","11","0","01","001","2019","06","19","7","3","2","6","0","0","1","0","1","0","0",797466.63500000001,5831098.46399999969,13.38799180800,52.54851084000,"0"
"196032","11","0","09","009","2019","06","12","6","3","5","3","0","1","1","0","0","0","0",812998.40522299998,5820006.80049000029,13.60589840100,52.44041666100,"0"
"196033","11","0","03","003","2019","06","16","7","3","5","2","0","0","1","0","0","0","0",801044.38492200000,5833835.64582000021,13.44307943700,52.57107911000,"0"
"196034","11","0","01","001","2019","06","14","6","3","2","6","0","0","1","0","0","0","0",794440.33294100000,5828436.66736000031,13.34113170500,52.52629385600,"0"
"196035","11","0","02","002","2019","06","16","7","3","1","5","0","1","1","0","0","0","0",802328.44319100003,5827471.48072999902,13.45617691000,52.51332612600,"0"
"196036","11","0","01","001","2019","06","16","6","3","4","6","0","1","0","0","0","0","0",799287.88827400003,5828108.54385000095,13.41207876100,52.52071329600,"0"
"196037","11","0","05","005","2019","06","09","6","2","6","7","0","0","0","1","0","0","1",785020.07256600005,5829094.61689000018,13.20321948100,52.53719979600,"0"
"196038","11","0","09","009","2019","06","15","6","3","2","6","0","0","1","0","0","0","0",810645.71304399997,5821063.02732000034,13.57237973600,52.45122359700,"0"
"196039","11","0","04","004","2019","06","09","6","3","1","5","0","0","1","0","0","1","0",791522.57741200004,5824029.21294999961,13.29438548000,52.48834954300,"0"
"196040","11","0","05","005","2019","06","16","6","3","0","1","0","1","0","0","0","0","0",786156.57035099994,5830484.25067999959,13.22112731400,52.54906328000,"0"
"196041","11","0","12","012","2019","06","17","6","3","2","5","0","0","1","0","1","0","0",792467.84485400002,5832861.59726999979,13.31603659900,52.56702343900,"0"
"196042","11","0","09","009","2019","06","09","6","3","5","3","0","1","1","0","0","0","0",811910.11312700005,5817897.50456000026,13.58797220300,52.42213605800,"0"
"196043","11","0","01","001","2019","06","08","6","3","5","2","0","1","0","0","0","0","1",798131.47400000005,5828444.26200000010,13.39538653600,52.52435604200,"0"
"196044","11","0","01","001","2019","06","09","6","3","5","2","0","1","1","0","0","0","0",799726.79694300005,5827764.92403000034,13.41821863300,52.51739222000,"0"
"196045","11","0","05","005","2019","06","08","6","3","2","6","0","0","1","0","0","0","0",784148.96567499998,5830052.49507999979,13.19122991900,52.54624311400,"0"
"196046","11","0","07","007","2019","06","11","6","3","6","4","0","1","0","1","0","0","0",798174.65410599997,5821908.31276000012,13.39017105700,52.46574573300,"0"
"196047","11","0","01","001","2019","06","08","6","3","5","3","0","1","1","0","0","0","0",795020.93723499996,5830107.05905000027,13.35114781400,52.54095373100,"0"
"196048","11","0","07","007","2019","06","19","6","3","5","7","0","0","1","0","1","0","0",794778.62425100000,5825692.74909999967,13.34367306300,52.50151371400,"0"
"196049","11","0","03","003","2019","06","08","6","3","6","7","0","0","1","1","0","0","0",801985.78714200004,5829703.36933000106,13.45316944700,52.53352036600,"0"
"196050","11","0","02","002","2019","06","18","6","3","5","3","0","1","1","0","0","0","0",797810.77206999995,5824934.52971000038,13.38753336300,52.49307080500,"0"
"196051","11","0","07","007","2019","06","08","6","3","5","3","0","0","1","0","1","0","0",798051.55194000003,5816719.98543000035,13.38373668700,52.41930511100,"0"
"196052","11","0","06","006","2019","06","07","6","3","5","2","0","0","1","0","1","0","0",792226.08338600001,5820532.06687999982,13.30165331700,52.45662196800,"0"
"196053","11","0","12","012","2019","06","17","6","3","2","2","0","0","1","0","0","0","0",791188.74215800001,5830906.30685000028,13.29550275400,52.55018031900,"0"
"196054","11","0","09","009","2019","06","17","6","3","5","2","0","1","1","0","0","0","0",807811.98520100000,5818556.03595000040,13.52850343200,52.43035838900,"0"
"196055","11","0","06","006","2019","06","05","6","3","2","6","1","0","1","0","0","1","0",788066.24086899997,5818623.27161000110,13.23895636400,52.44171684600,"0"
"196056","11","0","08","008","2019","06","23","6","3","1","5","2","1","1","0","0","0","0",801267.90549300006,5823819.42521000095,13.43729304600,52.48117879900,"0"
"196057","11","0","03","003","2019","06","08","6","3","6","2","0","0","1","1","0","0","0",798594.70178600005,5833050.08217000030,13.40633442300,52.56538706600,"0"
"196058","11","0","01","001","2019","06","21","6","3","6","4","1","0","1","1","0","0","0",799270.37149900000,5828501.48163999990,13.41217492400,52.52424500400,"0"
"196059","11","0","04","004","2019","06","08","6","3","5","2","0","0","1","0","0","0","0",790210.26831800002,5826040.52488000039,13.27686513000,52.50708045900,"0"
"196060","11","0","01","001","2019","06","20","6","3","5","2","1","0","1","0","0","0","0",799242.95161600003,5828468.57354000024,13.41174236200,52.52396508200,"0"
"196061","11","0","02","002","2019","06","01","6","2","5","3","2","1","1","0","0","0","0",797814.78779099998,5824933.50836000033,13.38759142400,52.49305945900,"0"
"196062","11","0","04","004","2019","06","08","6","3","5","2","0","1","1","0","0","0","0",790220.03862799995,5826436.09181999974,13.27735358300,52.51062156600,"0"
"196063","11","0","01","001","2019","06","00","6","3","5","3","2","1","1","0","0","0","0",797587.31214599998,5826522.38714000024,13.38567055500,52.50742599700,"0"
"196064","11","0","01","001","2019","06","18","6","2","0","7","0","1","0","0","0","0","0",797777.91772799997,5828812.52548999898,13.39052043700,52.52785027200,"0"
"196065","11","0","10","010","2019","06","07","6","3","5","3","0","1","1","0","0","0","0",807826.80340099998,5830174.68367000110,13.53944823900,52.53447705200,"0"
"196066","11","0","01","001","2019","06","18","6","3","6","4","0","0","1","1","0","0","0",799688.53945699998,5827847.17712999973,13.41773060200,52.51815051400,"0"
"196067","11","0","11","011","2019","06","18","6","3","5","2","0","1","1","0","0","0","0",804083.19749000005,5825984.51553000044,13.48059731000,52.49902354500,"0"
"196068","11","0","05","005","2019","06","07","6","3","3","6","0","0","1","0","1","0","0",781901.73899999994,5827169.85699999984,13.15573316400,52.52156357300,"0"
"196069","11","0","07","007","2019","06","18","6","3","5","2","0","1","1","0","0","0","0",797598.00634199998,5815556.34336000029,13.37605249300,52.40912093700,"0"
"196070","11","0","01","001","2019","06","06","6","3","5","2","0","1","1","0","0","0","0",797204.00237400003,5827496.82029999979,13.38090970800,52.51636965700,"0"
"196071","11","0","01","001","2019","06","17","6","2","3","6","0","0","1","0","1","0","0",794606.70965300000,5829862.10802999977,13.34484044200,52.53898203900,"0"
"196072","11","0","02","002","2019","06","03","6","3","1","5","2","1","1","0","0","0","0",802688.14819400001,5826982.62021000031,13.46101674800,52.50874502300,"0"
"196073","11","0","02","002","2019","06","18","6","3","2","6","0","1","1","0","0","0","0",803176.40599700005,5827273.12638999894,13.46845353800,52.51107766300,"0"
"196074","11","0","08","008","2019","06","17","6","3","1","5","0","1","1","0","0","0","1",802640.77876200003,5823050.12897999957,13.45674928500,52.47352448100,"0"
"196075","11","0","02","002","2019","06","17","6","3","5","2","0","1","1","0","0","0","0",799443.87267900002,5825667.33239999972,13.41217465500,52.49874587200,"0"
"196076","11","0","12","012","2019","06","17","6","3","2","6","0","0","1","0","0","0","0",791117.71847500000,5838216.22360999975,13.30087953500,52.61574996300,"0"
"196077","11","0","05","005","2019","06","19","6","3","5","3","0","0","1","0","0","0","0",784464.96643200004,5830252.73137000110,13.19604890400,52.54787351800,"0"
"196078","11","0","03","003","2019","06","07","6","3","5","3","0","0","1","1","0","0","0",800127.09509900003,5838393.37083999999,13.43371490400,52.61243722600,"0"
"196079","11","0","07","007","2019","06","18","6","3","8","1","0","1","0","0","0","0","0",800889.62142900005,5814179.30654999893,13.42306162400,52.39497878700,"0"
"196080","11","0","01","001","2019","06","09","6","3","3","6","0","1","0","0","0","1","0",797694.53787000000,5832873.16913999990,13.39293455700,52.56429423600,"0"
"196081","11","0","07","007","2019","06","08","6","3","5","3","0","0","1","0","0","0","1",797626.42548400001,5819188.06802000012,13.37970045000,52.44166044500,"0"
"196082","11","0","01","001","2019","06","17","5","2","2","6","0","1","0","0","0","0","0",797458.89393699996,5829358.00411000103,13.38631972600,52.53291399300,"0"
"196083","11","0","06","006","2019","06","22","6","3","1","1","2","0","1","0","0","0","0",789369.91580700001,5819784.56893000100,13.25908871400,52.45144006300,"0"
"196084","11","0","03","003","2019","06","08","5","3","5","3","0","1","1","0","0","0","0",799979.61712499999,5831084.82036999892,13.42492933900,52.54701057600,"0"
"196085","11","0","01","001","2019","06","21","6","2","5","2","0","1","1","0","0","0","0",793677.38659799995,5828111.16755000036,13.32963056400,52.52378743900,"0"
"196086","11","0","06","006","2019","06","17","5","2","5","3","0","0","1","0","0","0","0",784844.96807199996,5817637.54299999960,13.19085303900,52.43456611300,"0"
"196087","11","0","12","012","2019","06","20","6","2","5","3","0","0","1","0","1","0","0",792179.33097200003,5832939.68611999974,13.31186081000,52.56787840200,"0"
"196088","11","0","07","007","2019","06","17","5","3","0","6","0","0","1","0","1","0","0",797319.68969300005,5822213.20493000094,13.37789463500,52.46894469400,"0"
"196089","11","0","10","010","2019","06","17","5","3","6","4","0","0","1","1","0","0","0",811666.72779799998,5829777.46095000021,13.59550554300,52.52873541500,"0"
"196090","11","0","02","002","2019","06","18","6","2","6","4","0","1","0","1","0","0","0",799560.07779799995,5825641.26814999897,13.41385792600,52.49844847100,"0"
"196091","11","0","08","008","2019","06","13","6","3","6","4","0","0","0","1","0","1","0",801098.47160399996,5824025.18659000099,13.43499145400,52.48311654300,"0"
"196092","11","0","01","001","2019","06","13","1","3","1","5","0","1","1","0","0","0","0",794019.01994599996,5831277.95074999891,13.33745358600,52.55199156500,"0"
"196093","11","0","08","008","2019","06","12","1","3","3","6","0","1","1","0","0","0","0",800543.98110600002,5823346.85737999994,13.42623922800,52.47734189300,"0"
"196094","11","0","06","006","2019","06","18","1","3","2","6","0","0","1","0","0","0","0",788514.19067599997,5821515.89859000035,13.24802774100,52.46741469300,"0"
"196095","11","0","05","005","2019","06","21","1","2","8","1","1","0","1","0","0","0","0",784753.33845499996,5828581.71483999956,13.19885794200,52.53274056800,"0"
"196096","11","0","01","001","2019","06","18","1","3","0","1","0","0","0","0","1","0","0",798758.79282500001,5829624.01004000008,13.40566564300,52.53458741700,"0"
"196097","11","0","11","011","2019","06","20","7","3","0","7","0","1","0","0","0","0","0",807329.73134499998,5825201.54031999968,13.52755056300,52.49018791700,"0"
"196098","11","0","10","010","2019","06","15","7","3","0","1","0","0","0","0","1","0","0",814892.80737099994,5830051.04543999955,13.64316410500,52.52933317500,"0"
"196099","11","0","06","006","2019","06","12","7","3","1","7","0","0","1","0","0","0","0",786468.74401999998,5818208.95939000044,13.21516297600,52.43884138300,"0"
"196100","11","0","04","004","2019","06","19","7","3","2","2","0","0","1","0","0","0","1",789926.15564899996,5826699.83782999963,13.27326511300,52.51314237100,"0"
"196101","11","0","08","008","2019","06","15","7","3","5","2","0","0","1","0","0","0","0",803662.68221100001,5822280.20559000038,13.47104760500,52.46605664700,"0"
"196102","11","0","02","002","2019","06","15","7","3","5","3","0","0","1","0","0","0","0",797716.28897899995,5826179.60240000021,13.38725875200,52.50428297100,"0"
"196103","11","0","08","008","2019","06","15","7","3","5","3","0","0","1","0","1","0","0",800794.34175699996,5820562.89312999975,13.42740523500,52.45225034000,"0"
"196104","11","0","07","007","2019","06","16","7","3","5","2","0","0","1","0","1","0","0",798989.14165200002,5819646.35297999997,13.40009940900,52.44502505500,"0"
"196105","11","0","11","011","2019","06","16","7","3","3","6","0","1","1","0","0","0","0",803577.06450900005,5826408.68020999897,13.47355092800,52.50310701800,"0"
"196106","11","0","03","003","2019","06","17","7","3","5","3","0","1","1","0","0","0","0",800077.03390299994,5832605.30487000104,13.42773598000,52.56058542900,"0"
"196107","11","0","08","008","2019","06","17","7","3","2","6","0","0","1","0","0","0","0",801371.25484199997,5820107.42600999959,13.43545829300,52.44785009800,"0"
"196108","11","0","07","007","2019","06","19","7","3","5","3","0","1","1","0","0","0","0",794779.98840499995,5825688.51699999999,13.34368935600,52.50147504000,"0"
"196109","11","0","04","004","2019","06","20","7","3","2","6","0","0","1","0","0","0","0",793692.69917699997,5825808.04463999998,13.32782293000,52.50313284100,"0"
"196110","11","0","11","011","2019","06","20","7","3","5","3","0","1","0","0","0","0","1",803849.61610200000,5828641.28615999967,13.47959239700,52.52296548800,"0"
"196111","11","0","11","011","2019","06","21","7","3","0","1","1","1","1","0","0","0","0",803438.31485299999,5826586.78342000023,13.47167537000,52.50478049500,"0"
"196112","11","0","02","002","2019","06","21","7","3","2","6","1","0","1","0","1","0","0",799790.81827399996,5825718.22195999976,13.41731605600,52.49901154200,"0"
"196113","11","0","01","001","2019","06","14","7","3","5","3","0","1","1","0","0","0","0",798137.01349200006,5828442.24940999970,13.39546614000,52.52433497200,"0"
"196114","11","0","12","012","2019","06","12","7","3","1","1","0","0","1","0","0","0","0",788529.53167900001,5832712.04569999967,13.25796331100,52.56778436600,"0"
"196115","11","0","10","010","2019","06","11","7","3","5","3","0","0","1","0","0","0","0",808747.26623700000,5828182.19570000004,13.55112578900,52.51610022500,"0"
"196116","11","0","04","004","2019","06","11","7","3","0","5","0","0","1","0","0","0","1",791909.23306999996,5825218.88100999966,13.30110622800,52.49880814700,"0"
"196117","11","0","06","006","2019","06","10","7","3","5","3","0","0","1","0","0","1","0",788256.81524200004,5816714.18090999965,13.24010637900,52.42450016900,"0"
"196118","11","0","11","011","2019","06","16","7","3","5","2","0","0","0","0","0","0","1",807284.68312900001,5825416.92788999900,13.52708778800,52.49214360700,"0"
"196119","11","0","09","009","2019","06","10","7","3","5","3","0","0","1","0","1","0","0",809500.13625200000,5815220.25062999967,13.55017013300,52.39951089900,"0"
"196120","11","0","11","011","2019","06","09","7","3","5","3","0","1","1","0","0","0","0",806127.40196499997,5826692.21348000038,13.51126766400,52.50422335300,"0"
"196121","11","0","01","001","2019","06","02","7","3","6","4","2","0","0","1","0","0","1",797448.72954099998,5831118.99478999898,13.38774691200,52.54870464900,"0"
"196122","11","0","10","010","2019","06","15","6","3","2","6","0","0","1","0","0","0","1",809414.52107699995,5832696.55277999956,13.56513049800,52.55617804600,"0"
"196123","11","0","03","003","2019","06","18","6","3","0","7","0","1","0","0","0","0","1",798529.62379900005,5834865.87464999966,13.40701186200,52.58169858300,"0"
"196124","11","0","08","008","2019","06","14","6","3","2","2","0","1","1","0","0","0","0",801451.15790100000,5823884.10570999980,13.44004180200,52.48165741600,"0"
"196125","11","0","11","011","2019","06","14","6","3","3","6","0","0","1","0","0","1","0",803747.34714500001,5826219.15613000095,13.47587904500,52.50131360000,"0"
"196126","11","0","05","005","2019","06","17","6","3","5","3","0","1","1","0","0","0","0",785974.28197899996,5831370.33851000108,13.21920957800,52.55710343500,"0"
"196127","11","0","05","005","2019","06","16","6","2","1","5","0","1","1","0","0","0","0",785391.93250300002,5830557.46317999996,13.20994412400,52.55012084500,"0"
"196128","11","0","05","005","2019","06","16","6","3","2","6","0","0","1","0","0","1","0",781674.15015899995,5828417.98130999971,13.15344508500,52.53287253000,"0"
"196129","11","0","06","006","2019","06","16","6","2","3","6","0","1","1","0","0","0","0",794258.79338100005,5820834.52510000020,13.33174943500,52.45824277300,"0"
"196130","11","0","02","002","2019","06","15","6","3","2","6","0","1","1","0","0","0","0",803095.59437299997,5826046.29358000029,13.46614953100,52.50012664700,"0"
"196131","11","0","03","003","2019","06","13","6","3","1","5","0","1","1","0","0","0","0",802425.43493999995,5832979.44342999905,13.46261457500,52.56263959400,"0"
"196132","11","0","01","001","2019","06","13","6","3","2","6","0","1","0","0","0","0","0",799723.77700000000,5827470.28000000026,13.41790884100,52.51475285800,"0"
"196133","11","0","07","007","2019","06","13","6","3","5","2","0","0","1","0","0","0","0",795238.52685899998,5822271.52120000031,13.34739822900,52.47059614600,"0"
"196134","11","0","03","003","2019","06","13","6","3","0","7","0","1","0","0","0","0","0",802840.56115099997,5832671.61101000104,13.46843905000,52.55964984300,"0"
"196135","11","0","08","008","2019","06","18","6","3","5","2","0","0","1","0","0","0","0",800716.04299999995,5823421.95999999996,13.42883276100,52.47792035500,"0"
"196136","11","0","01","001","2019","06","13","6","3","5","2","0","0","1","0","1","0","0",794051.37602700002,5828458.81247000024,13.33543448800,52.52670230200,"0"
"196137","11","0","04","004","2019","06","13","6","3","2","6","0","0","1","0","0","0","0",793253.58999999997,5826900.80700000003,13.32233499000,52.51316518800,"0"
"196138","11","0","02","002","2019","06","14","6","3","0","1","0","0","0","0","1","0","0",800393.42026499996,5827136.07423000038,13.42744567600,52.51138887400,"0"
"196139","11","0","11","011","2019","06","15","6","3","2","6","0","0","1","0","0","0","1",805834.73168600001,5833784.12411000021,13.51349547000,52.56794710500,"0"
"196140","11","0","01","001","2019","06","13","6","3","5","2","0","0","1","0","0","0","0",799732.06112900004,5827555.88391000032,13.41810766500,52.51551561100,"0"
"196141","11","0","11","011","2019","06","13","6","3","0","7","0","0","0","0","1","0","0",803909.58614200004,5826114.74827999994,13.47816651400,52.50028749200,"1"
"196142","11","0","02","002","2019","06","20","6","3","1","5","1","1","1","0","0","0","1",800113.39199999999,5827272.81300000008,13.42345506700,52.51276864900,"0"
"196143","11","0","09","009","2019","06","19","6","3","3","6","0","1","0","0","0","0","1",811977.82393199997,5819600.79660000000,13.59055361600,52.43736141800,"0"
"196144","11","0","10","010","2019","06","19","6","2","5","3","0","1","1","0","0","0","0",812477.93638800003,5830550.68056999892,13.60815157600,52.53519993900,"0"
"196145","11","0","04","004","2019","06","19","6","3","1","5","0","1","0","0","0","1","0",792402.39287099999,5825024.34262000024,13.30817955600,52.49680013900,"0"
"196146","11","0","08","008","2019","06","19","6","3","2","2","0","0","1","0","0","0","0",800906.83268700005,5822387.92628000025,13.43070072400,52.46854688000,"0"
"196147","11","0","01","001","2019","06","19","6","3","5","2","0","1","0","0","0","0","1",798507.86819099996,5830233.01207000110,13.40252430400,52.54018374600,"0"
"196148","11","0","02","002","2019","06","19","6","3","0","7","0","0","1","0","0","0","1",801284.18377500004,5826172.46999999974,13.43965965000,52.50226067000,"0"
"196149","11","0","02","002","2019","06","07","6","3","1","5","0","1","1","0","0","0","1",800173.16774800001,5824913.47436999902,13.42220649800,52.49158809100,"0"
"196150","11","0","02","002","2019","06","23","6","2","0","1","2","1","0","0","0","0","1",802082.43500000006,5827156.89099999983,13.45227722200,52.51064275000,"0"
"196151","11","0","11","011","2019","06","07","6","2","5","2","0","1","1","0","0","0","0",805039.43181800004,5831492.93608999904,13.49969222400,52.54785887100,"0"
"196152","11","0","09","009","2019","06","06","6","3","6","4","0","1","0","1","0","0","0",807422.27150000003,5820375.44323000032,13.52446276300,52.44688350400,"0"
"196153","11","0","12","012","2019","06","05","6","3","5","3","0","0","1","0","0","0","0",792366.44014900003,5832894.67085000034,13.31457390300,52.56737439900,"0"
"196154","11","0","08","008","2019","06","13","6","3","5","3","0","1","1","0","0","0","0",803760.72383699997,5821804.90364000015,13.47205378000,52.46174209100,"0"
"196155","11","0","01","001","2019","06","13","6","3","2","2","0","0","1","0","0","0","1",794893.95240099996,5829531.04124000017,13.34876962400,52.53585891600,"0"
"196156","11","0","01","001","2019","06","09","6","3","1","5","0","1","1","0","0","0","1",799127.61540699995,5828535.42619000096,13.41010756500,52.52462760400,"0"
"196157","11","0","06","006","2019","06","12","6","3","5","3","0","1","1","0","0","0","0",790291.67752000003,5814814.20516999904,13.26830029500,52.40639045300,"0"
"196158","11","0","05","005","2019","06","10","6","3","4","6","0","1","1","0","0","0","0",780565.07353399997,5819431.54306999967,13.12956939800,52.45286501500,"0"
"196159","11","0","01","001","2019","06","11","6","3","6","4","0","1","0","1","0","0","0",796759.34999999998,5829658.32699999958,13.37630516500,52.53598737600,"0"
"196160","11","0","06","006","2019","06","10","6","3","5","3","0","0","1","0","0","0","0",796249.12282699998,5818266.88492000010,13.35868023200,52.43415060200,"0"
"196161","11","0","10","010","2019","06","09","6","3","5","3","0","1","1","0","0","0","0",812639.59780600003,5825271.26821000036,13.60556819100,52.48779795500,"0"
"196162","11","0","09","009","2019","06","10","6","2","5","2","0","1","0","0","0","1","0",811359.04940400005,5820147.02675999980,13.58198922900,52.44260905600,"0"
"196163","11","0","10","010","2019","06","09","6","3","5","3","0","1","1","0","0","0","0",812397.99079299998,5824300.81493000034,13.60111212800,52.47923981100,"0"
"196164","11","0","01","001","2019","06","10","6","3","2","6","0","0","1","0","0","0","0",795431.94579100003,5826136.18013999984,13.35366328100,52.50513541000,"0"
"196165","11","0","08","008","2019","06","03","6","3","3","6","2","0","1","0","1","0","0",800554.05834300001,5823317.97233999986,13.42636112600,52.47707744000,"1"
"196166","11","0","02","002","2019","06","00","6","3","6","4","2","0","1","1","0","0","0",802300.84797500004,5826853.55140000023,13.45521026900,52.50780293000,"1"
"196167","11","0","01","001","2019","06","11","6","2","1","5","0","1","1","0","0","0","1",795008.29861299996,5828190.56532999966,13.34926108600,52.52378070200,"0"
"196168","11","0","07","007","2019","06","21","5","3","3","6","2","0","1","0","0","0","0",797229.11533499998,5820686.62536999956,13.37520577600,52.45530969100,"0"
"196169","11","0","07","007","2019","06","13","5","3","4","6","0","1","1","0","0","0","0",794010.74991100002,5822557.93647000100,13.32962779200,52.47382591800,"0"
"196170","11","0","01","001","2019","06","09","5","3","0","2","0","1","0","0","0","1","0",794582.06865399994,5826069.82935999986,13.34111938700,52.50500014900,"1"
"196171","11","0","01","001","2019","06","09","5","3","0","1","0","1","0","0","0","0","0",795100.87099099997,5828490.34432000015,13.35088761700,52.52641789200,"1"
"196172","11","0","04","004","2019","06","08","5","3","2","2","0","1","1","0","0","0","0",790788.36119299999,5827381.99988000002,13.28653090800,52.51879896900,"1"
"196173","11","0","03","003","2019","06","21","5","3","5","3","2","0","1","0","0","0","0",795959.09210200002,5835566.64917000104,13.36981108100,52.58938456500,"1"
"196174","11","0","02","002","2019","06","22","5","3","1","1","2","1","1","0","0","0","0",800942.24897099996,5827121.25083999988,13.43549504900,52.51095350500,"0"
"196175","11","0","02","002","2019","06","23","5","3","0","3","1","1","0","0","1","0","0",799216.29195700004,5824569.70401000045,13.40784633800,52.48903201600,"0"
"196176","11","0","08","008","2019","06","07","5","3","5","3","0","1","1","0","0","0","0",803817.25993800000,5818828.56438999902,13.47017646400,52.43503408600,"0"
"196177","11","0","03","003","2019","06","07","5","3","2","6","0","0","1","0","0","0","0",800047.06444999995,5831277.18592000008,13.42609481000,52.54869766100,"0"
"196178","11","0","01","001","2019","06","07","5","3","5","2","0","1","1","0","0","0","0",796894.17057399999,5828896.35873000044,13.37760647700,52.52908375100,"0"
"196179","11","0","09","009","2019","06","06","5","3","5","3","0","1","1","0","0","0","0",808808.93392200000,5819002.65962000005,13.54353293400,52.43379923400,"0"
"196180","11","0","09","009","2019","06","00","5","3","0","1","2","0","1","0","1","0","0",811902.36212599999,5821592.22137000039,13.59130616000,52.45525042800,"0"
"196181","11","0","06","006","2019","06","23","5","1","0","1","2","1","0","0","0","0","0",789975.50415900000,5819789.37165000103,13.26797940500,52.45116221300,"0"
"196182","11","0","04","004","2019","06","08","5","3","6","4","0","0","1","1","0","0","0",793443.07393099996,5824197.87944999896,13.32273742900,52.48883267300,"1"
"196183","11","0","01","001","2019","06","08","5","3","5","3","0","1","1","0","0","0","0",795057.55629600002,5831479.29616999906,13.35290533600,52.55323487300,"1"
"196184","11","0","09","009","2019","06","08","5","2","5","2","0","1","1","0","0","0","0",807681.38855899998,5817730.98742000014,13.52582969200,52.42303756700,"1"