OBJECTID,ULAND,UREGBEZ,UKREIS,UGEMEINDE,UJAHR,UMONAT,USTUNDE,UWOCHENTAG,UKATEGORIE,UART,UTYP1,ULICHTVERH,IstRad,IstPKW,IstFuss,IstKrad,IstGkfz,IstSonstig,LINREFX,LINREFY,XGCSWGS84,YGCSWGS84,STRZUSTAND
"196365","11","0","02","002","2019","06","18","3","3","5","2","0","1","1","0","0","0","0",799233.65312799998,5826240.41547999997,13.40960208400,52.50399804000,"0"
"196366","11","0","01","001","2019","06","01","3","3","0","1","2","0","0","0","0","0","1",798219.88215399999,5829697.15582999960,13.39780966200,52.53553820700,"0"
"196367","11","0","02","002","2019","06","19","2","3","5","2","0","1","0","0","1","0","0",799331.07582300005,5826223.94294000044,13.41101830500,52.50379695200,"0"
"196368","11","0","03","003","2019","06","03","3","3","0","1","2","0","0","0","1","0","0",795698.44784499996,5834920.16903000046,13.36539790800,52.58373129900,"0"
"196369","11","0","04","004","2019","06","15","3","3","0","4","0","1","0","1","0","0","0",794149.16997900000,5825692.26668000035,13.33442626000,52.50184906800,"0"
"196370","11","0","08","008","2019","06","11","2","3","2","6","0","0","1","0","0","1","0",802108.22994600004,5821999.07588000037,13.44798087000,52.46439855000,"0"
"196371","11","0","01","001","2019","06","19","2","3","5","3","0","0","1","0","0","0","1",798781.58544099994,5828021.16344999894,13.40456038400,52.52020770100,"0"
"196372","11","0","04","004","2019","06","09","3","3","5","3","0","1","0","0","0","0","0",793939.66252200003,5823394.21526999958,13.32932134400,52.48136104500,"0"
"196373","11","0","04","004","2019","06","15","2","3","3","2","0","1","0","0","0","0","1",792532.80848600005,5826371.27864999976,13.31127850300,52.50880517200,"0"
"196374","11","0","03","003","2019","06","15","3","3","6","4","0","1","0","1","0","0","0",800192.74760999996,5831612.99060000014,13.42854043300,52.55162730300,"0"
"196375","11","0","01","001","2019","06","18","2","3","6","4","0","1","0","1","0","0","0",795409.13681299996,5830588.37139999960,13.35728325200,52.54505795700,"0"
"196376","11","0","06","006","2019","06","18","2","3","5","2","0","1","1","0","0","0","0",794546.16976600001,5820084.09221000038,13.33530477100,52.45136070500,"0"
"196377","11","0","01","001","2019","06","15","3","3","2","6","0","0","1","0","0","0","0",799660.68296100001,5827084.61168999970,13.41663456200,52.51133060800,"0"
"196378","11","0","12","012","2019","06","14","2","3","5","3","0","1","0","0","0","0","1",793845.07956099999,5838392.60137999989,13.34120415600,52.61586318800,"0"
"196379","11","0","05","005","2019","06","16","2","3","5","3","0","1","1","0","0","0","0",784401.43504200003,5831930.03540000040,13.19655162800,52.56294538300,"0"
"196380","11","0","08","008","2019","06","20","3","3","1","5","1","1","1","0","0","0","0",801491.61634600000,5823429.72152999975,13.44022492200,52.47756233800,"0"
"196381","11","0","03","003","2019","06","16","2","2","5","3","0","1","0","0","0","0","0",804457.04521200003,5838459.25602999981,13.49752815200,52.61061961400,"0"
"196382","11","0","08","008","2019","06","16","3","3","5","3","0","0","1","0","0","0","0",801422.87902500003,5822255.10164999962,13.43815452000,52.46707187200,"0"
"196383","11","0","02","002","2019","06","20","2","3","3","6","0","0","1","0","0","0","0",800303.91500200005,5824575.47269999981,13.42382185600,52.48848653600,"0"
"196384","11","0","01","001","2019","06","17","2","3","5","2","0","1","1","0","0","0","0",794021.43691000005,5830177.35759000108,13.33651476300,52.54212415400,"0"
"196385","11","0","06","006","2019","06","16","3","3","5","7","0","1","0","0","0","0","0",795583.14287099999,5817599.58194999956,13.34832253700,52.42852892300,"0"
"196386","11","0","01","001","2019","06","16","3","3","6","4","0","0","0","1","0","0","1",795591.11682100000,5831745.43331000023,13.36098902000,52.55533123800,"0"
"196387","11","0","07","007","2019","06","18","2","3","5","5","0","1","1","0","0","0","0",798101.32121600001,5814239.28603999969,13.38225783700,52.39704098700,"0"
"196388","11","0","10","010","2019","06","17","2","3","4","6","0","1","0","0","0","0","0",809461.98119800002,5831454.05109000020,13.56467039300,52.54501632000,"0"
"196389","11","0","01","001","2019","06","16","3","3","0","6","0","1","0","0","0","0","1",795994.37187300005,5828615.52771999966,13.36413112300,52.52705567900,"0"
"196390","11","0","04","004","2019","06","17","2","3","5","3","0","0","1","0","0","0","0",792735.26861000003,5826109.72725000046,13.31402311600,52.50635184100,"0"
"196391","11","0","11","011","2019","06","15","3","3","3","6","0","1","1","0","0","0","0",804315.47373500001,5830621.77354000043,13.48825057000,52.54045593500,"0"
"196392","11","0","01","001","2019","06","17","2","3","2","6","0","0","1","0","1","0","0",794555.60827600001,5829055.25590000022,13.34337403700,52.53177680600,"0"
"196393","11","0","07","007","2019","06","16","2","3","3","6","0","0","1","0","1","0","0",794969.95264699997,5825669.67870999966,13.34646311300,52.50120351300,"0"
"196394","11","0","04","004","2019","06","10","2","3","5","2","0","0","1","0","1","0","0",792961.28515100002,5825693.65283000097,13.31697753000,52.50250055900,"0"
"196395","11","0","07","007","2019","06","14","3","3","5","2","0","0","1","0","1","0","0",797613.12404999998,5815560.39379000105,13.37627768900,52.40914902700,"0"
"196396","11","0","07","007","2019","06","09","2","3","5","3","0","0","1","0","0","0","0",797578.94956099999,5823507.49192999955,13.38285476000,52.48040542700,"0"
"196397","11","0","08","008","2019","06","15","3","3","5","7","0","0","1","0","0","0","1",801279.23308200005,5821471.90256999899,13.43533937100,52.46013105600,"0"
"196398","11","0","02","002","2019","06","18","2","2","2","6","0","0","1","0","1","0","0",799484.24402700004,5824520.69663999975,13.41173687500,52.48844581000,"0"
"196399","11","0","03","003","2019","06","15","3","3","6","4","0","0","1","1","0","0","0",800476.12236200005,5829083.90464999899,13.43042009600,52.52880228300,"0"
"196400","11","0","01","001","2019","06","08","2","3","5","2","0","1","0","0","0","0","1",795524.01151300000,5830731.60309999995,13.35909976600,52.54627960000,"0"
"196401","11","0","10","010","2019","06","15","3","3","5","2","0","1","1","0","0","0","0",809226.20902399998,5827219.35367999971,13.55726688700,52.50720018200,"0"
"196402","11","0","01","001","2019","06","17","2","2","6","4","0","0","1","1","0","0","0",797283.30413299997,5831280.16481999960,13.38545873600,52.55023964200,"0"
"196403","11","0","07","007","2019","06","15","3","3","2","6","0","0","0","0","1","0","1",797242.23191300000,5820731.90825000033,13.37543855100,52.45570847500,"0"
"196404","11","0","04","004","2019","06","18","2","3","2","6","0","0","1","0","0","0","0",792514.60771799996,5826100.88690999895,13.31077348500,52.50639094500,"0"
"196405","11","0","01","001","2019","06","15","3","2","0","1","0","1","0","0","0","0","0",797735.44813399995,5831867.13478999957,13.39263375800,52.55525411100,"0"
"196406","11","0","05","005","2019","06","18","2","3","5","3","0","0","1","0","0","0","0",784753.45576100005,5827199.64083999954,13.19767604600,52.52034882200,"0"
"196407","11","0","09","009","2019","06","16","2","3","5","2","0","0","0","0","1","0","1",804610.88160800003,5820174.78014000040,13.48304156300,52.44665852700,"0"
"196408","11","0","04","004","2019","06","16","3","3","6","7","0","0","1","1","0","0","0",793169.78453399998,5825624.07500999980,13.31997916300,52.50176483600,"0"
"196409","11","0","07","007","2019","06","18","2","3","2","6","0","0","1","0","0","0","0",797302.07859399996,5823160.70899999980,13.37848065000,52.47744768200,"0"
"196410","11","0","01","001","2019","06","11","3","3","6","4","0","0","1","1","0","0","0",797905.54971499997,5826558.77039000019,13.39037816400,52.50757844800,"0"
"196411","11","0","12","012","2019","06","15","2","2","1","5","0","0","1","0","0","0","0",791236.37062299997,5836415.06850000005,13.30104194900,52.59953961200,"0"
"196412","11","0","01","001","2019","06","15","2","3","5","2","0","1","1","0","0","0","0",799687.17066299997,5827210.07624000032,13.41713667600,52.51244065200,"0"
"196413","11","0","07","007","2019","06","13","3","3","1","7","0","0","1","0","0","0","0",799452.24151600001,5815074.67985999957,13.40280040700,52.40379239700,"0"
"196414","11","0","06","006","2019","06","15","2","3","5","2","0","0","1","0","0","0","0",790156.49145900004,5819781.13810999971,13.27062806500,52.45099236000,"0"
"196415","11","0","07","007","2019","06","12","3","3","5","3","0","0","1","0","0","0","0",796061.15805900004,5822858.30604999978,13.35999428100,52.47541099200,"0"
"196416","11","0","12","012","2019","06","08","2","3","5","2","0","1","1","0","0","0","0",793019.07011600002,5833869.43377000093,13.32503651200,52.57576173200,"0"
"196417","11","0","09","009","2019","06","12","3","3","5","2","0","0","1","0","1","0","0",811064.14621699997,5818017.81649000105,13.57568363400,52.42369574400,"0"
"196418","11","0","07","007","2019","06","10","2","3","5","2","0","0","1","0","1","0","0",793926.56984400004,5822508.88038999960,13.32834876300,52.47343145600,"0"
"196419","11","0","02","002","2019","06","12","3","3","5","3","0","0","1","0","1","0","0",800748.07760800002,5826523.07888999954,13.43210209100,52.50569901500,"0"
"196420","11","0","04","004","2019","06","15","2","3","5","7","0","0","1","0","0","0","0",792952.01718299999,5825414.33750000037,13.31659566100,52.50000156700,"0"
"196421","11","0","07","007","2019","06","15","2","3","5","3","0","0","1","0","0","0","0",794870.58339299995,5825571.57270000037,13.34491658600,52.50037776400,"0"
"196422","11","0","10","010","2019","06","12","3","3","0","7","0","0","1","0","0","0","0",809555.26649399998,5826585.64319999982,13.56151058700,52.50133447500,"0"
"196423","11","0","12","012","2019","06","12","3","3","5","3","0","0","1","0","0","0","0",793944.41899999999,5836640.61600000039,13.34111097600,52.60010431200,"0"
"196424","11","0","07","007","2019","06","15","2","3","2","6","0","0","1","0","0","0","1",797199.08999999997,5820701.34999999963,13.37477830800,52.45545801000,"0"
"196425","11","0","10","010","2019","06","11","3","3","5","5","0","0","1","0","0","0","0",809597.95264699997,5834296.71181000024,13.56932051400,52.57041364000,"0"
"196426","11","0","02","002","2019","06","06","2","3","2","7","0","0","1","0","1","0","0",803066.91617900005,5827813.36091000028,13.46733711800,52.51598053700,"0"
"196427","11","0","09","009","2019","06","21","3","3","6","2","2","0","1","1","0","0","0",805013.87500000000,5822699.21200000029,13.49125897700,52.46905944200,"0"
"196428","11","0","03","003","2019","06","06","2","3","5","2","0","1","0","0","0","0","1",801861.09829300002,5832889.94876999967,13.45423314600,52.56215061600,"0"
"196429","11","0","03","003","2019","06","07","2","3","2","7","0","1","0","0","0","0","1",800022.62118300004,5830693.07820000034,13.42520778100,52.54347559400,"0"
"196430","11","0","11","011","2019","06","19","3","3","5","3","0","1","0","0","0","0","0",803154.34493999998,5829566.18828999903,13.47021933800,52.53164217700,"0"
"196431","11","0","02","002","2019","06","18","3","3","2","6","0","1","1","0","0","0","0",799506.29261799995,5826130.62065999955,13.41350808100,52.50286430700,"0"
"196432","11","0","04","004","2019","06","14","2","3","5","2","0","0","1","0","0","0","0",791794.00852699997,5827482.42884999979,13.30139799800,52.51916212400,"0"
"196433","11","0","07","007","2019","06","16","2","3","2","6","0","0","1","0","0","0","1",798537.51480400003,5820615.06462999899,13.39434003000,52.45395518100,"0"
"196434","11","0","08","008","2019","06","19","3","3","0","6","0","0","1","0","0","0","1",800990.09646499995,5822194.57770999894,13.43174834900,52.46676796600,"0"
"196435","11","0","06","006","2019","06","14","2","3","3","6","0","0","1","0","1","0","0",790248.27934699995,5820032.77347999997,13.27219365100,52.45319961000,"0"
"196436","11","0","08","008","2019","06","19","3","2","6","4","0","0","1","1","0","0","0",799878.59080000001,5823646.98553999979,13.41674131000,52.48039784400,"0"
"196437","11","0","02","002","2019","06","13","2","3","6","7","0","0","0","1","0","0","1",800172.70822899998,5824423.59265000094,13.42175849100,52.48719732700,"0"
"196438","11","0","12","012","2019","06","12","2","3","0","2","0","0","1","0","1","0","0",790698.58506399998,5835383.73816999979,13.29221877900,52.59058171800,"0"
"196439","11","0","04","004","2019","06","18","3","3","5","2","0","0","1","0","0","0","0",792526.69203100004,5822912.06874000002,13.30815132000,52.47779746800,"0"
"196440","11","0","03","003","2019","06","11","2","3","3","6","0","0","1","0","0","0","0",800889.56618299999,5838793.76728999894,13.44530608100,52.61560439600,"0"
"196441","11","0","05","005","2019","06","18","3","3","3","6","0","0","1","0","0","0","0",782403.77266400005,5828519.67451999988,13.16425934500,52.53340678900,"0"
"196442","11","0","01","001","2019","06","23","2","2","6","2","2","0","1","1","0","0","0",797936.32899600000,5828424.18059000093,13.39250069100,52.52428270700,"0"
"196443","11","0","12","012","2019","06","18","3","3","2","2","0","1","1","0","0","0","0",789906.28202100005,5835707.89156999905,13.28083955200,52.59391061200,"0"
"196444","11","0","08","008","2019","06","21","2","3","3","6","2","1","1","0","0","0","0",800611.51301600004,5825122.35219000094,13.42883179300,52.49321911800,"0"
"196445","11","0","08","008","2019","06","11","3","3","2","6","0","0","1","0","0","0","0",802472.26164200006,5822573.55919000041,13.45384371700,52.46934629800,"0"
"196446","11","0","03","003","2019","06","11","2","3","5","3","0","1","1","0","0","0","0",798043.86895100004,5833451.40261000022,13.39859247600,52.56928616500,"0"
"196447","11","0","11","011","2019","06","10","2","3","5","2","0","0","1","0","0","0","1",807307.32895800006,5824799.11404000036,13.52685058700,52.48659392800,"0"
"196448","11","0","01","001","2019","06","17","3","3","5","3","0","1","0","0","0","0","0",794544.93142599997,5828182.33990000002,13.34244378900,52.52395748300,"0"
"196449","11","0","06","006","2019","06","11","3","3","5","3","0","1","1","0","0","0","0",787672.66090500006,5819217.97666000016,13.23369398000,52.44725600300,"0"
"196450","11","0","01","001","2019","06","21","2","2","6","4","1","0","0","1","0","0","1",800058.44576699997,5828482.36125999968,13.42373875100,52.52364049900,"0"
"196451","11","0","09","009","2019","06","10","2","3","5","3","0","1","1","0","0","0","0",811761.80202800001,5819770.84305999987,13.58754465400,52.43900845200,"0"
"196452","11","0","01","001","2019","06","10","3","3","2","6","0","0","1","0","0","0","0",799825.76361499995,5827506.97518999968,13.41944032300,52.51502571900,"0"
"196453","11","0","04","004","2019","06","10","2","3","6","4","0","0","1","1","0","0","0",793676.97085200006,5827047.65113000106,13.32868556100,52.51425378100,"0"
"196454","11","0","12","012","2019","06","17","3","3","2","6","0","0","1","0","0","0","0",794503.64000000001,5834271.74000000022,13.34723812100,52.57856674000,"0"
"196455","11","0","07","007","2019","06","10","2","3","1","5","0","1","1","0","0","0","0",797685.19379399996,5821869.44189999998,13.38295273800,52.46566419000,"0"
"196456","11","0","04","004","2019","06","16","3","3","2","6","0","0","1","0","1","0","0",793965.72776000004,5824603.08965000045,13.33077030000,52.49218399900,"0"
"196457","11","0","01","001","2019","06","20","2","2","5","2","0","0","1","0","0","0","1",795419.44491399999,5825816.72508999892,13.35319620200,52.50227851100,"0"
"196458","11","0","04","004","2019","06","10","3","3","1","5","0","1","1","0","0","0","0",794386.24362500000,5825702.20612999890,13.33791756500,52.50181032000,"0"
"196459","11","0","04","004","2019","06","17","2","3","0","7","0","0","0","0","1","0","0",792185.83399499999,5827306.15861999989,13.30700144100,52.51737210400,"1"
"196460","11","0","01","001","2019","06","09","3","3","5","3","0","0","1","0","0","0","0",797683.28790100000,5831306.96903000027,13.39136441300,52.55026147000,"0"
"196461","11","0","06","006","2019","06","09","2","3","5","2","0","0","1","0","0","0","0",793275.03248499997,5816908.49767000042,13.31386688700,52.42357564600,"0"
"196462","11","0","02","002","2019","06","09","3","3","3","6","0","1","0","0","1","0","0",797616.37473200005,5826425.90251000039,13.38601124100,52.50654527200,"0"
"196463","11","0","05","005","2019","06","09","2","3","5","3","0","0","1","0","0","0","0",781904.26001700002,5827178.51757999975,13.15577756300,52.52163992500,"0"
"196464","11","0","11","011","2019","06","09","2","3","6","4","0","0","0","1","1","0","0",805232.35935899999,5826135.38324000034,13.49761164300,52.49973419500,"0"
"196465","11","0","01","001","2019","06","16","3","3","2","6","0","0","1","0","1","0","0",793878.46512199997,5830057.74306999892,13.33430682400,52.54112901300,"0"
"196466","11","0","01","001","2019","06","09","2","2","5","2","0","1","1","0","0","0","0",794911.44994700002,5832042.04513000045,13.35125659700,52.55835858300,"0"
"196467","11","0","12","012","2019","06","09","3","3","5","2","0","1","1","0","0","0","0",792598.26613799995,5837379.87598999962,13.32194549100,52.60745744100,"0"
"196468","11","0","11","011","2019","06","09","2","3","5","3","0","0","1","0","1","0","0",804959.75498299999,5826465.77694999892,13.49391078600,52.50284775900,"0"
"196469","11","0","11","011","2019","06","16","3","3","3","6","0","0","1","0","0","1","0",803188.23720700003,5830342.35331000108,13.47142549100,52.53857990500,"0"
"196470","11","0","09","009","2019","06","08","2","2","5","2","0","1","1","0","0","0","0",811159.98414399999,5821574.04478000011,13.58039913800,52.45551063600,"0"
"196471","11","0","10","010","2019","06","16","3","3","5","3","0","1","1","0","0","0","0",810980.56316999998,5824874.62633000035,13.58084358100,52.48519094400,"0"
"196472","11","0","09","009","2019","06","08","2","3","0","6","0","1","0","0","0","1","0",806246.71658100002,5822191.78280999977,13.50888568300,52.46382199900,"0"
"196473","11","0","07","007","2019","06","08","2","3","2","6","0","0","1","0","0","0","0",798047.92852700001,5819470.12542000040,13.38613490600,52.44395922200,"0"
"196474","11","0","01","001","2019","06","09","3","3","2","6","0","0","1","0","0","0","0",794542.33160699997,5829091.05331999995,13.34321059600,52.53210487900,"0"
"196475","11","0","01","001","2019","06","16","3","3","3","6","0","1","1","0","0","0","0",800057.95849800005,5826900.76042000018,13.42230523700,52.50946429600,"0"
"196476","11","0","10","010","2019","06","08","2","3","5","2","0","0","1","0","0","0","0",809645.77099999995,5829689.14199999999,13.56572757000,52.52909554500,"0"
"196477","11","0","04","004","2019","06","18","2","3","2","6","0","0","1","0","0","0","1",791926.94825500005,5827422.39730999898,13.30329900500,52.51855280300,"0"
"196478","11","0","02","002","2019","06","09","3","3","5","2","0","1","1","0","0","0","0",797226.41793899995,5826349.08994000033,13.38021407700,52.50606931600,"0"
"196479","11","0","04","004","2019","06","09","1","3","5","2","0","1","1","0","0","0","0",791635.03067400004,5824511.70780999959,13.29645924700,52.49261501000,"0"
"196480","11","0","09","009","2019","06","16","3","3","1","5","0","1","1","0","0","0","1",811301.91719399998,5820201.61364999972,13.58120223400,52.44313076300,"0"
"196481","11","0","11","011","2019","06","00","1","3","5","3","2","0","1","0","0","0","0",807547.69649899995,5824813.49137999956,13.53039261500,52.48658743900,"0"
"196482","11","0","05","005","2019","06","01","1","2","0","1","2","0","1","0","1","0","0",786899.22100000002,5830076.96800000034,13.23169794800,52.54502111300,"0"
"196483","11","0","01","001","2019","06","08","3","3","5","3","0","0","1","0","1","0","0",795051.50327999995,5827187.04942999966,13.34900597500,52.51476155800,"0"
"196484","11","0","01","001","2019","06","09","1","3","2","6","0","0","1","0","0","0","1",795059.25959000003,5830339.11952000018,13.35191735200,52.54301321400,"0"
"196485","11","0","12","012","2019","06","09","1","3","5","3","0","0","1","0","0","0","0",791190.41837299999,5837723.56321000028,13.30151663000,52.61129447400,"0"
"196486","11","0","02","002","2019","06","08","3","3","5","2","0","1","0","0","0","0","1",799328.01739900000,5826226.81656000018,13.41097596400,52.50382438700,"0"
"196487","11","0","09","009","2019","06","11","1","3","0","2","0","0","1","0","1","0","0",807686.34299999999,5819179.03799999971,13.52723455800,52.43601254700,"0"
"196488","11","0","08","008","2019","06","22","1","3","1","5","1","1","1","0","0","0","0",801648.55818000005,5824159.04679999966,13.44318856900,52.48401275600,"0"
"196489","11","0","05","005","2019","06","07","3","3","3","6","0","0","1","0","1","0","0",784791.24960300000,5828848.61448999960,13.19964403700,52.53511377700,"0"
"196490","11","0","01","001","2019","06","21","1","2","5","3","1","0","1","0","1","0","0",797703.90439100005,5829237.56735000107,13.38981325800,52.53170066400,"0"
"196491","11","0","01","001","2019","06","08","3","3","5","2","0","1","1","0","0","0","0",793687.67731900001,5828003.36235000100,13.32968660700,52.52281547900,"0"
"196492","11","0","01","001","2019","06","21","1","3","1","5","1","1","1","0","0","0","1",793826.04200899997,5830715.71664999891,13.33411808300,52.54705562000,"0"
"196493","11","0","05","005","2019","06","06","3","3","2","2","0","0","1","0","1","0","0",786617.05116300005,5829251.10104000010,13.22683580100,52.53776520100,"0"
"196494","11","0","01","001","2019","06","20","1","2","2","6","0","0","1","0","1","0","0",797156.33096900000,5829196.91614999902,13.38172832200,52.53163506100,"0"
"196495","11","0","01","001","2019","06","08","3","3","5","2","0","0","1","0","0","0","1",797699.06687500002,5830682.02577999979,13.39103624500,52.54465104000,"0"
"196496","11","0","10","010","2019","06","19","1","3","5","7","0","1","1","0","0","0","0",809029.67219800001,5828440.76969000045,13.55551450000,52.51825756500,"0"
"196497","11","0","10","010","2019","06","19","1","3","5","3","0","0","1","0","1","0","0",812399.43659800000,5824300.61364999972,13.60113315900,52.47923718000,"0"
"196498","11","0","09","009","2019","06","07","3","3","5","3","0","1","1","0","0","0","0",811766.92428499996,5818272.86400000006,13.58622311900,52.42558143100,"0"
"196499","11","0","12","012","2019","06","07","3","3","5","2","0","0","1","0","1","0","0",793420.35300000000,5836088.48699999973,13.33290614600,52.59543790700,"0"
"196500","11","0","07","007","2019","06","17","1","3","1","5","0","1","1","0","0","0","0",796303.07813399995,5824279.81854999904,13.36480910600,52.48802242900,"0"
"196501","11","0","07","007","2019","06","17","1","3","1","5","0","1","1","0","0","0","0",797207.53604299994,5822598.73058999982,13.37659191700,52.47246157100,"0"
"196502","11","0","03","003","2019","06","07","3","3","5","2","0","1","1","0","0","0","0",801604.57022999995,5836127.61541000102,13.45340557400,52.59131173500,"0"
"196503","11","0","08","008","2019","06","17","1","3","0","6","0","0","1","0","1","0","0",801744.16020399996,5822065.45256000012,13.44269814700,52.46519466700,"0"
"196504","11","0","05","005","2019","06","06","3","3","5","3","0","1","1","0","0","0","0",784584.55247500003,5830691.05582000036,13.19818340900,52.55174106200,"0"
"196505","11","0","06","006","2019","06","14","1","3","5","3","0","0","1","0","0","0","0",791141.23557300004,5819257.72575999983,13.28462175100,52.44577633400,"0"
"196506","11","0","01","001","2019","06","14","2","3","6","4","0","0","1","1","0","0","0",796978.82406100002,5827022.71984000038,13.37717789000,52.51224252000,"0"
"196507","11","0","03","003","2019","06","14","1","3","5","2","0","0","1","0","0","0","0",797770.20661200001,5835761.24411999993,13.39664159000,52.59014043600,"0"
"196508","11","0","01","001","2019","06","17","2","3","5","7","0","0","1","0","0","0","0",798432.90030500002,5829046.05355000030,13.40035638100,52.52958537700,"0"
"196509","11","0","09","009","2019","06","14","1","3","2","7","0","1","1","0","0","0","0",802292.30938999995,5825488.59097999986,13.45384579500,52.49557350900,"0"
"196510","11","0","06","006","2019","06","14","1","3","5","3","0","1","1","0","0","0","0",785886.59324700001,5817772.06372999959,13.20624849600,52.43522879200,"0"
"196511","11","0","04","004","2019","06","12","2","3","5","2","0","0","1","0","1","0","0",790646.80380500003,5826703.35259999987,13.28385770400,52.51279034500,"0"
"196512","11","0","05","005","2019","07","19","5","3","6","6","0","0","1","1","0","0","0",781052.86852300004,5829607.48171999957,13.14531619600,52.54385903500,"0"
"196513","11","0","02","002","2019","07","19","5","2","5","2","0","1","1","0","0","0","0",798697.57467899995,5824672.44414999895,13.40032154700,52.49023700400,"0"
"196514","11","0","01","001","2019","07","18","5","3","6","7","0","1","0","1","0","0","0",794529.11727799999,5831556.88238000032,13.34520264100,52.55421639000,"0"
"196515","11","0","01","001","2019","07","17","5","2","5","2","0","0","1","0","1","0","0",797014.18000000005,5826726.15899999999,13.37743269500,52.50956492000,"0"
"196516","11","0","09","009","2019","07","17","5","2","5","3","0","1","1","0","0","0","0",814606.32191900001,5821936.31666999962,13.63129294000,52.45678432300,"0"
"196517","11","0","08","008","2019","07","17","5","3","5","2","0","0","1","0","0","0","0",801004.91716700001,5822159.52182000037,13.43193423700,52.46644558300,"0"
"196518","11","0","02","002","2019","07","17","5","3","5","2","0","1","1","0","0","0","0",801431.13349799998,5826069.11514999904,13.44172444700,52.50125312900,"0"
"196519","11","0","01","001","2019","07","16","5","2","0","4","0","1","0","1","0","0","0",798204.96213200002,5828918.51656000037,13.39689182700,52.52856691600,"0"
"196520","11","0","04","004","2019","07","15","5","3","0","7","0","0","0","0","1","0","1",793319.99687100004,5823569.56493999995,13.32037702900,52.48326620200,"1"
"196521","11","0","05","005","2019","07","16","5","2","6","4","0","0","1","1","0","0","0",784468.42912400002,5828145.47338000033,13.19429570200,52.52897798500,"0"
"196522","11","0","03","003","2019","07","16","5","2","5","3","0","1","1","0","0","0","0",804507.70474800002,5841274.48216000013,13.50086670800,52.63582205600,"0"
"196523","11","0","08","008","2019","07","14","5","2","5","3","0","0","1","0","1","0","0",802812.25647499994,5820793.17081999965,13.45721853500,52.45320028500,"0"
"196524","11","0","10","010","2019","07","13","5","3","1","5","0","1","1","0","0","0","0",809296.27361699997,5826661.70940000005,13.55777792000,52.50216301200,"0"
"196525","11","0","02","002","2019","07","13","5","3","1","5","0","0","1","0","1","0","1",802266.60166399996,5826861.36180000007,13.45471430800,52.50789191000,"0"
"196526","11","0","04","004","2019","07","13","5","2","6","4","0","0","1","1","0","0","0",791950.25186099997,5825252.12358000036,13.30173790500,52.49908421900,"0"
"196527","11","0","09","009","2019","07","12","5","3","5","3","0","0","0","0","0","1","1",808641.70348100003,5819167.11369000096,13.54123266600,52.43536745600,"0"
"196528","11","0","08","008","2019","07","09","5","3","2","6","0","0","1","0","0","0","0",802250.65689200000,5819588.72963999957,13.44788945600,52.44271549300,"0"
"196529","11","0","02","002","2019","07","08","5","2","5","3","0","1","1","0","0","0","0",800294.33439600002,5827628.21707999986,13.42643411100,52.51585467100,"0"
"196530","11","0","01","001","2019","07","07","5","3","6","4","0","0","0","1","0","1","0",796677.39509500004,5831904.39022000041,13.37710669700,52.55616545700,"0"
"196531","11","0","01","001","2019","07","07","5","3","5","2","0","1","1","0","0","0","0",800020.23751999997,5826468.06352999900,13.42136112900,52.50560660700,"0"
"196532","11","0","04","004","2019","07","07","5","3","5","3","0","1","1","0","0","0","0",791180.40392600000,5824998.35969000030,13.29020733000,52.49722055200,"0"
"196533","11","0","05","005","2019","07","07","5","3","2","6","0","0","1","0","0","0","0",782859.40862899995,5826898.86591000110,13.16957991000,52.51863780700,"0"
"196534","11","0","01","001","2019","07","07","5","3","3","6","0","1","1","0","0","0","0",797934.08589200000,5827934.10608000029,13.39202873800,52.51989103700,"0"
"196535","11","0","11","011","2019","07","01","5","3","6","4","2","0","1","1","0","0","0",805194.96843799995,5829080.31680999976,13.49976322400,52.52614893500,"0"
"196536","11","0","04","004","2019","07","09","4","3","6","7","0","1","0","0","0","0","1",793700.13059099996,5826365.04738999903,13.32842348300,52.50812210400,"0"
"196537","11","0","03","003","2019","07","22","4","3","0","3","2","0","1","0","1","0","0",799358.46673200000,5829198.78371000104,13.41409732500,52.53044688600,"0"
"196538","11","0","03","003","2019","07","20","4","3","6","7","0","1","0","1","0","0","0",803951.16799999995,5841333.78899999987,13.49272275100,52.63666535900,"0"
"196539","11","0","02","002","2019","07","19","4","2","5","3","0","1","1","0","0","0","0",800771.80412900005,5825611.27166000009,13.43162707400,52.49751315100,"0"
"196540","11","0","01","001","2019","07","17","4","3","5","2","0","1","1","0","0","0","0",798770.34669799998,5827484.83329000045,13.40391358900,52.51540641200,"0"
"196541","11","0","01","001","2019","07","17","4","3","5","2","0","1","1","0","0","0","0",799646.41270099999,5827049.33191999979,13.41639315100,52.51102221900,"0"
"196542","11","0","06","006","2019","07","16","4","3","9","1","0","0","1","0","0","0","0",784216.36239200004,5816204.37997000106,13.18041327000,52.42204287200,"0"
"196543","11","0","08","008","2019","07","16","4","3","1","1","0","0","1","0","1","0","0",801612.08524299995,5821692.49588000029,13.44042286300,52.46192469000,"0"
"196544","11","0","02","002","2019","07","16","4","3","3","6","0","1","1","0","0","0","0",800639.70126400003,5827357.63961999957,13.43126393200,52.51323914800,"0"
"196545","11","0","04","004","2019","07","15","4","2","0","1","0","1","0","0","0","0","0",789228.02109399997,5824032.09269000031,13.26068906300,52.48959586600,"0"