OBJECTID,ULAND,UREGBEZ,UKREIS,UGEMEINDE,UJAHR,UMONAT,USTUNDE,UWOCHENTAG,UKATEGORIE,UART,UTYP1,ULICHTVERH,IstRad,IstPKW,IstFuss,IstKrad,IstGkfz,IstSonstig,LINREFX,LINREFY,XGCSWGS84,YGCSWGS84,STRZUSTAND
"196546","11","0","10","010","2019","07","14","4","3","5","2","0","1","0","0","0","0","1",806629.24381500005,5830238.62349000107,13.52190699300,52.53572511300,"0"
"196547","11","0","05","005","2019","07","23","4","2","7","7","2","0","0","0","0","0","1",781976.50142400002,5830602.30815999955,13.15974487100,52.55230181000,"0"
"196548","11","0","07","007","2019","07","22","4","3","0","3","2","0","1","0","0","0","1",798279.55964700005,5820992.98983999994,13.39089276000,52.45748367000,"0"
"196549","11","0","04","004","2019","07","20","4","3","1","5","0","0","1","0","0","0","1",792325.39867999998,5825514.58772000019,13.30747892900,52.50123632400,"0"
"196550","11","0","01","001","2019","07","13","4","3","1","7","0","0","1","0","1","0","0",794213.92654300004,5828585.72197999991,13.33793593500,52.52775226700,"0"
"196551","11","0","08","008","2019","07","13","4","3","0","2","0","0","0","0","1","0","1",804137.94342300005,5817801.69019000046,13.47394527900,52.42565213400,"0"
"196552","11","0","09","009","2019","07","09","4","3","2","6","0","1","0","0","0","0","0",819343.83103400003,5818461.07139000110,13.69746043400,52.42289887900,"0"
"196553","11","0","07","007","2019","07","12","4","3","5","7","0","0","1","0","1","0","0",798480.55208399997,5820974.85118999891,13.39382585400,52.45721134900,"0"
"196554","11","0","02","002","2019","07","11","4","3","2","6","0","0","1","0","0","0","0",799832.55641600001,5825751.19175000023,13.41795874800,52.49928413500,"0"
"196555","11","0","04","004","2019","07","11","4","3","5","5","0","1","1","0","0","0","0",793913.86695000005,5825509.13030999899,13.33080809000,52.50033413600,"0"
"196556","11","0","01","001","2019","07","10","4","3","5","2","0","1","1","0","0","0","0",797304.04780599999,5827235.51431000046,13.38214625400,52.51397281800,"0"
"196557","11","0","01","001","2019","07","07","4","3","1","5","0","1","1","0","0","0","0",797087.48647799995,5831427.36208000034,13.38271096800,52.55166592200,"0"
"196558","11","0","02","002","2019","07","09","4","3","6","7","0","1","0","1","0","0","0",797213.81062600005,5826363.23457999993,13.38004150100,52.50620297600,"0"
"196559","11","0","01","001","2019","07","09","4","3","5","3","0","1","0","0","0","1","0",796934.93931499997,5830171.94166000001,13.37934533000,52.54049571100,"0"
"196560","11","0","09","009","2019","07","09","4","3","0","1","0","1","0","0","0","0","0",804146.00764900004,5822931.72168000042,13.47873425700,52.47162720800,"0"
"196561","11","0","05","005","2019","07","09","4","3","0","3","0","0","1","0","1","0","0",784733.08565699996,5831859.36938000005,13.20137043800,52.56213845200,"0"
"196562","11","0","12","012","2019","07","16","4","3","9","1","0","0","1","0","0","0","0",795662.23957400001,5832966.59754000045,13.36312303300,52.56623918200,"0"
"196563","11","0","11","011","2019","07","09","4","3","5","2","0","1","1","0","0","0","0",804149.52490299998,5830425.11856999900,13.48563118900,52.53878604900,"0"
"196564","11","0","12","012","2019","07","15","4","2","1","7","0","0","1","0","0","0","1",794130.68796300003,5833595.52044000011,13.34115018600,52.57270665000,"0"
"196565","11","0","04","004","2019","07","15","4","3","0","1","0","0","0","0","1","0","0",792085.25670699996,5825779.57029000018,13.30418367600,52.50374043800,"0"
"196566","11","0","11","011","2019","07","15","4","3","1","5","0","1","1","0","0","0","0",804218.08696600003,5828419.92423000094,13.48480415300,52.52077605800,"0"
"196567","11","0","10","010","2019","07","15","4","2","5","2","0","0","0","0","1","0","1",810012.88942999998,5832313.04488999955,13.57357022000,52.55240099400,"0"
"196568","11","0","05","005","2019","07","15","4","3","0","2","0","1","1","0","0","0","0",783579.25769999996,5830206.82383000106,13.18298281100,52.54792371000,"0"
"196569","11","0","04","004","2019","07","14","4","3","2","7","0","0","1","0","0","0","0",793010.26655800000,5825555.51348000020,13.31757552400,52.50123588700,"0"
"196570","11","0","04","004","2019","07","14","4","3","5","2","0","1","1","0","0","0","0",793918.89917500003,5825642.45882000029,13.33099968600,52.50152664900,"0"
"196571","11","0","09","009","2019","07","08","4","3","5","2","0","1","1","0","0","0","0",807684.37581600004,5817719.64472999983,13.52586305300,52.42293423100,"0"
"196572","11","0","03","003","2019","07","07","4","3","0","1","0","1","0","0","0","0","0",800084.51080299995,5837521.35711000022,13.43229710600,52.60464478300,"0"
"196573","11","0","09","009","2019","07","07","4","3","5","3","0","1","0","0","1","0","0",808503.43081100006,5818725.83861999959,13.53879795700,52.43149071900,"0"
"196574","11","0","04","004","2019","07","00","4","3","7","7","2","0","1","0","0","0","0",789433.46779799997,5830626.72040999960,13.26944431600,52.54860930500,"0"
"196575","11","0","06","006","2019","07","14","4","3","5","3","0","1","1","0","0","0","0",790189.17722800002,5815243.82785000093,13.26717007300,52.41029652300,"0"
"196576","11","0","07","007","2019","07","14","4","2","2","6","0","0","1","0","0","0","1",796473.96804399998,5819817.56283000018,13.36335361600,52.44792938400,"0"
"196577","11","0","09","009","2019","07","13","4","3","4","6","0","0","1","0","0","0","0",803795.08299599995,5821086.96508000046,13.47190466500,52.45528821100,"0"
"196578","11","0","02","002","2019","07","15","4","3","3","6","0","1","1","0","0","0","0",801457.09859900002,5828047.33803000022,13.44389747800,52.51896986600,"0"
"196579","11","0","01","001","2019","07","13","4","3","1","5","0","1","1","0","0","0","0",797041.16866400000,5828391.82956000045,13.37931632700,52.52448113500,"0"
"196580","11","0","04","004","2019","07","13","4","3","5","7","0","1","1","0","0","0","0",792219.40718600003,5826491.16055999976,13.30677910500,52.51004785500,"0"
"196581","11","0","04","004","2019","07","12","4","3","3","6","0","1","1","0","0","0","0",792727.83539699996,5826153.62378999963,13.31395251000,52.50674934800,"0"
"196582","11","0","01","001","2019","07","19","3","3","0","6","0","0","1","0","1","0","0",798081.03248800000,5830001.80262999982,13.39604187900,52.53834491700,"0"
"196583","11","0","08","008","2019","07","13","3","3","0","6","0","0","1","0","0","0","1",802140.02430799999,5822692.27434000000,13.44907512600,52.47059419900,"0"
"196584","11","0","04","004","2019","07","08","3","3","0","7","0","1","0","0","0","0","0",792813.05371200002,5824367.05204000045,13.31363380100,52.49068754600,"1"
"196585","11","0","11","011","2019","07","19","3","3","5","3","0","1","0","0","0","0","1",807974.21706399997,5823866.32027999964,13.53577925400,52.47785844800,"0"
"196586","11","0","07","007","2019","07","22","3","3","0","7","2","0","0","0","1","0","0",795926.54808099999,5825376.80547000095,13.36025429800,52.49806022900,"0"
"196587","11","0","04","004","2019","07","15","3","3","5","3","0","1","1","0","0","0","0",792901.38791699999,5826967.89680000022,13.31721887500,52.51395587100,"0"
"196588","11","0","03","003","2019","07","15","3","3","2","6","0","0","1","0","1","0","0",799192.19654699997,5831774.97522000037,13.41397364500,52.55362974200,"0"
"196589","11","0","09","009","2019","07","14","3","3","5","2","0","0","1","0","0","0","1",807790.93879000004,5817234.08322999906,13.52697857700,52.41852259000,"0"
"196590","11","0","01","001","2019","07","16","3","3","2","2","0","0","1","0","0","0","0",796582.87503999996,5826871.07201999985,13.37122531300,52.51109858000,"0"
"196591","11","0","07","007","2019","07","14","3","2","5","7","0","0","1","0","1","0","0",795484.79819200002,5825579.02828999981,13.35394529200,52.50011235900,"0"
"196592","11","0","04","004","2019","07","14","3","3","6","7","0","1","0","1","0","0","0",793786.83872200001,5825471.70696999971,13.32890912600,52.50006705700,"0"
"196593","11","0","02","002","2019","07","22","3","3","2","6","2","0","1","0","1","0","0",799043.25281900004,5825050.90300999954,13.40573729100,52.49344011400,"0"
"196594","11","0","04","004","2019","07","21","3","3","5","2","0","0","1","0","1","0","0",791026.21549300000,5826041.63638000004,13.28885426400,52.50665576800,"0"
"196595","11","0","05","005","2019","07","20","3","3","2","6","1","0","1","0","0","0","0",783692.62093800004,5830033.71633000020,13.18450226900,52.54631257900,"0"
"196596","11","0","01","001","2019","07","13","3","2","5","7","0","0","1","0","1","0","0",796261.77691300004,5832173.79899000097,13.37123465200,52.55880667100,"0"
"196597","11","0","04","004","2019","07","12","3","3","2","6","0","0","1","0","1","0","0",794133.68699700001,5825463.78323999979,13.33399701400,52.49980918400,"0"
"196598","11","0","01","001","2019","07","19","3","3","3","6","0","1","0","1","0","0","1",797375.47155000002,5828942.17210999969,13.38472151300,52.52923207500,"0"
"196599","11","0","06","006","2019","07","18","3","3","5","3","0","1","1","0","0","0","0",785940.92150199995,5817242.41371999960,13.20659250300,52.43045152400,"0"
"196600","11","0","07","007","2019","07","18","3","2","0","7","0","1","0","1","0","0","0",796554.61121200002,5824856.56369000021,13.36901599900,52.49305583300,"0"
"196601","11","0","02","002","2019","07","12","3","3","6","4","0","1","0","1","0","0","0",801208.09306200000,5827484.46571999975,13.43972920600,52.51406233800,"0"
"196602","11","0","02","002","2019","07","18","3","3","0","6","0","0","0","0","0","0","1",799786.03390299994,5824820.62220000010,13.41643805100,52.49096855600,"0"
"196603","11","0","08","008","2019","07","17","3","3","0","3","0","1","1","0","0","0","0",802275.81207300001,5816644.39630000014,13.44559714600,52.41631090900,"0"
"196604","11","0","09","009","2019","07","17","3","3","0","1","0","1","1","0","0","0","0",806478.43449999997,5821587.40335999988,13.51173090700,52.45827541800,"0"
"196605","11","0","07","007","2019","07","17","3","3","2","6","0","0","1","0","1","0","0",798476.21655500005,5821921.28677000105,13.39460853500,52.46569737600,"0"
"196606","11","0","06","006","2019","07","17","3","2","1","5","0","1","0","0","0","0","1",789956.34493899997,5819061.72135999985,13.26706664900,52.44464875500,"0"
"196607","11","0","04","004","2019","07","17","3","3","5","3","0","1","1","0","0","0","0",790738.32933500002,5822655.65904000029,13.28167000500,52.47645372700,"0"
"196608","11","0","11","011","2019","07","15","3","3","6","4","0","1","0","1","0","0","0",804348.31283499999,5830822.15773999970,13.48891685100,52.54223354400,"0"
"196609","11","0","11","011","2019","07","10","3","3","5","3","0","0","1","0","0","0","0",807665.82989800000,5824538.78012000024,13.53187333800,52.48405890100,"0"
"196610","11","0","02","002","2019","07","16","3","3","5","2","0","1","1","0","0","0","0",802037.55900000001,5826153.00600000005,13.45070722800,52.50166973500,"0"
"196611","11","0","08","008","2019","07","16","3","3","5","3","0","1","1","0","0","0","0",802968.20577100001,5818341.67150999978,13.45728393100,52.43114096000,"0"
"196612","11","0","01","001","2019","07","16","3","3","1","5","0","1","1","0","0","0","0",798013.91003200004,5831379.04994000029,13.39629077900,52.55072679800,"0"
"196613","11","0","01","001","2019","07","16","3","3","5","3","0","1","1","0","0","0","0",794748.18198300002,5830415.03567999974,13.34741090000,52.54386211500,"0"
"196614","11","0","09","009","2019","07","15","3","3","5","2","0","0","1","0","0","0","1",809401.46657000005,5821504.76002999954,13.55453792700,52.45588793800,"0"
"196615","11","0","11","011","2019","07","15","3","2","2","6","0","0","1","0","0","0","0",804605.96563100000,5827491.13532000035,13.48965292600,52.51223521800,"0"
"196616","11","0","05","005","2019","07","15","3","3","6","4","0","0","1","1","0","0","0",784794.11785499996,5828779.66000999976,13.19962711900,52.53449403400,"0"
"196617","11","0","07","007","2019","07","10","3","2","5","2","0","0","1","0","0","0","0",797613.97328300006,5815560.66119999997,13.37629037400,52.40915096300,"0"
"196618","11","0","04","004","2019","07","10","3","3","5","2","0","1","1","0","0","0","0",792849.32465900003,5824354.89690999966,13.31415580500,52.49055912200,"0"
"196619","11","0","08","008","2019","07","10","3","3","5","2","0","1","1","0","0","0","0",801385.40967099997,5819265.64231000096,13.43490667000,52.44029711000,"0"
"196620","11","0","12","012","2019","07","07","4","2","2","6","0","1","1","0","0","0","0",794365.30965700001,5833745.40098000038,13.34473525900,52.57392337200,"0"
"196621","11","0","01","001","2019","07","09","3","3","5","7","0","1","1","0","0","0","0",796261.97400000005,5825958.40600000042,13.36569836800,52.50309176000,"0"
"196622","11","0","07","007","2019","07","09","3","3","5","2","0","0","1","0","1","0","0",797845.40099999995,5822205.32899999991,13.38560385300,52.46858773900,"0"
"196623","11","0","04","004","2019","07","16","4","3","6","4","0","0","1","1","0","0","0",791449.89709999994,5824359.27888999972,13.29360678700,52.49134737600,"0"
"196624","11","0","10","010","2019","07","07","4","2","5","3","0","1","1","0","0","0","0",809546.63891099999,5827716.50514999963,13.56243532400,52.51147378700,"0"
"196625","11","0","09","009","2019","07","06","3","3","5","2","0","0","1","0","0","0","0",806212.33246700000,5820262.21468000021,13.50661173300,52.44654765100,"0"
"196626","11","0","01","001","2019","07","06","3","3","2","2","0","0","1","0","0","0","0",795576.15026699996,5830791.65873000026,13.35991986100,52.54678965900,"0"
"196627","11","0","04","004","2019","07","16","4","3","2","6","0","0","1","0","0","0","0",792572.25172800000,5825446.29373999964,13.31104518000,52.50049178800,"0"
"196628","11","0","12","012","2019","07","06","3","3","5","3","0","1","1","0","0","0","0",790795.48938100005,5834062.95325000025,13.29248616800,52.57868932500,"0"
"196629","11","0","04","004","2019","07","18","4","3","5","3","0","0","1","0","0","0","0",793162.55573799997,5826882.53062999900,13.32098126000,52.51305028400,"0"
"196630","11","0","01","001","2019","07","04","3","2","5","3","1","0","1","0","0","0","0",794493.34825499996,5830684.01802000031,13.34390244500,52.54641114700,"0"
"196631","11","0","10","010","2019","07","01","3","3","5","2","2","0","1","0","0","0","1",806320.38899999997,5830210.04600000009,13.51734132000,52.53564266700,"0"
"196632","11","0","06","006","2019","07","16","4","3","6","4","0","0","1","1","0","0","0",793406.19991600001,5820902.20287000109,13.31929677400,52.45930788000,"0"
"196633","11","0","08","008","2019","07","00","3","2","6","4","2","0","1","1","0","0","0",801425.09821900004,5818738.67045999970,13.43501358300,52.43555180900,"0"
"196634","11","0","08","008","2019","07","15","4","2","5","2","0","1","1","0","0","0","0",800175.46400000004,5823650.66399999987,13.42110296500,52.48026771400,"0"
"196635","11","0","07","007","2019","07","06","3","3","5","3","0","0","0","0","0","0","1",794238.30157799996,5822030.51410000026,13.33250313200,52.46897529800,"0"
"196636","11","0","06","006","2019","07","08","4","3","0","1","0","0","0","0","1","0","0",790379.65794399998,5815129.96666000038,13.26986385500,52.40917471500,"0"
"196637","11","0","04","004","2019","07","09","4","3","2","6","0","0","1","0","0","0","0",790158.36503400002,5827328.97254000045,13.27722599000,52.51865915200,"0"
"196638","11","0","01","001","2019","07","15","2","3","6","4","0","1","0","1","0","0","0",797836.54964500002,5826975.18328000046,13.38973712700,52.51134875700,"0"
"196639","11","0","07","007","2019","07","18","2","3","0","7","0","1","1","0","0","0","0",797948.91667299997,5821417.28160000034,13.38641963800,52.46146732900,"0"
"196640","11","0","12","012","2019","07","00","4","2","0","1","2","0","1","0","0","0","0",794770.93344800000,5836686.18114999961,13.35331963800,52.60006532700,"0"
"196641","11","0","04","004","2019","07","11","2","3","5","3","0","0","0","0","1","1","0",794468.86629200005,5825860.37385000102,13.33927112900,52.50318361700,"0"
"196642","11","0","01","001","2019","07","00","4","3","5","2","2","0","0","0","0","0","1",796704.69958500005,5831929.93539999984,13.37753109600,52.55637956500,"0"
"196643","11","0","08","008","2019","07","15","2","3","6","4","0","0","1","1","0","0","0",801547.66776999994,5817370.59709999990,13.43557757100,52.42322174300,"0"
"196644","11","0","01","001","2019","07","19","4","3","6","4","0","1","0","1","0","0","0",796558.82638999994,5830997.56754000019,13.37455292600,52.54810137300,"0"
"196645","11","0","07","007","2019","07","21","2","3","0","1","0","0","0","0","1","0","0",795888.80333899998,5820842.60500000045,13.35567669100,52.45743515500,"0"
"196646","11","0","01","001","2019","07","08","4","3","6","7","0","0","1","1","0","0","0",794116.20100000000,5827798.20399999991,13.33580305100,52.52074537400,"0"
"196647","11","0","02","002","2019","07","19","2","2","5","2","0","1","1","0","0","0","0",801753.67626500002,5826263.56995000038,13.44663792600,52.50281778700,"0"
"196648","11","0","04","004","2019","07","19","2","2","5","2","0","0","1","0","0","0","0",792084.46157299995,5827960.64441000018,13.30608644200,52.52329371800,"0"
"196649","11","0","04","004","2019","07","17","4","1","2","2","0","1","1","0","0","0","0",792405.92243399995,5826526.15813999996,13.30955029900,52.51026165300,"0"
"196650","11","0","11","011","2019","07","22","3","3","0","1","2","1","0","0","0","0","0",803372.65614600002,5830090.72621999960,13.47390658300,52.53622201200,"0"
"196651","11","0","03","003","2019","07","19","2","3","4","2","0","1","1","0","0","0","0",798839.93649999995,5832388.22943999991,13.40934561200,52.55932002000,"0"
"196652","11","0","09","009","2019","07","14","3","3","0","1","0","1","0","0","0","0","0",806321.43591000000,5819658.86149999965,13.50765894200,52.44107902200,"0"
"196653","11","0","06","006","2019","07","18","2","2","2","7","0","0","1","0","1","0","1",795861.12668200000,5819280.72410999890,13.35388703700,52.44344898200,"0"
"196654","11","0","08","008","2019","07","18","3","3","5","2","0","1","1","0","0","0","0",801318.65323000005,5819557.92224999890,13.43419107300,52.44295370200,"0"
"196655","11","0","01","001","2019","07","17","2","3","0","1","0","0","0","0","1","0","0",795305.59482100001,5827367.06476000044,13.35289926700,52.51623774000,"0"
"196656","11","0","11","011","2019","07","17","3","3","5","2","0","0","1","0","0","0","0",804697.85043200001,5831161.34786999971,13.49436616200,52.54507818000,"0"
"196657","11","0","07","007","2019","07","16","2","2","0","1","0","0","0","0","0","0","1",798097.59886899998,5817032.37722000014,13.38469011000,52.42208030600,"0"
"196658","11","0","01","001","2019","07","16","2","3","2","6","0","0","1","0","0","0","0",797114.76957200002,5831888.55857999995,13.38352492900,52.55578510900,"0"
"196659","11","0","04","004","2019","07","17","3","2","5","7","0","0","1","0","1","0","0",793924.72109899996,5825797.95163000096,13.33122246000,52.50291742700,"0"
"196660","11","0","01","001","2019","07","12","2","3","5","7","0","0","1","0","0","1","0",797079.08900000004,5831451.19900000002,13.38260880800,52.55188417100,"0"
"196661","11","0","02","002","2019","07","17","3","3","1","5","0","1","1","0","0","0","0",799849.62503500003,5826001.42975000106,13.41843474200,52.50151775300,"0"
"196662","11","0","06","006","2019","07","11","2","3","5","3","0","1","1","0","0","0","0",793380.32531999995,5820364.99607999995,13.31844499100,52.45450586900,"0"
"196663","11","0","05","005","2019","07","17","3","3","1","5","0","1","1","0","0","0","0",784728.59252299997,5827275.49658000004,13.19737553000,52.52104193000,"0"
"196664","11","0","02","002","2019","07","12","2","3","5","7","0","0","1","0","1","0","0",799377.73054899997,5826178.60628999956,13.41166284400,52.50336497900,"0"
"196665","11","0","04","004","2019","07","15","3","2","1","1","0","0","1","1","0","0","0",791632.33577899996,5828622.50454999972,13.30002183500,52.52946919600,"0"
"196666","11","0","05","005","2019","07","10","2","3","5","2","0","0","1","0","0","0","0",786432.15937699995,5831178.15350000001,13.22577920800,52.55513972900,"0"
"196667","11","0","11","011","2019","07","10","2","2","5","2","0","1","0","0","0","0","1",806032.49706600001,5825652.90330000035,13.50891882200,52.49496194000,"0"
"196668","11","0","06","006","2019","07","14","3","3","5","3","0","1","0","0","0","1","0",784846.07723299996,5817638.60152000003,13.19087021300,52.43457502600,"0"
"196669","11","0","05","005","2019","07","14","3","3","0","3","0","0","1","0","1","0","0",785221.51086000004,5830571.99985999987,13.20745001500,52.55034044400,"0"
"196670","11","0","12","012","2019","07","11","2","3","0","1","0","0","0","0","1","0","0",793562.48942300002,5832368.64391999971,13.33170431400,52.56201522800,"0"
"196671","11","0","08","008","2019","07","16","2","3","1","5","0","1","1","0","0","0","0",801602.16641599999,5824093.76257999986,13.44244840000,52.48345322800,"0"
"196672","11","0","04","004","2019","07","11","3","3","5","3","0","1","1","0","0","0","0",789629.97282499995,5827415.72740999982,13.26953601500,52.51971782000,"0"
"196673","11","0","01","001","2019","07","09","2","2","5","3","0","1","1","0","0","0","0",799718.83723700000,5827562.51688000001,13.41791934700,52.51558233200,"0"
"196674","11","0","12","012","2019","07","15","2","2","5","2","0","0","1","0","1","0","0",792400.61906699999,5835221.18517000042,13.31712879900,52.58821220700,"0"
"196675","11","0","12","012","2019","07","11","3","3","2","6","0","0","1","0","0","0","0",795004.60710499994,5836325.20569999982,13.35643818500,52.59670280000,"0"
"196676","11","0","01","001","2019","07","11","3","2","5","2","0","0","1","0","1","0","0",800028.83631499996,5827069.46506000031,13.42202949200,52.51099247900,"0"
"196677","11","0","04","004","2019","07","08","2","3","1","5","0","1","0","0","0","0","1",792636.42805900006,5822775.05578000005,13.30964224600,52.47651038700,"0"
"196678","11","0","06","006","2019","07","11","3","3","2","6","0","0","1","0","0","0","0",793233.70935599995,5816839.58574999962,13.31320051800,52.42298000900,"0"
"196679","11","0","04","004","2019","07","07","2","3","5","3","0","0","1","0","0","0","0",791297.68607699999,5830670.85627999995,13.29689839600,52.54801129700,"0"
"196680","11","0","01","001","2019","07","10","3","3","2","6","0","0","1","0","0","0","0",798164.68378800002,5829835.83526999969,13.39712268700,52.53681148200,"0"
"196681","11","0","09","009","2019","07","06","2","3","5","2","0","0","1","0","0","0","0",805345.67340099998,5822386.47687000036,13.49584213000,52.46607119700,"0"
"196682","11","0","01","001","2019","07","08","3","3","0","2","0","1","0","0","1","0","0",797418.37089799996,5828891.96729999967,13.38530712700,52.52875864600,"0"
"196683","11","0","01","001","2019","07","06","2","3","5","2","0","0","1","0","0","0","0",799247.02241800004,5828469.03906999901,13.41180260300,52.52396702100,"0"
"196684","11","0","05","005","2019","07","06","2","3","3","6","0","0","0","0","1","1","0",786046.82965099998,5829180.60063000023,13.21839066400,52.53743272800,"0"
"196685","11","0","07","007","2019","07","08","3","2","5","3","0","1","1","0","0","0","0",800683.44323199999,5813934.66559999995,13.41982110500,52.39289913900,"0"
"196686","11","0","09","009","2019","07","05","2","3","0","1","1","0","0","0","1","0","0",806343.11023100000,5822225.68560000043,13.51033123500,52.46407181800,"0"
"196687","11","0","04","004","2019","07","06","3","3","5","2","1","0","1","0","0","0","0",793352.20600000001,5829681.35099999979,13.32623697000,52.53803842500,"0"
"196688","11","0","08","008","2019","07","02","2","3","5","3","2","0","1","0","0","0","0",800445.52147799998,5823705.80369000044,13.42511728500,52.48061344500,"0"
"196689","11","0","11","011","2019","07","22","3","3","2","6","2","0","1","0","0","0","0",803676.58828799997,5826244.02338000014,13.47486250700,52.50157586000,"0"
"196690","11","0","04","004","2019","07","07","2","3","0","3","0","1","1","0","0","0","0",792892.45659700001,5822847.58877000026,13.31346486800,52.47702338400,"0"
"196691","11","0","03","003","2019","07","22","3","3","5","2","2","0","1","0","0","0","0",802824.01000000001,5832152.32600000035,13.46772188500,52.55500482000,"0"
"196692","11","0","04","004","2019","07","01","2","2","1","5","2","1","1","0","0","0","0",793793.82491099997,5825851.06787999999,13.32934644800,52.50346408300,"0"
"196693","11","0","10","010","2019","07","14","2","2","1","1","0","0","1","0","0","1","0",809087.19821399997,5830371.55346000008,13.55815426600,52.53552807500,"0"
"196694","11","0","04","004","2019","07","20","3","3","2","7","1","0","1","0","0","0","0",792669.24717400002,5825766.67638000008,13.31275159500,52.50331191300,"0"
"196695","11","0","01","001","2019","07","19","3","3","2","6","0","0","1","0","1","0","0",794409.78914999997,5830555.46494999900,13.34255980900,52.54530392300,"0"
"196696","11","0","09","009","2019","07","14","2","3","6","2","0","0","1","1","0","0","0",810693.70100000000,5819447.69699999969,13.57158171600,52.43672031800,"0"
"196697","11","0","01","001","2019","07","14","2","3","2","2","0","0","1","0","0","0","0",795419.92563600000,5827461.11679999996,13.35466276300,52.51701892300,"0"
"196698","11","0","12","012","2019","07","19","3","3","6","2","0","0","1","1","0","0","0",790029.12343599997,5835374.08449000027,13.28235566000,52.59085255900,"0"
"196699","11","0","08","008","2019","07","14","2","2","5","2","0","0","1","0","1","0","0",803341.21515199996,5822143.05317000020,13.46620537000,52.46500592600,"0"
"196700","11","0","07","007","2019","07","19","3","2","5","2","0","1","1","0","0","0","0",795075.37847899995,5825803.53914000001,13.34813034800,52.50234647800,"0"
"196701","11","0","04","004","2019","07","13","2","3","5","2","0","1","1","0","0","0","0",791183.67787999997,5826476.59910999890,13.29154822100,52.51047116900,"0"
"196702","11","0","07","007","2019","07","13","2","3","2","6","0","0","1","0","0","0","0",798038.18813000002,5815811.25772999972,13.38273156500,52.41116655000,"0"
"196703","11","0","03","003","2019","07","12","2","3","5","3","0","0","1","0","0","0","0",800324.13247499999,5831578.09023999982,13.43044080000,52.55124206000,"0"
"196704","11","0","09","009","2019","07","19","3","3","2","6","0","0","1","0","0","0","0",803038.00850800006,5820914.66416999977,13.46064078800,52.45416412900,"0"
"196705","11","0","04","004","2019","07","13","2","2","5","7","0","0","1","0","1","0","0",792672.48116299999,5830660.67980999965,13.31710644300,52.54718319700,"0"
"196706","11","0","04","004","2019","07","12","2","3","2","6","0","0","1","0","0","0","0",791524.18068800005,5822504.02517999988,13.29307536100,52.47467543200,"0"
"196707","11","0","10","010","2019","06","16","1","3","5","3","0","0","1","0","1","0","0",810780.18063700001,5824530.56316999905,13.57758137700,52.48222170400,"0"
"196708","11","0","04","004","2019","06","03","1","2","0","7","2","1","0","0","0","0","0",793158.13296399999,5827434.96970999893,13.32140301700,52.51800505100,"0"
"196709","11","0","01","001","2019","07","12","2","3","6","4","0","0","1","1","0","0","0",793525.95694700000,5829210.27364000026,13.32837535700,52.53372190700,"0"
"196710","11","0","07","007","2019","06","01","1","3","1","1","2","0","1","0","0","0","1",794778.08934499999,5823180.56505999994,13.34144285900,52.47899384500,"0"
"196711","11","0","02","002","2019","06","22","1","2","0","7","2","1","0","0","0","0","0",799601.13412700000,5824503.21550999954,13.41343753300,52.48822498300,"0"
"196712","11","0","09","009","2019","07","11","2","3","0","1","0","0","0","0","1","0","0",810268.36727399996,5821460.14309999999,13.56721370000,52.45499671200,"1"
"196713","11","0","05","005","2019","06","20","1","3","1","5","0","0","1","0","1","0","0",779536.65961800003,5820269.88245000038,13.11517684200,52.46090938000,"0"
"196714","11","0","02","002","2019","07","10","2","3","3","6","0","1","0","0","0","0","0",799955.65466600005,5825745.24526999891,13.41976135300,52.49916318800,"0"
"196715","11","0","10","010","2019","06","19","1","3","5","2","0","1","1","0","0","0","0",811146.47605099995,5831554.51176999975,13.58952496300,52.54495725600,"0"
"196716","11","0","09","009","2019","06","19","1","2","2","6","0","0","1","0","0","0","0",815064.51828099997,5820951.43357000034,13.63708499300,52.44769506500,"0"
"196717","11","0","09","009","2019","07","09","2","3","5","3","0","1","1","0","0","0","0",811469.49156500003,5819215.16151999962,13.58274055100,52.43419524400,"0"
"196718","11","0","08","008","2019","07","08","2","3","2","6","0","0","1","0","0","0","0",802330.97881500004,5817854.89993999992,13.44749966600,52.42713045400,"0"
"196719","11","0","02","002","2019","06","19","1","3","5","2","0","1","1","0","0","0","0",798928.81187400001,5826354.02833999973,13.40522628400,52.50518351500,"0"
"196720","11","0","03","003","2019","06","16","1","3","5","3","0","1","1","0","0","0","0",799820.37776599999,5839323.76118999906,13.43004192800,52.62094572300,"0"
"196721","11","0","01","001","2019","07","08","2","3","1","5","0","1","1","0","0","0","0",799418.43889999995,5827294.22790999897,13.41326428300,52.51334252300,"0"
"196722","11","0","08","008","2019","06","15","1","2","5","3","0","1","1","0","0","0","0",801850.27294499998,5823048.38686999958,13.44514466200,52.47394627200,"0"
"196723","11","0","01","001","2019","07","07","2","3","5","3","0","0","1","0","0","1","0",798905.89354199998,5826711.27527000103,13.40521038900,52.50839829000,"0"
"196724","11","0","07","007","2019","06","14","1","2","6","7","0","0","1","1","0","0","0",798432.27837499999,5818434.75195000041,13.39084857100,52.43446863900,"0"
"196725","11","0","08","008","2019","07","06","2","3","5","3","0","1","1","0","0","0","0",801443.29586299998,5822513.52073999960,13.43868762200,52.46937688300,"0"
"196726","11","0","02","002","2019","06","14","1","3","5","2","0","0","1","0","1","0","0",799988.28348099999,5826203.90828000009,13.42065374800,52.50325644400,"0"