OBJECTID,ULAND,UREGBEZ,UKREIS,UGEMEINDE,UJAHR,UMONAT,USTUNDE,UWOCHENTAG,UKATEGORIE,UART,UTYP1,ULICHTVERH,IstRad,IstPKW,IstFuss,IstKrad,IstGkfz,IstSonstig,LINREFX,LINREFY,XGCSWGS84,YGCSWGS84,STRZUSTAND
"196727","11","0","12","012","2019","07","03","2","3","9","1","2","0","1","0","0","0","0",792360.12068199995,5834078.23182000034,13.31552441100,52.57798791500,"0"
"196728","11","0","04","004","2019","06","09","1","3","1","5","0","1","1","0","0","0","0",792731.97691700002,5826231.61376000009,13.31408193700,52.50744628200,"0"
"196729","11","0","05","005","2019","06","13","1","3","1","5","0","0","1","0","0","0","0",784581.65125200001,5828258.84355000034,13.19605727100,52.52993536700,"0"
"196730","11","0","02","002","2019","07","18","2","3","6","4","0","1","0","1","0","0","0",798368.60257100000,5826331.87117999978,13.39697722500,52.50529154600,"0"
"196731","11","0","07","007","2019","07","16","2","3","5","2","0","1","1","0","0","0","0",796154.77254699997,5824372.78280999977,13.36271392700,52.48893624400,"1"
"196732","11","0","03","003","2019","06","12","1","3","5","2","0","0","1","0","0","0","0",803004.63169700000,5832010.45724000037,13.47024839300,52.55363283200,"0"
"196733","11","0","12","012","2019","07","15","2","3","2","2","0","0","1","0","0","0","0",789911.19689999998,5835708.50243999995,13.28091244100,52.59391346800,"0"
"196734","11","0","08","008","2019","06","12","1","3","5","7","0","1","1","0","0","0","0",803474.13598799997,5817722.00346999895,13.46414042300,52.42530646100,"0"
"196735","11","0","03","003","2019","07","15","2","3","5","2","0","1","1","0","0","0","0",796755.71465500002,5834013.36562999897,13.38014503000,52.57502726600,"0"
"196736","11","0","02","002","2019","06","11","1","3","2","2","0","1","1","0","0","0","0",799900.57971700002,5825981.66535999998,13.41916536000,52.50131259500,"0"
"196737","11","0","07","007","2019","07","14","2","2","3","6","0","0","1","0","0","0","1",795277.84817300003,5821864.86211999971,13.34761553000,52.46692946100,"1"
"196738","11","0","03","003","2019","06","11","1","3","3","6","0","1","1","0","0","0","0",800658.30299999996,5831907.51800000016,13.43565281800,52.55401043000,"0"
"196739","11","0","08","008","2019","07","14","2","3","2","6","0","0","1","0","0","0","0",800354.77158900001,5824288.33466000017,13.42430984400,52.48588482800,"1"
"196740","11","0","11","011","2019","06","10","1","3","5","3","0","0","1","0","0","1","0",804756.00209900003,5830828.47388000041,13.49491566700,52.54206229100,"0"
"196741","11","0","10","010","2019","06","10","1","3","5","3","0","1","1","0","0","0","0",809009.16751800000,5828147.12129999977,13.55494055300,52.51563758100,"0"
"196742","11","0","10","010","2019","07","14","2","3","5","2","0","1","1","0","0","0","0",810594.78282500000,5825410.46282000002,13.57567994400,52.49021243700,"0"
"196743","11","0","04","004","2019","06","09","1","3","1","5","0","1","1","0","0","0","0",792654.12432099995,5824213.90101000108,13.31116519800,52.48939981400,"0"
"196744","11","0","06","006","2019","07","14","2","3","2","5","0","0","0","0","1","0","1",793812.04005299998,5820841.25444000028,13.32519911900,52.45854346000,"1"
"196745","11","0","06","006","2019","06","08","1","2","0","1","0","1","0","0","0","0","0",790831.17004999996,5817467.49371999968,13.27851474200,52.42989156300,"0"
"196746","11","0","01","001","2019","06","11","7","3","5","5","0","1","1","0","0","0","0",794158.49190999998,5831550.74791000038,13.33974641200,52.55436170000,"0"
"196747","11","0","07","007","2019","07","14","2","3","2","6","0","0","1","0","1","0","0",797713.53780599998,5820780.20346000046,13.38239726600,52.45588488200,"1"
"196748","11","0","10","010","2019","06","02","7","3","5","3","2","0","1","0","0","0","0",808205.92777399998,5829234.05841000099,13.54414800200,52.52583306100,"0"
"196749","11","0","09","009","2019","07","13","2","3","0","4","0","0","0","1","0","0","1",811026.30003299995,5821821.71681000106,13.57866877900,52.45780624200,"0"
"196750","11","0","06","006","2019","06","16","7","2","2","7","0","0","1","0","1","0","0",789701.51929299999,5818415.23072999902,13.26276737900,52.43898779300,"0"
"196751","11","0","12","012","2019","07","13","2","3","3","6","0","0","1","0","0","0","0",791036.20045300003,5831136.57242000010,13.29346122700,52.55232614300,"0"
"196752","11","0","02","002","2019","06","23","7","3","0","7","2","0","0","1","1","0","0",801501.19003099995,5826062.75313000102,13.44274763100,52.50115740200,"0"
"196753","11","0","01","001","2019","07","20","2","3","3","6","1","1","1","0","0","0","0",795561.24275600002,5830011.64530999959,13.35900664500,52.53980563400,"0"
"196754","11","0","01","001","2019","06","22","7","3","5","2","2","0","1","0","0","0","0",797648.95250799996,5831852.01922999974,13.39134816800,52.55516589800,"0"
"196755","11","0","08","008","2019","06","21","7","3","0","7","1","1","0","0","0","0","0",800543.09959500004,5823379.06481000036,13.42625531400,52.47763106600,"0"
"196756","11","0","04","004","2019","07","19","2","3","5","2","0","0","1","0","0","0","0",792725.12914199999,5826103.91081999987,13.31386903700,52.50630513900,"0"
"196757","11","0","08","008","2019","07","19","2","3","2","6","0","0","1","0","0","0","0",803431.01718700002,5822934.28787999973,13.46824273800,52.47204781900,"0"
"196758","11","0","03","003","2019","06","21","7","3","5","2","1","1","0","0","0","0","1",798413.13756900001,5831835.74755000044,13.40257177000,52.55460187400,"0"
"196759","11","0","08","008","2019","07","17","2","3","3","6","0","0","1","0","1","0","0",801122.52076600003,5821889.11051999964,13.43341618400,52.46395699900,"1"
"196760","11","0","09","009","2019","06","19","7","3","3","6","0","0","1","0","1","0","0",812052.47306200000,5821236.09571000095,13.59317537900,52.45197338400,"0"
"196761","11","0","02","002","2019","07","17","2","3","5","2","0","1","1","0","0","0","0",800606.87286999996,5827135.25320999976,13.43058075800,52.51126392900,"0"
"196762","11","0","04","004","2019","06","19","7","2","5","2","0","1","1","0","0","0","0",793299.02464299998,5822853.37741000019,13.31943907000,52.47685709000,"0"
"196763","11","0","01","001","2019","07","17","2","3","2","6","0","0","1","0","0","1","0",796940.68999999994,5831934.76400000043,13.38100611900,52.55629422700,"1"
"196764","11","0","04","004","2019","06","18","7","3","1","5","0","1","1","0","0","0","0",792301.53992899996,5825849.22099000029,13.30742220200,52.50424901600,"0"
"196765","11","0","04","004","2019","06","18","7","3","5","2","0","1","1","0","0","0","0",791715.83393500000,5824838.27907999977,13.29793198900,52.49549951000,"0"
"196766","11","0","12","012","2019","07","17","2","2","2","6","0","0","1","0","1","0","0",791089.78394300002,5834248.93950999901,13.29698035500,52.58019930000,"1"
"196767","11","0","08","008","2019","06","18","7","3","0","2","0","1","1","0","0","0","0",804043.96227999998,5818546.51773000043,13.47324450300,52.43238017300,"0"
"196768","11","0","03","003","2019","07","17","2","3","5","3","0","1","1","0","0","0","0",801757.53675099998,5829166.31458999962,13.44932713800,52.52883314400,"1"
"196769","11","0","10","010","2019","06","18","7","3","5","2","0","0","1","0","0","0","0",812999.86225899996,5830221.45959000103,13.61551136200,52.53195034100,"0"
"196770","11","0","09","009","2019","07","16","2","3","2","6","0","1","1","0","0","0","0",810656.63206900004,5821397.83542000037,13.57285132000,52.45421781600,"1"
"196771","11","0","01","001","2019","06","17","7","3","0","1","0","0","0","0","0","0","1",796904.25310900004,5827633.85520999972,13.37662758500,52.51776129100,"0"
"196772","11","0","03","003","2019","07","11","2","3","0","5","0","1","1","0","0","0","0",799738.64587699994,5834314.72515000030,13.42430382900,52.57609382100,"0"
"196773","11","0","02","002","2019","06","15","7","2","6","2","0","0","1","1","0","0","0",797100.56976800004,5824292.88222000003,13.37653133500,52.48770612300,"0"
"196774","11","0","08","008","2019","06","15","7","3","2","6","0","0","1","0","0","0","0",803213.13637299999,5822744.88047999982,13.46487271900,52.47047115400,"0"
"196775","11","0","10","010","2019","07","15","2","3","6","4","0","0","1","1","0","0","0",811266.42457300005,5829672.21999000106,13.58952517100,52.52802101600,"0"
"196776","11","0","10","010","2019","06","13","7","3","5","3","0","0","1","0","0","0","0",811879.07206399995,5827271.55809000041,13.59627665200,52.50615805300,"0"
"196777","11","0","08","008","2019","07","16","2","3","2","6","0","0","1","0","0","0","0",801319.81305000000,5820399.59692999907,13.43496721000,52.45049727400,"1"
"196778","11","0","11","011","2019","06","12","7","2","5","7","0","0","1","0","1","0","0",803425.48698900000,5830121.00002000015,13.47471075000,52.53646393700,"0"
"196779","11","0","04","004","2019","07","18","2","3","1","7","0","1","1","0","0","0","0",794145.43181500002,5825846.70987999998,13.33450777800,52.50323558200,"0"
"196780","11","0","08","008","2019","06","11","7","3","0","1","0","1","0","0","0","0","0",801246.53123600001,5821555.48849000037,13.43493494200,52.46089829000,"0"
"196781","11","0","01","001","2019","07","22","1","3","6","4","1","0","1","1","0","0","0",796271.43935999996,5828338.32349000033,13.36795632400,52.52442031600,"0"
"196782","11","0","03","003","2019","06","11","7","3","5","3","0","0","1","0","0","0","0",800942.45648499997,5833548.09736999962,13.44131909900,52.56855815700,"0"
"196783","11","0","03","003","2019","06","11","7","2","5","2","0","1","1","0","0","0","0",801611.98593500000,5836123.76494000014,13.45351120700,52.59127311100,"0"
"196784","11","0","01","001","2019","07","21","1","3","3","2","1","1","0","0","0","0","0",799248.35100000002,5828469.19099999964,13.41182226400,52.52396765400,"0"
"196785","11","0","01","001","2019","07","21","1","3","0","3","1","0","1","0","1","0","0",794201.23196000000,5828859.36725999974,13.33799149900,52.53021217600,"0"
"196786","11","0","04","004","2019","06","08","7","3","0","7","0","0","1","0","1","0","0",792760.53144699999,5824204.82856000029,13.31271991600,52.48926142800,"0"
"196787","11","0","01","001","2019","06","07","7","3","5","2","0","1","1","0","0","0","0",799979.74068599998,5826934.64938999899,13.42118672100,52.50981107300,"0"
"196788","11","0","01","001","2019","07","20","1","3","5","3","0","0","1","0","0","0","0",796229.70172999997,5828195.76620000042,13.36721594500,52.52316510700,"0"
"196789","11","0","12","012","2019","06","07","7","3","4","6","0","0","1","0","0","0","0",790571.24480300001,5840566.43611000106,13.29489671800,52.63711149000,"0"
"196790","11","0","04","004","2019","07","19","1","3","0","1","0","1","0","0","0","0","0",790580.40656699997,5827338.56642000005,13.28343680800,52.51852043700,"0"
"196791","11","0","02","002","2019","06","01","7","3","5","3","2","0","1","0","0","0","0",800627.97973899997,5825679.48495000042,13.42957638800,52.49820381100,"0"
"196792","11","0","02","002","2019","06","01","7","3","1","5","2","1","0","0","0","0","1",799843.06216500001,5825799.20815000031,13.41815627700,52.49970875600,"0"
"196793","11","0","08","008","2019","07","17","1","3","5","2","0","0","1","0","0","0","0",802292.31459800003,5817835.17114999890,13.44691491800,52.42697498400,"0"
"196794","11","0","07","007","2019","06","19","6","3","5","2","0","0","1","0","0","0","1",798706.12892199995,5819881.48409000039,13.39615797200,52.44728740400,"0"
"196795","11","0","09","009","2019","06","19","6","3","5","2","0","0","1","0","0","0","0",808250.71908399998,5818800.82773000095,13.53516176100,52.43230522800,"0"
"196796","11","0","05","005","2019","07","17","1","3","9","1","0","0","1","0","0","0","0",780637.31653700001,5821692.19632000010,13.13253070300,52.47309889800,"0"
"196797","11","0","11","011","2019","06","14","6","3","6","4","0","0","1","1","0","0","0",807247.68306299997,5825496.58669000026,13.52661798500,52.49287834600,"0"
"196798","11","0","12","012","2019","07","16","1","3","5","3","0","1","1","0","0","0","0",794740.75022900000,5838687.40954000037,13.35465780800,52.61802082000,"0"
"196799","11","0","07","007","2019","07","13","1","3","6","4","0","1","0","1","0","0","0",795512.38096099999,5824867.47185000032,13.35371917200,52.49371886900,"0"
"196800","11","0","03","003","2019","06","06","6","3","5","7","0","0","1","0","0","0","1",800290.52099999995,5829035.47699999996,13.42764861000,52.52847047900,"0"
"196801","11","0","01","001","2019","07","12","1","3","5","2","0","0","1","0","0","0","0",795661.40349900001,5829740.15622000024,13.36023762100,52.53731764600,"0"
"196802","11","0","01","001","2019","06","15","6","3","5","2","0","1","1","0","0","0","0",798680.82904200000,5828662.06061000098,13.40365538800,52.52600764000,"0"
"196803","11","0","04","004","2019","07","08","1","2","5","3","0","1","1","0","0","0","0",789237.85286400001,5825321.46690999903,13.26195300700,52.50115031300,"0"
"196804","11","0","12","012","2019","06","20","6","3","9","1","0","0","1","0","0","0","0",787842.83677900000,5836262.58024000004,13.25094382900,52.59997961300,"0"
"196805","11","0","03","003","2019","06","19","6","3","1","5","0","1","0","0","0","0","1",799072.33243099996,5830202.19723000098,13.41079474500,52.53959803600,"0"
"196806","11","0","07","007","2019","07","05","1","3","5","3","0","0","1","0","0","0","1",799766.15056300000,5813974.90252999961,13.40641692200,52.39376252800,"0"
"196807","11","0","08","008","2019","07","16","7","3","5","2","0","1","1","0","0","0","0",801756.54592299997,5822592.37684999965,13.44335642600,52.46991075500,"0"
"196808","11","0","01","001","2019","06","18","6","3","5","2","0","1","1","0","0","0","0",794896.10333800002,5830252.68850999977,13.34944172500,52.54232675800,"0"
"196809","11","0","04","004","2019","06","17","6","3","5","2","0","1","0","0","0","0","0",790479.63783499994,5826641.78536999971,13.28134757200,52.51232744300,"0"
"196810","11","0","05","005","2019","07","23","7","3","6","4","2","0","1","1","0","0","0",784697.64576800005,5828614.10448999982,13.19806685900,52.53306006700,"1"
"196811","11","0","05","005","2019","06","17","6","3","5","3","0","1","1","0","0","0","0",785253.15087400004,5829957.84090000018,13.20738784100,52.54481740800,"0"
"196812","11","0","01","001","2019","07","23","7","3","5","2","2","0","1","0","0","0","0",794594.24039199995,5826083.26119999960,13.34131008200,52.50511398500,"0"
"196813","11","0","03","003","2019","06","17","6","3","2","2","0","0","1","0","0","0","0",800324.45700000005,5831637.07000000030,13.43049891900,52.55177053000,"0"
"196814","11","0","01","001","2019","06","16","6","3","5","2","0","0","0","0","1","0","1",798822.07940699998,5829758.52567999996,13.40671684800,52.53575845900,"0"
"196815","11","0","08","008","2019","07","23","7","2","0","1","2","0","0","0","1","0","0",807011.13187299995,5817448.65763000026,13.51574478700,52.42088365600,"1"
"196816","11","0","01","001","2019","06","15","6","3","5","2","0","1","1","0","0","0","0",795757.72061500000,5826336.51712999959,13.35862698700,52.50675476600,"0"
"196817","11","0","06","006","2019","06","16","6","3","5","2","0","0","1","0","1","0","0",795875.29655500001,5818157.81156000029,13.35310088700,52.43337516600,"0"
"196818","11","0","01","001","2019","07","22","7","2","0","1","2","1","0","0","0","0","0",796682.48223900003,5828761.33892000001,13.37437460800,52.52798869100,"1"
"196819","11","0","07","007","2019","06","14","6","3","1","5","0","1","1","0","0","0","0",794206.30467300001,5822834.67592999898,13.33274272700,52.47620145700,"0"
"196820","11","0","01","001","2019","07","22","7","3","2","6","2","0","1","0","0","0","0",798476.08225900005,5829093.55611999985,13.40103370000,52.52998753000,"1"
"196821","11","0","02","002","2019","06","13","6","3","5","2","0","1","1","0","0","0","0",800454.75941199996,5828446.58640000038,13.42953029200,52.52310160000,"0"
"196822","11","0","12","012","2019","06","13","6","3","5","2","0","1","1","0","0","0","0",790134.13977400004,5835780.55654999893,13.28425759800,52.59444053700,"0"
"196823","11","0","08","008","2019","07","20","7","3","0","1","2","0","1","0","0","0","0",802599.26192500000,5823079.11997000035,13.45616620800,52.47380732900,"1"
"196824","11","0","07","007","2019","07","21","7","3","6","2","2","0","1","1","0","0","0",798194.13544500002,5818928.88602000009,13.38779671700,52.43902789200,"1"
"196825","11","0","01","001","2019","06","12","6","3","5","2","0","1","1","0","0","0","0",798447.34535099997,5830182.44868000038,13.40158913100,52.53976366700,"0"
"196826","11","0","02","002","2019","06","12","6","3","5","7","0","0","0","0","1","0","1",800527.28670199995,5826893.12282000016,13.42919294100,52.50913749300,"0"
"196827","11","0","01","001","2019","07","20","7","3","5","3","1","1","1","0","0","0","0",799107.71483700001,5828312.71346000023,13.40961481000,52.52264223200,"1"
"196828","11","0","01","001","2019","06","12","6","3","5","3","0","1","1","0","0","0","0",797712.96900000004,5831816.40323999990,13.39225767400,52.55481165800,"0"
"196829","11","0","01","001","2019","07","20","7","3","0","2","0","1","1","0","0","0","0",796974.61414600001,5826705.66024999972,13.37683312800,52.50940271100,"1"
"196830","11","0","02","002","2019","06","11","6","3","5","2","0","1","1","0","0","0","0",797968.35890999995,5826183.73508000001,13.39096520000,52.50418241800,"0"
"196831","11","0","03","003","2019","06","11","6","3","6","3","0","0","1","1","0","0","0",800080.24475099996,5837504.43214000016,13.43221895700,52.60449543700,"0"
"196832","11","0","01","001","2019","06","11","6","3","5","5","0","1","1","0","0","0","0",798905.88492300001,5827778.98565000109,13.40616928600,52.51796880500,"0"
"196833","11","0","01","001","2019","07","19","7","3","2","6","0","0","1","0","0","0","0",795917.17261600005,5831071.21853000019,13.36518338300,52.54911051000,"1"
"196834","11","0","11","011","2019","06","10","6","3","2","6","0","0","1","0","0","1","0",806286.07134799997,5833869.54690000042,13.52021267500,52.56845893200,"0"
"196835","11","0","01","001","2019","07","19","7","3","5","3","0","1","1","0","0","0","0",798599.55432999996,5828883.09833000042,13.40265944000,52.52803345200,"1"
"196836","11","0","01","001","2019","06","10","6","3","0","3","0","1","1","0","0","0","0",798085.28024800005,5828844.47706000041,13.39506643800,52.52796870300,"0"
"196837","11","0","04","004","2019","07","19","7","3","0","3","0","1","0","0","1","0","0",792317.02576500003,5825786.67922000028,13.30759479500,52.50368004700,"1"
"196838","11","0","02","002","2019","06","09","6","3","5","3","0","1","1","0","0","0","0",798453.53609700000,5826533.07956000045,13.39840524000,52.50704866100,"0"
"196839","11","0","02","002","2019","07","19","7","3","5","3","0","0","1","0","0","0","1",801647.29450199998,5828891.11689999979,13.44745731100,52.52642754300,"1"
"196840","11","0","12","012","2019","06","18","6","3","2","6","0","0","1","0","0","0","0",790177.42244899995,5833687.56577999983,13.28306193800,52.57565394500,"0"
"196841","11","0","06","006","2019","07","18","7","3","5","2","0","1","1","0","0","0","0",793998.23193899996,5820417.77696000040,13.32755866400,52.45464702300,"0"
"196842","11","0","08","008","2019","06","22","6","3","0","1","2","1","0","0","0","0","0",801007.00100000005,5823898.10099999979,13.43353378800,52.48202786800,"0"
"196843","11","0","06","006","2019","07","18","7","3","0","1","0","0","0","0","1","0","0",792746.96125099994,5821673.95007999986,13.31029875600,52.46657998200,"0"
"196844","11","0","09","009","2019","06","17","6","2","0","1","0","1","0","0","0","0","0",809410.96642600000,5819698.16294999979,13.55300409000,52.43969208100,"0"
"196845","11","0","07","007","2019","06","17","6","2","6","4","0","0","1","1","0","0","0",794249.14253399998,5822049.94063000102,13.33267939700,52.46914360900,"0"
"196846","11","0","10","010","2019","07","17","7","3","0","1","0","0","0","0","1","0","0",809003.11138000002,5828156.14591000043,13.55485996900,52.51572188800,"0"
"196847","11","0","01","001","2019","06","13","6","3","1","5","0","0","1","0","0","0","0",795322.23600000003,5828685.16399999987,13.35431416100,52.52804442500,"0"
"196848","11","0","04","004","2019","07","17","7","3","5","2","0","0","1","0","0","0","0",793305.71693400003,5823616.13095999975,13.32020831800,52.48369132100,"0"
"196849","11","0","11","011","2019","06","12","6","2","5","3","0","1","1","0","0","0","0",803791.81132800004,5826174.80960999895,13.47649162200,52.50089138200,"0"
"196850","11","0","09","009","2019","06","11","6","3","2","6","0","0","1","0","0","0","0",809359.71521000005,5818488.51396999974,13.55113325200,52.42888030400,"0"
"196851","11","0","01","001","2019","07","16","7","3","5","3","0","1","1","0","0","0","0",796618.51667399995,5831283.44734000042,13.37568598900,52.55063147100,"0"
"196852","11","0","04","004","2019","06","09","6","3","5","2","0","1","1","0","0","0","0",791185.01012500003,5827436.59028999973,13.29240790300,52.51907671600,"0"
"196853","11","0","01","001","2019","07","15","7","3","5","3","0","0","1","0","0","0","0",795728.47389999998,5828198.07615999971,13.35985183200,52.52345789600,"0"
"196854","11","0","04","004","2019","06","09","6","3","1","5","0","1","1","0","0","0","0",794381.59172899998,5826079.93118000031,13.33818318800,52.50519891100,"0"
"196855","11","0","04","004","2019","07","15","7","3","6","6","0","1","0","1","0","0","0",793574.71038499998,5823692.29203000106,13.32422524400,52.48422951300,"0"
"196856","11","0","01","001","2019","06","09","6","3","5","2","0","1","0","0","1","0","0",799797.25920199999,5828614.64642999973,13.42001980600,52.52496989400,"0"
"196857","11","0","05","005","2019","07","13","7","3","0","6","0","0","1","0","1","0","0",781189.64616200002,5829145.55647000019,13.14693681800,52.53964657400,"0"
"196858","11","0","09","009","2019","06","09","6","3","6","7","0","1","1","1","0","0","0",808859.32555099996,5819320.77740000002,13.54456570600,52.43662175700,"0"
"196859","11","0","08","008","2019","06","08","6","3","6","2","0","0","1","1","0","0","0",801015.21333599999,5823882.81142999977,13.43364055000,52.48188629600,"0"
"196860","11","0","01","001","2019","07","12","7","3","5","2","0","0","1","0","1","0","0",794242.40483899997,5827698.74756000005,13.33756975300,52.51978572300,"0"
"196861","11","0","03","003","2019","07","12","7","3","7","7","0","1","0","0","0","0","0",803121.05187299999,5841341.38704000041,13.48050059200,52.63719745000,"0"
"196862","11","0","04","004","2019","06","08","6","3","5","2","0","1","1","0","0","0","0",790027.04562200001,5825235.31221999973,13.27347172300,52.49995903100,"0"
"196863","11","0","09","009","2019","07","12","7","3","1","5","0","0","1","0","1","0","0",807900.48066999996,5817171.26659000106,13.52852645900,52.41789800200,"0"
"196864","11","0","02","002","2019","06","07","6","2","2","2","0","1","1","0","0","0","0",802551.55681600003,5826716.40804000013,13.45876834400,52.50643474600,"0"
"196865","11","0","07","007","2019","07","12","7","3","5","3","0","0","1","0","0","0","0",797023.85021299997,5820696.63578999974,13.37220273900,52.45551100800,"0"
"196866","11","0","06","006","2019","06","07","6","3","5","2","0","0","1","0","0","0","0",795522.57299999997,5818639.56599999964,13.34835351400,52.43788447400,"0"
"196867","11","0","04","004","2019","06","01","6","3","1","5","2","0","1","0","0","0","0",790500.40596999996,5822799.13461000100,13.27830173700,52.47786661200,"0"
"196868","11","0","01","001","2019","07","11","7","3","3","6","0","0","1","0","1","0","0",795893.85531500005,5831178.07861999981,13.36493572600,52.55008107100,"0"
"196869","11","0","04","004","2019","07","11","7","3","2","6","0","1","0","0","0","0","0",793206.06195700006,5824982.09982999973,13.31994690400,52.49599027700,"0"
"196870","11","0","08","008","2019","06","10","6","3","3","6","0","1","1","0","0","0","0",800927.06748600001,5824981.54320999980,13.43333848900,52.49178313500,"0"
"196871","11","0","08","008","2019","06","09","6","3","3","6","0","1","1","0","0","0","0",801056.51000000001,5822033.32199999969,13.43257756000,52.46528598700,"0"
"196872","11","0","06","006","2019","07","00","7","3","1","7","2","0","1","0","0","0","0",794887.51711100002,5821117.35718999896,13.34122582300,52.46043932600,"0"
"196873","11","0","11","011","2019","06","07","5","2","5","3","0","1","1","0","0","0","0",804135.13398499996,5826959.12581999972,13.48225021900,52.50772971600,"0"
"196874","11","0","08","008","2019","07","06","7","3","4","6","0","0","1","0","0","0","0",800891.23970999999,5822424.45009000041,13.43050480800,52.46888284400,"0"
"196875","11","0","03","003","2019","06","13","5","3","6","7","0","0","0","0","0","0","1",801969.64572100004,5831608.77850000001,13.45466410800,52.55060740700,"0"
"196876","11","0","06","006","2019","06","13","5","3","3","6","0","0","1","0","0","0","0",793102.75091499998,5821491.41124000028,13.31536081400,52.46475281500,"0"
"196877","11","0","01","001","2019","07","12","6","3","5","2","0","1","1","0","0","0","0",796995.33299300005,5826616.68795999978,13.37705813000,52.50859389000,"0"
"196878","11","0","01","001","2019","06","13","5","3","0","1","0","1","1","0","0","0","0",796739.44378300000,5831179.81254999898,13.37737162300,52.54963663900,"0"
"196879","11","0","10","010","2019","07","22","6","3","5","3","2","0","1","0","0","0","0",807806.77287400002,5830769.16428999975,13.53970447900,52.53981604600,"0"
"196880","11","0","01","001","2019","06","13","5","3","5","3","0","0","1","0","0","0","0",797883.30805200001,5828175.62258000020,13.39149887000,52.52208366900,"0"
"196881","11","0","08","008","2019","07","22","6","3","3","6","2","0","1","0","0","0","0",801000.80050500005,5822169.25908999890,13.43188260400,52.46653513000,"0"
"196882","11","0","04","004","2019","06","13","5","3","5","3","0","1","1","0","0","0","0",793925.41487199999,5825819.92954999954,13.33125205200,52.50311407400,"0"
"196883","11","0","07","007","2019","07","21","6","3","5","2","2","1","1","0","0","0","0",794958.32654799998,5825672.77938000020,13.34629508100,52.50123759300,"0"
"196884","11","0","09","009","2019","06","12","5","3","3","6","0","0","1","0","1","0","0",805649.71708099998,5824192.17100999970,13.50195842100,52.48208469800,"0"
"196885","11","0","04","004","2019","06","12","5","3","1","5","0","0","1","0","1","0","0",793324.90989400004,5826616.97307000030,13.32313277100,52.51058238900,"0"
"196886","11","0","06","006","2019","07","21","6","2","5","2","0","0","1","0","1","0","0",793657.56247300003,5820601.34848000016,13.32272107400,52.45647581300,"0"
"196887","11","0","01","001","2019","07","20","6","2","5","3","1","1","1","0","0","0","0",796219.04975699994,5831513.52333999984,13.37001700500,52.55291124100,"0"
"196888","11","0","01","001","2019","06","11","5","2","5","3","0","0","0","0","0","1","1",797539.05273600004,5828717.91062999982,13.38692510200,52.52713258500,"0"
"196889","11","0","01","001","2019","06","11","5","3","1","5","0","0","1","0","0","0","0",799331.68708499998,5828898.16497000027,13.41343307200,52.52776700600,"0"
"196890","11","0","01","001","2019","07","20","6","3","5","3","0","1","0","0","0","0","0",797636.64024700003,5828196.66397000104,13.38789283100,52.52240697700,"0"
"196891","11","0","10","010","2019","06","20","5","3","5","2","0","0","1","0","0","0","0",806333.11068599997,5830185.37951999996,13.51750555900,52.53541445200,"0"
"196892","11","0","01","001","2019","07","19","6","3","0","2","0","0","1","0","0","0","1",796957.29486499995,5828901.48048000038,13.37853884500,52.52909527900,"0"
"196893","11","0","04","004","2019","06","19","5","3","5","2","0","1","1","0","0","0","0",792534.69471299998,5826124.03827000037,13.31108894000,52.50658772000,"0"
"196894","11","0","09","009","2019","07","18","6","3","3","6","0","0","1","0","0","0","1",814208.38872599998,5821830.96604000032,13.62535660800,52.45606917500,"0"
"196895","11","0","02","002","2019","06","18","5","3","1","5","0","1","1","0","0","0","1",799806.16496500000,5826018.28701999970,13.41781158100,52.50169273200,"0"
"196896","11","0","07","007","2019","07","17","6","3","6","7","0","0","1","1","0","0","0",797837.01796400000,5820910.21930000000,13.38432511500,52.45698306200,"0"
"196897","11","0","01","001","2019","06","11","5","3","4","6","0","1","1","0","0","0","0",796527.38356100000,5830930.52262999956,13.37403071800,52.54751750400,"0"
"196898","11","0","07","007","2019","07","17","6","2","5","3","0","0","1","0","1","0","0",800806.67515699996,5814165.50501000043,13.42183387100,52.39490063200,"0"
"196899","11","0","11","011","2019","06","11","5","2","5","3","0","1","1","0","0","0","0",805859.93776500004,5825309.28966000024,13.50606953000,52.49197906400,"0"
"196900","11","0","06","006","2019","07","17","6","3","5","2","0","1","0","0","0","0","1",787645.47588799999,5818143.43898000009,13.23237008600,52.43763628600,"0"
"196901","11","0","03","003","2019","06","11","5","3","5","2","0","1","0","0","0","0","1",800319.19729399995,5831543.29246000014,13.43033675900,52.55093288100,"0"
"196902","11","0","07","007","2019","06","10","5","3","0","2","0","1","0","0","1","0","0",794159.62537999998,5822101.33720999956,13.33141070600,52.46965256300,"0"
"196903","11","0","03","003","2019","07","16","6","3","5","3","0","1","1","0","0","0","0",798730.74971200002,5833696.10916000046,13.40891741700,52.57110307300,"0"
"196904","11","0","02","002","2019","06","18","5","3","6","2","0","0","1","1","0","0","0",798022.91697999998,5825829.12210000027,13.39144924300,52.50097395200,"0"
"196905","11","0","12","012","2019","07","16","6","3","2","6","0","0","1","0","0","0","0",793446.00626000005,5833552.25642000046,13.33103793600,52.57268839400,"0"
"196906","11","0","09","009","2019","06","11","5","3","5","2","0","1","1","0","0","0","0",806503.59343300003,5822090.99476000015,13.51256240600,52.46277467800,"0"
"196907","11","0","02","002","2019","07","15","6","3","2","2","0","1","1","0","0","0","0",803194.21485400002,5828314.01972000021,13.46966362400,52.52039709200,"0"