OBJECTID,ULAND,UREGBEZ,UKREIS,UGEMEINDE,UJAHR,UMONAT,USTUNDE,UWOCHENTAG,UKATEGORIE,UART,UTYP1,ULICHTVERH,IstRad,IstPKW,IstFuss,IstKrad,IstGkfz,IstSonstig,LINREFX,LINREFY,XGCSWGS84,YGCSWGS84,STRZUSTAND
"196908","11","0","11","011","2019","06","10","5","3","5","2","0","0","1","0","0","0","0",802895.68878400000,5831232.11175000109,13.46793648800,52.54671729800,"0"
"196909","11","0","03","003","2019","07","13","6","3","5","3","0","1","1","0","0","0","0",798668.35512299999,5831783.47518000007,13.40627793900,52.55399343600,"0"
"196910","11","0","08","008","2019","06","18","5","2","0","2","0","1","1","0","0","0","0",803345.95581399999,5817386.77103000041,13.46195711100,52.42237283500,"0"
"196911","11","0","03","003","2019","06","09","5","3","1","5","0","1","0","0","0","0","1",799576.42700000003,5833167.38700000010,13.42088077100,52.56589919900,"0"
"196912","11","0","02","002","2019","07","13","6","3","2","6","0","0","1","0","0","0","0",801730.68993700005,5826260.02496000007,13.44629709600,52.50279872300,"0"
"196913","11","0","08","008","2019","07","13","6","3","2","6","0","0","1","0","0","0","0",801345.78919100005,5823484.66805000044,13.43813390100,52.47813531800,"0"
"196914","11","0","02","002","2019","06","18","5","3","6","2","0","0","1","1","0","0","0",797771.90714899998,5826023.00167000107,13.38793570300,52.50284888100,"0"
"196915","11","0","01","001","2019","06","18","5","3","1","5","0","0","1","0","1","0","0",798111.19185099995,5828450.98335000034,13.39509449600,52.52442738000,"0"
"196916","11","0","09","009","2019","07","13","6","3","5","2","0","1","1","0","0","0","0",808328.97900199995,5818868.20875999983,13.53637138100,52.43286500200,"0"
"196917","11","0","09","009","2019","06","18","5","3","0","2","0","0","1","0","0","0","1",804262.41799999995,5823041.17200000025,13.48054260500,52.47254335800,"0"
"196918","11","0","06","006","2019","07","13","6","3","1","5","0","0","1","0","0","0","0",796098.70568100002,5819848.65661999956,13.35787561400,52.44841148200,"0"
"196919","11","0","11","011","2019","06","18","5","3","5","2","0","1","1","0","0","0","0",807314.69323099998,5824798.21631999966,13.52695787200,52.48658173800,"0"
"196920","11","0","06","006","2019","06","18","5","3","1","5","0","1","1","0","0","0","0",795020.65416000003,5820946.03742999956,13.34302829800,52.45883168600,"0"
"196921","11","0","01","001","2019","07","12","6","3","5","3","0","1","1","0","0","0","0",796971.32837200002,5830138.93685000110,13.37985080900,52.54018003000,"0"
"196922","11","0","01","001","2019","06","18","5","3","2","6","0","0","1","0","0","0","0",794711.68725399999,5828321.64573999960,13.34501802700,52.52511615100,"0"
"196923","11","0","02","002","2019","06","18","5","2","1","1","0","0","1","0","0","0","1",800812.65346800000,5827551.91445999965,13.43398048000,52.51488512700,"0"
"196924","11","0","07","007","2019","07","10","6","3","2","2","0","0","1","0","0","0","0",794584.52885300003,5824222.90985000040,13.33952214400,52.48844231300,"0"
"196925","11","0","10","010","2019","06","18","5","3","0","1","0","1","0","0","0","0","0",813201.55621700000,5825948.41167000029,13.61445381300,52.49354379700,"0"
"196926","11","0","10","010","2019","06","17","5","3","1","5","0","1","1","0","0","0","1",810418.63191400003,5827966.27587000094,13.57547620400,52.51321661400,"0"
"196927","11","0","05","005","2019","07","08","6","2","2","6","0","0","1","0","1","0","0",786073.85211800004,5829150.36328000017,13.21876196300,52.53714744300,"0"
"196928","11","0","11","011","2019","06","22","5","3","2","6","2","1","1","0","0","0","0",804434.09523300000,5826378.33036999963,13.48611049700,52.50235753200,"0"
"196929","11","0","08","008","2019","07","08","6","3","5","3","0","0","1","0","0","0","0",801345.75193100004,5822037.22623999976,13.43682585100,52.46516153900,"0"
"196930","11","0","02","002","2019","06","17","5","3","5","2","0","1","0","0","0","0","0",801555.10789400002,5828215.37464999966,13.44548987200,52.52042180700,"0"
"196931","11","0","01","001","2019","07","08","6","3","5","2","0","1","1","0","0","0","0",794610.93670900003,5829871.26300999895,13.34491070500,52.53906182200,"0"
"196932","11","0","03","003","2019","06","14","5","3","5","3","0","0","1","0","1","0","0",800607.65477699996,5831410.13530999981,13.43445771800,52.54958025900,"0"
"196933","11","0","03","003","2019","07","05","6","3","0","1","0","1","0","0","0","0","0",803699.36923800001,5839174.78038999904,13.48702978400,52.61745632100,"1"
"196934","11","0","02","002","2019","06","14","5","2","0","6","0","1","1","0","0","0","0",802923.41550100001,5827120.58009999990,13.46459823500,52.50985095700,"0"
"196935","11","0","01","001","2019","06","20","5","3","0","1","0","1","0","0","0","0","0",797062.20595300000,5831443.93453999981,13.38235403600,52.55182826200,"0"
"196936","11","0","11","011","2019","07","04","6","3","0","1","0","1","0","0","0","0","0",805847.15370300005,5825253.55317000020,13.50583066300,52.49148669400,"0"
"196937","11","0","02","002","2019","07","01","6","3","0","7","2","1","0","0","0","0","1",802560.41388699994,5827928.40789999999,13.46000027300,52.51729290700,"0"
"196938","11","0","04","004","2019","06","14","5","3","0","1","0","0","0","0","1","0","0",794466.58389300003,5825869.97680999897,13.33924609300,52.50327093300,"0"
"196939","11","0","07","007","2019","06","13","5","3","5","2","0","1","1","0","0","0","0",795224.33499999996,5824372.50399999972,13.34905018400,52.48943770600,"0"
"196940","11","0","05","005","2019","07","15","6","2","0","6","0","0","1","0","0","0","1",783736.52286499995,5828681.15230999980,13.18399280500,52.53416243300,"0"
"196941","11","0","01","001","2019","06","09","5","2","0","1","0","1","0","0","0","0","0",798321.24895899999,5829358.14890999906,13.39899544200,52.53244399900,"0"
"196942","11","0","01","001","2019","07","11","5","3","1","5","0","1","1","0","0","0","0",799406.60803500004,5827128.03777999990,13.41294094700,52.51185937200,"0"
"196943","11","0","04","004","2019","06","09","5","3","5","3","0","1","1","0","0","0","0",792480.15561300004,5824021.42599999998,13.30844136600,52.48776755300,"0"
"196944","11","0","01","001","2019","07","21","5","3","3","6","2","0","1","0","0","0","0",795890.13251100003,5830457.63882999960,13.36423912800,52.54362505300,"0"
"196945","11","0","06","006","2019","06","08","5","2","5","2","0","0","1","0","0","0","0",790171.42500000005,5819776.32100000046,13.27084301400,52.45094124700,"0"
"196946","11","0","02","002","2019","07","20","5","3","5","2","1","0","1","0","0","0","0",797920.71500600001,5825269.91316999961,13.38944787200,52.49601712300,"0"
"196947","11","0","01","001","2019","06","08","5","3","5","2","0","1","1","0","0","0","0",797103.12693899998,5828833.20873999968,13.38062125400,52.52840384100,"0"
"196948","11","0","03","003","2019","06","08","5","2","5","2","0","1","0","0","0","1","0",800078.41547799995,5831672.72183000110,13.42691322600,52.55222568800,"0"
"196949","11","0","09","009","2019","07","17","4","3","5","3","0","0","1","0","1","0","0",813761.89453199995,5821729.40092999954,13.61871169300,52.45541552100,"0"
"196950","11","0","02","002","2019","07","16","4","3","2","6","0","1","0","0","0","0","0",798188.13179799996,5824839.07534999959,13.39298969100,52.49200915900,"0"
"196951","11","0","01","001","2019","07","09","4","3","5","2","0","0","1","0","1","0","0",799115.08666999999,5828919.53777999990,13.41026896500,52.52807746600,"0"
"196952","11","0","06","006","2019","07","17","4","3","7","7","0","0","0","0","1","0","0",783884.01399999997,5815949.08000000007,13.17532237700,52.41992626300,"0"
"196953","11","0","01","001","2019","07","14","6","3","1","5","0","0","1","0","1","0","0",794616.84781700000,5829033.27036000043,13.34425473900,52.53154662400,"0"
"196954","11","0","04","004","2019","07","17","4","3","5","3","0","1","1","0","0","0","0",791485.86810399999,5827198.79411000106,13.29662100400,52.51678417100,"0"
"196955","11","0","04","004","2019","07","16","4","3","3","6","0","0","1","0","1","0","0",793420.51925600006,5823713.63686999958,13.32197988700,52.48450374400,"0"
"196956","11","0","08","008","2019","07","08","4","3","1","5","0","1","1","0","0","0","0",801322.58876600000,5824765.02828999981,13.43895064300,52.48962428400,"0"
"196957","11","0","01","001","2019","07","01","5","3","5","2","2","1","1","0","0","0","0",799722.64281800005,5827561.10752000008,13.41797399100,52.51556760800,"0"
"196958","11","0","02","002","2019","07","20","5","3","2","2","0","0","1","0","0","0","0",803093.60466399998,5826035.79208000004,13.46611075200,52.50003362900,"0"
"196959","11","0","11","011","2019","07","20","5","3","5","2","0","1","1","0","0","0","0",802917.95639900002,5831213.76609000098,13.46824713400,52.54654049000,"0"
"196960","11","0","01","001","2019","07","19","5","3","5","2","0","0","1","0","1","0","0",797828.94594699994,5830455.58817000035,13.39274281300,52.54255034200,"0"
"196961","11","0","04","004","2019","07","19","5","3","5","2","0","1","1","0","0","0","0",793966.00006200001,5826166.35166999977,13.33215412400,52.50619770300,"0"
"196962","11","0","04","004","2019","07","19","5","3","1","5","0","1","1","0","0","0","0",791078.28798499994,5827284.70710999891,13.29070659300,52.51777206800,"0"
"196963","11","0","02","002","2019","07","19","5","3","1","5","0","1","1","0","0","0","0",798698.18147800001,5825586.24258000031,13.40114976000,52.49842766100,"0"
"196964","11","0","03","003","2019","07","18","5","3","2","6","0","0","1","0","1","0","0",798112.73067199998,5831832.92561999988,13.39815145100,52.55474109200,"0"
"196965","11","0","09","009","2019","07","18","5","3","2","6","0","0","0","0","0","0","1",809722.97899600002,5821551.93192000035,13.55929823400,52.45612859900,"0"
"196966","11","0","07","007","2019","07","15","5","3","5","2","0","1","1","0","0","0","0",796383.08508300001,5819735.74798000045,13.36194766900,52.44724525400,"0"
"196967","11","0","05","005","2019","07","15","5","3","1","5","0","1","1","0","0","0","0",781278.43462700001,5819380.48450999893,13.13999645200,52.45204055200,"0"
"196968","11","0","05","005","2019","07","17","5","2","5","3","0","0","1","0","1","0","0",785691.48352300003,5832184.10448000021,13.21575012700,52.56454790000,"0"
"196969","11","0","09","009","2019","07","15","5","2","5","3","0","1","1","0","0","0","0",807410.24638100003,5818297.76900000032,13.52237569200,52.42826960800,"0"
"196970","11","0","04","004","2019","07","09","5","3","0","7","0","1","0","0","0","0","0",790758.03409199999,5827377.49519000109,13.28608127600,52.51877475500,"0"
"196971","11","0","01","001","2019","07","15","5","2","3","6","0","1","1","0","0","0","0",798275.47875699995,5829023.46705999970,13.39802238900,52.52946907800,"0"
"196972","11","0","09","009","2019","07","14","5","3","5","7","0","0","1","0","0","0","0",810168.74926099996,5817680.32675000094,13.56224507200,52.42117946500,"0"
"196973","11","0","09","009","2019","07","10","5","3","5","2","0","0","1","0","0","0","0",807705.54526399996,5817907.40768999979,13.52634608700,52.42460510600,"0"
"196974","11","0","08","008","2019","07","18","5","3","5","3","0","0","1","0","0","0","0",802971.87488000002,5818336.06039999984,13.45733265000,52.43108863500,"0"
"196975","11","0","01","001","2019","07","22","5","2","0","1","2","0","0","0","0","0","1",797900.79797900002,5826587.06732999906,13.39033368200,52.50783469000,"0"
"196976","11","0","06","006","2019","07","23","5","3","5","3","2","0","1","0","1","0","0",796748.10485600005,5817172.27598000038,13.36502729600,52.42406784500,"0"
"196977","11","0","07","007","2019","07","13","5","3","5","2","0","1","1","0","0","0","0",794980.85137000005,5823819.72076999955,13.34498530300,52.48461398500,"0"
"196978","11","0","05","005","2019","07","08","5","3","6","4","0","0","0","1","0","1","0",781933.36939899996,5828448.43539999984,13.15728232200,52.53301156700,"0"
"196979","11","0","07","007","2019","07","08","5","3","5","2","0","1","0","0","0","1","0",794528.22280300001,5825239.08949000109,13.33959360900,52.49758214400,"0"
"196980","11","0","04","004","2019","07","12","5","3","1","5","0","1","0","0","0","0","1",785745.24116700003,5825137.97805999964,13.21048342300,52.50134537800,"0"
"196981","11","0","01","001","2019","07","12","5","3","3","6","0","0","1","0","1","0","0",795275.35175300005,5826531.97331999987,13.35171391400,52.50876816500,"0"
"196982","11","0","01","001","2019","07","12","5","2","5","3","0","0","1","0","1","0","0",796654.75450200005,5832113.69197000097,13.37696078700,52.55805394200,"0"
"196983","11","0","11","011","2019","07","12","5","3","5","2","0","1","1","0","0","0","0",805441.86010599998,5833338.44697999954,13.50730668200,52.56417339800,"0"
"196984","11","0","09","009","2019","07","08","5","2","5","2","0","1","1","0","0","0","0",809453.60933300003,5818691.65216999967,13.55269780400,52.43064771300,"0"
"196985","11","0","02","002","2019","07","10","5","2","5","2","0","0","1","0","0","0","1",798310.22784099996,5825310.64977999963,13.39520495000,52.49616952000,"0"
"196986","11","0","02","002","2019","07","10","5","2","0","6","0","0","1","0","0","0","1",799055.93862999999,5826305.62067999970,13.40705021300,52.50467994500,"0"
"196987","11","0","07","007","2019","07","07","5","3","2","6","0","0","0","0","1","1","0",797409.20559400006,5820427.28390999977,13.37761732600,52.45288699000,"0"
"196988","11","0","03","003","2019","07","07","5","3","5","3","0","1","0","0","0","0","1",800107.84109999996,5831704.33148000017,13.42737449100,52.55249280200,"0"
"196989","11","0","09","009","2019","07","07","5","3","5","2","0","1","1","0","0","0","0",801830.07336799998,5825282.64871999994,13.44687112500,52.49398343700,"0"
"196990","11","0","12","012","2019","07","06","5","3","0","7","0","0","1","0","1","0","0",796641.03091700003,5832409.43056999892,13.37702328800,52.56071237700,"1"
"196991","11","0","01","001","2019","07","10","5","3","5","3","0","0","1","0","0","0","0",794991.73893999995,5826148.63532999903,13.34720746700,52.50548524800,"0"
"196992","11","0","02","002","2019","07","09","5","3","1","5","0","0","1","0","0","0","0",800171.72425199999,5824913.96315000020,13.42218574100,52.49159326600,"0"
"196993","11","0","06","006","2019","07","09","5","3","0","3","0","1","0","0","0","0","0",783955.60146000003,5816066.38814000040,13.17647179800,52.42094095600,"0"
"196994","11","0","04","004","2019","07","09","5","2","5","3","0","1","1","0","0","0","0",791358.62803100003,5825925.64879000094,13.29363658000,52.50543852400,"0"
"196995","11","0","02","002","2019","07","08","5","2","0","1","0","0","1","0","0","0","0",797912.41479299997,5826461.99689999968,13.39039241200,52.50670724400,"0"
"196996","11","0","01","001","2019","07","17","5","3","0","6","0","0","1","0","0","0","1",795181.22337499994,5825911.54466999974,13.34978090500,52.50325742100,"0"
"196997","11","0","05","005","2019","07","09","5","1","3","6","0","1","0","0","0","1","0",785645.70474199997,5832088.43738000002,13.21499422100,52.56371419300,"0"
"196998","11","0","04","004","2019","07","17","4","3","5","2","0","1","1","0","0","0","0",794410.10279699997,5826088.04267000034,13.33860920800,52.50525624100,"0"
"196999","11","0","01","001","2019","07","17","4","3","2","6","0","1","1","0","0","0","0",796408.19726599997,5830311.78093000036,13.37172603700,52.54203600200,"0"
"197000","11","0","10","010","2019","07","16","4","3","5","3","0","1","1","0","0","0","0",812005.86586999998,5829502.98890999891,13.60023106900,52.52608184600,"0"
"197001","11","0","07","007","2019","07","15","4","3","2","6","0","0","1","0","0","0","0",796080.11526500003,5825365.32459999993,13.36249966500,52.49787402000,"0"
"197002","11","0","08","008","2019","07","15","4","3","5","7","0","0","1","0","0","0","0",801457.13798400003,5820200.06427999958,13.43680176900,52.44863309600,"0"
"197003","11","0","06","006","2019","07","15","4","2","5","2","0","0","1","0","0","0","0",792939.19023299997,5817768.90778000001,13.30969568400,52.43146900000,"0"
"197004","11","0","07","007","2019","07","17","4","3","1","5","0","1","1","0","0","0","0",796457.20846500003,5823961.51613999996,13.36678930200,52.48508546300,"0"
"197005","11","0","08","008","2019","07","15","4","3","0","6","0","0","1","0","0","0","1",801838.63622300001,5817497.50401000027,13.43995809300,52.42419883400,"0"
"197006","11","0","02","002","2019","07","14","4","3","2","6","0","0","1","0","1","0","1",801391.60434900003,5828724.95925999992,13.44354917300,52.52507966200,"0"
"197007","11","0","08","008","2019","07","13","4","3","2","7","0","1","0","0","0","0","1",805666.06512299995,5816452.83956999891,13.49511732100,52.41271140400,"0"
"197008","11","0","09","009","2019","07","12","4","2","0","4","0","0","0","1","0","0","1",810226.18147199997,5820373.29476999957,13.56558547400,52.44528063700,"0"
"197009","11","0","02","002","2019","07","11","4","3","5","2","0","1","1","0","0","0","0",798524.15246000001,5824718.45596999954,13.39781614300,52.49074430300,"0"
"197010","11","0","06","006","2019","07","11","4","3","0","1","0","1","0","0","0","0","0",795104.94637500006,5819452.71903999988,13.34294576700,52.44539944300,"0"
"197011","11","0","07","007","2019","07","10","4","3","5","2","0","0","1","0","1","0","0",797023.96171599999,5820703.10668999981,13.37221013100,52.45556895300,"0"
"197012","11","0","07","007","2019","07","09","4","2","5","2","0","1","0","0","1","0","0",795715.36038299999,5824029.13004000019,13.35595627700,52.48609386500,"0"
"197013","11","0","09","009","2019","07","09","4","3","2","3","0","1","1","0","0","0","0",820699.97586200002,5819508.88143000100,13.71834026400,52.43149407500,"0"
"197014","11","0","02","002","2019","07","08","4","3","5","3","0","1","1","0","0","0","0",799326.91241200001,5826235.58117000107,13.41096761200,52.50390355500,"0"
"197015","11","0","12","012","2019","07","23","4","2","2","6","2","0","1","0","0","0","1",791928.18925599998,5831478.57572000008,13.30688053000,52.55491475200,"0"
"197016","11","0","04","004","2019","07","20","4","2","1","1","0","0","1","0","0","0","0",792291.51694200002,5830695.92074999958,13.31153529900,52.54770365600,"0"
"197017","11","0","08","008","2019","07","19","4","3","5","3","0","0","1","0","0","0","0",805050.06799999997,5817550.94900000002,13.48708961400,52.42289707600,"0"
"197018","11","0","01","001","2019","07","19","4","2","0","6","0","1","1","0","0","0","0",796621.62194200000,5831047.53411999997,13.37552092100,52.54851508000,"0"
"197019","11","0","03","003","2019","07","06","4","3","0","3","0","0","1","0","1","0","0",800484.53616999998,5832601.13709999993,13.43372547900,52.56032335700,"0"
"197020","11","0","03","003","2019","07","06","4","3","5","3","0","1","1","0","0","0","0",800748.63668600004,5831301.67121999990,13.43643242800,52.54853026200,"0"
"197021","11","0","11","011","2019","07","05","4","3","5","3","0","1","1","0","0","0","0",805655.21593700000,5827397.93475000095,13.50498060600,52.51081300700,"0"
"197022","11","0","02","002","2019","07","01","4","2","0","1","2","0","0","0","0","0","1",802706.44123400003,5826964.18111999985,13.46126869500,52.50856960500,"0"
"197023","11","0","06","006","2019","07","15","4","3","5","2","0","0","1","0","0","0","1",793162.95477900002,5818217.81601000018,13.31337119200,52.43537350600,"0"
"197024","11","0","02","002","2019","07","09","3","2","0","2","0","1","1","0","0","0","0",801543.03823800001,5825978.03956000041,13.44328556300,52.50037497900,"0"
"197025","11","0","02","002","2019","07","16","3","3","5","2","0","1","0","0","0","0","0",801247.52524500003,5827816.41995000094,13.44060906700,52.51701592000,"0"
"197026","11","0","02","002","2019","07","18","3","3","5","2","0","1","1","0","0","0","0",799115.57945099997,5826282.90074000042,13.40790587500,52.50444360000,"0"
"197027","11","0","03","003","2019","07","17","3","3","5","7","0","1","1","0","0","0","0",802509.26021500002,5831547.83267000038,13.46254277200,52.54976176000,"0"
"197028","11","0","09","009","2019","07","17","3","2","5","3","0","0","1","0","1","0","0",806290.26972099999,5822154.53127000108,13.50949057600,52.46346372600,"0"
"197029","11","0","08","008","2019","07","17","3","3","1","5","0","1","1","0","0","0","1",801321.19478799996,5824204.75145000033,13.43842364700,52.48460316700,"0"
"197030","11","0","09","009","2019","07","16","3","3","2","7","0","0","1","0","0","0","0",813061.13105500001,5821433.77716000006,13.60815529500,52.45316817500,"0"
"197031","11","0","02","002","2019","07","02","3","3","1","1","2","0","1","0","0","0","0",798521.27786599996,5825202.98489999957,13.39820806000,52.49508905000,"0"
"197032","11","0","10","010","2019","07","14","3","3","2","6","0","0","1","0","0","0","1",806280.62059700000,5830169.90758000035,13.51671984200,52.53530528800,"0"
"197033","11","0","05","005","2019","07","14","3","3","5","2","0","0","1","0","0","0","0",783895.43339999998,5826614.69335000031,13.18456508300,52.51555148500,"0"
"197034","11","0","12","012","2019","07","13","3","3","1","5","0","0","1","0","1","0","0",787177.05598499998,5838039.48390999902,13.24268281300,52.61626227700,"0"
"197035","11","0","04","004","2019","07","13","3","3","1","5","0","1","1","0","0","0","0",794193.49930200004,5825109.09544000030,13.33456230400,52.49659735900,"0"
"197036","11","0","08","008","2019","07","13","3","3","5","3","0","1","1","0","0","0","0",805666.83623599994,5817015.19285999984,13.49564217700,52.41775114300,"0"
"197037","11","0","07","007","2019","07","12","3","3","5","3","0","0","1","0","0","0","0",798886.12266100000,5820528.22926000040,13.39937724800,52.45298630500,"0"
"197038","11","0","04","004","2019","07","12","3","3","2","6","0","0","1","0","0","0","0",790386.69700000004,5829031.70299999975,13.28206863900,52.53380266400,"0"
"197039","11","0","02","002","2019","07","12","3","3","5","2","0","1","0","0","0","1","0",802067.13527199998,5827160.53524999972,13.45205577300,52.51068388600,"0"
"197040","11","0","04","004","2019","07","10","3","3","6","4","0","0","1","1","0","0","0",792499.74091000005,5824856.98211000022,13.30946249000,52.49524762800,"0"
"197041","11","0","04","004","2019","07","10","3","3","5","2","0","1","1","0","0","0","0",792331.21713500004,5823122.37966000009,13.30546569900,52.47978753800,"0"
"197042","11","0","01","001","2019","07","18","3","3","4","6","0","1","0","0","0","0","1",798704.00809300004,5827624.00810000021,13.40306383200,52.51669025700,"0"
"197043","11","0","02","002","2019","07","09","3","3","6","7","0","0","1","1","0","0","0",798481.32231399999,5825197.55343000032,13.39761640000,52.49506221600,"0"
"197044","11","0","08","008","2019","07","19","3","3","0","3","0","1","0","0","0","0","0",801477.46057999996,5824421.59453999996,13.44091403800,52.48646051800,"0"
"197045","11","0","03","003","2019","07","19","3","3","5","2","0","1","1","0","0","0","0",802299.71357100003,5829244.26621999964,13.45736598800,52.52923144300,"0"
"197046","11","0","09","009","2019","07","06","3","2","3","6","0","0","1","0","0","0","0",809805.38185799995,5820292.35857999977,13.55933884500,52.44479387500,"0"
"197047","11","0","09","009","2019","07","18","3","3","2","6","0","0","1","0","0","0","1",809202.64611600002,5818346.93410999980,13.54869955600,52.42770025800,"0"
"197048","11","0","09","009","2019","07","18","3","2","0","1","0","0","0","0","1","0","0",806809.32372200000,5818192.38987999968,13.51346853500,52.42766245800,"0"
"197049","11","0","09","009","2019","07","18","3","3","5","3","0","1","0","0","0","0","1",811810.83100000001,5816659.47900000028,13.58536353500,52.41109805300,"0"
"197050","11","0","03","003","2019","07","16","3","3","5","3","0","1","1","0","0","0","0",796389.93621800002,5840580.92470000032,13.38064424000,52.63409675000,"0"
"197051","11","0","04","004","2019","07","16","3","3","2","2","0","0","1","0","1","0","0",791030.03741100000,5827420.63214999903,13.29011642400,52.51901638100,"0"
"197052","11","0","02","002","2019","07","16","3","3","0","1","0","1","0","0","0","0","0",799991.89021600003,5824458.44661999959,13.41913489300,52.48760912300,"0"
"197053","11","0","04","004","2019","07","15","3","3","2","6","0","1","1","0","0","0","0",793523.35715599998,5825222.95464999974,13.32481955200,52.49797888700,"0"
"197054","11","0","05","005","2019","07","15","3","3","3","6","0","1","0","0","0","0","1",785552.06082999997,5831778.58705000021,13.21334980900,52.56098526900,"0"
"197055","11","0","01","001","2019","07","15","3","3","0","6","0","0","0","0","0","0","1",794812.51938299998,5831324.84487999976,13.34916454800,52.55198302900,"0"
"197056","11","0","02","002","2019","07","17","3","3","2","6","0","0","1","0","1","0","0",800401.87100000004,5827887.59499999974,13.42824828300,52.51812033500,"0"
"197057","11","0","08","008","2019","07","21","3","3","3","6","0","1","1","0","0","0","0",800935.78760699998,5824686.78259999957,13.43320034300,52.48913630500,"0"
"197058","11","0","11","011","2019","07","13","3","3","2","6","0","0","1","0","0","0","0",802866.59697399999,5831261.33965000045,13.46753543300,52.54699543500,"0"
"197059","11","0","09","009","2019","07","08","3","3","1","1","0","0","1","0","1","0","0",808978.18458600005,5821599.92351999972,13.54841640600,52.45698021700,"0"
"197060","11","0","11","011","2019","07","16","2","3","2","6","0","0","1","0","0","0","0",806092.58009800001,5831993.01611000020,13.51563600500,52.55174999400,"0"
"197061","11","0","05","005","2019","07","17","2","3","5","2","0","0","1","0","1","0","0",785049.90916399995,5826299.46043999959,13.20126217800,52.51212292600,"0"
"197062","11","0","01","001","2019","07","16","2","3","2","2","0","0","0","0","1","0","1",797188.40300000005,5827524.57100000046,13.38070528500,52.51662691100,"0"
"197063","11","0","06","006","2019","07","15","2","3","1","5","0","0","1","0","0","1","0",787868.77608700003,5817965.02268000040,13.23549229200,52.43591916700,"0"
"197064","11","0","02","002","2019","07","21","2","2","5","2","2","1","1","0","0","0","0",800907.81050100003,5827537.90276999958,13.43536585800,52.51470704800,"0"
"197065","11","0","08","008","2019","07","17","2","3","2","6","0","0","1","0","1","0","0",801041.49481399998,5817077.28170000017,13.42789232000,52.42087131700,"0"
"197066","11","0","06","006","2019","07","19","2","3","0","1","0","0","0","0","1","0","0",793771.90744800004,5820548.05568999890,13.32435216900,52.45593661400,"0"
"197067","11","0","08","008","2019","07","15","2","3","2","6","0","0","1","0","0","0","0",802411.04685699998,5822662.75538999960,13.45302614700,52.47017965800,"0"
"197068","11","0","12","012","2019","07","15","2","2","6","4","0","0","1","1","0","0","1",790944.36417900003,5833822.42552000005,13.29446593100,52.57645346100,"0"
"197069","11","0","01","001","2019","07","13","2","3","5","3","0","0","1","0","0","0","0",797893.99880599999,5828167.65691000037,13.39164883900,52.52200642600,"0"
"197070","11","0","06","006","2019","07","12","2","3","5","3","0","0","1","0","0","0","0",788816.90362300002,5817033.93233000021,13.24859652100,52.42707157700,"0"
"197071","11","0","02","002","2019","07","21","2","3","1","5","2","0","1","0","0","0","0",799749.26234300004,5824479.80795999989,13.41559152500,52.48793386100,"0"
"197072","11","0","01","001","2019","07","12","2","3","3","6","0","1","0","0","0","1","0",797130.28619699995,5829227.31082000025,13.38137266700,52.53192171200,"0"
"197073","11","0","01","001","2019","07","10","2","3","3","6","0","1","0","0","0","1","0",793690.19024599995,5828002.03791000042,13.32972237000,52.52280225200,"0"
"197074","11","0","04","004","2019","07","10","2","3","5","3","0","0","1","0","0","0","0",789494.64562299999,5826805.59723000042,13.26701621200,52.51431972900,"0"
"197075","11","0","01","001","2019","07","10","2","3","2","6","0","0","1","0","0","0","0",799047.53926300001,5828977.62671000045,13.40932847300,52.52863520400,"0"
"197076","11","0","09","009","2019","07","10","2","3","3","6","0","0","1","0","0","1","0",807856.56859899999,5819952.46367000043,13.53044309900,52.44284834200,"0"
"197077","11","0","09","009","2019","07","09","2","3","5","3","0","1","1","0","0","0","0",805929.06772699999,5821839.75091999955,13.50390197400,52.46084485800,"0"
"197078","11","0","06","006","2019","07","08","2","3","5","3","0","1","1","0","0","0","0",785012.36617800000,5817548.66701999959,13.19323299600,52.43368203000,"1"
"197079","11","0","07","007","2019","07","08","2","3","2","6","0","0","1","0","0","0","0",799577.01531699998,5820832.14455999993,13.40978663900,52.45533229200,"0"
"197080","11","0","05","005","2019","07","06","2","3","0","6","0","0","1","0","1","0","0",780182.42163999996,5830663.44245999958,13.13340513500,52.55377588800,"0"
"197081","11","0","01","001","2019","07","09","2","3","5","7","0","1","1","0","0","0","0",795000.49973499996,5828147.83059000038,13.34910856100,52.52340183700,"0"
"197082","11","0","01","001","2019","07","12","1","3","2","6","0","0","1","0","0","0","0",796469.51804300002,5831967.03863000032,13.37410540400,52.55684023300,"0"
"197083","11","0","01","001","2019","07","18","1","3","0","1","0","1","0","0","0","0","0",795548.19535499997,5828216.29153000098,13.35721857200,52.52371893100,"0"
"197084","11","0","03","003","2019","07","14","1","3","3","6","0","0","1","0","0","0","1",800790.01507099997,5830910.54829000030,13.43668660400,52.54500172200,"0"
"197085","11","0","02","002","2019","07","01","1","3","9","1","2","0","1","0","0","0","0",801509.44379799999,5826046.40031000040,13.44285405100,52.50100626900,"1"
"197086","11","0","01","001","2019","07","01","1","3","0","1","2","1","0","0","0","0","0",798607.80434999999,5829323.33365000039,13.40317611000,52.53197502300,"1"
"197087","11","0","02","002","2019","07","21","1","2","0","3","1","0","1","0","1","0","0",800289.50965599995,5826088.00502000004,13.42497374600,52.50205187000,"0"
"197088","11","0","02","002","2019","07","19","1","3","0","7","0","0","0","0","0","0","1",801647.08070900000,5827378.44276999962,13.44608251300,52.51286944900,"0"