OBJECTID,ULAND,UREGBEZ,UKREIS,UGEMEINDE,UJAHR,UMONAT,USTUNDE,UWOCHENTAG,UKATEGORIE,UART,UTYP1,ULICHTVERH,IstRad,IstPKW,IstFuss,IstKrad,IstGkfz,IstSonstig,LINREFX,LINREFY,XGCSWGS84,YGCSWGS84,STRZUSTAND
"197089","11","0","05","005","2019","07","18","1","3","2","6","0","0","1","0","0","0","0",779389.90028299997,5827854.18171999976,13.11938365200,52.52899276500,"0"
"197090","11","0","08","008","2019","07","17","1","3","6","4","0","0","0","1","1","0","0",800774.85432599997,5822723.86672000028,13.42906657600,52.47163071200,"0"
"197091","11","0","10","010","2019","07","10","1","3","8","1","0","0","1","0","0","0","0",812477.73968899995,5824289.71219999995,13.60227218000,52.47909469500,"0"
"197092","11","0","01","001","2019","07","20","1","3","6","4","1","1","0","1","0","0","0",795427.80269399995,5831588.45552000031,13.35844745300,52.55401268900,"0"
"197093","11","0","12","012","2019","07","13","7","3","0","3","0","0","1","0","1","0","0",793181.94296999997,5832323.75655000098,13.32606685700,52.56181787900,"0"
"197094","11","0","02","002","2019","07","15","7","3","0","1","0","0","1","0","0","0","0",801960.40099999995,5826795.38399999961,13.45015656500,52.50747010900,"1"
"197095","11","0","09","009","2019","07","03","7","2","9","1","1","0","0","0","1","0","0",803212.38300000003,5820965.84399999958,13.46324555100,52.45452615500,"0"
"197096","11","0","04","004","2019","07","00","7","3","3","6","2","0","1","0","0","0","0",793890.12652299996,5826058.78490999900,13.33094449600,52.50527429900,"0"
"197097","11","0","06","006","2019","07","18","7","3","3","6","0","1","1","0","0","0","0",791019.79813300003,5819936.30090000015,13.28343122700,52.45192450500,"1"
"197098","11","0","07","007","2019","07","23","7","3","6","4","2","0","1","1","0","0","0",796127.12448700005,5824955.35900000017,13.36282567800,52.49417353300,"1"
"197099","11","0","07","007","2019","07","22","7","2","0","2","2","0","1","0","1","0","0",800169.79135700001,5814070.01515000034,13.41241635800,52.39439406000,"1"
"197100","11","0","10","010","2019","07","21","7","3","5","2","2","1","1","0","0","0","0",809564.81330799998,5828022.67963000108,13.56298706900,52.51420730300,"1"
"197101","11","0","08","008","2019","07","21","7","3","6","2","1","0","1","1","0","0","0",801538.59277999995,5823017.20889000036,13.44054155400,52.47383896400,"1"
"197102","11","0","02","002","2019","07","19","7","3","5","7","0","0","1","0","1","0","0",799870.78614600003,5826248.18150999956,13.41896776500,52.50371786900,"0"
"197103","11","0","09","009","2019","07","18","7","2","5","7","0","0","1","0","0","0","0",810585.33519400004,5819897.07268999889,13.57041026800,52.44080901900,"0"
"197104","11","0","01","001","2019","07","17","7","3","6","2","0","0","1","1","0","0","0",797320.97601500002,5829005.40055999998,13.38397709300,52.52982856900,"0"
"197105","11","0","06","006","2019","07","16","7","3","2","6","0","1","1","0","0","0","0",794947.55716600001,5819474.28669000044,13.34065579000,52.44567770900,"1"
"197106","11","0","01","001","2019","07","16","7","3","1","5","0","0","1","0","0","0","0",797257.92699599999,5831878.71133000031,13.38562147900,52.55561872300,"1"
"197107","11","0","07","007","2019","07","15","7","3","0","1","0","0","1","0","1","0","0",796239.04506399995,5824311.29396999907,13.36389679200,52.48833932800,"1"
"197108","11","0","01","001","2019","07","14","7","3","5","3","0","1","1","0","0","0","0",793792.97927300003,5832163.69366000034,13.33491330900,52.56005366200,"1"
"197109","11","0","12","012","2019","07","14","7","3","2","6","0","0","1","0","0","0","0",785492.95700699999,5837398.50748999976,13.21732269200,52.61140291800,"0"
"197110","11","0","06","006","2019","07","14","7","3","6","4","0","0","1","1","0","0","0",781854.20433300000,5815270.00231999997,13.14498139400,52.41488635200,"0"
"197111","11","0","05","005","2019","07","13","7","3","5","2","0","0","1","0","1","0","0",783575.19999999995,5830201.05300000031,13.18291820300,52.54787408100,"0"
"197112","11","0","05","005","2019","07","13","7","3","5","3","0","0","1","0","0","0","0",783907.12800000003,5831176.62600000016,13.18863440900,52.55644825600,"0"
"197113","11","0","11","011","2019","07","13","7","3","0","1","0","1","0","0","0","0","0",803615.83284699998,5828336.24892000016,13.47587877600,52.52036175000,"0"
"197114","11","0","07","007","2019","07","12","7","3","5","2","0","1","1","0","0","0","0",796164.54855599999,5824370.48199000023,13.36285544100,52.48891031600,"0"
"197115","11","0","08","008","2019","07","12","7","3","5","2","0","0","1","0","0","0","0",802169.71265300002,5823374.50418999977,13.45012888800,52.47669267900,"0"
"197116","11","0","04","004","2019","07","11","7","3","2","3","0","0","1","0","0","0","0",793353.76006700005,5823652.01785000041,13.32094535800,52.48398722400,"0"
"197117","11","0","06","006","2019","07","08","7","3","0","2","0","1","1","0","0","0","0",790969.14165799995,5820706.18924000021,13.28335879400,52.45885362000,"0"
"197118","11","0","01","001","2019","07","07","7","3","6","2","0","0","1","1","0","0","0",794572.77099999995,5828357.25600000005,13.34300788600,52.52551044600,"0"
"197119","11","0","04","004","2019","07","10","7","3","3","6","0","1","1","0","0","0","0",793201.64847699995,5825616.06828000024,13.32044019100,52.50167593800,"0"
"197120","11","0","09","009","2019","07","12","7","3","2","6","0","0","1","0","0","0","1",806294.49570199999,5820737.41533000022,13.50825259600,52.45076058500,"0"
"197121","11","0","10","010","2019","07","08","6","2","5","3","0","1","1","0","0","0","0",812442.43818499998,5824756.20555000100,13.60219120000,52.48329523700,"1"
"197122","11","0","04","004","2019","07","14","6","3","1","5","0","0","1","0","0","0","0",793919.42453600001,5825656.48742999975,13.33101978500,52.50165212500,"0"
"197123","11","0","10","010","2019","07","10","6","3","5","3","0","0","1","0","0","0","0",809439.87237100000,5826351.94639000110,13.55959889600,52.49930559600,"1"
"197124","11","0","07","007","2019","07","11","6","3","6","7","0","0","1","1","0","0","0",794916.13877800002,5823299.35092000011,13.34357474800,52.47998415400,"0"
"197125","11","0","08","008","2019","07","21","6","3","0","5","2","0","1","0","0","0","0",801003.96118300001,5823765.70789000019,13.43336963400,52.48084286500,"0"
"197126","11","0","03","003","2019","07","17","6","3","5","2","0","1","1","0","0","0","0",798826.90093700006,5831788.06175999995,13.40861358100,52.55394758400,"0"
"197127","11","0","01","001","2019","07","17","6","3","3","6","0","1","0","0","0","0","1",796136.18419299996,5828404.50863999967,13.36602747600,52.52508708200,"1"
"197128","11","0","06","006","2019","07","17","6","3","5","2","0","1","1","0","0","0","0",789319.92233400000,5817256.98226999957,13.25616691500,52.42880556100,"0"
"197129","11","0","10","010","2019","07","17","4","3","2","2","0","0","1","0","0","0","0",809907.51462499995,5831583.05322000012,13.57133980300,52.54591914300,"0"
"197130","11","0","04","004","2019","07","08","4","3","5","3","0","1","0","0","0","0","1",793922.00061100000,5823112.78490000032,13.32881392500,52.47884765500,"0"
"197131","11","0","05","005","2019","07","15","6","3","5","2","0","1","1","0","0","0","0",781562.70485300000,5830766.44187000021,13.15379716500,52.55398758700,"1"
"197132","11","0","06","006","2019","07","14","6","3","2","6","0","0","1","0","0","0","0",793057.03154899995,5818007.90146999899,13.31163350300,52.43354842200,"0"
"197133","11","0","03","003","2019","07","14","6","2","5","3","0","0","1","0","1","0","0",804652.21176400001,5841367.36593000032,13.50308111000,52.63657345400,"1"
"197134","11","0","01","001","2019","07","14","6","3","2","6","0","0","1","0","0","0","0",797294.02088600001,5831270.90292000026,13.38560803100,52.55015077200,"1"
"197135","11","0","12","012","2019","07","14","6","3","2","2","0","0","1","0","0","0","1",790263.35882099997,5833690.69617999997,13.28432925700,52.57563618000,"1"
"197136","11","0","12","012","2019","07","13","6","3","2","6","0","0","1","0","0","0","0",793843.35945800005,5836234.49988000002,13.33926272900,52.59651841000,"1"
"197137","11","0","01","001","2019","07","12","6","3","2","6","0","0","1","0","0","0","0",794464.55001000001,5828354.32507999986,13.34141472200,52.52554263300,"1"
"197138","11","0","02","002","2019","07","12","6","3","6","7","0","1","0","0","0","0","1",801743.37058200000,5826214.14004999958,13.44644176700,52.50238044000,"1"
"197139","11","0","10","010","2019","07","16","6","3","2","6","0","0","1","0","0","0","0",810695.06999999995,5831986.20399999991,13.58329354900,52.54908339100,"0"
"197140","11","0","10","010","2019","07","12","6","3","5","3","0","0","1","0","0","0","1",806457.93327599997,5829895.04903999995,13.51907241600,52.53274229300,"1"
"197141","11","0","10","010","2019","07","12","6","3","5","3","0","1","1","0","0","0","0",811349.15560199996,5831945.48142000008,13.59287061300,52.54834504600,"1"
"197142","11","0","07","007","2019","07","11","6","3","5","2","0","0","1","0","0","0","0",795808.57578299998,5816024.22793000098,13.35023568100,52.41428501200,"0"
"197143","11","0","12","012","2019","07","10","6","2","5","3","0","0","1","0","0","0","0",793947.83219500002,5835309.54669000022,13.33997984100,52.58817044200,"1"
"197144","11","0","07","007","2019","07","10","6","3","0","1","0","1","0","0","0","0","0",796433.75005799998,5824890.89288999978,13.36727156700,52.49342921300,"1"
"197145","11","0","11","011","2019","07","12","6","3","1","5","0","1","1","0","0","0","0",803939.11099099996,5826288.30965000018,13.47875852700,52.50182663000,"1"
"197146","11","0","12","012","2019","07","10","6","3","8","1","0","0","1","0","0","0","0",790163.07290100004,5835941.56085999962,13.28482460900,52.59586848800,"1"
"197147","11","0","03","003","2019","07","16","6","3","2","6","0","0","1","0","0","0","0",799308.48625600000,5833874.86713999975,13.41757793900,52.57238796900,"1"
"197148","11","0","04","004","2019","07","15","6","3","5","7","0","0","1","0","0","0","0",793676.91655400000,5826073.59491000045,13.32782531000,52.50552186900,"1"
"197149","11","0","01","001","2019","07","10","6","3","0","1","0","0","0","0","1","0","0",795334.70100500004,5826189.05372999981,13.35228162000,52.50566202800,"1"
"197150","11","0","03","003","2019","07","10","6","3","0","3","0","0","1","0","1","0","0",804371.20480499999,5840424.90493000019,13.49807341300,52.62828443500,"1"
"197151","11","0","07","007","2019","07","09","6","3","1","5","0","1","1","0","0","0","0",794203.03399999999,5822906.52799999993,13.33275809700,52.47684733700,"1"
"197152","11","0","04","004","2019","07","09","6","3","2","6","0","0","1","0","0","0","1",793299.00476399995,5823682.66053999960,13.32016829400,52.48429134100,"1"
"197153","11","0","05","005","2019","07","08","6","3","2","6","0","0","1","0","0","0","0",784709.05190500000,5831107.94940999895,13.20037220100,52.55541384200,"1"
"197154","11","0","01","001","2019","07","09","6","3","0","7","0","1","1","0","0","0","0",798514.78057800001,5827198.65352999978,13.39990185900,52.51298113400,"0"
"197155","11","0","07","007","2019","07","08","6","2","9","1","0","0","1","0","0","0","0",800047.08499999996,5820445.53600000031,13.41633642200,52.45160907200,"1"
"197156","11","0","04","004","2019","07","08","6","3","0","1","0","0","0","0","1","0","0",791620.15761899995,5825060.64572000038,13.29672134800,52.49754413600,"1"
"197157","11","0","07","007","2019","07","08","6","3","5","2","0","0","1","0","0","0","1",796697.07643400005,5820024.72142000031,13.36681086100,52.44966535400,"1"
"197158","11","0","01","001","2019","07","07","6","3","2","6","0","0","1","0","0","1","0",795970.93445900001,5826211.17831000034,13.36164783300,52.50551558800,"1"
"197159","11","0","10","010","2019","07","07","6","3","5","3","0","0","1","0","0","0","0",811313.10897599999,5831176.21776999906,13.59161978900,52.54147208900,"1"
"197160","11","0","12","012","2019","07","07","6","3","2","6","0","0","1","0","0","0","0",790156.67911999999,5835952.44111000095,13.28474001300,52.59596944000,"1"
"197161","11","0","01","001","2019","07","06","6","2","5","2","0","0","1","0","1","0","0",798314.41889500001,5829376.81056000013,13.39891179700,52.53261501400,"1"
"197162","11","0","05","005","2019","07","06","6","3","5","3","0","0","1","0","0","0","0",784777.69708199997,5827102.12186999898,13.19794886500,52.51946180500,"1"
"197163","11","0","02","002","2019","07","01","6","3","0","3","2","1","1","0","0","0","0",798427.77260999999,5824743.90263000038,13.39642362000,52.49102509700,"0"
"197164","11","0","04","004","2019","07","16","6","3","2","7","0","1","1","0","0","0","0",792726.49312000000,5826128.34707000107,13.31391056300,52.50652347100,"0"
"197165","11","0","02","002","2019","07","09","5","3","5","2","0","1","0","0","0","0","0",797661.06359899999,5825317.54523000028,13.38567701300,52.49658576000,"0"
"197166","11","0","02","002","2019","07","14","5","3","6","7","0","0","0","1","0","0","1",802032.50474799995,5827371.12913999986,13.45173815500,52.51259062000,"0"
"197167","11","0","02","002","2019","07","14","5","3","6","4","0","1","0","1","0","0","0",800639.84704000002,5826980.60011999961,13.43092548500,52.50985955800,"0"
"197168","11","0","05","005","2019","07","14","5","3","5","3","0","0","1","0","1","0","0",784732.36067099997,5828648.51482999977,13.19860674000,52.53335045500,"0"
"197169","11","0","03","003","2019","07","14","5","3","2","6","0","0","1","0","0","0","0",800057.05135099997,5835757.40799999982,13.43029452200,52.58884940100,"0"
"197170","11","0","07","007","2019","07","22","5","3","5","2","2","1","1","0","0","0","0",797851.21330700000,5821927.68252000026,13.38544132700,52.46609577600,"1"
"197171","11","0","01","001","2019","07","13","5","3","6","4","0","1","0","1","0","0","0",796597.88882700005,5830356.90058999974,13.37455522200,52.54233722900,"0"
"197172","11","0","04","004","2019","07","19","5","2","0","7","0","1","0","0","0","0","0",790971.42142399994,5827411.10960999969,13.28924665900,52.51896229100,"0"
"197173","11","0","01","001","2019","07","13","5","3","6","6","0","1","0","1","0","0","0",797398.02180500003,5826955.83741999976,13.38327705600,52.51141460400,"0"
"197174","11","0","02","002","2019","07","20","5","3","2","6","0","0","1","0","1","0","0",803042.26796900004,5825825.85063000023,13.46516577900,52.49818045900,"0"
"197175","11","0","01","001","2019","07","19","5","3","6","4","0","0","1","1","0","0","0",797359.55572099995,5831214.52641000040,13.38652122000,52.54960965500,"0"
"197176","11","0","02","002","2019","07","13","5","3","2","7","0","0","1","0","1","0","0",801911.56974299997,5828869.82935000025,13.45132165800,52.52609046200,"0"
"197177","11","0","02","002","2019","07","20","5","3","5","3","0","1","0","0","0","0","0",800915.61748699995,5826359.86399000045,13.43441556800,52.50414370300,"0"
"197178","11","0","10","010","2019","07","12","5","3","0","3","0","0","1","0","1","0","0",809539.78632399999,5831440.35104000010,13.56580131900,52.54484934900,"0"
"197179","11","0","04","004","2019","07","12","5","2","5","3","0","0","1","0","0","0","0",793366.33298499999,5822846.32187999971,13.32042105900,52.47675768900,"0"
"197180","11","0","05","005","2019","07","11","5","3","5","2","0","0","1","0","1","0","0",784341.64395000006,5828351.94232000038,13.19260838200,52.53089534800,"0"
"197181","11","0","02","002","2019","07","10","5","3","5","2","0","1","1","0","0","0","0",802769.61245599994,5827688.35560999904,13.46285544000,52.51502525100,"0"
"197182","11","0","09","009","2019","07","09","5","2","2","6","0","0","1","0","0","0","0",804312.62151199998,5824043.75884999894,13.48219429000,52.48150129100,"0"
"197183","11","0","01","001","2019","07","09","5","3","5","2","0","0","1","0","0","0","0",795664.66500000004,5829738.32400000002,13.36028393800,52.53729945300,"0"
"197184","11","0","08","008","2019","07","17","5","2","1","5","0","1","1","0","0","0","0",800898.83915200003,5824614.10840999894,13.43259219400,52.48850527100,"0"
"197185","11","0","07","007","2019","07","08","5","3","5","2","0","1","1","0","0","0","0",794956.64986200002,5824452.05128999893,13.34518955900,52.49029549200,"0"
"197186","11","0","02","002","2019","07","08","5","3","6","2","0","0","1","1","0","0","0",797856.54572299996,5825650.68092999980,13.38884594000,52.49946527600,"0"
"197187","11","0","09","009","2019","07","09","5","3","5","2","0","1","1","0","0","0","0",803887.59238499997,5823382.52280000038,13.47535224600,52.47581146100,"0"
"197188","11","0","08","008","2019","07","23","5","3","9","1","2","0","1","0","0","0","0",801115.38797100005,5823525.23055000044,13.43478829100,52.47862597000,"1"
"197189","11","0","12","012","2019","07","23","5","3","0","1","2","1","0","0","0","0","0",790781.47515499999,5836541.88860999979,13.29445588000,52.60091998500,"0"
"197190","11","0","08","008","2019","07","22","5","3","1","5","2","1","1","0","0","0","0",800685.91561499995,5822952.85350000020,13.42796756500,52.47373216800,"1"
"197191","11","0","07","007","2019","07","17","5","3","6","7","0","0","1","1","0","0","0",798061.27570400003,5819655.53094999958,13.38649609800,52.44561390700,"0"
"197192","11","0","11","011","2019","07","14","5","3","0","1","0","0","0","0","1","0","0",805336.80865499994,5827358.65299000032,13.50026737700,52.51063925900,"0"
"197193","11","0","05","005","2019","07","21","4","3","1","5","1","0","1","0","0","1","0",787460.78521500004,5828073.67284000013,13.23822339700,52.52676451400,"0"
"197194","11","0","07","007","2019","07","21","4","2","5","3","1","1","0","0","0","0","1",800351.68514299998,5821674.10556000005,13.42191047100,52.46245406000,"0"
"197195","11","0","02","002","2019","07","21","4","3","5","3","1","1","1","0","0","0","0",798621.78262299998,5825130.47327999957,13.39961908900,52.49438410000,"1"
"197196","11","0","01","001","2019","07","21","4","3","0","1","2","0","0","0","1","0","0",797460.85745000001,5829185.00033000018,13.38619377200,52.53136215200,"1"
"197197","11","0","01","001","2019","07","21","4","3","5","3","2","1","1","0","0","0","0",797894.18144499999,5826569.59118000045,13.39022084200,52.50768165100,"1"
"197198","11","0","04","004","2019","07","20","4","3","3","6","0","1","1","0","0","0","0",793451.91010300000,5825695.35958999954,13.32418636400,52.50225222100,"0"
"197199","11","0","05","005","2019","07","20","4","2","9","1","0","0","0","0","1","0","0",779790.05848200002,5828609.54562999960,13.12590291000,52.53556073400,"0"
"197200","11","0","01","001","2019","07","20","4","3","5","2","0","1","1","0","0","0","0",797866.11108800001,5827607.56843999960,13.39073750800,52.51700116700,"0"
"197201","11","0","11","011","2019","07","19","4","3","5","3","0","0","1","0","0","0","0",804212.29358199995,5829084.48481000029,13.48532690300,52.52673548200,"0"
"197202","11","0","02","002","2019","07","19","4","3","0","2","0","0","1","0","1","0","0",798909.38583499996,5825257.53856000025,13.40395678800,52.49536564300,"0"
"197203","11","0","10","010","2019","07","18","4","3","5","7","0","0","1","0","0","0","0",806551.86520000000,5829133.36692999955,13.51975057900,52.52586315800,"0"
"197204","11","0","06","006","2019","07","18","4","3","0","6","0","1","0","0","0","0","1",793804.75038999994,5821211.36378000025,13.32541789400,52.46186527100,"0"
"197205","11","0","08","008","2019","07","17","4","3","5","2","0","1","1","0","0","0","0",802024.39867799997,5823487.78015999962,13.44809840700,52.47778836000,"0"
"197206","11","0","01","001","2019","07","17","4","3","5","2","0","1","1","0","0","0","0",797294.10796499997,5827231.55334999971,13.38199667200,52.51394273000,"0"
"197207","11","0","10","010","2019","07","15","4","3","5","2","0","0","1","0","0","0","0",809598.40500300005,5828542.10395000037,13.56396381400,52.51884313000,"0"
"197208","11","0","03","003","2019","07","14","4","3","5","3","0","1","0","0","0","0","1",802341.26486300002,5829201.32325000037,13.45793759000,52.52882350500,"0"
"197209","11","0","01","001","2019","07","14","4","3","2","7","0","1","1","0","0","0","0",796563.20380300004,5830501.64847999997,13.37417449100,52.54365361600,"0"
"197210","11","0","12","012","2019","07","13","4","3","3","6","0","0","1","0","0","0","0",791810.98043100000,5831241.07586999889,13.30494786300,52.55284844600,"0"
"197211","11","0","12","012","2019","07","13","4","3","1","5","0","0","1","0","0","0","0",786779.60317899997,5837513.07725999970,13.23637205000,52.61175271400,"0"
"197212","11","0","08","008","2019","07","11","4","3","2","6","0","0","1","0","0","1","0",800636.78940300003,5823075.92351999972,13.42735739500,52.47486233200,"0"
"197213","11","0","09","009","2019","07","10","4","2","6","4","0","0","1","1","0","0","0",808418.57310000004,5820877.04707000032,13.53953897000,52.45081783600,"0"
"197214","11","0","03","003","2019","07","07","4","3","1","5","0","0","1","0","0","0","1",799574.62412299996,5833175.31130000018,13.42086140700,52.56597121900,"0"
"197215","11","0","03","003","2019","07","10","4","3","2","6","0","0","1","0","0","0","0",801097.86535400001,5834753.49462999962,13.44469965500,52.57927622800,"0"
"197216","11","0","03","003","2019","07","09","4","3","3","6","0","0","1","0","1","0","0",799165.16037800000,5831807.48257999960,13.41360536100,52.55393597000,"0"
"197217","11","0","01","001","2019","07","10","4","3","5","3","0","0","1","0","1","0","0",796967.04014399997,5828843.04437999986,13.37862988400,52.52856615600,"0"
"197218","11","0","08","008","2019","07","03","7","3","2","6","2","1","1","0","0","0","0",801412.12754500005,5823929.39496000018,13.43950974700,52.48208489800,"0"
"197219","11","0","02","002","2019","07","03","7","2","0","1","2","0","0","0","1","0","0",798145.45987499994,5824850.00815999974,13.39237282700,52.49213046700,"0"
"197220","11","0","05","005","2019","07","02","7","2","0","1","2","0","1","0","0","0","0",789329.11128099996,5828958.24670000002,13.26645651600,52.53370656700,"0"
"197221","11","0","01","001","2019","07","22","6","2","5","3","2","1","0","0","0","0","0",794807.71510799997,5826245.81450000033,13.34459009000,52.50645586000,"0"
"197222","11","0","04","004","2019","07","14","7","3","5","2","0","1","1","0","0","0","0",793498.96622499998,5827611.54959999956,13.32656742700,52.51940468000,"0"
"197223","11","0","04","004","2019","07","14","7","2","3","6","0","1","1","0","0","0","0",791983.54368300003,5826456.16545999981,13.30328286600,52.50986043100,"0"
"197224","11","0","01","001","2019","07","13","7","3","0","2","0","0","1","0","1","0","0",795409.54524400004,5829565.72534999903,13.35637998100,52.53589060500,"0"
"197225","11","0","09","009","2019","07","22","7","3","6","4","2","1","0","1","0","0","0",801505.90575599996,5824928.52276000008,13.44179030300,52.49098850200,"0"
"197226","11","0","01","001","2019","07","13","7","2","0","7","0","0","1","1","0","0","1",797881.21969399997,5827067.95980999898,13.39047644700,52.51215599200,"0"
"197227","11","0","01","001","2019","07","12","7","2","2","2","0","1","1","0","0","0","0",794542.79630799999,5829072.98385000043,13.34320141600,52.53194264800,"0"
"197228","11","0","02","002","2019","07","21","7","3","5","2","1","1","1","0","0","0","0",800586.68920000002,5827009.16842999961,13.43017037200,52.51014491700,"0"
"197229","11","0","05","005","2019","07","12","7","2","5","2","0","0","1","0","0","0","0",784144.99703299999,5827314.42726999894,13.18883062700,52.52169542200,"0"
"197230","11","0","12","012","2019","07","12","7","3","5","2","0","1","1","0","0","0","0",792167.14000000001,5838069.79600000009,13.31620625200,52.61387412500,"0"
"197231","11","0","06","006","2019","07","12","7","3","5","2","0","1","1","0","0","0","0",787770.10672499996,5821679.67963000108,13.23724583600,52.46927554300,"0"
"197232","11","0","12","012","2019","07","12","7","3","4","5","0","0","1","0","0","0","1",794289.24576700001,5833707.61601999961,13.34358255400,52.57362579300,"0"
"197233","11","0","10","010","2019","07","19","7","3","3","6","0","0","1","0","1","0","0",809602.08206599997,5828545.50103999954,13.56402099400,52.51887148600,"0"
"197234","11","0","08","008","2019","07","11","7","3","0","1","0","0","0","0","1","0","0",804323.52877900004,5817812.26417000033,13.47667586200,52.42564372300,"0"
"197235","11","0","01","001","2019","07","11","7","3","1","5","0","1","0","0","0","0","1",797758.44721799996,5829256.87346999906,13.39063225000,52.53184392700,"0"
"197236","11","0","03","003","2019","07","11","7","3","5","2","0","0","1","0","0","0","0",800204.76199999999,5832142.25399999972,13.42919569500,52.55636459700,"0"
"197237","11","0","09","009","2019","07","11","7","3","5","3","0","0","1","0","0","0","0",804484.06400000001,5823235.64499999955,13.48397320900,52.47416286100,"0"
"197238","11","0","01","001","2019","07","11","7","2","5","3","0","1","1","0","0","0","0",794905.81717299996,5825973.83277000021,13.34579038700,52.50396471200,"0"
"197239","11","0","11","011","2019","07","10","7","3","5","3","0","1","0","0","0","0","1",807217.15389800002,5823900.22044000030,13.52469842800,52.47858863800,"0"
"197240","11","0","09","009","2019","07","08","7","3","0","6","0","0","0","0","1","0","1",808991.92672999995,5818122.71791000105,13.54540312000,52.42580987100,"0"
"197241","11","0","02","002","2019","07","04","7","3","5","3","1","0","1","0","0","0","0",800293.58565400005,5827628.33495000098,13.42642321600,52.51585613900,"0"
"197242","11","0","04","004","2019","07","07","6","3","3","6","0","1","0","0","0","0","1",790243.09543400002,5828067.49423999991,13.27911569600,52.52523496700,"0"
"197243","11","0","09","009","2019","07","06","6","3","3","6","0","1","0","0","0","0","1",806326.18602999998,5820933.19813999999,13.50889703000,52.45249751600,"0"
"197244","11","0","11","011","2019","07","16","6","3","5","2","0","1","1","0","0","0","0",805463.76052899996,5833353.91313999984,13.50764301100,52.56429972300,"0"
"197245","11","0","03","003","2019","07","16","6","3","5","3","0","1","1","0","0","0","0",797369.01168500003,5835183.88595999964,13.39021859400,52.58518467500,"0"
"197246","11","0","06","006","2019","07","15","6","3","2","6","0","0","1","0","1","0","0",794393.35426399997,5820190.12679999974,13.33315599700,52.45239357500,"0"
"197247","11","0","11","011","2019","07","15","6","2","0","1","0","0","0","0","0","0","1",807793.19543900003,5824286.64283999987,13.53351025600,52.48172745300,"0"
"197248","11","0","06","006","2019","07","15","6","2","5","7","0","0","0","0","1","0","1",789550.44452899997,5817882.80219999980,13.26008988200,52.43429435300,"0"
"197249","11","0","02","002","2019","07","15","6","2","5","3","0","1","0","0","0","0","1",801141.37183600001,5825433.12944999896,13.43689357900,52.49571262800,"0"
"197250","11","0","07","007","2019","07","13","6","3","2","6","0","0","1","0","0","0","1",795121.92909800005,5825777.18840000033,13.34879080100,52.50208508800,"0"
"197251","11","0","03","003","2019","07","13","6","3","5","3","0","0","1","0","0","0","0",803395.33446799999,5833104.08748999890,13.47699303800,52.56321717200,"0"
"197252","11","0","04","004","2019","07","13","6","3","2","6","0","0","1","0","1","0","0",793338.25186299998,5829756.10637999978,13.32609781200,52.53871608100,"0"
"197253","11","0","09","009","2019","07","13","6","3","5","2","0","1","1","0","0","0","0",806135.21393800003,5821074.86371999979,13.50622536300,52.45387416600,"0"
"197254","11","0","08","008","2019","07","12","6","2","2","6","0","0","1","0","0","0","0",801386.94964200002,5819252.51032000035,13.43491741500,52.44017855500,"0"
"197255","11","0","02","002","2019","07","12","6","3","0","7","0","1","0","0","0","0","0",799214.79399999999,5824493.42399999965,13.40775585500,52.48834909400,"0"
"197256","11","0","04","004","2019","07","11","6","3","6","7","0","0","1","1","0","0","0",790830.11762499996,5826383.24949000031,13.28627163200,52.50982290700,"0"
"197257","11","0","07","007","2019","07","11","6","3","3","6","0","0","1","0","1","0","0",799119.55356499995,5816189.82210000046,13.39892082300,52.41397016900,"0"
"197258","11","0","02","002","2019","07","10","6","3","5","2","0","1","0","0","0","1","0",800612.20435300004,5826605.89675999992,13.43018102200,52.50651621500,"0"
"197259","11","0","03","003","2019","07","22","6","3","5","3","2","1","1","0","0","0","0",802196.14586599998,5829420.70627999958,13.45600429700,52.53087028700,"0"
"197260","11","0","07","007","2019","07","21","6","3","5","2","2","0","1","0","0","0","0",796920.94999999995,5822284.01999999955,13.37210497900,52.46979634400,"0"
"197261","11","0","09","009","2019","07","21","6","2","5","3","1","1","1","0","0","0","0",802329.44406300003,5825307.77168000024,13.45422703300,52.49393225400,"0"
"197262","11","0","02","002","2019","07","20","6","3","5","3","0","1","1","0","0","0","0",800584.35834300006,5827010.42109000031,13.43013726200,52.51015742900,"0"
"197263","11","0","07","007","2019","07","19","6","3","5","2","0","0","1","0","0","0","0",797824.21860200004,5822535.85792000033,13.38558800800,52.47156211200,"0"
"197264","11","0","04","004","2019","07","01","6","3","5","3","2","0","1","0","0","0","0",792580.22042100003,5825448.12308000028,13.31116384500,52.50050391500,"0"
"197265","11","0","08","008","2019","07","19","6","3","5","7","0","1","1","0","0","0","0",802766.77869900002,5818171.91853000037,13.45417656000,52.42973095600,"0"
"197266","11","0","11","011","2019","07","10","6","3","6","4","0","0","1","1","0","0","0",807251.87803799997,5824282.87127000093,13.52556071300,52.48199848600,"0"
"197267","11","0","05","005","2019","07","09","6","3","0","6","0","0","0","0","0","0","1",784609.10418400005,5828341.79540000018,13.19653189600,52.53066478200,"0"
"197268","11","0","11","011","2019","07","09","6","3","5","2","0","1","1","0","0","0","0",804144.02933799999,5829828.56876000017,13.48500447300,52.53344249100,"0"