OBJECTID,ULAND,UREGBEZ,UKREIS,UGEMEINDE,UJAHR,UMONAT,USTUNDE,UWOCHENTAG,UKATEGORIE,UART,UTYP1,ULICHTVERH,IstRad,IstPKW,IstFuss,IstKrad,IstGkfz,IstSonstig,LINREFX,LINREFY,XGCSWGS84,YGCSWGS84,STRZUSTAND
"197269","11","0","01","001","2019","07","09","6","3","5","3","0","0","1","0","0","0","1",797629.81403300003,5828204.98347999994,13.38779996100,52.52248527800,"0"
"197270","11","0","01","001","2019","07","08","6","2","5","3","0","1","1","0","0","0","0",795398.35632499994,5830283.80231999978,13.35685389400,52.54233360800,"0"
"197271","11","0","07","007","2019","07","08","6","3","4","6","0","1","1","0","0","0","0",794083.75619600003,5822045.92386000045,13.33024817700,52.46919665500,"0"
"197272","11","0","11","011","2019","07","07","6","3","5","3","0","1","1","0","0","0","0",805189.64529899997,5826252.54107000027,13.49709171500,52.50080810900,"0"
"197273","11","0","09","009","2019","07","06","6","3","1","1","0","0","1","0","0","0","0",810892.58068400004,5822275.94835000020,13.57713010000,52.46195294100,"0"
"197274","11","0","02","002","2019","07","06","6","3","5","2","0","1","1","0","0","0","0",803103.09476000001,5826085.87992999982,13.46629571300,52.50047728900,"0"
"197275","11","0","01","001","2019","07","15","6","3","3","6","0","0","1","0","0","0","1",797532.76472199999,5827566.10087000020,13.38580233700,52.51681142100,"0"
"197276","11","0","08","008","2019","07","11","5","3","0","3","0","1","1","0","0","0","0",800987.81672100001,5817122.08839999977,13.42714565700,52.42130246500,"0"
"197277","11","0","08","008","2019","07","21","5","2","9","1","2","0","0","0","1","0","0",803138.00509600004,5822672.84525000025,13.46370459100,52.46986720100,"0"
"197278","11","0","01","001","2019","07","21","5","3","6","4","0","1","0","1","0","0","0",799020.40916299995,5827873.92650000006,13.40793739500,52.51875703100,"0"
"197279","11","0","01","001","2019","07","20","5","3","5","2","0","0","1","0","0","0","1",795451.43596999999,5831591.82352000009,13.35879801500,52.55403006100,"0"
"197280","11","0","04","004","2019","07","19","5","3","5","3","0","1","1","0","0","0","0",793938.54614300001,5825810.68934000004,13.33143679500,52.50302416600,"0"
"197281","11","0","06","006","2019","07","18","5","3","5","3","0","0","1","0","1","0","0",787738.82294800004,5818260.27378000040,13.23384009200,52.43863469200,"0"
"197282","11","0","08","008","2019","07","18","5","3","5","2","0","0","1","0","0","0","0",800952.20900000003,5816263.56300000008,13.42585155800,52.41362667200,"0"
"197283","11","0","11","011","2019","07","16","5","3","0","7","0","0","1","0","0","0","1",802987.62334900000,5830854.85656999890,13.46894399100,52.54328492900,"0"
"197284","11","0","02","002","2019","07","15","5","3","5","2","0","1","0","0","0","0","1",799774.42727099999,5824825.10015000030,13.41627164300,52.49101506800,"0"
"197285","11","0","01","001","2019","07","18","5","3","5","3","0","1","1","0","0","0","0",797902.55903899996,5826576.58507000096,13.39035017200,52.50773976800,"0"
"197286","11","0","02","002","2019","07","15","5","3","2","6","0","0","1","0","0","0","0",800392.93571100000,5827855.97401999962,13.42808844300,52.51784182800,"0"
"197287","11","0","01","001","2019","07","17","5","3","5","7","0","1","0","0","0","0","1",793703.51183099998,5828112.76130999904,13.33001593600,52.52378765400,"0"
"197288","11","0","01","001","2019","07","15","5","3","5","2","0","0","1","0","1","0","0",796190.23600000003,5831009.09800000023,13.36914331100,52.54840526100,"0"
"197289","11","0","01","001","2019","07","17","5","3","5","7","0","1","1","0","0","0","0",797810.34910200001,5827136.66258000024,13.38949669700,52.51281052700,"0"
"197290","11","0","01","001","2019","07","15","5","3","6","7","0","0","1","1","0","0","0",796886.10794300004,5831538.79380999971,13.37984926000,52.55277457600,"0"
"197291","11","0","04","004","2019","07","15","5","3","6","3","0","0","1","1","0","0","0",794029.33863599994,5824715.87129000109,13.33180405200,52.49316076900,"0"
"197292","11","0","08","008","2019","07","17","5","3","5","3","0","1","0","0","0","0","0",801551.94187200000,5824363.93156000040,13.44195543500,52.48590254200,"0"
"197293","11","0","08","008","2019","07","14","5","3","1","5","0","0","1","0","0","0","1",801341.37219100003,5820026.32197999954,13.43494676500,52.44713960700,"0"
"197294","11","0","07","007","2019","07","16","5","2","5","3","0","1","1","0","0","0","0",795229.45327599999,5822260.09504999965,13.34725492600,52.47049862200,"0"
"197295","11","0","12","012","2019","07","14","5","3","0","5","0","0","1","0","0","0","1",793540.54417799995,5837847.66810000036,13.33623550400,52.61114284900,"0"
"197296","11","0","09","009","2019","07","13","5","3","1","1","0","1","1","0","0","0","0",814032.50199999998,5820745.62999999989,13.62175619600,52.44644455400,"0"
"197297","11","0","01","001","2019","07","11","5","3","3","2","0","0","1","0","0","0","0",795161.82158200000,5827090.89113999996,13.35054165900,52.51383988200,"0"
"197298","11","0","07","007","2019","07","11","5","3","5","2","0","0","1","0","0","1","0",798707.84634000005,5816019.87000999972,13.39273383300,52.41267155500,"0"
"197299","11","0","01","001","2019","07","11","5","3","6","2","0","0","0","1","0","0","1",793573.49523200002,5828507.52405999973,13.32845358600,52.52739652200,"0"
"197300","11","0","09","009","2019","07","11","5","3","2","6","0","0","1","0","0","0","1",809528.94037299999,5818795.33901999984,13.55389825100,52.43153432900,"0"
"197301","11","0","07","007","2019","07","11","5","3","2","6","0","0","1","0","0","0","1",797757.20235699997,5822626.55934999976,13.38468526400,52.47241168400,"0"
"197302","11","0","01","001","2019","07","10","5","3","5","3","0","0","1","0","0","0","1",797045.94794300001,5828361.99552000035,13.37935991700,52.52421110300,"0"
"197303","11","0","01","001","2019","07","10","5","3","1","5","0","1","1","0","0","0","0",796928.66522099997,5826430.21657999977,13.37591237700,52.50695866100,"0"
"197304","11","0","11","011","2019","07","10","5","3","1","1","0","0","1","0","0","0","0",805338.07772900001,5827208.85678000003,13.50014860600,52.50929600900,"0"
"197305","11","0","11","011","2019","07","09","5","2","5","2","0","0","0","0","1","0","1",806356.86300000001,5832164.58700000029,13.51967997000,52.55313906400,"0"
"197306","11","0","03","003","2019","07","09","5","3","2","6","0","0","1","0","0","0","0",800096.47917700000,5833877.83739000093,13.42917310200,52.57198070900,"0"
"197307","11","0","01","001","2019","07","09","5","3","5","3","0","1","1","0","0","0","0",799901.70605000004,5826514.37284999900,13.41966170900,52.50608686300,"0"
"197308","11","0","04","004","2019","07","07","5","3","5","3","0","1","1","0","0","0","0",791578.29419399996,5822164.35599999968,13.29357289800,52.47160142000,"0"
"197309","11","0","07","007","2019","07","05","5","3","0","1","1","0","0","0","0","0","1",797271.84328899998,5822823.49210000038,13.37773619700,52.47444133600,"0"
"197310","11","0","05","005","2019","07","03","5","2","1","1","2","0","1","0","0","0","0",781394.33748200000,5829726.47950999904,13.15043906400,52.54474977100,"0"
"197311","11","0","03","003","2019","07","17","5","3","6","2","0","0","1","1","0","0","0",802262.61704100005,5831577.21145000029,13.45894307500,52.55016198900,"0"
"197312","11","0","02","002","2019","07","14","5","3","5","7","0","0","0","0","1","0","1",801515.29197300004,5825998.74064000044,13.44289679500,52.50057585700,"0"
"197313","11","0","07","007","2019","07","10","5","3","0","7","0","0","0","0","1","0","0",796019.55310000002,5824976.06843999960,13.36126422500,52.49441752600,"1"
"197314","11","0","04","004","2019","07","10","4","3","1","5","0","1","0","0","0","0","1",793749.28526699997,5825832.11880000029,13.32867542900,52.50331819400,"0"
"197315","11","0","07","007","2019","07","15","4","3","6","4","0","1","0","1","0","0","0",794574.35061700002,5822329.13210000005,13.33769955700,52.47147115200,"0"
"197316","11","0","05","005","2019","07","17","4","2","5","2","0","1","1","0","0","0","0",782434.56698000000,5830490.20000000019,13.16638752200,52.55105926700,"0"
"197317","11","0","11","011","2019","07","17","4","3","5","2","0","1","1","0","0","0","0",804371.80110200006,5830844.32536000013,13.48928243900,52.54241910300,"0"
"197318","11","0","02","002","2019","07","17","4","3","0","2","0","0","1","0","1","0","0",801206.46403300005,5827467.48990000039,13.43968990700,52.51391108100,"0"
"197319","11","0","09","009","2019","07","16","4","3","6","2","0","0","0","1","0","1","0",804746.59818900004,5822302.50327999983,13.48697419900,52.46565302900,"0"
"197320","11","0","01","001","2019","07","16","4","3","6","7","0","1","0","1","0","0","0",797882.53305199998,5831027.18601000030,13.39404327400,52.54764466800,"0"
"197321","11","0","06","006","2019","07","16","4","3","5","3","0","1","1","0","0","0","0",794339.52640099998,5819041.31333999988,13.33135396400,52.44212394600,"0"
"197322","11","0","07","007","2019","07","16","4","3","2","7","0","0","0","0","1","0","1",798170.19122599997,5821908.16485999990,13.39010542500,52.46574684200,"0"
"197323","11","0","04","004","2019","07","05","4","3","0","6","0","0","0","0","1","0","0",791141.07858099998,5829174.40813000035,13.29328392900,52.53467955300,"0"
"197324","11","0","05","005","2019","07","23","4","3","0","1","2","1","0","0","0","0","0",783747.47897599998,5824142.70536999963,13.18028374100,52.49346406000,"0"
"197325","11","0","01","001","2019","07","20","4","3","0","3","0","1","0","0","0","0","1",798507.53330300003,5830233.39580999967,13.40251972500,52.54018736900,"0"
"197326","11","0","01","001","2019","07","19","4","3","1","5","0","1","1","0","0","0","0",798782.33786700002,5829671.73280999903,13.40605463800,52.53500227600,"0"
"197327","11","0","12","012","2019","07","19","4","3","2","4","0","0","1","1","0","0","0",791950.04824799998,5831492.87445999961,13.30721460600,52.55503121900,"0"
"197328","11","0","11","011","2019","07","18","4","3","2","3","0","0","1","0","0","0","0",803361.70382000005,5826298.58695000038,13.47028754700,52.50224004500,"0"
"197329","11","0","02","002","2019","07","18","4","3","0","6","0","1","0","0","0","0","0",802547.59618899995,5826732.02180000022,13.45872435600,52.50657688800,"0"
"197330","11","0","01","001","2019","07","18","4","3","5","3","0","1","1","0","0","0","0",798603.90800900001,5828890.41803000029,13.40273000000,52.52809667900,"0"
"197331","11","0","05","005","2019","07","18","4","2","2","6","0","0","1","0","1","0","0",786044.50546699995,5829165.31199000031,13.21834332800,52.53729687400,"0"
"197332","11","0","02","002","2019","07","18","4","3","5","2","0","0","1","0","1","0","0",798322.91170199995,5825139.64010000043,13.39523809000,52.49462970200,"0"
"197333","11","0","07","007","2019","07","18","4","3","6","2","0","1","0","1","0","0","0",798099.15800000005,5823964.83399999980,13.39090110700,52.48422123500,"0"
"197334","11","0","01","001","2019","07","18","4","3","0","1","0","1","0","0","0","0","0",798545.23988799995,5829189.16287000105,13.40213601700,52.53080664000,"0"
"197335","11","0","10","010","2019","07","17","4","3","6","7","0","0","1","1","0","0","0",812123.49173999997,5830905.82576999906,13.60327642200,52.53858552100,"0"
"197336","11","0","01","001","2019","07","12","4","3","2","2","0","0","1","0","0","0","1",794913.13241500000,5832044.11299999990,13.35128318000,52.55837620800,"0"
"197337","11","0","09","009","2019","07","12","4","3","0","6","0","0","1","0","1","0","0",806685.74652799999,5822696.90357000101,13.51579196000,52.46810282600,"0"
"197338","11","0","07","007","2019","07","12","4","3","5","2","0","1","1","0","0","0","0",796347.08831499994,5824919.95119000040,13.36602468000,52.49373675200,"0"
"197339","11","0","09","009","2019","07","11","4","2","6","7","0","0","1","1","0","0","0",804282.15728499996,5823767.03277000040,13.48149454400,52.47903805100,"0"
"197340","11","0","03","003","2019","07","10","4","2","6","4","0","0","1","1","0","0","0",800710.27807300002,5829144.16531000100,13.43391591700,52.52921330100,"0"
"197341","11","0","07","007","2019","07","09","4","3","5","2","0","0","1","0","0","0","0",794567.30521000002,5825796.19642999955,13.34066042100,52.50255517200,"0"
"197342","11","0","07","007","2019","07","08","4","3","5","3","0","1","1","0","0","0","0",795426.19925099995,5825488.68972999975,13.35300441300,52.49933427000,"0"
"197343","11","0","01","001","2019","07","08","4","3","1","5","0","1","1","0","0","0","0",798855.24199600006,5827027.57708999980,13.40475029400,52.51126124300,"0"
"197344","11","0","11","011","2019","07","08","4","3","5","2","0","1","1","0","0","0","0",803969.68366300000,5829072.46296000015,13.48175075300,52.52676305200,"0"
"197345","11","0","11","011","2019","07","07","4","3","5","3","0","0","1","0","1","0","0",804308.58089200000,5828168.37090000045,13.48590366700,52.51847099600,"0"
"197346","11","0","05","005","2019","07","07","4","3","6","4","0","0","1","1","0","0","0",786804.98572000000,5828211.48950000014,13.22870204900,52.52834554000,"0"
"197347","11","0","03","003","2019","07","16","4","3","2","6","0","0","1","0","0","0","0",804644.68695899996,5841357.33892000001,13.50296101300,52.63648781100,"0"
"197348","11","0","11","011","2019","07","16","4","3","0","7","0","1","1","0","0","0","0",808400.60531999997,5823572.30951999966,13.54176572500,52.47498293600,"0"
"197349","11","0","04","004","2019","07","15","4","2","5","2","0","0","1","0","1","0","0",792302.32054300001,5825377.02477000095,13.30701916700,52.50001546500,"0"
"197350","11","0","12","012","2019","07","15","4","3","3","5","0","1","1","0","0","0","0",788353.77767200000,5832100.74643000029,13.25484607100,52.56239701800,"0"
"197351","11","0","04","004","2019","07","14","4","2","6","4","0","1","0","1","0","0","0",794028.29730500001,5824715.80888999905,13.33178870300,52.49316077100,"0"
"197352","11","0","03","003","2019","07","14","4","3","2","6","0","0","1","0","0","0","0",798047.29016300000,5831836.48715000041,13.39719227500,52.55480883200,"0"
"197353","11","0","03","003","2019","07","13","4","3","6","2","0","0","1","1","0","0","0",801536.40473199997,5831445.50464999955,13.44814561500,52.54938397700,"0"
"197354","11","0","01","001","2019","07","13","4","3","0","3","0","0","1","0","0","0","0",794479.00200700003,5827387.29985000100,13.34077098300,52.51686608100,"0"
"197355","11","0","01","001","2019","07","13","4","3","5","2","0","1","1","0","0","0","0",795668.91291700001,5829732.33571999986,13.36034105800,52.53724346800,"0"
"197356","11","0","11","011","2019","07","12","4","3","3","6","0","0","1","0","0","1","0",805522.37895000004,5831606.09487999976,13.50689642800,52.54860241000,"0"
"197357","11","0","02","002","2019","07","13","4","2","3","6","0","0","1","0","1","0","0",801730.63496599998,5828912.95370000042,13.44870186500,52.52657715100,"0"
"197358","11","0","10","010","2019","07","05","4","3","6","4","0","0","0","1","0","0","1",809206.11741800001,5830597.75004000030,13.56011240000,52.53748772000,"0"
"197359","11","0","02","002","2019","07","20","4","3","5","2","0","0","1","0","1","0","0",800425.68531199999,5827973.98065000027,13.42867620300,52.51888151700,"0"
"197360","11","0","09","009","2019","07","19","3","3","6","4","0","1","0","1","0","0","0",813473.26288499997,5816411.60465999972,13.60949287700,52.40792749500,"0"
"197361","11","0","01","001","2019","07","21","3","3","5","3","2","0","1","0","1","0","0",797804.43145399995,5830038.94204000011,13.39200893800,52.53882904800,"0"
"197362","11","0","01","001","2019","07","20","3","3","0","7","0","0","1","0","0","0","0",796401.94954199996,5830096.11722999904,13.37144177600,52.54010620200,"0"
"197363","11","0","07","007","2019","07","19","3","3","2","7","0","1","0","0","0","0","1",796206.52064799995,5824232.49610000011,13.36334915000,52.48765062100,"0"
"197364","11","0","09","009","2019","07","19","3","3","5","2","0","1","1","0","0","0","0",807367.01317399996,5822350.36713999975,13.52547013900,52.46461426700,"0"
"197365","11","0","02","002","2019","07","19","3","2","5","7","1","0","1","0","1","0","0",799766.81150700001,5824819.20223999955,13.41615450400,52.49096638400,"0"
"197366","11","0","01","001","2019","07","19","3","2","1","5","0","1","1","0","0","0","0",798617.66978899995,5828850.14448000025,13.40289608700,52.52772814500,"0"
"197367","11","0","01","001","2019","07","18","3","3","2","6","0","0","1","0","1","0","0",798372.74014400004,5829037.42191000096,13.39946442300,52.52954093800,"0"
"197368","11","0","05","005","2019","07","18","3","3","5","3","0","0","1","0","0","0","0",782375.92400000000,5827033.05200000014,13.16258731800,52.52009155500,"0"
"197369","11","0","08","008","2019","07","18","3","3","0","3","0","0","1","0","1","0","0",805354.68100200000,5817314.52979000099,13.49133957100,52.42060824100,"0"
"197370","11","0","02","002","2019","07","17","3","3","6","4","0","0","1","1","0","0","0",801427.40689200000,5826416.96494000033,13.44198459400,52.50437302100,"0"
"197371","11","0","02","002","2019","07","17","3","3","2","6","0","1","0","0","0","0","0",801627.80518799997,5826057.58327999990,13.44460257900,52.50104109400,"0"
"197372","11","0","02","002","2019","07","16","3","3","5","3","0","1","1","0","0","0","0",802218.91910399997,5826089.38391999993,13.45331317400,52.50099907700,"0"
"197373","11","0","09","009","2019","07","16","3","3","5","7","0","0","1","0","0","0","1",806509.94481999998,5822550.20275000110,13.51307734100,52.46688669700,"0"
"197374","11","0","03","003","2019","07","11","3","3","0","1","0","1","0","0","0","0","0",804086.64769699995,5841238.98154000007,13.49463132300,52.63573981900,"0"
"197375","11","0","01","001","2019","07","16","3","2","0","1","0","1","0","0","0","0","0",798678.53891400003,5829460.68377000093,13.40433920700,52.53316741600,"0"
"197376","11","0","01","001","2019","07","16","3","3","0","1","0","1","0","0","0","0","0",798474.50816800003,5829096.24945000093,13.40101298200,52.53001253400,"0"
"197377","11","0","01","001","2019","07","15","3","3","5","2","0","0","1","0","1","0","0",797776.81357200001,5827345.15481000021,13.38919055300,52.51469771400,"0"
"197378","11","0","08","008","2019","07","15","3","2","0","1","0","1","0","0","0","0","0",800329.32890399999,5824358.69550000038,13.42399967800,52.48652949600,"0"
"197379","11","0","02","002","2019","07","14","3","3","0","7","0","1","1","0","0","0","0",801207.74512400001,5827481.31560000032,13.43972124300,52.51403429500,"0"
"197380","11","0","01","001","2019","07","13","3","3","2","6","0","0","0","0","1","0","1",794554.36473799997,5830743.30271000043,13.34485223000,52.54690960400,"0"
"197381","11","0","06","006","2019","07","13","3","3","5","7","0","0","1","0","1","0","0",795142.43988199998,5818859.10448000021,13.34297151300,52.44005778500,"0"
"197382","11","0","09","009","2019","07","13","3","2","5","3","0","1","1","0","0","0","0",811558.52993399999,5818886.18384999968,13.58373952100,52.43119640300,"0"
"197383","11","0","08","008","2019","07","12","3","3","5","7","0","0","1","0","1","0","0",800185.19816200004,5823612.58863000106,13.42121159100,52.47992107700,"0"
"197384","11","0","04","004","2019","07","12","3","3","3","2","0","0","1","0","0","0","0",792628.50739399996,5825441.23526000045,13.31186711100,52.50041627500,"0"
"197385","11","0","01","001","2019","07","12","3","3","1","5","0","1","1","0","0","0","0",797240.28700000001,5828237.23599999957,13.38210445700,52.52298686600,"0"
"197386","11","0","04","004","2019","07","11","3","3","2","2","0","0","1","0","1","0","0",792439.29632299999,5824109.26233000029,13.30791840500,52.48857687600,"0"
"197387","11","0","02","002","2019","07","11","3","3","6","4","0","0","1","1","0","0","0",800282.33979100001,5826085.13748000003,13.42486584900,52.50203011300,"0"
"197388","11","0","04","004","2019","07","11","3","3","2","6","0","0","1","0","1","0","0",792378.84978499997,5825383.95187999960,13.30814942900,52.50003656700,"0"
"197389","11","0","03","003","2019","07","11","3","3","5","3","0","0","1","0","1","0","0",798977.76947299996,5835029.23333999980,13.41375359900,52.58291676900,"0"
"197390","11","0","05","005","2019","07","17","3","3","2","6","0","0","1","0","0","0","0",785138.35183000006,5828966.14068999980,13.20484841100,52.53598601400,"0"
"197391","11","0","05","005","2019","07","10","3","3","2","6","0","0","1","0","0","0","0",779617.74783600005,5827822.11438999977,13.12270666500,52.52858839100,"0"
"197392","11","0","07","007","2019","07","10","3","3","2","2","0","0","1","0","1","0","0",798741.96736100002,5823946.93217999954,13.40032313100,52.48370945200,"0"
"197393","11","0","02","002","2019","07","10","3","3","0","1","0","1","0","0","0","0","0",801416.92079899996,5825630.38834999967,13.44111865200,52.49732859500,"0"
"197394","11","0","01","001","2019","07","09","3","3","2","6","0","0","1","0","0","0","0",795375.18580800004,5831089.71602999978,13.35722994300,52.54957047500,"0"
"197395","11","0","11","011","2019","07","09","3","3","5","2","0","1","1","0","0","0","0",804095.01531499997,5825995.29456000030,13.48078070600,52.49911356900,"0"
"197396","11","0","04","004","2019","07","09","3","3","2","2","0","0","1","0","1","0","0",791474.73665099998,5828282.77410999965,13.29740736200,52.52650785600,"0"
"197397","11","0","03","003","2019","07","09","3","3","1","5","0","1","1","0","0","0","0",801620.92103800003,5830165.63355000038,13.44822618800,52.53786568500,"0"
"197398","11","0","09","009","2019","07","07","3","3","5","7","0","1","0","0","0","0","1",814207.53129199997,5821766.94735000096,13.62528379300,52.45549599900,"0"
"197399","11","0","03","003","2019","07","06","3","3","5","3","0","0","1","0","0","0","1",796278.30299999996,5835300.55300000031,13.37427131600,52.58682554900,"0"
"197400","11","0","11","011","2019","07","06","3","3","5","3","0","0","1","0","1","0","0",806501.86175899999,5833022.41043000109,13.52260398300,52.56074538400,"0"
"197401","11","0","01","001","2019","07","06","3","3","5","2","0","0","1","0","1","0","0",797556.14510500000,5828722.81967999972,13.38718070200,52.52716726000,"0"
"197402","11","0","04","004","2019","07","03","3","3","5","3","2","1","1","0","0","0","0",792847.28064100002,5824332.44771999959,13.31410605700,52.49035896800,"0"
"197403","11","0","01","001","2019","07","18","3","3","0","1","0","0","0","0","0","0","1",798485.45581199997,5828032.27379999962,13.40021888400,52.52046946100,"0"
"197404","11","0","05","005","2019","07","13","3","3","1","5","0","1","1","0","0","0","0",781733.63678900001,5828491.50322000030,13.15438206500,52.53350101700,"0"
"197405","11","0","01","001","2019","07","19","3","3","1","5","0","1","1","0","0","0","0",797482.05281599995,5828817.63977000024,13.38617659600,52.52805764200,"0"
"197406","11","0","03","003","2019","07","07","2","3","5","3","0","0","1","0","0","0","0",799586.51077599998,5831413.30472000036,13.41944581500,52.55017121600,"0"
"197407","11","0","04","004","2019","07","06","2","3","2","2","0","0","1","0","0","1","0",791672.95299999998,5830679.62700000033,13.30242466500,52.54788912800,"0"
"197408","11","0","07","007","2019","07","01","2","3","0","1","2","0","1","0","0","0","0",799160.25439200003,5816219.51355999988,13.39954400000,52.41421407600,"0"
"197409","11","0","01","001","2019","07","15","2","3","5","3","0","1","1","0","0","0","0",799106.97926900000,5828466.09138999972,13.40974194100,52.52401744200,"0"
"197410","11","0","03","003","2019","07","15","2","3","2","7","0","0","0","0","1","1","0",799980.53044799995,5835126.00770999957,13.42859676600,52.58323224200,"0"
"197411","11","0","04","004","2019","07","17","2","3","5","2","0","1","1","0","0","0","0",793631.32987200003,5824864.16069999989,13.32608923400,52.49470437400,"1"
"197412","11","0","04","004","2019","07","17","2","3","0","7","0","1","1","0","0","0","0",791839.14310200000,5824921.46850000042,13.29981606400,52.49617937100,"1"
"197413","11","0","01","001","2019","07","13","2","3","5","2","0","1","1","0","0","0","0",797763.26538100000,5829744.61416000035,13.39114002500,52.53621327100,"0"
"197414","11","0","01","001","2019","07","13","2","3","3","6","0","1","0","0","0","0","1",797705.08654299995,5829652.28069000039,13.39020208300,52.53541740100,"0"
"197415","11","0","01","001","2019","07","16","2","3","2","7","0","0","1","0","0","0","0",796369.38781600003,5831657.55869000033,13.37235645300,52.55412058100,"0"
"197416","11","0","01","001","2019","07","15","2","2","5","2","0","1","1","0","0","0","0",797471.23210000002,5826798.78620999958,13.38421228500,52.50996690300,"0"
"197417","11","0","01","001","2019","07","15","2","3","1","1","0","0","1","0","0","0","0",797811.58944799996,5831131.41762000043,13.39309360500,52.54861775400,"0"
"197418","11","0","05","005","2019","07","16","2","3","2","6","0","0","1","0","0","0","1",784702.10721000005,5827686.12162000034,13.19733775500,52.52473743400,"0"
"197419","11","0","04","004","2019","07","14","2","2","3","6","0","0","1","0","0","0","0",790381.68934799999,5825984.70655000024,13.27933503900,52.50648882700,"0"
"197420","11","0","04","004","2019","07","17","2","2","0","1","0","0","0","0","1","0","0",790732.07811500004,5827657.58777000103,13.28594463100,52.52129962400,"1"
"197421","11","0","05","005","2019","07","21","2","3","9","1","1","0","1","0","0","0","0",784926.62402600003,5831138.70079999976,13.20359909700,52.55557576700,"1"
"197422","11","0","08","008","2019","07","20","2","3","2","7","1","0","1","0","1","0","0",800717.38421000005,5823850.42609999981,13.42923887100,52.48176010900,"0"
"197423","11","0","12","012","2019","07","19","2","3","2","6","0","0","1","0","0","0","0",793509.85506199999,5832413.30302000046,13.33096957600,52.56244394500,"0"
"197424","11","0","01","001","2019","07","19","2","3","1","5","0","1","1","0","0","0","1",795112.17155700002,5831237.51118999906,13.35349362000,52.55103788700,"0"
"197425","11","0","02","002","2019","07","13","2","3","5","3","0","0","1","0","0","0","0",799022.96585699997,5826071.45397000108,13.40635557500,52.50259904200,"0"
"197426","11","0","04","004","2019","07","13","2","3","5","2","0","0","1","0","1","0","0",792312.41013700003,5825381.53349000029,13.30717133600,52.50005048000,"0"
"197427","11","0","01","001","2019","07","12","2","3","5","3","0","1","0","0","0","0","0",793831.37444100005,5828141.03005999979,13.33192011300,52.52397217600,"0"
"197428","11","0","09","009","2019","07","12","2","3","5","3","0","0","1","0","0","0","0",811065.61176899995,5821224.39761000033,13.57868908000,52.45243097000,"0"
"197429","11","0","11","011","2019","07","11","2","3","0","7","0","0","0","0","0","1","0",806591.60606200004,5827752.81792000029,13.51906219200,52.51346808300,"0"
"197430","11","0","06","006","2019","07","11","2","3","5","3","0","0","1","0","0","0","1",796875.85978199996,5817496.01032000035,13.36718791100,52.42690056100,"0"
"197431","11","0","09","009","2019","07","11","2","3","5","3","0","1","1","0","0","0","0",806409.56663999998,5822969.80100999959,13.51198966900,52.47070358700,"0"
"197432","11","0","02","002","2019","07","09","2","3","2","6","0","1","0","0","0","0","0",798346.19628300006,5825563.92685000040,13.39596006100,52.49842016600,"0"
"197433","11","0","11","011","2019","07","09","2","3","2","6","0","0","1","0","0","0","0",807217.61126200005,5824022.97094000038,13.52481823200,52.47968849200,"0"
"197434","11","0","03","003","2019","07","08","2","3","5","3","0","1","1","0","0","0","0",798684.51314299996,5833804.31111999974,13.40833466500,52.57209831000,"0"
"197435","11","0","01","001","2019","07","06","2","3","6","4","0","1","0","1","0","0","0",797087.50493399997,5828852.28720999975,13.38040869600,52.52858337200,"0"
"197436","11","0","05","005","2019","07","10","2","3","5","2","0","1","1","0","0","0","0",785202.69061900000,5831163.58267000038,13.20768142700,52.55565434800,"0"
"197437","11","0","04","004","2019","07","10","2","2","6","4","0","0","1","1","0","0","0",789756.33400000003,5826384.78500000015,13.27049533400,52.51040810500,"0"
"197438","11","0","03","003","2019","07","20","2","3","1","5","1","1","1","0","0","0","0",798149.97367700003,5835473.65715000033,13.40197213900,52.58735462000,"0"
"197439","11","0","05","005","2019","07","11","2","3","6","2","0","0","1","1","0","0","0",783903.21456400002,5831186.96078000031,13.18858567900,52.55654295800,"0"
"197440","11","0","09","009","2019","07","14","1","3","6","4","0","0","1","1","0","0","0",809277.91591099999,5817390.90230999980,13.54891927400,52.41908980100,"0"
"197441","11","0","01","001","2019","07","19","1","3","2","6","0","0","1","0","0","0","0",794706.64074199996,5830843.82117000036,13.34718056500,52.54772832100,"0"
"197442","11","0","03","003","2019","07","22","1","3","1","7","2","0","0","0","1","0","1",800149.29909900005,5831877.12342000008,13.42814033500,52.55401873600,"0"
"197443","11","0","04","004","2019","07","19","1","3","1","5","0","0","1","0","1","0","0",791975.81535199995,5824146.32350999955,13.30114426200,52.48915720700,"0"
"197444","11","0","03","003","2019","07","19","1","3","5","3","0","1","1","0","0","0","0",799136.13001800003,5830553.41562999971,13.41204884500,52.54271115300,"0"
"197445","11","0","06","006","2019","07","19","1","3","1","5","0","0","1","0","0","0","0",790696.39929800003,5817892.22584000044,13.27690734800,52.43377101800,"0"
"197446","11","0","08","008","2019","07","18","1","3","0","2","0","0","1","0","0","0","1",800750.05513700005,5824332.29841999989,13.43015325500,52.48606129900,"0"
"197447","11","0","09","009","2019","07","18","1","3","5","2","0","0","1","0","0","0","1",803842.65668400005,5823840.34836999979,13.47510980700,52.47993985700,"0"
"197448","11","0","09","009","2019","07","17","1","2","5","3","0","0","1","0","1","0","0",818821.53099999996,5812575.88300000038,13.68420613000,52.37047059100,"0"
"197449","11","0","11","011","2019","07","16","1","3","3","6","0","0","1","0","1","0","0",805514.15517499996,5830038.11564000044,13.50533365900,52.53455429800,"0"