OBJECTID,ULAND,UREGBEZ,UKREIS,UGEMEINDE,UJAHR,UMONAT,USTUNDE,UWOCHENTAG,UKATEGORIE,UART,UTYP1,ULICHTVERH,IstRad,IstPKW,IstFuss,IstKrad,IstGkfz,IstSonstig,LINREFX,LINREFY,XGCSWGS84,YGCSWGS84,STRZUSTAND
"197450","11","0","11","011","2019","07","16","1","2","6","4","0","0","1","1","0","0","0",805043.60600999999,5833518.38611999992,13.50161494800,52.56600934300,"0"
"197451","11","0","11","011","2019","07","16","1","3","4","6","0","0","1","0","1","0","0",805830.81080500002,5834831.45887999982,13.51440365700,52.57733570000,"0"
"197452","11","0","02","002","2019","07","15","1","3","5","3","0","0","1","0","1","0","0",800618.92409900005,5827215.66304000001,13.43083043300,52.51197802400,"0"
"197453","11","0","05","005","2019","07","15","1","3","5","2","0","0","1","0","0","0","0",783691.12234200002,5830167.51427000109,13.18459452400,52.54751301000,"1"
"197454","11","0","04","004","2019","07","14","1","3","2","6","0","1","1","0","0","0","0",785817.47888399998,5825053.08327000029,13.21147186300,52.50054638600,"0"
"197455","11","0","09","009","2019","07","14","1","3","1","5","0","1","1","0","0","0","0",810570.09014700004,5820665.30614999961,13.57090072600,52.44770232500,"0"
"197456","11","0","04","004","2019","07","14","1","3","1","5","0","1","1","0","0","0","0",792933.64671899995,5825549.87373999972,13.31644503300,52.50122646600,"0"
"197457","11","0","01","001","2019","07","15","1","3","8","1","0","0","1","0","0","0","1",794423.82169100002,5828948.13819999993,13.34134196500,52.53088776800,"0"
"197458","11","0","12","012","2019","07","10","1","3","5","3","0","0","1","0","0","0","0",793890.53724199999,5837581.19663999975,13.34115285600,52.60856501100,"1"
"197459","11","0","08","008","2019","07","02","1","2","1","5","2","1","1","0","0","0","0",801218.42114899994,5824851.34707999974,13.43749911800,52.49045546500,"1"
"197460","11","0","01","001","2019","07","22","1","2","0","7","2","0","0","0","0","0","1",797411.76510900003,5831253.65534999967,13.38732398300,52.54993189500,"0"
"197461","11","0","03","003","2019","07","20","7","3","5","2","1","1","1","0","0","0","0",800624.16687399999,5831371.52283000108,13.43466555000,52.54922505600,"0"
"197462","11","0","01","001","2019","07","18","7","3","6","4","0","0","1","1","0","0","0",797351.58656199998,5831186.29487999994,13.38637875700,52.54936094500,"0"
"197463","11","0","12","012","2019","07","22","7","3","6","7","2","1","0","1","0","0","0",787238.47227999999,5837814.42487000022,13.24339201600,52.61421208400,"1"
"197464","11","0","07","007","2019","07","20","7","3","5","2","0","0","1","0","0","0","1",796014.00487800001,5824955.60094000027,13.36116455400,52.49423706200,"0"
"197465","11","0","12","012","2019","07","20","7","3","2","2","0","0","1","0","0","0","0",793267.62979699997,5832584.13913000096,13.32755743900,52.56410591800,"0"
"197466","11","0","08","008","2019","07","18","7","2","5","2","0","0","1","0","1","0","0",800663.92727099999,5824384.82393999957,13.42893606000,52.48657953900,"0"
"197467","11","0","11","011","2019","07","17","7","3","9","1","0","0","1","0","0","0","0",806362.86502799997,5835157.97606000025,13.52253253800,52.57996271300,"0"
"197468","11","0","01","001","2019","07","17","7","3","5","7","0","0","1","0","1","0","0",795079.62766500004,5829098.47922000010,13.35111514800,52.53188084400,"0"
"197469","11","0","07","007","2019","07","16","7","2","1","5","0","1","1","0","0","0","0",794959.26886499999,5825281.65543999989,13.34596252300,52.49773092400,"0"
"197470","11","0","04","004","2019","07","16","7","3","5","3","0","1","1","0","0","0","0",790669.11791799997,5829639.78758999892,13.28675246500,52.53910357700,"0"
"197471","11","0","03","003","2019","07","16","7","3","8","1","0","0","0","0","0","0","1",800910.45380200003,5832110.49858999904,13.43954468900,52.55569052000,"0"
"197472","11","0","04","004","2019","07","15","7","3","5","2","0","1","1","0","0","0","0",792061.58499899996,5824052.22890000045,13.30232141400,52.48826778300,"0"
"197473","11","0","04","004","2019","07","14","7","3","2","6","0","0","1","0","1","0","0",790363.32120699994,5825570.77938000020,13.27870416900,52.50278770300,"0"
"197474","11","0","04","004","2019","07","13","7","2","5","2","0","0","1","0","0","0","0",793433.52085700002,5823929.36043999996,13.32236071600,52.48643063800,"0"
"197475","11","0","11","011","2019","07","12","7","2","2","6","0","0","1","0","0","0","0",805112.00172599999,5829972.50942000002,13.49936287400,52.53419157600,"0"
"197476","11","0","06","006","2019","07","12","7","3","3","6","0","0","1","0","1","0","0",793238.14864100004,5816841.30355000030,13.31326712100,52.42299303000,"0"
"197477","11","0","07","007","2019","07","11","7","3","5","2","0","0","1","0","0","0","0",797576.81000000006,5818421.45100000035,13.37829014000,52.43481547400,"0"
"197478","11","0","07","007","2019","07","11","7","3","5","3","0","1","1","0","0","0","0",795889.77094199997,5815352.92939999979,13.35083269400,52.40822334400,"0"
"197479","11","0","10","010","2019","07","10","7","3","5","3","0","1","1","0","0","0","0",811314.42240399995,5831721.13702000026,13.59214975300,52.54635449200,"0"
"197480","11","0","03","003","2019","07","10","7","2","6","3","0","0","1","1","0","0","0",800073.72012499999,5837478.54660000000,13.43209943400,52.60426702300,"0"
"197481","11","0","05","005","2019","07","09","7","3","0","6","0","0","0","0","0","0","1",786050.92587200005,5829162.04153999966,13.21843491700,52.53726418200,"0"
"197482","11","0","09","009","2019","07","09","7","2","6","2","0","0","1","1","0","0","0",802660.82198400004,5824427.91464000009,13.45829407000,52.48586247400,"0"
"197483","11","0","12","012","2019","07","08","7","3","5","3","0","0","1","0","1","0","0",793309.35324099998,5833875.29757000040,13.32931306000,52.57565792500,"0"
"197484","11","0","08","008","2019","07","18","7","3","5","3","0","0","1","0","0","0","0",801860.13361400005,5821749.94716999959,13.44411473600,52.46230267500,"0"
"197485","11","0","03","003","2019","07","22","7","3","5","2","2","1","0","0","0","0","1",800598.24899999995,5831859.30399999954,13.43472606400,52.55361142700,"1"
"197486","11","0","05","005","2019","07","14","6","3","2","6","0","0","1","0","0","0","0",784758.52816400002,5830452.19061999954,13.20053753800,52.54950848100,"0"
"197487","11","0","06","006","2019","07","16","6","3","5","3","0","0","1","0","0","0","0",794297.04845300002,5820851.72828000039,13.33232600000,52.45837639300,"0"
"197488","11","0","05","005","2019","07","19","6","2","5","3","0","0","1","0","0","0","0",780018.36643299996,5827865.47735000029,13.12863328800,52.52877156900,"0"
"197489","11","0","01","001","2019","07","18","6","3","5","3","0","0","1","0","1","0","0",796971.21114799997,5826858.10271999985,13.37691914900,52.51077104800,"0"
"197490","11","0","03","003","2019","07","16","6","2","5","3","0","0","1","0","1","0","0",800086.28453299997,5831671.07534999959,13.42702745000,52.55220659500,"1"
"197491","11","0","12","012","2019","07","15","6","3","2","6","0","0","1","0","0","0","0",791255.52226600004,5836431.17312000040,13.30133808500,52.59967372700,"0"
"197492","11","0","11","011","2019","07","14","6","3","4","6","0","0","1","0","0","1","0",805713.46402800002,5830900.71325999964,13.50905650900,52.54217339300,"0"
"197493","11","0","02","002","2019","07","13","6","3","2","7","0","0","0","0","1","1","0",801777.70422900002,5827424.50540000014,13.44804328600,52.51321006000,"0"
"197494","11","0","05","005","2019","07","12","6","3","5","2","0","0","1","0","0","0","0",780873.07641600003,5828322.24053000100,13.14158548000,52.53242747400,"0"
"197495","11","0","12","012","2019","07","11","6","3","0","5","0","1","1","0","0","0","1",793235.74634099996,5835960.56173999980,13.33007527800,52.59439071100,"0"
"197496","11","0","01","001","2019","07","10","6","3","2","6","0","0","0","0","1","0","1",799248.35100000002,5828469.19099999964,13.41182226400,52.52396765400,"0"
"197497","11","0","06","006","2019","07","10","6","3","5","2","0","1","1","0","0","0","0",795348.90431599994,5818441.79882000014,13.34563137400,52.43620541900,"0"
"197498","11","0","01","001","2019","07","08","6","3","5","3","0","1","1","0","0","0","0",797761.92083600000,5827443.00208000001,13.38905929800,52.51558292600,"0"
"197499","11","0","05","005","2019","07","22","6","3","2","2","2","0","1","0","1","0","0",782374.26712700003,5830505.23268999904,13.16551333800,52.55122532000,"0"
"197500","11","0","08","008","2019","07","20","6","3","5","3","2","0","1","0","0","0","0",800893.73235399998,5821468.20662999898,13.42967924900,52.46031031500,"0"
"197501","11","0","02","002","2019","07","16","6","3","0","1","0","0","0","0","1","0","0",803212.02355799999,5825840.01468999963,13.46767167200,52.49821312300,"1"
"197502","11","0","01","001","2019","07","12","6","2","6","2","0","0","0","1","0","0","1",796622.53837400000,5825637.03206999972,13.37070857300,52.50001506900,"0"
"197503","11","0","04","004","2019","07","10","6","2","5","3","0","0","1","0","0","0","0",790471.35600000003,5826697.15199999977,13.28127420500,52.51282821800,"0"
"197504","11","0","11","011","2019","07","16","6","3","0","1","0","0","0","0","1","0","0",804119.01337900001,5829830.64917000104,13.48463871200,52.53347509500,"1"
"197505","11","0","01","001","2019","07","17","6","3","0","1","0","1","0","0","0","0","0",798551.27120099997,5828965.43603000045,13.40202375500,52.52879793900,"1"
"197506","11","0","10","010","2019","08","15","3","3","0","2","0","1","1","0","0","0","0",809183.92319000000,5830215.01032000035,13.55943015500,52.53407032900,"1"
"197507","11","0","03","003","2019","08","17","3","1","5","5","0","0","0","0","0","0","1",799689.70955100004,5832577.90039000101,13.42201464900,52.56055310300,"0"
"197508","11","0","08","008","2019","08","13","2","3","3","6","0","1","1","0","0","0","0",800988.81334800005,5819508.74897999968,13.42930863000,52.44269459100,"0"
"197509","11","0","01","001","2019","08","22","2","3","1","5","2","1","1","0","0","0","0",796694.07838800002,5826907.37676999904,13.37289147700,52.51136354200,"0"
"197510","11","0","04","004","2019","08","17","2","3","0","1","0","0","0","0","1","0","0",789934.78477400006,5826209.14855000097,13.27296444100,52.50873867500,"0"
"197511","11","0","04","004","2019","08","16","2","3","2","2","0","0","1","0","0","0","1",793508.10284900002,5827633.45576000027,13.32672102400,52.51959614100,"0"
"197512","11","0","01","001","2019","08","16","2","3","3","6","0","1","1","0","0","0","0",798343.15748199995,5828962.34561000019,13.39896225700,52.52888417200,"0"
"197513","11","0","04","004","2019","08","16","2","3","5","3","0","1","1","0","0","0","0",790855.63365400000,5826736.78251999989,13.28695551800,52.51297872600,"0"
"197514","11","0","09","009","2019","08","09","2","3","5","2","0","1","0","0","0","0","1",805794.60600000003,5821825.33000000007,13.50191585000,52.46079086600,"0"
"197515","11","0","04","004","2019","08","17","2","3","3","6","0","1","1","0","0","0","0",794178.04730900005,5824120.51013000030,13.33346249600,52.48774354000,"0"
"197516","11","0","09","009","2019","08","16","2","3","0","2","0","1","0","0","0","0","1",809215.93853100005,5823033.13202000037,13.55323210500,52.46968997700,"0"
"197517","11","0","03","003","2019","08","16","2","3","6","2","0","0","0","1","0","1","0",802304.78105200001,5829214.31910999957,13.45741323200,52.52896021900,"0"
"197518","11","0","09","009","2019","08","16","2","3","0","3","0","1","1","0","0","0","0",809182.65934200003,5819531.06190999970,13.54950147000,52.43832364500,"0"
"197519","11","0","08","008","2019","08","15","2","3","2","6","0","0","1","0","0","0","0",800845.16693800001,5824283.89864000026,13.43150604900,52.48557507800,"0"
"197520","11","0","07","007","2019","08","15","2","2","1","5","0","1","1","0","0","0","0",796145.77408400003,5824014.93200999964,13.36226381000,52.48573330000,"0"
"197521","11","0","01","001","2019","08","15","2","3","0","2","0","1","1","0","0","0","0",793098.28769300005,5828963.68285000045,13.32187095800,52.53174148200,"0"
"197522","11","0","07","007","2019","08","13","2","3","0","1","0","0","0","0","1","0","0",795889.50709099998,5820821.86216999963,13.35566863500,52.45724883000,"1"
"197523","11","0","01","001","2019","08","11","2","3","5","3","0","1","0","0","0","0","1",797962.67290100001,5826580.54000999965,13.39123681500,52.50774239100,"0"
"197524","11","0","02","002","2019","08","11","2","3","1","5","0","1","1","0","0","0","0",797035.78725399997,5823991.33399999980,13.37531132300,52.48503829900,"0"
"197525","11","0","04","004","2019","08","11","2","3","6","7","0","1","0","1","0","0","0",793162.63031599997,5827770.96079999954,13.32176521600,52.52101465200,"0"
"197526","11","0","08","008","2019","08","11","2","3","5","7","0","0","1","0","1","0","0",804345.65399999998,5818310.53100000042,13.47745365200,52.43009730500,"0"
"197527","11","0","06","006","2019","08","11","2","3","5","3","0","0","1","0","0","0","0",794730.96059100004,5820070.64152000006,13.33800429900,52.45114052700,"0"
"197528","11","0","01","001","2019","08","08","2","2","5","3","0","1","1","0","0","0","0",798550.27212500002,5827802.73838999961,13.40096533100,52.51837650800,"0"
"197529","11","0","07","007","2019","08","08","2","3","5","2","0","1","1","0","0","0","0",799802.60472199996,5813185.42212000024,13.40624493700,52.38666586600,"0"
"197530","11","0","01","001","2019","08","08","2","3","2","6","0","0","1","0","0","0","1",800251.81384900003,5827564.01255999971,13.42575144000,52.51530259300,"0"
"197531","11","0","08","008","2019","08","08","2","3","5","2","0","1","1","0","0","0","0",800477.13636899996,5823615.27386000007,13.42549983400,52.47978459600,"0"
"197532","11","0","04","004","2019","08","07","2","3","2","6","0","0","1","0","0","0","0",789431.50236499996,5826660.33846000023,13.26596196700,52.51305096100,"0"
"197533","11","0","03","003","2019","08","07","2","3","2","7","0","0","1","0","0","0","0",798846.46728700004,5834955.91806000005,13.41175535000,52.58233175000,"0"
"197534","11","0","03","003","2019","08","10","2","3","0","3","0","1","0","0","0","0","1",799984.78301000001,5835246.86787000019,13.42876874400,52.58431319100,"0"
"197535","11","0","03","003","2019","08","07","2","3","5","2","0","0","1","0","1","0","0",801962.58200000005,5831443.64499999955,13.45441008400,52.54913124200,"0"
"197536","11","0","09","009","2019","08","06","2","3","5","3","0","1","1","0","0","0","0",806494.52501700004,5820614.20167000033,13.51107380200,52.44954419100,"0"
"197537","11","0","02","002","2019","08","02","2","3","5","3","2","0","1","0","0","0","1",800519.58312500000,5825464.87841999996,13.42779079100,52.49633991900,"0"
"197538","11","0","01","001","2019","08","06","2","3","1","5","0","1","1","0","0","0","0",797099.60892799997,5830996.80369000044,13.38250400900,52.54779986800,"0"
"197539","11","0","03","003","2019","08","10","2","3","2","6","0","0","1","0","0","0","0",802911.36800000002,5833188.51200000010,13.46995220300,52.56424330500,"0"
"197540","11","0","06","006","2019","08","09","2","3","5","2","0","0","1","0","1","0","0",794108.70548700006,5820903.11139000021,13.32960728400,52.45893841100,"0"
"197541","11","0","10","010","2019","08","09","2","3","2","6","0","0","1","0","0","0","0",809583.10181599995,5828033.33774000034,13.56326562800,52.51429243800,"0"
"197542","11","0","05","005","2019","08","09","2","3","5","2","0","1","1","0","0","0","0",784580.40944099997,5829771.71258000005,13.19733463700,52.54350041300,"0"
"197543","11","0","07","007","2019","08","04","1","3","2","6","2","0","1","0","0","0","0",797751.05339699995,5823954.12258999981,13.38578040200,52.48431515700,"0"
"197544","11","0","03","003","2019","08","17","1","2","0","1","0","1","0","0","0","0","0",804141.65841599996,5832425.90490000043,13.48734783300,52.55672258200,"0"
"197545","11","0","01","001","2019","08","13","1","3","0","1","0","0","0","0","1","0","0",796957.46798800002,5826861.65330999903,13.37672040500,52.51081035700,"0"
"197546","11","0","01","001","2019","08","00","1","3","0","1","2","0","0","0","0","0","1",799101.31211699999,5828264.60192000028,13.40947745600,52.52221449500,"0"
"197547","11","0","05","005","2019","08","12","1","3","2","6","0","0","1","0","1","0","1",785277.17538699997,5829298.54060999956,13.20717497800,52.53889362300,"0"
"197548","11","0","03","003","2019","08","17","1","3","5","3","0","0","1","0","1","0","0",804148.18124800001,5838509.24363000039,13.49302673900,52.61124053300,"0"
"197549","11","0","06","006","2019","08","16","1","3","5","3","0","0","1","0","1","0","0",795357.94746699999,5818459.73214999959,13.34577986000,52.43636129700,"0"
"197550","11","0","05","005","2019","08","13","1","3","2","6","0","0","1","0","0","0","0",781831.54772999999,5827188.26640999969,13.15471697700,52.52176492700,"0"
"197551","11","0","05","005","2019","08","12","1","3","3","6","0","0","1","0","1","0","0",785667.99622500001,5829287.35338000022,13.21291213500,52.53858857600,"0"
"197552","11","0","04","004","2019","08","04","1","3","1","5","2","0","1","0","0","0","1",793227.50146000006,5825204.88669000100,13.32045793300,52.49797596000,"0"
"197553","11","0","03","003","2019","08","04","1","3","5","3","2","0","1","0","0","0","0",798602.67671799997,5833049.91684000008,13.40645158100,52.56538121000,"0"
"197554","11","0","11","011","2019","08","18","1","3","0","7","0","1","0","0","0","0","0",804137.61432900000,5834704.44177999999,13.48937732300,52.57714621600,"0"
"197555","11","0","02","002","2019","08","00","1","3","0","5","2","1","1","0","0","0","1",801991.93302899995,5825603.08377999999,13.44953847800,52.49676599600,"0"
"197556","11","0","01","001","2019","08","21","1","3","1","5","2","1","1","0","0","0","0",794525.63917300000,5826093.58818999957,13.34031142300,52.50524359700,"0"
"197557","11","0","08","008","2019","08","20","1","2","5","3","1","0","1","0","0","0","0",801176.64256499999,5820600.38078999892,13.43304786500,52.45237586300,"0"
"197558","11","0","02","002","2019","08","19","1","3","0","1","0","1","0","0","0","0","0",798295.80305300001,5825335.04863000102,13.39501494800,52.49639610900,"0"
"197559","11","0","11","011","2019","08","19","1","3","0","1","0","1","0","0","0","0","0",807244.21992900001,5824179.59358999971,13.52535312600,52.48107720200,"0"
"197560","11","0","12","012","2019","08","21","7","3","2","6","0","0","1","0","0","0","0",792918.75204000005,5832171.66222999897,13.32206108400,52.56059608100,"0"
"197561","11","0","02","002","2019","08","14","7","3","4","6","0","1","0","0","0","0","1",800759.65838299994,5825807.21061000042,13.43162562800,52.49927610200,"0"
"197562","11","0","12","012","2019","08","14","7","3","2","6","0","0","1","0","0","0","0",790476.47779100004,5834680.71241999976,13.28833295000,52.58439784900,"0"
"197563","11","0","12","012","2019","08","19","7","3","5","3","0","0","1","0","0","0","0",791742.42900000000,5832955.59200000018,13.30544698900,52.56825531900,"0"
"197564","11","0","04","004","2019","08","13","7","3","6","4","0","0","1","1","0","0","0",789636.01087600004,5823315.30644000042,13.26605827700,52.48295336200,"0"
"197565","11","0","08","008","2019","08","13","7","3","5","3","0","1","1","0","0","0","0",804307.67736800003,5819649.52637000103,13.47811566900,52.44211961400,"0"
"197566","11","0","02","002","2019","08","15","7","3","2","6","0","1","1","0","0","0","0",799983.55110799999,5826185.73868000042,13.42056786700,52.50309618400,"0"
"197567","11","0","08","008","2019","08","15","7","3","1","5","0","1","1","0","0","0","0",801494.53704800003,5817761.54782999959,13.43515095400,52.42675525100,"0"
"197568","11","0","08","008","2019","08","17","7","3","5","2","0","1","1","0","0","0","0",804102.88171800005,5817517.22943000030,13.47317263100,52.42312202900,"0"
"197569","11","0","12","012","2019","08","15","7","3","5","2","0","0","1","0","0","0","0",793297.96418999997,5832586.72551999986,13.32800596200,52.56411276300,"0"
"197570","11","0","01","001","2019","08","15","7","3","6","4","0","0","1","1","0","0","0",796949.06759500003,5832582.08839000110,13.38170852200,52.56209214900,"0"
"197571","11","0","03","003","2019","08","17","7","2","5","3","0","0","1","0","1","0","0",797958.87650599994,5835932.97958000004,13.39957288400,52.59157647800,"0"
"197572","11","0","05","005","2019","08","16","7","3","0","2","0","1","1","0","0","0","0",784029.12930699997,5828512.44223999977,13.18815089700,52.53249734700,"0"
"197573","11","0","09","009","2019","08","17","7","2","2","6","0","0","1","0","1","0","0",809337.73600000003,5818509.28699999955,13.55083022600,52.42907889700,"0"
"197574","11","0","10","010","2019","08","18","7","3","5","3","0","0","1","0","0","0","0",812423.41056200000,5829322.00334999897,13.60619574300,52.52422092500,"0"
"197575","11","0","02","002","2019","08","19","7","3","0","1","0","1","0","0","0","0","0",802192.23138600006,5828107.84420000017,13.45475377200,52.51910532300,"0"
"197576","11","0","01","001","2019","08","19","7","2","1","5","0","1","0","0","0","0","1",797604.81700000004,5829222.41299999971,13.38834324900,52.53161893200,"0"
"197577","11","0","12","012","2019","08","23","7","3","5","2","2","0","1","0","1","0","0",792908.98305000004,5832163.63635000028,13.32191030300,52.56052938800,"0"
"197578","11","0","09","009","2019","08","22","7","3","0","3","2","0","1","0","1","0","0",804758.32988199999,5822290.43348000012,13.48713533500,52.46553830800,"0"
"197579","11","0","06","006","2019","08","23","7","3","5","3","2","1","0","0","0","0","0",794133.63095799997,5817331.11182000022,13.32682884100,52.42690339700,"0"
"197580","11","0","12","012","2019","08","13","7","2","2","7","0","1","1","0","0","0","0",796697.24957500002,5832997.08514000010,13.37837566600,52.56594938800,"0"
"197581","11","0","04","004","2019","08","11","7","3","5","5","0","0","1","0","1","0","0",789108.99763200001,5827326.72577000037,13.26180189300,52.51919635700,"0"
"197582","11","0","04","004","2019","08","11","7","3","2","6","0","1","1","0","0","0","0",794029.57854200003,5826123.67164999899,13.33305046900,52.50578083900,"0"
"197583","11","0","04","004","2019","08","11","7","3","2","6","0","1","1","0","0","0","0",791323.41009899997,5826066.44319999963,13.29324237800,52.50671954300,"0"
"197584","11","0","01","001","2019","08","10","7","3","0","2","0","0","0","0","0","1","1",796977.25699999998,5831917.22200000007,13.38152821200,52.55611704500,"0"
"197585","11","0","11","011","2019","08","01","7","2","6","4","2","0","1","1","0","0","0",803792.36744700000,5826174.45756000001,13.47649946900,52.50088791700,"0"
"197586","11","0","08","008","2019","08","14","6","2","6","4","0","0","1","1","0","0","0",801527.56528500002,5817384.76401000097,13.43529560600,52.42335980300,"0"
"197587","11","0","05","005","2019","08","00","6","3","6","2","2","0","0","1","0","0","1",785039.01483799994,5829825.62877000030,13.20412519300,52.54374408400,"0"
"197588","11","0","01","001","2019","08","16","6","3","5","3","0","1","1","0","0","0","0",795860.80096799997,5831121.35116999969,13.36439911300,52.54959051900,"0"
"197589","11","0","12","012","2019","08","18","6","3","0","2","0","1","1","0","0","0","0",794511.58734900004,5834270.77536999900,13.34735420900,52.57855379200,"0"
"197590","11","0","01","001","2019","08","09","6","3","6","7","0","0","0","1","0","0","1",797573.50568099995,5828588.18429999985,13.38731536500,52.52595094200,"0"
"197591","11","0","01","001","2019","08","14","6","2","5","3","0","0","1","0","1","0","0",795091.14280100004,5828855.46408999898,13.35106869400,52.52969617100,"0"
"197592","11","0","02","002","2019","08","18","6","3","0","2","0","1","1","0","0","0","0",797844.16700000002,5825634.05499999970,13.38864925500,52.49932300100,"1"
"197593","11","0","01","001","2019","08","11","6","3","5","5","0","0","1","0","0","0","0",796602.20823300001,5831240.98632000014,13.37540824300,52.55025973500,"0"
"197594","11","0","03","003","2019","08","11","6","3","0","5","0","1","0","0","0","0","0",803016.63041400001,5838438.87225999963,13.47630205700,52.61124182400,"0"
"197595","11","0","02","002","2019","08","15","6","3","5","2","0","1","1","0","0","0","0",800154.63555799995,5827339.71289000101,13.42412133900,52.51334560300,"0"
"197596","11","0","08","008","2019","08","14","6","3","6","4","0","0","1","1","0","0","0",802027.13439899997,5823490.96090000030,13.44814144700,52.47781535700,"0"
"197597","11","0","04","004","2019","08","14","6","3","5","3","0","0","0","0","1","0","1",792459.73656800005,5824274.24643999990,13.30836338100,52.49004497300,"0"
"197598","11","0","06","006","2019","08","13","6","3","1","5","0","1","0","0","0","0","1",793219.88008599996,5821326.36830000021,13.31693498800,52.46321040700,"0"
"197599","11","0","07","007","2019","08","13","6","3","2","6","0","0","1","0","1","0","0",795666.03110799997,5824476.94515999965,13.35562921800,52.49013489600,"0"
"197600","11","0","04","004","2019","08","12","6","3","5","7","0","0","1","0","1","0","0",793041.38721700001,5829760.39790999983,13.32173703600,52.53891427300,"0"
"197601","11","0","05","005","2019","08","11","6","3","2","6","0","0","1","0","0","0","0",785136.01169399999,5828334.74399999995,13.20427233300,52.53032618400,"0"
"197602","11","0","12","012","2019","08","11","6","2","5","3","0","0","1","0","1","0","0",792481.00358300004,5833903.36366999894,13.31714898000,52.57635534300,"0"
"197603","11","0","05","005","2019","08","10","6","3","1","5","0","0","1","0","0","0","1",783755.39487099997,5829856.58953000046,13.18527417700,52.54469174400,"0"
"197604","11","0","06","006","2019","08","08","6","2","0","1","0","0","1","0","1","0","0",791059.23775600002,5816495.06405000109,13.28101358200,52.42105224900,"0"
"197605","11","0","02","002","2019","08","08","6","3","5","3","0","1","0","0","0","0","0",798523.02660800004,5825303.25346000027,13.39832359600,52.49598687100,"0"
"197606","11","0","10","010","2019","08","08","6","3","2","7","0","0","1","0","0","0","0",809579.60707000003,5828544.08201000094,13.56368949900,52.51887152800,"0"
"197607","11","0","12","012","2019","08","08","6","3","2","6","0","0","1","0","0","0","0",793463.19478100003,5833666.78404000029,13.33139219300,52.57370579600,"0"
"197608","11","0","06","006","2019","08","08","6","3","5","2","0","1","1","0","0","0","0",790227.05807699997,5814993.99191000033,13.26750885500,52.40803656800,"0"
"197609","11","0","11","011","2019","08","19","6","3","0","2","1","0","1","0","1","0","0",804496.01428899996,5826390.01652000006,13.48703057600,52.50242772200,"1"
"197610","11","0","03","003","2019","08","19","6","3","1","5","0","1","1","0","0","0","0",799103.24684399995,5832206.35278999899,13.41305429400,52.55754522000,"1"
"197611","11","0","09","009","2019","08","18","6","3","2","2","0","0","1","0","0","0","0",810525.59774899995,5821116.21937999967,13.57066732700,52.45176852400,"1"
"197612","11","0","04","004","2019","08","18","6","2","5","3","0","0","1","0","1","0","0",792666.73160199996,5827732.15378000028,13.31444313800,52.52093314700,"1"
"197613","11","0","11","011","2019","08","18","6","3","1","5","1","1","1","0","0","0","0",807089.66692700004,5824392.69003000110,13.52328072400,52.48307394500,"1"
"197614","11","0","03","003","2019","08","17","6","2","0","1","0","1","0","0","0","0","0",801788.13704199996,5829991.34217000101,13.45052588300,52.53621093900,"1"
"197615","11","0","03","003","2019","08","17","6","3","2","6","0","0","1","0","0","0","0",802339.34805000003,5829174.12977000047,13.45788469200,52.52858083500,"1"
"197616","11","0","04","004","2019","08","17","6","3","6","4","0","0","1","1","0","0","0",793152.99790600000,5826190.93011000101,13.32023167600,52.50685549600,"1"
"197617","11","0","03","003","2019","08","17","6","3","5","3","0","0","1","0","0","0","0",801741.56474700000,5829168.90156000014,13.44909475500,52.52886517200,"1"
"197618","11","0","04","004","2019","08","16","6","3","5","3","0","0","1","0","0","0","0",789638.27130599995,5826254.71277999971,13.26864735500,52.50930468100,"1"
"197619","11","0","01","001","2019","08","16","6","3","2","6","0","0","1","0","0","0","0",796752.36430999998,5830496.26901999954,13.37695087200,52.54350240300,"1"
"197620","11","0","05","005","2019","08","22","6","3","6","4","2","0","1","1","0","0","0",784521.11037699995,5828649.89599000104,13.19550194800,52.53347316000,"0"
"197621","11","0","01","001","2019","08","20","6","3","0","1","0","1","0","0","0","0","0",795781.61422900006,5831019.17188999895,13.36314365700,52.54871758300,"0"
"197622","11","0","03","003","2019","08","18","6","3","0","2","1","1","1","0","0","0","0",799501.21954199998,5831356.32952999976,13.41814029300,52.54970742700,"1"
"197623","11","0","01","001","2019","08","15","5","3","2","6","0","0","1","0","1","0","0",797212.10132799996,5832020.14597999956,13.38507417800,52.55691152000,"0"
"197624","11","0","04","004","2019","08","22","5","3","1","5","2","1","1","0","0","0","0",794274.03898199997,5825500.12306999974,13.33609074800,52.50005928200,"0"
"197625","11","0","06","006","2019","08","21","5","2","5","2","2","0","1","0","0","0","0",793313.80462800001,5820742.13987000100,13.31780016600,52.45792255900,"0"
"197626","11","0","03","003","2019","08","21","5","2","5","3","1","1","0","0","0","0","1",800396.64544400002,5831947.29428000003,13.43184110000,52.55451132900,"0"
"197627","11","0","02","002","2019","08","20","5","3","1","5","1","1","1","0","0","0","0",803097.87691500003,5826934.92882999964,13.46699197700,52.50809009100,"0"
"197628","11","0","02","002","2019","08","20","5","3","6","4","1","1","0","1","0","0","0",797817.64516199997,5825899.51422999892,13.38849710200,52.50171700200,"0"
"197629","11","0","03","003","2019","08","19","5","3","6","4","0","0","1","1","0","0","0",799084.91134100000,5830225.21839999966,13.41100038600,52.53979748200,"0"
"197630","11","0","10","010","2019","08","19","5","3","5","3","0","1","1","0","0","0","0",809226.19216700003,5827212.69711000100,13.55726045700,52.50714053700,"0"