OBJECTID,ULAND,UREGBEZ,UKREIS,UGEMEINDE,UJAHR,UMONAT,USTUNDE,UWOCHENTAG,UKATEGORIE,UART,UTYP1,ULICHTVERH,IstRad,IstPKW,IstFuss,IstKrad,IstGkfz,IstSonstig,LINREFX,LINREFY,XGCSWGS84,YGCSWGS84,STRZUSTAND
"197631","11","0","05","005","2019","08","16","5","3","2","6","0","0","1","0","1","0","0",785236.45936700003,5831826.47231000103,13.20874790700,52.56158002500,"1"
"197632","11","0","08","008","2019","08","18","5","3","1","5","0","1","1","0","0","0","0",800206.59435499995,5823526.51265999954,13.42144820500,52.47913777900,"0"
"197633","11","0","02","002","2019","08","18","5","3","0","3","0","0","1","0","1","0","0",800733.38607000001,5826516.31756999902,13.43188017900,52.50564650900,"0"
"197634","11","0","05","005","2019","08","17","5","3","5","2","0","0","1","0","0","0","0",783248.77119100001,5830289.78835000098,13.17819278000,52.54883953300,"0"
"197635","11","0","04","004","2019","08","16","5","3","2","6","0","0","1","0","0","0","1",792447.97455299995,5827189.42867999990,13.31075106900,52.51618514400,"0"
"197636","11","0","07","007","2019","08","16","5","3","0","1","0","1","0","0","0","0","0",796541.77619999996,5820099.42427999992,13.36459866600,52.45041926500,"0"
"197637","11","0","04","004","2019","08","16","5","3","5","3","0","1","1","0","0","0","0",792887.72819399997,5824294.61763000023,13.31466682700,52.48999813200,"0"
"197638","11","0","07","007","2019","08","14","5","3","5","3","0","0","1","0","0","0","0",797325.25242699997,5823511.80743000098,13.37913392200,52.48058229800,"0"
"197639","11","0","05","005","2019","08","14","5","3","2","6","0","0","1","0","0","0","0",785231.67553400004,5830968.84305000026,13.20794046300,52.55389316100,"0"
"197640","11","0","12","012","2019","08","14","5","3","0","6","0","1","0","0","0","1","0",792682.34225500003,5837413.29545999970,13.32321308500,52.60771176600,"0"
"197641","11","0","03","003","2019","08","14","5","2","6","4","0","0","1","1","0","0","0",800685.19459900004,5833668.56302000023,13.43764401000,52.56978006400,"0"
"197642","11","0","04","004","2019","08","13","5","3","5","2","0","0","1","0","1","0","0",787702.11739499995,5826432.63937999960,13.24035160100,52.51192448400,"0"
"197643","11","0","01","001","2019","08","15","5","3","5","3","0","0","1","0","0","0","0",796725.17801699997,5830441.73407999985,13.37650244700,52.54302836400,"0"
"197644","11","0","03","003","2019","08","13","5","3","6","4","0","0","0","1","1","0","0",799424.82884400000,5831371.46980999969,13.41703069600,52.54988512900,"0"
"197645","11","0","01","001","2019","08","13","5","2","6","4","0","0","1","1","0","0","0",798901.07806500001,5826692.21681999974,13.40512253400,52.50823009600,"0"
"197646","11","0","11","011","2019","08","13","5","3","5","2","0","1","1","0","0","0","0",805141.91799999995,5826177.21800000034,13.49632177400,52.50015971500,"0"
"197647","11","0","10","010","2019","08","12","5","3","0","6","0","1","1","0","0","0","0",810878.26936899999,5827352.62557000108,13.58165446900,52.50745567900,"0"
"197648","11","0","02","002","2019","08","12","5","3","1","5","0","1","0","0","0","1","0",798472.04313600005,5824764.59714999981,13.39709226200,52.49118639400,"0"
"197649","11","0","03","003","2019","08","12","5","2","5","3","0","0","1","0","0","1","0",800023.53869900003,5834675.49445999973,13.42882183900,52.57917048900,"0"
"197650","11","0","04","004","2019","08","12","5","3","2","6","0","0","1","0","0","0","0",790578.24399999995,5827355.30399999954,13.28341964700,52.51867164300,"0"
"197651","11","0","08","008","2019","08","12","5","3","5","7","0","0","1","0","0","0","0",800255.86678299995,5820518.57899000030,13.41946518500,52.45214916000,"0"
"197652","11","0","04","004","2019","08","10","5","3","5","3","0","0","1","0","0","0","0",788993.53544000001,5826824.87409999967,13.25966902400,52.51475830500,"0"
"197653","11","0","02","002","2019","08","12","5","3","2","2","0","0","1","0","1","0","0",798307.29090999998,5825319.94292000029,13.39517013900,52.49625442600,"1"
"197654","11","0","03","003","2019","08","09","5","3","5","2","0","1","1","0","0","0","0",799097.38774200005,5829119.46745000035,13.41018870600,52.52987924700,"0"
"197655","11","0","11","011","2019","08","08","5","3","5","3","0","0","0","0","0","1","1",802962.53814700001,5829199.31120999902,13.46706603200,52.52846056600,"0"
"197656","11","0","03","003","2019","08","11","5","3","5","7","0","0","1","0","0","0","0",800091.40706300002,5831671.62975999992,13.42710327600,52.55220874200,"0"
"197657","11","0","11","011","2019","08","08","5","3","5","5","0","0","1","0","1","0","0",802961.98574799998,5829229.12127000093,13.46708507700,52.52872805500,"1"
"197658","11","0","07","007","2019","08","10","5","3","0","6","0","1","1","0","0","0","0",795222.52338799997,5824517.24897999968,13.34915181700,52.49073622300,"0"
"197659","11","0","03","003","2019","08","10","5","3","1","5","0","0","1","0","0","0","0",798713.92842100002,5835849.20920000039,13.41061034000,52.59041147100,"0"
"197660","11","0","04","004","2019","08","08","5","3","0","3","0","0","1","0","1","0","0",793345.46337400004,5822848.24139000103,13.32011634800,52.47678610600,"0"
"197661","11","0","12","012","2019","08","08","5","3","5","2","0","1","1","0","0","0","0",794973.71127500001,5833121.36985000037,13.35313188600,52.56800008200,"0"
"197662","11","0","01","001","2019","08","07","5","3","8","1","0","0","1","0","0","0","0",796143.45661400002,5826287.67327000108,13.36425028100,52.50610768100,"0"
"197663","11","0","02","002","2019","08","06","5","3","0","4","0","1","0","1","0","0","0",801701.63008399995,5825858.25616999902,13.44550629000,52.49921369100,"1"
"197664","11","0","11","011","2019","08","06","5","3","2","6","0","0","1","0","1","0","0",803714.60442400002,5826360.44682999980,13.47552702500,52.50259817700,"0"
"197665","11","0","01","001","2019","08","05","5","3","5","3","1","0","1","0","0","0","0",797904.05866900005,5831002.83150999900,13.39433793600,52.54741459200,"1"
"197666","11","0","04","004","2019","08","02","5","3","5","2","2","0","1","0","0","0","0",794005.43862300005,5824068.88375000097,13.33088219100,52.48737371700,"0"
"197667","11","0","02","002","2019","08","00","5","3","0","2","2","1","1","0","0","0","0",801420.69647800003,5826071.80257999990,13.44157358800,52.50128298200,"1"
"197668","11","0","12","012","2019","07","02","4","3","0","7","2","1","0","0","0","0","0",793457.91252500005,5833874.31713999994,13.33149814900,52.57556904900,"0"
"197669","11","0","04","004","2019","07","20","4","3","5","2","1","0","1","0","0","0","0",790688.31200000003,5822694.72200000007,13.28096969000,52.47683055500,"1"
"197670","11","0","12","012","2019","07","20","4","3","1","5","2","0","1","0","0","0","0",795516.19844800001,5834371.92502999958,13.36222702600,52.57891586300,"1"
"197671","11","0","12","012","2019","07","20","4","3","0","1","1","0","0","0","1","0","0",795775.24578799994,5832574.73479999974,13.36443607600,52.56266514100,"1"
"197672","11","0","02","002","2019","07","19","4","3","5","5","1","0","1","0","1","0","0",797639.21909599996,5824583.57435999997,13.38470048300,52.49001845900,"0"
"197673","11","0","02","002","2019","07","23","4","3","5","7","2","0","1","0","1","0","0",800550.33912999998,5826943.71296000015,13.42957726600,52.50957824800,"1"
"197674","11","0","04","004","2019","07","22","4","3","0","1","2","0","0","0","1","0","0",793383.62088499998,5824666.59633999970,13.32227702600,52.49306649400,"1"
"197675","11","0","04","004","2019","07","18","4","3","5","2","0","0","1","0","0","0","0",792725.01000000001,5826102.04800000042,13.31386564900,52.50628850300,"0"
"197676","11","0","08","008","2019","07","18","4","3","5","3","0","0","1","0","0","0","0",805253.98583100003,5817245.99894000031,13.48980090500,52.42005019300,"0"
"197677","11","0","01","001","2019","07","17","4","3","2","6","0","0","1","0","0","0","0",799129.29840600002,5828985.88753999956,13.41053752800,52.52866439400,"1"
"197678","11","0","04","004","2019","07","17","4","3","0","6","0","0","1","0","1","0","0",792709.75544900005,5825553.24755000044,13.31315906900,52.50137685700,"1"
"197679","11","0","04","004","2019","07","17","4","2","0","1","0","1","0","0","0","0","0",791464.18735899997,5825787.12260999903,13.29506614600,52.50414026700,"1"
"197680","11","0","10","010","2019","07","17","4","3","6","4","0","0","1","1","0","0","0",809541.08600000001,5827065.57199999969,13.56174848300,52.50564348900,"1"
"197681","11","0","01","001","2019","07","17","4","2","5","2","0","1","1","0","0","0","0",798724.51644299994,5828298.30362999905,13.40397068800,52.52272313800,"1"
"197682","11","0","01","001","2019","07","16","4","3","0","5","0","0","1","0","1","0","0",794477.24055200000,5828352.66263999976,13.34159976800,52.52552087600,"1"
"197683","11","0","07","007","2019","07","16","4","3","2","6","0","0","1","0","0","0","0",798357.83338900004,5818989.15620000008,13.39025158700,52.43947886800,"1"
"197684","11","0","01","001","2019","07","16","4","3","5","3","0","0","1","0","0","0","0",797037.42658500001,5829318.79944999982,13.38008949800,52.53279241400,"1"
"197685","11","0","12","012","2019","07","15","4","3","5","2","0","1","1","0","0","0","0",791292.47274400003,5838941.21239999961,13.30409196600,52.62215558000,"1"
"197686","11","0","01","001","2019","07","15","4","3","2","6","0","0","1","0","0","0","0",795245.90599999996,5826623.98300000001,13.35136292200,52.50960889900,"1"
"197687","11","0","04","004","2019","07","10","4","3","5","2","0","0","1","0","0","0","0",793340.76327200001,5829719.99388999958,13.32610285400,52.53839099900,"0"
"197688","11","0","01","001","2019","07","09","4","3","5","7","0","1","1","0","0","0","0",794769.72313699999,5828313.39965999965,13.34586368200,52.52501085700,"0"
"197689","11","0","12","012","2019","07","09","4","2","4","6","0","1","0","0","0","0","0",792106.81556999998,5832956.02900000010,13.31080834300,52.56806382700,"0"
"197690","11","0","02","002","2019","07","09","4","3","2","6","0","0","1","0","1","0","0",797822.38195600000,5824931.54616999906,13.38770119500,52.49303772700,"0"
"197691","11","0","02","002","2019","07","07","4","3","5","2","0","1","1","0","0","0","0",799720.05778999999,5826052.13002999965,13.41657730000,52.50204338400,"0"
"197692","11","0","01","001","2019","07","15","4","2","5","7","0","0","1","0","0","0","0",798396.05247300002,5829040.76668999903,13.39981006000,52.52955815900,"0"
"197693","11","0","01","001","2019","07","07","4","3","5","3","0","1","0","0","0","0","1",798715.49115799996,5829563.10627000034,13.40497440600,52.53406523600,"0"
"197694","11","0","05","005","2019","07","07","4","3","5","2","0","0","0","0","1","0","1",787597.21472499997,5829401.00086999964,13.24137736600,52.53859272500,"0"
"197695","11","0","12","012","2019","07","04","4","3","5","3","1","1","1","0","0","0","0",791496.77099999995,5833027.91899999976,13.30189632000,52.56903531400,"0"
"197696","11","0","11","011","2019","07","02","4","3","0","1","2","1","0","0","0","0","0",806693.66475100000,5833980.84896000009,13.52631051200,52.56922695200,"0"
"197697","11","0","05","005","2019","07","14","4","3","6","4","0","0","1","1","0","0","0",785297.97848199995,5830407.97173999995,13.20843378700,52.54882974500,"0"
"197698","11","0","01","001","2019","07","14","4","3","5","3","0","0","1","0","0","0","0",793529.17782500002,5832017.90608000010,13.33090406900,52.55888903100,"0"
"197699","11","0","06","006","2019","07","12","4","3","5","3","0","0","0","0","1","0","1",791574.38622500002,5821712.91524999961,13.29312098400,52.46755634500,"0"
"197700","11","0","04","004","2019","07","12","4","3","5","3","0","0","1","0","0","0","1",792444.07650199998,5825425.95383000094,13.30914446400,52.50037815200,"0"
"197701","11","0","12","012","2019","07","11","4","2","5","7","0","0","1","0","1","0","0",790584.92380900006,5834488.18649999984,13.28976025200,52.58261396900,"0"
"197702","11","0","07","007","2019","07","10","4","3","1","5","0","1","1","0","0","0","0",795592.49220900005,5824160.71444000024,13.35426877900,52.48733995400,"0"
"197703","11","0","04","004","2019","07","10","4","3","5","3","0","1","0","0","0","0","0",788657.61899999995,5825722.15099999961,13.25377618800,52.50504986100,"0"
"197704","11","0","08","008","2019","07","10","4","3","6","4","0","0","1","1","0","0","0",800898.00722300005,5822408.95433999971,13.43059015900,52.46874022200,"0"
"197705","11","0","12","012","2019","07","09","3","3","0","6","0","1","1","0","0","0","0",794850.99100200005,5833071.51228000037,13.35128217900,52.56761963500,"0"
"197706","11","0","03","003","2019","07","07","3","3","6","7","0","0","1","1","0","0","0",799443.21670100000,5832748.76001000032,13.41854351200,52.56222018400,"0"
"197707","11","0","10","010","2019","07","09","3","3","5","3","0","0","1","0","0","0","0",811989.62146000005,5826852.58014000021,13.59750759100,52.50234029500,"0"
"197708","11","0","03","003","2019","07","08","3","3","2","2","0","0","1","0","0","0","0",802839.77704700001,5832687.34594000038,13.46844187700,52.55979130700,"1"
"197709","11","0","01","001","2019","07","08","3","3","3","6","0","1","0","0","0","0","0",797300.64807100000,5829109.32206999976,13.38377124800,52.53077118900,"0"
"197710","11","0","01","001","2019","07","00","3","2","5","2","2","0","1","0","1","0","0",798901.29252300004,5827345.25509999972,13.40571216900,52.51408354600,"0"
"197711","11","0","09","009","2019","07","06","3","2","1","5","0","1","1","0","0","0","0",806046.10122700001,5820006.08478999976,13.50393886200,52.44434515900,"0"
"197712","11","0","11","011","2019","07","17","3","3","5","3","0","0","1","0","0","0","0",807676.67595599999,5824535.77952000033,13.53202978700,52.48402589800,"0"
"197713","11","0","04","004","2019","07","16","3","2","1","5","0","1","1","0","0","0","0",791954.02419499995,5822499.63234000001,13.29938218100,52.47440645700,"0"
"197714","11","0","05","005","2019","07","16","3","2","5","7","0","0","1","0","1","0","0",784748.37340599997,5828694.95968000032,13.19888196300,52.53375851400,"0"
"197715","11","0","01","001","2019","07","15","3","3","5","2","0","1","1","0","0","0","0",794707.62667400006,5831780.93683000095,13.34802687400,52.55612829900,"0"
"197716","11","0","04","004","2019","07","15","3","3","5","7","0","0","1","0","1","0","0",792977.37952900003,5826184.83691999968,13.31764619000,52.50689521100,"0"
"197717","11","0","01","001","2019","07","15","3","3","0","3","0","0","1","0","1","0","0",794963.30069599999,5826080.53883999959,13.34672936000,52.50489018500,"0"
"197718","11","0","02","002","2019","07","23","3","3","0","1","2","1","0","0","0","0","0",797247.78588400001,5824831.58203000110,13.37917359900,52.49245486300,"0"
"197719","11","0","01","001","2019","07","15","3","3","6","4","0","0","0","1","1","0","0",797583.72399199998,5831293.12409000099,13.38988794500,52.55019176900,"0"
"197720","11","0","03","003","2019","07","20","3","3","1","5","1","1","1","0","0","0","0",801022.32973799994,5830798.87992000021,13.44000089700,52.54387252100,"0"
"197721","11","0","04","004","2019","07","13","3","3","0","7","0","0","1","0","1","0","0",789598.36699999997,5827272.50600000005,13.26894682300,52.51845059800,"0"
"197722","11","0","01","001","2019","07","20","3","2","0","1","0","1","0","0","0","0","0",794549.27541300002,5826088.22510999907,13.34065391000,52.50518276000,"0"
"197723","11","0","08","008","2019","07","14","3","3","5","3","0","0","1","0","1","0","0",800380.44739500002,5823330.39236999955,13.42382376700,52.47728427600,"0"
"197724","11","0","01","001","2019","07","20","3","3","5","3","0","0","1","0","0","0","0",795324.90372299997,5826261.33354999963,13.35220181000,52.50631526500,"0"
"197725","11","0","05","005","2019","07","20","3","3","5","3","0","1","1","0","0","0","0",782573.51637199998,5828540.58057000022,13.16677292900,52.53350626000,"0"
"197726","11","0","07","007","2019","07","19","3","3","5","7","0","0","1","0","1","0","0",794624.10342099995,5825565.12200000044,13.34129033000,52.50045307000,"0"
"197727","11","0","09","009","2019","07","13","3","3","3","1","0","1","0","0","0","0","1",804279.53208699997,5823056.60280000046,13.48080786400,52.47267212700,"0"
"197728","11","0","05","005","2019","07","12","3","3","2","2","0","1","1","0","0","0","0",781551.37579800002,5819649.20146999974,13.14422889900,52.45430954600,"0"
"197729","11","0","08","008","2019","07","18","3","3","2","6","0","0","1","0","0","0","0",801839.16193099995,5823625.64059999958,13.44550402000,52.47912642900,"0"
"197730","11","0","06","006","2019","07","18","3","3","5","2","0","1","1","0","0","0","0",788760.11965600005,5819994.53961999994,13.25032183600,52.45364502300,"0"
"197731","11","0","04","004","2019","07","18","3","3","3","6","0","0","1","0","0","0","0",791881.56943200005,5826501.47530999966,13.30182429800,52.51032119800,"0"
"197732","11","0","09","009","2019","07","17","3","3","2","7","0","0","1","0","1","0","0",806289.10470699996,5819201.09594999906,13.50676529400,52.43699442500,"0"
"197733","11","0","08","008","2019","07","17","3","3","5","3","0","1","0","0","0","0","1",801800.89077599999,5817488.16739000101,13.43939625500,52.42413596600,"0"
"197734","11","0","09","009","2019","07","10","3","2","1","5","0","0","1","0","1","0","0",814030.52043300006,5820744.83705999982,13.62172639000,52.44643858600,"0"
"197735","11","0","01","001","2019","07","09","3","3","1","5","0","1","0","0","0","1","0",797963.65487700002,5832408.76348999981,13.39647606300,52.55998426800,"0"
"197736","11","0","08","008","2019","07","12","3","3","5","2","0","0","1","0","0","0","1",805438.84378999996,5818396.44613000099,13.49356124300,52.43025811700,"0"
"197737","11","0","07","007","2019","07","14","3","1","6","2","0","0","0","1","0","1","0",794950.12868600001,5825642.63485999964,13.34614796100,52.50097179900,"0"
"197738","11","0","02","002","2019","07","13","2","3","5","2","0","1","0","0","0","0","1",801250.79329700000,5827844.04289999977,13.44068209500,52.51726170300,"0"
"197739","11","0","07","007","2019","07","15","2","3","0","7","0","1","0","0","0","0","0",799195.44508300000,5816141.73883999977,13.39999035100,52.41349768500,"0"
"197740","11","0","10","010","2019","07","12","2","3","0","1","0","1","0","0","0","0","0",812433.14991499996,5824753.67652999982,13.60205249600,52.48327788800,"0"
"197741","11","0","01","001","2019","07","22","2","3","2","6","2","0","1","0","1","0","0",797662.73251300002,5831882.28945999965,13.39157796500,52.55542970000,"1"
"197742","11","0","03","003","2019","07","21","2","3","0","2","2","0","1","0","1","0","0",798606.83391599997,5833049.83064999897,13.40651265400,52.56537815700,"1"
"197743","11","0","02","002","2019","07","20","2","3","1","1","0","0","1","0","1","0","0",802589.84420699999,5827014.15823000018,13.45960138200,52.50908223000,"1"
"197744","11","0","01","001","2019","07","18","2","3","5","2","0","1","0","0","0","0","1",797763.87453499995,5829744.15809000097,13.39114857100,52.53620885000,"1"
"197745","11","0","04","004","2019","07","18","2","3","0","6","0","0","1","0","1","0","0",793293.07039699994,5825627.00717000104,13.32179280000,52.50172487000,"1"
"197746","11","0","06","006","2019","07","18","2","3","0","5","0","1","1","0","0","0","0",791844.98999300005,5818906.64668999892,13.29464044400,52.44225371500,"1"
"197747","11","0","01","001","2019","07","18","2","3","2","6","0","0","1","0","0","0","0",796586.33021599997,5831006.27164999954,13.37496512400,52.54816442200,"1"
"197748","11","0","01","001","2019","07","16","2","3","2","6","0","0","1","0","0","0","0",797978.32410199998,5828497.04121000040,13.39318313600,52.52491286000,"0"
"197749","11","0","05","005","2019","07","16","2","3","5","7","0","1","1","0","0","0","0",785352.27484099998,5830155.44268000033,13.20901537200,52.54653716700,"0"
"197750","11","0","06","006","2019","07","19","2","3","2","6","0","0","1","0","0","0","0",794923.10068499995,5821446.91822999902,13.34203923400,52.46337444900,"1"
"197751","11","0","01","001","2019","07","17","2","3","1","5","0","1","1","0","0","0","0",798018.57973799994,5827089.74127000105,13.39251404100,52.51227620700,"1"
"197752","11","0","04","004","2019","07","16","2","3","5","2","0","0","1","0","1","0","0",794187.44025600003,5823111.52304000035,13.33271000800,52.47869341700,"0"
"197753","11","0","01","001","2019","07","16","2","3","5","2","0","1","1","0","0","0","0",797720.18626400002,5831257.47460999899,13.39186261600,52.54979765200,"0"
"197754","11","0","03","003","2019","07","19","2","3","0","7","0","0","1","0","0","0","0",800995.03935600002,5833682.88822999969,13.44221490000,52.56973722400,"1"
"197755","11","0","04","004","2019","07","15","2","2","5","3","0","1","1","0","0","0","0",794185.43539200001,5823226.39304000046,13.33278192000,52.47972425100,"0"
"197756","11","0","11","011","2019","07","15","2","3","5","2","0","1","0","0","0","0","1",806220.11350500002,5830350.06386000011,13.51599655100,52.53695388300,"0"
"197757","11","0","01","001","2019","07","15","2","3","2","7","0","1","1","0","0","0","0",797108.27940799994,5829252.99375000037,13.38107215000,52.53216392500,"0"
"197758","11","0","04","004","2019","07","14","2","2","2","6","0","0","1","0","1","0","0",792541.94635700004,5822821.10441999976,13.30829548700,52.47697382000,"0"
"197759","11","0","09","009","2019","07","15","2","3","2","2","0","0","1","0","0","0","0",809388.12462999998,5821483.31462999899,13.55432233100,52.45570329900,"0"
"197760","11","0","05","005","2019","07","14","2","3","0","1","0","0","0","0","1","0","0",781396.74629799998,5830734.37504000030,13.15132864100,52.55378583500,"0"
"197761","11","0","04","004","2019","07","14","2","3","5","2","0","0","0","0","0","1","1",792688.92223400006,5825321.28177000023,13.31264915800,52.49930852600,"0"
"197762","11","0","02","002","2019","07","14","2","3","5","3","0","0","1","0","0","0","0",802951.16546299995,5826800.40668000001,13.46471448800,52.50696587400,"0"
"197763","11","0","09","009","2019","07","13","2","3","3","2","0","0","1","0","1","0","0",809054.40409400000,5818764.10508000012,13.54691172600,52.43152268900,"0"
"197764","11","0","07","007","2019","07","12","2","2","6","7","0","0","0","1","0","0","1",796334.73947799997,5822992.28371999972,13.36412958000,52.47646362400,"0"
"197765","11","0","04","004","2019","07","12","2","3","2","6","0","0","1","0","0","0","0",790087.40807500004,5827345.42848999891,13.27619753000,52.51884443100,"0"
"197766","11","0","03","003","2019","07","12","2","3","5","2","0","1","1","0","0","0","0",798218.88793400000,5831596.93188999966,13.39950061600,52.55256762400,"0"
"197767","11","0","02","002","2019","07","11","2","3","5","3","0","1","1","0","0","0","0",797772.11622900004,5824035.10543000046,13.38616200600,52.48502958900,"0"
"197768","11","0","10","010","2019","07","11","2","2","5","2","0","0","1","0","0","0","0",811209.63287800003,5828853.20308999904,13.58792432900,52.52071396600,"0"
"197769","11","0","09","009","2019","07","09","2","3","6","4","0","0","1","1","0","0","0",808587.57999999996,5817624.47499999963,13.53901570800,52.42157275600,"0"
"197770","11","0","02","002","2019","07","09","2","3","5","2","0","1","1","0","0","0","0",801247.60834699997,5827817.04963000026,13.44061085800,52.51702151800,"0"
"197771","11","0","04","004","2019","07","09","2","3","2","6","0","0","1","0","0","0","0",792954.69759400003,5823333.79576000012,13.31480585400,52.48134871200,"0"
"197772","11","0","05","005","2019","07","11","2","2","8","1","0","0","1","0","0","0","0",785406.52448799997,5827917.11952000018,13.20789078800,52.52644023500,"0"
"197773","11","0","02","002","2019","07","18","2","3","0","1","0","1","0","0","0","0","0",800744.98780400003,5826524.97927999962,13.43205842100,52.50571775200,"1"
"197774","11","0","02","002","2019","07","19","2","3","0","1","0","1","0","0","0","0","0",797954.20996100002,5826221.37437000033,13.39079104400,52.50452753400,"1"
"197775","11","0","04","004","2019","07","08","2","3","3","6","0","0","1","0","0","0","1",793345.54809699999,5829701.87734000012,13.32615720700,52.53822601800,"0"
"197776","11","0","08","008","2019","07","07","2","3","2","2","0","1","1","0","0","0","0",800770.93904600001,5822754.22199000046,13.42903647700,52.47190495300,"0"
"197777","11","0","02","002","2019","07","06","2","3","2","6","0","0","1","0","1","0","0",802034.75300000003,5827168.58700000029,13.45158737400,52.51077398400,"0"
"197778","11","0","06","006","2019","07","20","1","3","0","1","0","1","0","0","0","0","0",792685.33959999995,5816255.37428000011,13.30464818900,52.41803617900,"0"
"197779","11","0","07","007","2019","07","14","1","3","2","6","0","0","1","0","1","0","0",794490.90778200002,5824873.77192000020,13.33872255700,52.49432742500,"0"
"197780","11","0","05","005","2019","07","13","1","3","2","6","0","0","1","0","0","0","0",787405.14600800001,5829457.20339000039,13.23860185100,52.53919794500,"0"
"197781","11","0","01","001","2019","07","17","1","3","0","7","0","0","0","0","0","0","1",798149.44949599996,5828008.42466999963,13.39526001000,52.52043950100,"0"
"197782","11","0","01","001","2019","07","22","1","3","0","4","2","0","0","1","1","0","0",798499.20716899994,5828167.11809000093,13.40054196400,52.52167062900,"0"
"197783","11","0","08","008","2019","07","18","1","3","0","1","0","1","0","0","0","0","0",802547.36405500001,5822134.88906999957,13.45454821900,52.46537288600,"0"
"197784","11","0","08","008","2019","07","16","1","3","5","7","0","0","1","0","0","0","0",803518.40753299999,5818925.21019000094,13.46588159100,52.43606622900,"0"
"197785","11","0","01","001","2019","07","16","1","3","1","5","0","0","1","0","0","0","1",796816.69636299997,5827811.61325000040,13.37549961100,52.51940236400,"0"
"197786","11","0","07","007","2019","07","15","1","2","2","6","0","0","1","0","1","0","0",795340.41042800003,5821501.02673000097,13.34821180500,52.46363410100,"0"
"197787","11","0","01","001","2019","07","15","1","3","0","1","0","0","0","0","0","0","1",799954.84438599995,5828561.92136000004,13.42228806700,52.52441062800,"0"
"197788","11","0","02","002","2019","07","09","1","3","5","2","0","1","0","0","0","0","1",803120.20796899998,5825676.76767999958,13.46617472600,52.49680096400,"0"
"197789","11","0","02","002","2019","07","10","7","3","0","1","0","1","0","0","0","0","0",799486.26556800003,5826075.85455999989,13.41316465900,52.50238440300,"0"
"197790","11","0","02","002","2019","07","17","7","3","0","3","0","1","1","0","0","0","0",800938.92364499997,5828520.10132000037,13.43671148900,52.52349352800,"0"
"197791","11","0","08","008","2019","07","23","7","3","0","7","2","1","0","0","0","0","1",801808.55093100003,5823647.43735000025,13.44507438100,52.47933871400,"0"
"197792","11","0","06","006","2019","07","18","7","3","5","3","0","1","1","0","0","0","0",789259.05595399998,5818045.54657999985,13.25595641500,52.43590760800,"0"
"197793","11","0","08","008","2019","07","18","7","3","0","6","0","0","1","0","1","0","0",800802.92315499997,5825036.24139000103,13.43156488600,52.49234183400,"0"
"197794","11","0","01","001","2019","07","17","7","3","2","6","0","0","1","0","0","0","0",793878.22027900000,5830057.55006000027,13.33430305400,52.54112741500,"0"
"197795","11","0","04","004","2019","07","16","7","3","2","6","0","0","1","0","0","0","0",794310.32703799999,5825265.97817000095,13.33641687500,52.49794073600,"0"
"197796","11","0","04","004","2019","07","16","7","3","5","2","0","0","1","0","0","0","0",791910.67030500004,5826241.68601000030,13.30202404400,52.50797666100,"0"
"197797","11","0","01","001","2019","07","16","7","3","5","2","0","1","1","0","0","0","0",797380.52770900005,5832454.19888999965,13.38794015000,52.56071030800,"0"
"197798","11","0","06","006","2019","07","15","7","2","6","4","0","0","1","1","0","0","0",788813.49045599997,5819565.80913999956,13.25073430200,52.44977303800,"0"
"197799","11","0","08","008","2019","07","23","7","3","0","6","2","0","0","0","1","0","0",800693.61087500001,5824376.77745999955,13.42936463700,52.48649106800,"0"
"197800","11","0","01","001","2019","08","07","4","3","6","4","0","0","1","1","0","0","0",794722.13996399997,5827403.20010000002,13.34435785500,52.51687727700,"0"
"197801","11","0","05","005","2019","08","06","4","3","5","2","0","0","1","0","0","0","0",783902.03760000004,5826598.35391999967,13.18464820300,52.51540154500,"0"
"197802","11","0","09","009","2019","08","07","4","2","6","7","0","0","0","1","0","0","1",814090.93616899999,5820779.31436000019,13.62264482400,52.44671283800,"0"
"197803","11","0","05","005","2019","08","07","4","3","0","1","0","1","0","0","0","0","0",785752.98636200000,5833148.22596000042,13.21748565100,52.57315967000,"0"
"197804","11","0","03","003","2019","08","18","3","3","0","5","0","1","1","0","0","0","0",798990.52564100001,5831447.33918999974,13.41071294200,52.55080373300,"0"
"197805","11","0","01","001","2019","08","17","3","2","6","7","0","0","0","1","0","0","1",795778.13373600005,5828197.65802999958,13.36058127900,52.52342721200,"0"
"197806","11","0","01","001","2019","08","13","3","3","6","4","0","1","0","1","0","0","0",798503.66393499996,5827866.86986999959,13.40033802000,52.51897687300,"0"
"197807","11","0","03","003","2019","08","18","3","3","1","5","0","1","1","0","0","0","1",799076.34584500000,5830209.54234000016,13.41086035600,52.53966167100,"0"
"197808","11","0","09","009","2019","08","16","3","2","6","4","0","0","0","1","1","0","0",808003.42026599997,5821567.83306999970,13.53408633000,52.45724278200,"0"
"197809","11","0","03","003","2019","08","16","3","3","5","2","0","1","1","0","0","0","0",801324.39899999998,5831012.73699999973,13.44463577600,52.54562236600,"0"
"197810","11","0","01","001","2019","08","15","3","3","2","6","0","0","1","0","0","0","0",793620.34214199998,5828131.12404999975,13.32880979600,52.52399706100,"0"
"197811","11","0","08","008","2019","08","18","3","3","1","5","1","1","1","0","0","0","0",801886.17897699995,5824407.01776000019,13.44690177800,52.48610403000,"0"