OBJECTID,ULAND,UREGBEZ,UKREIS,UGEMEINDE,UJAHR,UMONAT,USTUNDE,UWOCHENTAG,UKATEGORIE,UART,UTYP1,ULICHTVERH,IstRad,IstPKW,IstFuss,IstKrad,IstGkfz,IstSonstig,LINREFX,LINREFY,XGCSWGS84,YGCSWGS84,STRZUSTAND
"197812","11","0","07","007","2019","08","18","3","3","6","2","0","0","1","1","0","0","0",797839.42155400000,5822204.98273000028,13.38551578000,52.46858789500,"0"
"197813","11","0","07","007","2019","08","18","3","3","6","4","0","0","1","1","0","0","0",794949.88220300002,5825395.21430999972,13.34592521500,52.49875397600,"0"
"197814","11","0","10","010","2019","08","18","3","3","1","5","0","1","1","0","0","0","0",812119.71024299995,5825410.82438999973,13.59806710900,52.48934600100,"0"
"197815","11","0","03","003","2019","08","17","3","3","3","6","0","1","0","0","0","0","0",800030.14601000003,5830416.31515000109,13.42506845900,52.54099073900,"0"
"197816","11","0","08","008","2019","08","17","3","3","5","2","0","1","1","0","0","0","0",801751.43534400000,5822053.17834999971,13.44279381400,52.46508063400,"0"
"197817","11","0","02","002","2019","08","17","3","3","5","2","0","1","1","0","0","0","0",802742.35086799995,5827484.84159000032,13.46226977500,52.51321630900,"0"
"197818","11","0","07","007","2019","08","17","3","3","2","2","0","1","1","0","0","0","0",793962.18503000005,5822011.86754999962,13.32843364000,52.46895678500,"0"
"197819","11","0","07","007","2019","08","17","3","2","0","1","0","0","0","0","0","0","1",797637.63516499999,5821170.73723999970,13.38163166900,52.45942694900,"0"
"197820","11","0","01","001","2019","08","08","3","3","0","6","0","1","0","0","0","0","0",799178.25481199997,5828665.56795000099,13.41096883200,52.52576634600,"0"
"197821","11","0","02","002","2019","08","12","3","3","0","7","0","0","0","0","1","0","0",802060.83044699999,5826223.75274000037,13.45111319500,52.50229096000,"0"
"197822","11","0","01","001","2019","08","16","3","3","5","3","0","1","1","0","1","0","0",798578.17000000004,5826868.99600000028,13.40053743400,52.50999150600,"0"
"197823","11","0","07","007","2019","08","15","3","3","5","2","0","0","1","0","1","0","0",797348.88159100001,5821927.38762000017,13.37806840400,52.46636674500,"0"
"197824","11","0","09","009","2019","08","15","3","3","2","1","0","0","1","0","0","0","0",804136.84754600003,5822925.76044000033,13.47859438200,52.47157887900,"0"
"197825","11","0","04","004","2019","08","14","3","3","5","3","0","0","1","0","1","0","0",791289.86487900000,5826076.60125999991,13.29275841700,52.50682852100,"0"
"197826","11","0","12","012","2019","08","14","3","3","2","6","0","0","1","0","0","0","0",788035.65578000003,5830933.76963999961,13.24915328000,52.55210303400,"0"
"197827","11","0","05","005","2019","08","13","3","3","2","6","0","0","1","0","0","0","0",784742.30571999995,5826399.86658000015,13.19682764400,52.51318384100,"0"
"197828","11","0","04","004","2019","08","13","3","3","5","2","0","1","0","0","0","1","0",793970.24543000001,5824451.22152999975,13.33070266000,52.49082014300,"0"
"197829","11","0","03","003","2019","08","16","3","3","3","6","0","1","1","0","0","0","0",802435.84404999996,5831508.35905999970,13.46142737300,52.54944872900,"0"
"197830","11","0","04","004","2019","08","15","3","2","5","2","0","0","1","0","0","0","0",793999.77697699994,5824056.73666999955,13.33078833500,52.48726787300,"0"
"197831","11","0","09","009","2019","08","12","3","3","5","7","0","0","1","0","0","0","1",811154.37146900001,5822083.01293999981,13.58079112100,52.46007495700,"0"
"197832","11","0","08","008","2019","08","15","3","3","1","5","0","0","1","0","0","0","0",800387.68221000000,5816784.15313000046,13.41804359200,52.41860309700,"0"
"197833","11","0","09","009","2019","08","12","3","3","1","5","0","1","0","0","0","0","1",814205.02367400005,5821576.37588999979,13.62506770800,52.45378973700,"0"
"197834","11","0","01","001","2019","08","11","3","3","3","7","0","1","1","0","0","0","0",799728.64417900005,5827524.53423000034,13.41802922200,52.51523648800,"0"
"197835","11","0","01","001","2019","08","08","3","3","2","6","0","1","1","0","0","0","0",796089.59642399999,5825998.88597000018,13.36320222400,52.50354819400,"0"
"197836","11","0","05","005","2019","08","08","3","3","5","7","0","0","1","0","1","0","0",783420.07766800001,5827703.37944000028,13.17850636500,52.52556015700,"0"
"197837","11","0","10","010","2019","08","11","3","3","2","6","0","0","1","0","0","1","0",808464.11554200004,5831133.87351999991,13.54970475000,52.54271281000,"0"
"197838","11","0","03","003","2019","08","06","3","2","0","7","0","1","0","0","0","0","0",798179.46911299997,5831829.76346000005,13.39913006900,52.55467621400,"0"
"197839","11","0","05","005","2019","08","10","3","3","0","2","0","1","1","0","0","0","0",783049.11985100002,5826060.42506000027,13.17165509200,52.51102163400,"0"
"197840","11","0","01","001","2019","08","06","3","3","5","2","0","1","1","0","0","0","0",794020.88978700002,5830176.82744999975,13.33650624900,52.54211969700,"0"
"197841","11","0","08","008","2019","08","01","3","3","6","7","2","0","0","1","0","0","1",801652.84943199996,5823740.41067999974,13.44287279100,52.48025807500,"0"
"197842","11","0","09","009","2019","08","09","3","3","5","3","0","1","1","0","0","0","0",804361.06332600000,5819757.85496999975,13.47899734200,52.44306083100,"0"
"197843","11","0","10","010","2019","08","09","3","3","0","7","0","0","1","0","1","0","0",810838.04601900000,5831023.10106000025,13.58449414200,52.54037115000,"1"
"197844","11","0","08","008","2019","08","09","3","3","5","2","0","1","1","0","0","0","0",801515.40808400000,5823855.42353999987,13.44095911000,52.48136486100,"0"
"197845","11","0","02","002","2019","08","08","3","3","5","3","0","0","1","0","1","0","0",800418.89435399999,5828048.47745999973,13.42864369600,52.51955299500,"0"
"197846","11","0","05","005","2019","08","20","2","3","2","2","0","1","0","0","0","0","0",782821.33431199996,5827119.08451000042,13.16920752100,52.52063211300,"0"
"197847","11","0","07","007","2019","08","12","2","3","2","7","0","1","1","0","0","0","0",794142.00761299999,5821828.55955999997,13.33091161700,52.46721672200,"0"
"197848","11","0","04","004","2019","08","15","2","3","2","6","2","0","1","0","0","0","0",790138.39921299997,5827315.79492999893,13.27692107200,52.51855163600,"0"
"197849","11","0","08","008","2019","08","20","2","3","5","2","0","1","0","0","0","1","0",803150.14339600003,5818453.02575999964,13.46005275800,52.43203824700,"0"
"197850","11","0","11","011","2019","08","19","2","3","6","4","0","1","0","1","0","0","0",803090.13442999998,5829555.48434999958,13.46926588200,52.53158194700,"0"
"197851","11","0","10","010","2019","08","18","2","3","5","2","0","1","1","0","0","0","0",813242.01543000003,5831082.86044999957,13.61988139800,52.53953018100,"0"
"197852","11","0","07","007","2019","08","18","2","2","5","5","0","0","1","0","0","0","0",799660.41912600002,5819025.69974000007,13.40939004000,52.43909427200,"0"
"197853","11","0","01","001","2019","08","20","2","2","1","5","1","1","0","0","0","0","1",797888.45080800005,5829287.76432000007,13.39257079500,52.53204979300,"0"
"197854","11","0","11","011","2019","08","15","2","3","0","2","0","0","1","0","1","0","0",804196.78789200005,5830673.15025999956,13.48655298400,52.54098266800,"0"
"197855","11","0","05","005","2019","08","18","2","3","5","2","0","1","1","0","0","0","0",785941.56426899997,5827986.12392999977,13.21581530400,52.52677854600,"0"
"197856","11","0","01","001","2019","08","17","2","3","5","2","0","0","1","0","1","0","0",798619.06226899999,5826919.34506000020,13.40118335800,52.51042043400,"0"
"197857","11","0","07","007","2019","08","13","2","3","6","7","0","1","0","1","0","0","0",796138.22038299998,5824930.94024999905,13.36296693300,52.49394862000,"0"
"197858","11","0","02","002","2019","08","13","2","3","2","6","0","1","0","0","0","0","0",797860.06714599999,5825617.78172999900,13.38886823900,52.49916845200,"0"
"197859","11","0","04","004","2019","08","13","2","3","5","3","0","0","1","0","0","0","0",791265.92895099998,5823330.34546000045,13.29000563600,52.48222118700,"0"
"197860","11","0","02","002","2019","08","17","2","3","0","2","0","0","1","0","1","0","0",796946.39429800003,5824394.82041000109,13.37435822700,52.48870377600,"0"
"197861","11","0","05","005","2019","08","16","2","3","0","2","0","1","1","0","0","0","0",779764.07540199999,5827777.81912999973,13.12482078100,52.52811612200,"0"
"197862","11","0","11","011","2019","08","16","2","2","0","7","0","1","0","0","0","0","0",804813.17943500006,5825374.68958999962,13.49075957900,52.49315071600,"0"
"197863","11","0","12","012","2019","08","16","2","3","5","3","0","1","1","0","0","0","0",791868.00667999999,5836954.40704999957,13.31081692500,52.60403588200,"0"
"197864","11","0","05","005","2019","08","16","2","3","0","4","0","0","0","1","0","0","1",783257.77469999995,5827579.93396000005,13.17601526000,52.52453766500,"0"
"197865","11","0","05","005","2019","08","15","2","3","2","2","0","0","1","0","0","0","1",784100.73280400003,5829006.19670999981,13.18962574800,52.53688707800,"0"
"197866","11","0","10","010","2019","08","15","2","2","5","3","0","0","1","0","1","0","0",809134.10497300001,5833829.10199000034,13.56206247700,52.56648672900,"0"
"197867","11","0","12","012","2019","08","15","2","3","6","2","0","0","1","1","0","0","0",793384.05581799999,5833148.65856999904,13.32976939700,52.56910377800,"0"
"197868","11","0","11","011","2019","08","14","2","3","0","2","0","1","0","0","0","0","1",803705.03277900000,5828330.21358000021,13.47718388200,52.52025798700,"0"
"197869","11","0","01","001","2019","08","14","2","3","3","5","0","1","1","0","0","0","0",797306.45069600001,5829022.23431000020,13.38377865400,52.52998738600,"0"
"197870","11","0","06","006","2019","08","15","2","3","5","3","0","0","1","0","0","0","0",793290.11300000001,5818935.46499999985,13.31586607500,52.44173889800,"0"
"197871","11","0","04","004","2019","08","10","2","3","5","3","0","1","1","0","0","0","0",792863.36719500006,5823178.64591000043,13.31332854600,52.48000682500,"0"
"197872","11","0","12","012","2019","08","10","2","3","5","2","0","1","1","0","0","0","0",793055.13914700004,5832658.34365000110,13.32449711400,52.56488554100,"0"
"197873","11","0","03","003","2019","08","09","2","3","6","3","0","0","1","1","0","0","0",800087.04738100001,5837531.42062999960,13.43234357400,52.60473358300,"0"
"197874","11","0","11","011","2019","08","12","2","2","5","3","0","1","1","0","0","0","0",807525.52877300000,5827503.37949000020,13.53255069800,52.51070688600,"0"
"197875","11","0","02","002","2019","08","12","2","3","0","1","0","1","0","0","0","0","0",800646.44376299996,5826254.00966999959,13.43036622500,52.50334328100,"0"
"197876","11","0","09","009","2019","08","10","2","3","5","5","0","0","1","0","0","0","0",819645.05910800002,5816369.29504000023,13.69987797300,52.40398059700,"0"
"197877","11","0","01","001","2019","08","08","2","3","2","6","0","0","1","0","1","0","0",799500.43565500004,5828868.57074999902,13.41588646400,52.52740906100,"0"
"197878","11","0","07","007","2019","08","08","2","3","5","3","0","1","1","0","0","0","0",795423.78976299998,5825487.40101999976,13.35296787800,52.49932402200,"0"
"197879","11","0","07","007","2019","08","08","2","3","3","6","0","1","1","0","0","0","0",795874.13500000001,5824078.93400000036,13.35833192700,52.48645429800,"0"
"197880","11","0","01","001","2019","08","07","2","3","5","3","0","0","1","0","0","0","0",797763.69667500001,5829744.29124999978,13.39114607600,52.53621014100,"0"
"197881","11","0","04","004","2019","08","14","1","3","0","6","0","0","1","0","1","0","0",792381.96098500001,5825033.94158000033,13.30788786800,52.49689713800,"0"
"197882","11","0","08","008","2019","08","10","1","3","0","6","0","1","1","0","0","0","0",804144.76952400000,5819483.09430999961,13.47557483400,52.44071853700,"0"
"197883","11","0","08","008","2019","08","22","1","3","5","2","2","1","1","0","0","0","0",800111.28933099995,5822904.31625000108,13.41948918800,52.47361312200,"0"
"197884","11","0","08","008","2019","08","21","1","3","0","1","2","0","0","0","1","0","0",800339.66014699999,5824354.17239999957,13.42414729400,52.48648327000,"0"
"197885","11","0","02","002","2019","08","14","1","3","5","3","0","1","1","0","0","0","0",797275.92926200002,5824816.05876000039,13.37957305300,52.49230038700,"0"
"197886","11","0","12","012","2019","08","14","1","3","1","5","0","0","1","0","0","0","0",792858.39406099997,5833870.25231999997,13.32267295600,52.57585555900,"0"
"197887","11","0","06","006","2019","08","13","1","3","0","1","0","1","0","0","0","0","0",789584.89887100004,5819810.16079999972,13.26226562700,52.45155565800,"0"
"197888","11","0","04","004","2019","08","13","1","3","5","3","0","0","1","0","1","0","0",788996.03021800006,5826983.54377000034,13.25984350400,52.51617950700,"0"
"197889","11","0","06","006","2019","08","13","1","3","2","6","0","0","1","0","1","0","0",794085.58061299997,5817433.19393000100,13.32621394800,52.42784435900,"0"
"197890","11","0","08","008","2019","08","13","1","3","5","2","0","0","1","0","0","0","0",800176.10673500004,5823648.14993000031,13.42111013800,52.48024482600,"0"
"197891","11","0","03","003","2019","08","12","1","3","0","1","0","1","0","0","0","0","0",800929.07749399997,5831159.83987999987,13.43895696700,52.54715936500,"0"
"197892","11","0","02","002","2019","08","12","1","3","5","3","0","0","1","0","0","0","0",800796.82652600005,5826165.37696000002,13.43249501700,52.50246596200,"0"
"197893","11","0","04","004","2019","08","12","1","3","2","6","0","0","1","0","1","0","0",790792.72685300000,5824821.02414999902,13.28435790200,52.49583743600,"0"
"197894","11","0","01","001","2019","08","12","1","3","2","6","0","0","1","0","0","0","0",796963.95984400006,5831502.18032999896,13.38096138200,52.55240393900,"0"
"197895","11","0","09","009","2019","08","20","1","3","2","5","0","0","1","0","0","0","0",814326.47355600004,5820802.05057999957,13.62612048000,52.44678122900,"0"
"197896","11","0","11","011","2019","08","20","1","2","5","2","1","1","1","0","0","0","0",804474.40556900005,5826396.76955000032,13.48671938700,52.50250030500,"0"
"197897","11","0","01","001","2019","08","19","1","3","5","2","0","1","1","0","0","0","0",793992.57184600004,5827833.02168999892,13.33401697600,52.52112416300,"0"
"197898","11","0","09","009","2019","08","18","1","3","5","2","0","1","1","0","0","0","0",810216.18750899995,5819629.70643000025,13.56474866500,52.43862246600,"0"
"197899","11","0","08","008","2019","08","18","1","3","5","3","0","0","1","0","1","0","0",800678.74536199996,5824253.22895999998,13.42903492100,52.48539184800,"0"
"197900","11","0","10","010","2019","08","17","1","3","5","3","0","0","1","0","0","0","0",812999.93395500001,5827621.26157999970,13.61306592400,52.50864993500,"0"
"197901","11","0","12","012","2019","08","17","1","3","5","3","0","0","1","0","1","0","0",789648.97751899995,5839735.08263999969,13.28057748200,52.63015124200,"0"
"197902","11","0","05","005","2019","08","15","1","2","5","2","0","0","1","0","0","0","0",783691.32935200003,5830169.93159000110,13.18459963400,52.54753457600,"0"
"197903","11","0","12","012","2019","08","15","1","3","2","6","0","0","1","0","0","0","1",794595.67750600004,5836263.88233000040,13.35036376500,52.59637477200,"0"
"197904","11","0","06","006","2019","08","15","1","3","0","7","0","1","0","0","0","0","0",789964.61795700004,5817497.54530000035,13.26583108100,52.43062098000,"0"
"197905","11","0","08","008","2019","08","14","1","3","0","7","0","0","1","0","1","0","0",801507.95766700001,5817670.54071999993,13.43526570300,52.42593212600,"0"
"197906","11","0","01","001","2019","08","10","1","3","1","5","0","1","1","0","0","0","0",795156.36389299994,5830167.97353999969,13.35319302200,52.54142643900,"0"
"197907","11","0","09","009","2019","08","08","1","3","5","3","0","0","1","0","0","0","1",809444.02072499995,5820586.84133999981,13.55431176600,52.44763760100,"0"
"197908","11","0","05","005","2019","08","07","4","3","5","2","0","0","1","0","1","0","0",781255.45520700002,5830769.40125999972,13.14927985300,52.55417288400,"0"
"197909","11","0","05","005","2019","08","08","1","3","6","2","0","0","1","1","0","0","0",784801.81030600006,5828811.50762000028,13.19976751500,52.53477555900,"0"
"197910","11","0","03","003","2019","08","01","1","3","1","5","2","1","1","0","0","0","0",798124.57813599997,5836519.19417999964,13.40253940800,52.59674021600,"0"
"197911","11","0","03","003","2019","08","17","7","1","0","7","0","0","0","0","0","0","1",802912.78038100002,5833425.81256000046,13.47018963700,52.56636937800,"0"
"197912","11","0","03","003","2019","08","12","7","3","0","4","0","1","0","1","0","0","0",798953.68800299999,5831063.11290000007,13.40982536300,52.54737994800,"0"
"197913","11","0","03","003","2019","08","13","7","3","5","2","0","1","1","0","0","0","0",797777.03264300001,5832954.96327999979,13.39422141300,52.56498229700,"0"
"197914","11","0","04","004","2019","08","13","7","3","5","3","0","0","1","0","1","0","0",793817.30700000003,5826074.51200000010,13.32988859200,52.50545450400,"0"
"197915","11","0","11","011","2019","08","12","7","3","2","6","0","0","1","0","0","0","0",805592.46813800000,5831602.96482000034,13.50792398700,52.54853504600,"0"
"197916","11","0","03","003","2019","08","12","7","3","5","3","0","0","1","0","0","0","0",802955.73175100004,5838465.45825999975,13.47542976200,52.61151405000,"0"
"197917","11","0","09","009","2019","08","12","7","3","5","3","0","0","1","0","0","0","0",806607.55159100005,5822051.84073999990,13.51405182700,52.46236544800,"0"
"197918","11","0","04","004","2019","08","11","7","3","5","3","0","1","1","0","0","0","0",792154.29908400006,5821844.66564000025,13.30174883200,52.46842767000,"0"
"197919","11","0","05","005","2019","08","11","7","2","5","2","0","1","1","0","0","0","0",785222.42133299995,5831822.49665999971,13.20853796100,52.56155173400,"0"
"197920","11","0","06","006","2019","08","11","7","3","2","2","0","0","1","0","0","0","0",794207.77017699997,5817194.55229000095,13.32779596400,52.42563932800,"0"
"197921","11","0","09","009","2019","08","11","7","2","5","3","0","0","1","0","0","0","0",811120.40387000004,5814751.15153999999,13.57347307200,52.39438902300,"0"
"197922","11","0","05","005","2019","08","11","7","3","5","3","0","1","1","0","0","0","0",781829.31954599998,5828449.78617999982,13.15575357500,52.53307749300,"0"
"197923","11","0","09","009","2019","08","09","7","3","2","2","0","0","1","0","0","0","0",804949.53648600006,5820715.13776999898,13.48850233100,52.45131280600,"0"
"197924","11","0","01","001","2019","08","09","7","3","5","3","0","0","1","0","0","0","0",797759.43746100005,5827447.79961999971,13.38902710200,52.51562728600,"0"
"197925","11","0","12","012","2019","08","00","7","3","4","6","2","0","1","0","0","0","0",793079.80085000000,5837628.80668000039,13.32925660700,52.60942953800,"1"
"197926","11","0","05","005","2019","08","19","7","3","2","6","0","0","1","0","0","0","0",788729.12779599999,5830509.29946000036,13.25898371700,52.54793037800,"0"
"197927","11","0","04","004","2019","08","18","7","3","2","6","0","0","1","0","0","0","0",793882.76995900006,5823110.87024000008,13.32823624800,52.47885160300,"0"
"197928","11","0","03","003","2019","08","17","7","3","2","2","0","0","1","0","0","0","0",800111.82585200004,5830641.83320999891,13.42647295000,52.54296714400,"0"
"197929","11","0","04","004","2019","08","17","7","3","0","1","0","0","0","0","1","0","0",792037.94559100003,5824074.03129000030,13.30199335700,52.48847588400,"0"
"197930","11","0","01","001","2019","08","16","7","3","4","6","0","0","1","0","0","0","0",795540.52507700003,5831979.31101999991,13.36045320400,52.55745518800,"0"
"197931","11","0","09","009","2019","08","16","7","3","5","3","0","1","1","0","0","0","0",807907.57248900004,5821556.47647999972,13.53266968700,52.45719500600,"0"
"197932","11","0","04","004","2019","08","15","7","3","5","2","0","0","1","0","0","0","0",793341.18605599995,5829717.40515999962,13.32610678500,52.53836756500,"0"
"197933","11","0","02","002","2019","08","23","7","3","5","3","2","0","1","0","0","0","0",798770.63841999997,5825999.08090000041,13.40258431400,52.50208853400,"0"
"197934","11","0","07","007","2019","08","20","7","3","5","3","0","0","1","0","0","0","0",800037.53466400004,5812702.57418000046,13.40925458800,52.38220915400,"0"
"197935","11","0","03","003","2019","08","03","7","3","0","1","2","0","0","0","1","0","0",798883.29736700002,5830388.11682999972,13.40818302800,52.54136824200,"0"
"197936","11","0","01","001","2019","08","17","6","3","5","2","0","1","1","0","0","0","0",797258.04061300005,5829087.65165000036,13.38312561200,52.53060017600,"0"
"197937","11","0","02","002","2019","08","16","6","3","0","4","0","1","0","1","0","0","0",797148.41696399997,5826436.85183999967,13.37914656200,52.50689849400,"0"
"197938","11","0","02","002","2019","08","19","6","3","1","7","0","0","1","0","0","0","0",798714.52015300002,5824519.35445000045,13.40043315600,52.48885548400,"0"
"197939","11","0","04","004","2019","08","21","6","3","3","6","2","1","1","0","0","0","0",793929.43900000001,5826192.21899999958,13.33163983800,52.50644928900,"0"
"197940","11","0","12","012","2019","08","17","6","3","2","6","0","1","1","0","0","0","0",793248.50477100001,5832592.22893999983,13.32728324900,52.56418874000,"0"
"197941","11","0","08","008","2019","08","22","6","3","1","5","2","1","1","0","0","0","0",800659.73763600003,5823785.19044000003,13.42833372700,52.48120712000,"0"
"197942","11","0","02","002","2019","08","17","6","3","1","5","0","1","1","0","0","0","0",798298.33485600003,5826175.96860999893,13.39580534200,52.50393250200,"0"
"197943","11","0","02","002","2019","08","20","6","3","5","3","0","0","1","0","1","0","0",799338.60057200002,5826194.19892000034,13.41110209500,52.50352621200,"0"
"197944","11","0","08","008","2019","08","17","6","3","3","6","0","1","1","0","0","0","0",800356.11579199997,5824304.26143999957,13.42434393200,52.48602684600,"0"
"197945","11","0","09","009","2019","08","19","6","3","5","3","0","1","0","0","0","0","1",810688.45162900002,5815694.37753000110,13.56801994300,52.40308714300,"0"
"197946","11","0","03","003","2019","08","18","6","3","5","7","0","0","1","0","0","0","0",799499.85318400001,5831775.94880999904,13.41849870900,52.55346938200,"0"
"197947","11","0","06","006","2019","08","21","6","3","1","7","2","0","1","0","0","0","0",793387.49099900003,5817067.48878000025,13.31565542200,52.42494068400,"0"
"197948","11","0","04","004","2019","08","17","6","2","1","5","0","1","1","0","0","0","0",791820.33968199999,5823513.58872000035,13.29830692800,52.48356793600,"0"
"197949","11","0","04","004","2019","08","19","6","2","0","1","0","0","0","0","1","0","0",791603.65812799998,5825598.11579999980,13.29694960400,52.50237131900,"0"
"197950","11","0","08","008","2019","08","18","6","3","0","7","0","0","1","0","1","0","0",800419.97311400005,5823845.14854000043,13.42486777200,52.48187650400,"0"
"197951","11","0","07","007","2019","08","08","6","3","0","7","0","0","0","1","0","0","1",799198.75156999996,5819999.34293000028,13.40349039100,52.44807449900,"0"
"197952","11","0","09","009","2019","08","08","6","3","0","2","0","1","1","0","0","0","0",807336.66044000001,5822153.07921000104,13.52484309200,52.46286320600,"0"
"197953","11","0","12","012","2019","08","08","6","3","5","2","0","1","1","0","0","0","0",791341.99215700000,5834083.52931999974,13.30054659500,52.57858145900,"0"
"197954","11","0","07","007","2019","08","08","6","3","2","2","0","1","1","0","0","0","0",795537.22644200001,5825528.54482000042,13.35467059500,52.49963142300,"0"
"197955","11","0","12","012","2019","08","08","6","3","3","6","0","0","1","0","0","1","0",790300.60516000004,5835003.47525999974,13.28602720600,52.58738525900,"0"
"197956","11","0","04","004","2019","08","07","6","3","0","7","0","0","1","0","1","0","0",792484.76906199998,5830073.70952999964,13.31382923900,52.54202204100,"0"
"197957","11","0","12","012","2019","08","07","6","3","4","6","0","1","0","0","0","0","0",789715.46310299996,5843084.89206000045,13.28449623200,52.66014629400,"0"
"197958","11","0","04","004","2019","08","13","6","3","5","2","0","0","1","0","1","0","0",785088.20859499997,5822378.28426999971,13.19846926200,52.47694551200,"0"
"197959","11","0","01","001","2019","08","16","6","3","1","1","0","1","1","0","0","0","0",797842.31485299999,5829276.80173000041,13.39188283800,52.53197673900,"0"
"197960","11","0","09","009","2019","08","13","6","3","6","4","0","1","0","1","0","0","0",804497.47939300002,5823751.30021999963,13.48464091200,52.47877703600,"0"
"197961","11","0","11","011","2019","08","16","6","2","5","3","0","1","1","0","0","0","0",805822.59227599995,5831859.39953999966,13.51154337000,52.55070413900,"0"
"197962","11","0","01","001","2019","08","13","6","3","1","5","0","1","1","0","0","0","0",796855.89984099998,5828954.38179000095,13.37709578600,52.52962470600,"0"
"197963","11","0","07","007","2019","08","13","6","3","2","6","0","0","1","0","0","0","0",796270.85719999997,5823270.60589999985,13.36343902200,52.47899320200,"0"
"197964","11","0","03","003","2019","08","13","6","3","5","3","0","0","1","0","1","0","0",797961.19369500002,5833667.02897000033,13.39756996000,52.57126421300,"0"
"197965","11","0","09","009","2019","08","11","6","3","0","1","0","1","0","0","0","0","0",811136.62964800000,5821575.65252999961,13.58005804100,52.45553833700,"0"
"197966","11","0","01","001","2019","08","11","6","3","2","7","0","0","1","0","1","0","0",797823.45130199997,5827057.68424999900,13.38961851800,52.51209542900,"0"
"197967","11","0","12","012","2019","08","10","6","2","6","4","0","0","1","1","0","0","0",786260.63043599995,5838957.34678000025,13.22997857300,52.62497491800,"0"
"197968","11","0","05","005","2019","08","10","6","3","0","2","0","0","1","0","1","0","0",784787.25883499999,5828801.30762000009,13.19954482000,52.53469171000,"0"
"197969","11","0","03","003","2019","08","09","6","3","5","2","0","1","0","0","0","0","0",801713.80070999998,5831783.33602000028,13.45106087700,52.55231372900,"0"
"197970","11","0","01","001","2019","08","09","6","3","5","2","0","1","1","0","0","0","0",794628.01736800000,5829879.14034000039,13.34516880800,52.53912320200,"0"
"197971","11","0","09","009","2019","08","09","6","3","5","2","0","1","1","0","0","0","0",802628.12120399997,5824462.34700999968,13.45784522300,52.48618921700,"0"
"197972","11","0","05","005","2019","08","15","6","2","6","4","0","0","1","1","0","0","0",784538.13133100001,5828641.94888000004,13.19574540100,52.53339302000,"0"
"197973","11","0","01","001","2019","08","15","6","3","5","2","0","1","1","0","1","0","0",794988.26702200004,5831179.99043999985,13.35162041000,52.55058937700,"0"
"197974","11","0","02","002","2019","08","14","6","3","3","6","0","1","0","0","0","0","1",797532.46918799996,5826001.06022000033,13.38439899300,52.50278281400,"0"
"197975","11","0","05","005","2019","08","14","6","3","5","2","0","0","1","0","0","0","0",781904.54667399998,5829571.25671999995,13.15781115900,52.54309420500,"0"
"197976","11","0","11","011","2019","08","13","6","3","2","6","0","0","1","0","0","0","1",803672.63471200003,5829500.06295000110,13.47777613000,52.53076103100,"0"
"197977","11","0","04","004","2019","08","02","6","3","0","1","2","1","0","0","0","0","0",792458.27325400000,5824011.37665999960,13.30811119500,52.48768918600,"0"
"197978","11","0","03","003","2019","08","23","6","3","9","1","2","0","0","0","0","0","1",799185.38485399995,5830027.24196000025,13.41229916800,52.53796777400,"0"
"197979","11","0","04","004","2019","08","14","5","2","5","2","0","0","1","0","1","0","0",793914.38331700000,5825527.80719000101,13.33083215800,52.50050128700,"0"
"197980","11","0","05","005","2019","08","16","5","2","5","2","0","0","1","0","0","0","0",784452.91500000004,5828671.69900000002,13.19451793900,52.53370424300,"0"
"197981","11","0","11","011","2019","08","19","5","3","4","6","0","1","0","0","0","0","0",803846.96477700002,5828899.17903000023,13.47978905500,52.52527837300,"0"
"197982","11","0","04","004","2019","08","17","5","3","6","4","0","1","0","1","0","0","0",793910.44769800000,5826223.90091999993,13.33138880300,52.50674353200,"0"
"197983","11","0","09","009","2019","08","18","5","3","5","2","0","1","1","0","0","0","0",806606.86893600004,5822047.59178000037,13.51403790800,52.46232775000,"0"
"197984","11","0","06","006","2019","08","17","5","3","2","6","0","0","1","0","1","0","0",796275.53191000002,5818274.42528000008,13.35907424800,52.43420389200,"0"
"197985","11","0","06","006","2019","08","16","5","3","5","3","0","1","1","0","0","0","0",790291.70487200003,5817165.00382999890,13.27033987100,52.42746617100,"0"
"197986","11","0","01","001","2019","08","16","5","3","2","2","0","0","1","0","1","0","0",795116.56434100005,5826507.40526999906,13.34935928100,52.50863385400,"0"
"197987","11","0","01","001","2019","08","18","5","3","3","2","0","1","1","0","0","0","0",799490.21999999997,5826644.83399999980,13.41373455300,52.50748228100,"0"
"197988","11","0","09","009","2019","08","16","5","2","5","2","0","1","1","0","0","0","0",807389.93204500002,5821730.01738000009,13.52523517100,52.45904167800,"0"
"197989","11","0","08","008","2019","08","15","5","3","5","3","0","1","0","0","0","0","0",802493.74041500001,5823233.96521999966,13.45475780000,52.47525366000,"0"
"197990","11","0","02","002","2019","08","15","5","3","1","5","0","1","1","0","0","0","0",797983.10227999999,5826068.88760000002,13.39107898900,52.50314489900,"0"
"197991","11","0","01","001","2019","08","15","5","3","2","6","0","1","1","0","0","0","0",797968.08236799994,5826581.41077999957,13.39131706300,52.50774724200,"0"