OBJECTID,ULAND,UREGBEZ,UKREIS,UGEMEINDE,UJAHR,UMONAT,USTUNDE,UWOCHENTAG,UKATEGORIE,UART,UTYP1,ULICHTVERH,IstRad,IstPKW,IstFuss,IstKrad,IstGkfz,IstSonstig,LINREFX,LINREFY,XGCSWGS84,YGCSWGS84,STRZUSTAND
"197992","11","0","08","008","2019","08","14","5","3","0","3","0","0","1","0","0","0","1",801101.19477800000,5824132.29198999982,13.43512817400,52.48407505600,"0"
"197993","11","0","01","001","2019","08","14","5","3","5","2","0","1","0","0","0","0","1",796960.99008699995,5830140.19359999988,13.37969994400,52.54019692900,"0"
"197994","11","0","05","005","2019","08","14","5","3","3","6","0","0","1","0","1","0","0",784988.27658099995,5829498.69751999993,13.20309855100,52.54083938600,"0"
"197995","11","0","02","002","2019","08","14","5","3","2","6","0","0","1","0","0","0","1",800302.85767900001,5827593.18181999959,13.42652771900,52.51553594500,"0"
"197996","11","0","08","008","2019","08","14","5","3","5","2","0","1","1","0","0","0","0",802612.80873900000,5820747.36555999983,13.45425091400,52.45290017700,"0"
"197997","11","0","11","011","2019","08","13","5","3","5","3","0","1","1","0","0","0","0",806721.03074800002,5833968.49107000045,13.52670159300,52.56910078200,"0"
"197998","11","0","01","001","2019","08","10","5","3","5","2","0","1","1","0","0","0","0",793842.84536699997,5827938.22164999973,13.33190951500,52.52214792800,"0"
"197999","11","0","07","007","2019","08","21","5","3","6","7","2","1","0","1","0","0","0",795605.25204900000,5824203.29724000022,13.35449392000,52.48771476800,"0"
"198000","11","0","04","004","2019","08","19","5","2","5","2","0","0","1","0","1","0","0",790958.54399999999,5824828.66199999955,13.28680019300,52.49581753600,"0"
"198001","11","0","06","006","2019","08","08","5","3","5","5","0","1","1","0","0","0","0",792390.01427499996,5821311.80601000041,13.30474202000,52.46352455500,"0"
"198002","11","0","12","012","2019","08","10","5","2","5","3","0","0","1","0","0","0","0",792143.19690099999,5834902.42401999980,13.31305876300,52.58549296100,"0"
"198003","11","0","03","003","2019","08","08","5","3","5","3","0","1","0","0","0","0","0",802905.28081000003,5833190.58363000024,13.46986456500,52.56426525900,"0"
"198004","11","0","03","003","2019","08","08","5","3","5","7","0","0","1","0","1","0","0",802577.27220500004,5829421.25791000109,13.46160615600,52.53066381400,"0"
"198005","11","0","01","001","2019","08","09","5","3","0","1","0","1","0","0","0","0","0",797045.11736200005,5826556.02658000030,13.37773538300,52.50802302100,"1"
"198006","11","0","08","008","2019","08","08","5","3","2","6","0","0","1","0","0","0","0",801289.33413800003,5819652.69383999985,13.43384646800,52.44381932700,"0"
"198007","11","0","05","005","2019","08","08","5","3","5","3","0","1","1","0","0","0","0",780096.15915299999,5830192.28873999976,13.13173864500,52.54959555400,"0"
"198008","11","0","10","010","2019","08","06","5","2","6","4","0","0","1","1","0","0","0",809583.12916300003,5832688.19959999993,13.56760177700,52.55600737500,"0"
"198009","11","0","05","005","2019","08","08","4","3","6","7","0","1","0","1","0","0","0",786952.30205699999,5829373.30788999982,13.23187074600,52.53868442800,"0"
"198010","11","0","01","001","2019","08","14","4","3","5","2","0","1","0","0","0","0","0",797883.41723799997,5827468.29973999970,13.39086710900,52.51574334400,"1"
"198011","11","0","09","009","2019","08","12","4","2","6","7","0","1","0","1","0","0","0",806755.61336299998,5821023.15355999954,13.51527921100,52.45306292800,"0"
"198012","11","0","07","007","2019","08","11","4","3","3","6","0","0","1","0","0","0","0",798871.04051199998,5821208.38597000018,13.39976476400,52.45909130300,"0"
"198013","11","0","04","004","2019","08","11","4","2","6","4","0","0","1","1","0","0","0",792379.50864799996,5825041.81998999976,13.30785876200,52.49696908000,"0"
"198014","11","0","02","002","2019","08","11","4","3","2","6","0","0","1","0","0","0","0",797294.67017599999,5824859.54064999893,13.37988707200,52.49267994900,"0"
"198015","11","0","02","002","2019","08","09","4","3","6","4","0","1","0","1","0","0","0",798646.66061899997,5825146.55905000027,13.39999886400,52.49451467700,"0"
"198016","11","0","08","008","2019","08","09","4","3","6","4","0","0","1","1","0","0","0",802450.02219399996,5817211.62028000038,13.44866355600,52.42129882300,"0"
"198017","11","0","04","004","2019","08","09","4","3","5","7","0","0","1","0","0","0","0",791053.25800000003,5826041.68599999975,13.28925162000,52.50664178700,"0"
"198018","11","0","04","004","2019","08","09","4","3","5","3","0","1","1","0","0","0","0",792912.44067699998,5824395.26996999979,13.31511823500,52.49088719100,"0"
"198019","11","0","06","006","2019","08","09","4","2","5","3","0","1","1","0","0","0","0",791931.00306200003,5817469.52689000033,13.29464727400,52.42932400000,"0"
"198020","11","0","01","001","2019","08","08","4","3","0","6","0","0","1","0","1","0","0",798153.32866400003,5829856.45077999961,13.39697426200,52.53700248400,"0"
"198021","11","0","01","001","2019","08","07","4","3","2","2","0","0","1","0","1","0","0",797471.62879400002,5826797.76681999955,13.38421720200,52.50995754900,"0"
"198022","11","0","08","008","2019","08","03","4","3","5","3","2","1","1","0","0","0","0",802944.20551400003,5822480.61249999981,13.46068574900,52.46825172400,"0"
"198023","11","0","01","001","2019","08","20","4","3","5","3","0","0","1","0","1","0","0",795948.41327999998,5825842.04880999960,13.36098889000,52.50221887900,"0"
"198024","11","0","04","004","2019","08","07","4","3","5","2","0","0","1","0","0","0","0",793959.49276800000,5824711.47793999966,13.33077436100,52.49315900500,"0"
"198025","11","0","12","012","2019","08","12","4","3","5","3","0","0","1","0","0","0","0",791063.36532200000,5838521.12566999905,13.30034732500,52.61851242800,"0"
"198026","11","0","12","012","2019","08","12","4","3","0","1","0","1","0","0","0","0","0",793166.48731500003,5832631.33227999974,13.32611127400,52.56458345100,"0"
"198027","11","0","03","003","2019","08","07","4","3","2","6","0","0","1","0","0","0","0",796351.72307299997,5835763.04853000026,13.37576556800,52.59093128900,"0"
"198028","11","0","06","006","2019","08","02","4","3","9","1","2","0","1","0","0","0","0",795797.01083799999,5819015.27268000040,13.35271149300,52.44110407600,"0"
"198029","11","0","02","002","2019","08","16","4","3","5","3","0","0","1","0","0","0","0",798432.22929299995,5824775.34943000041,13.39651723000,52.49130454200,"0"
"198030","11","0","03","003","2019","08","08","4","3","3","6","0","1","1","0","0","0","0",799817.82770899998,5832027.34068999905,13.42340161500,52.55554774600,"0"
"198031","11","0","01","001","2019","08","15","4","3","6","7","0","0","0","1","0","0","1",798796.27292500006,5829200.86674000043,13.40583620300,52.53077400500,"0"
"198032","11","0","07","007","2019","08","15","4","3","3","7","0","1","0","0","0","0","0",796253.86630700005,5823582.79404000007,13.36346696000,52.48180091800,"0"
"198033","11","0","01","001","2019","08","15","4","3","5","2","0","1","0","0","0","0","1",798118.30841800000,5826806.71850000042,13.39372574200,52.50968477100,"1"
"198034","11","0","02","002","2019","08","14","4","3","0","6","0","1","1","0","0","0","0",801840.43189200002,5825742.68670000043,13.44744007800,52.49810107800,"0"
"198035","11","0","01","001","2019","08","14","4","3","0","1","0","0","0","0","1","0","0",799539.25736699998,5828242.84331999999,13.41589341100,52.52177906300,"1"
"198036","11","0","07","007","2019","08","14","4","3","0","3","0","1","1","0","0","0","0",797341.96254600002,5818651.20325000025,13.37505009500,52.43700270300,"1"
"198037","11","0","02","002","2019","08","14","4","3","0","2","0","0","0","0","1","0","1",798295.63399999996,5825321.22099999990,13.39500008300,52.49627225400,"1"
"198038","11","0","03","003","2019","08","14","4","3","5","2","0","1","1","0","0","0","0",802417.53891200002,5829233.87992000021,13.45908814200,52.52907300100,"1"
"198039","11","0","04","004","2019","08","19","4","3","5","2","0","1","1","0","0","0","0",793021.54301799997,5826957.25040000025,13.31897505900,52.51379589200,"0"
"198040","11","0","05","005","2019","08","18","4","3","5","3","0","0","1","0","0","0","0",780874.55003299995,5828327.51525000110,13.14161160500,52.53247401100,"0"
"198041","11","0","11","011","2019","08","17","4","3","5","3","0","0","1","0","1","0","0",806669.29350399994,5825621.95328000002,13.51824089100,52.49432715600,"0"
"198042","11","0","11","011","2019","08","13","4","3","5","7","0","0","1","0","0","1","0",804930.48183900001,5828708.41033000033,13.49553571100,52.52296372200,"1"
"198043","11","0","10","010","2019","08","13","4","3","5","7","0","0","1","0","0","0","0",811564.53238500003,5828250.80413000099,13.59257397000,52.51511306100,"0"
"198044","11","0","01","001","2019","08","13","4","3","5","2","0","1","1","0","0","0","0",794317.38575400005,5828375.76814999897,13.33927076000,52.52581432100,"0"
"198045","11","0","01","001","2019","08","05","3","3","5","3","1","0","1","0","1","0","0",793962.18420799996,5829147.04454000015,13.33473211200,52.53291999600,"0"
"198046","11","0","06","006","2019","08","12","3","2","1","5","0","1","1","0","0","0","0",794162.78707700002,5821472.77041999996,13.33090299200,52.46401604600,"0"
"198047","11","0","04","004","2019","08","15","3","3","0","6","0","0","1","0","1","0","0",793977.11321400001,5824687.00887999963,13.33101155800,52.49293016200,"1"
"198048","11","0","07","007","2019","08","16","3","3","1","7","0","0","1","0","0","0","0",795295.27205499995,5823410.80284999963,13.34923993200,52.48077836400,"0"
"198049","11","0","04","004","2019","08","10","3","3","2","2","0","0","1","0","1","0","0",790346.21116199996,5827318.97326999903,13.27997791100,52.51846952500,"0"
"198050","11","0","01","001","2019","08","20","3","3","5","3","2","1","1","0","0","0","0",797877.44438899995,5827467.31250000000,13.39077846500,52.51573775700,"0"
"198051","11","0","07","007","2019","08","20","3","3","3","6","0","1","0","0","0","0","1",796278.48672599997,5824923.28505000100,13.36502013800,52.49380387900,"0"
"198052","11","0","06","006","2019","08","19","3","3","1","1","0","0","1","0","0","0","0",789009.54057499999,5817158.50743999984,13.25152946300,52.42808673600,"0"
"198053","11","0","07","007","2019","08","19","3","3","2","6","0","0","1","0","0","0","0",794252.36513900000,5822055.72054999974,13.33273179800,52.46919368700,"0"
"198054","11","0","05","005","2019","08","18","3","3","0","2","0","0","1","0","0","0","1",784994.78925899998,5829498.22422000021,13.20319391500,52.54083173600,"0"
"198055","11","0","05","005","2019","08","18","3","3","0","4","0","1","0","1","0","0","0",784457.86514699995,5828663.71442000009,13.19458388700,52.53363006900,"0"
"198056","11","0","01","001","2019","08","18","3","3","2","2","0","1","1","0","0","0","0",797511.74455599999,5828326.84037000034,13.38617387500,52.52364201300,"0"
"198057","11","0","01","001","2019","08","18","3","3","5","3","0","1","1","0","0","0","0",796637.64030099998,5829799.46401999984,13.37464198500,52.53731877600,"0"
"198058","11","0","02","002","2019","08","16","3","3","0","7","0","1","1","0","0","0","0",799660.03778899997,5825045.62182999961,13.41479022100,52.49305452000,"1"
"198059","11","0","02","002","2019","08","17","3","2","2","6","0","0","0","0","1","0","1",799354.64890599996,5824553.97281000018,13.40986382900,52.48881516000,"0"
"198060","11","0","09","009","2019","08","17","3","3","3","6","0","1","1","0","0","0","0",812272.48610600003,5816664.68630999979,13.59213365400,52.41088160100,"0"
"198061","11","0","01","001","2019","08","17","4","3","5","2","0","1","1","0","0","0","0",796110.18345300003,5826714.40796000045,13.36414108300,52.50995102900,"0"
"198062","11","0","01","001","2019","08","17","3","3","0","3","0","0","1","0","1","0","0",798147.18415099999,5826702.15663000103,13.39405630000,52.50873172600,"1"
"198063","11","0","04","004","2019","08","17","3","3","5","7","0","1","1","0","0","0","0",792926.05200999998,5827451.13377999980,13.31800673800,52.51827466500,"0"
"198064","11","0","01","001","2019","08","17","4","3","0","2","0","1","1","0","0","0","0",795668.91291700001,5829732.33571999986,13.36034105800,52.53724346800,"0"
"198065","11","0","03","003","2019","08","17","3","3","5","2","0","1","1","0","0","0","0",798411.92761799996,5831802.08098000009,13.40252371300,52.55430076500,"0"
"198066","11","0","07","007","2019","08","17","4","3","5","3","0","1","1","0","0","0","0",800641.03622100002,5814918.82106999960,13.42008283800,52.40174398000,"0"
"198067","11","0","01","001","2019","08","17","3","3","5","3","0","0","1","0","0","0","1",797757.17027500004,5827447.41738000046,13.38899344800,52.51562509800,"0"
"198068","11","0","10","010","2019","08","17","4","3","5","3","0","1","0","0","0","0","1",807649.13728100003,5830820.33394999895,13.53743488600,52.54036363900,"0"
"198069","11","0","06","006","2019","08","17","3","3","5","2","0","0","1","0","1","0","0",795577.89853500004,5818297.47480999958,13.34886255100,52.43478794200,"0"
"198070","11","0","01","001","2019","08","08","4","3","5","2","0","1","0","0","1","0","0",797648.55356599996,5828123.81458999962,13.38800270900,52.52174746800,"0"
"198071","11","0","03","003","2019","08","11","3","3","2","5","0","0","1","0","1","0","0",803299.01506400004,5832238.53574000020,13.47478543500,52.55551318200,"0"
"198072","11","0","02","002","2019","08","16","4","3","6","7","0","1","0","1","0","0","0",799037.48482699995,5825525.39314999897,13.40607852200,52.49769641700,"0"
"198073","11","0","08","008","2019","08","12","3","3","2","6","0","1","1","0","0","0","0",800581.66211699997,5823235.91751999967,13.42669238300,52.47632676000,"0"
"198074","11","0","01","001","2019","08","16","4","2","1","5","0","0","1","0","1","0","0",796613.85886599997,5831758.44316999894,13.37604186000,52.55489181400,"0"
"198075","11","0","01","001","2019","08","11","3","3","5","3","0","0","1","0","1","0","0",797681.20149899996,5832859.99119000044,13.39272656400,52.56418340500,"0"
"198076","11","0","05","005","2019","08","11","3","3","6","7","0","0","1","1","0","0","0",789682.94712499995,5829290.22515000030,13.27194780900,52.53649485200,"0"
"198077","11","0","01","001","2019","08","15","4","3","5","2","0","0","1","0","1","0","0",796315.85230200004,5831639.22154000029,13.37155277300,52.55398533700,"0"
"198078","11","0","06","006","2019","08","10","3","3","1","5","0","1","1","0","0","0","0",789432.11034300004,5819803.07736000046,13.26001741700,52.45157307200,"0"
"198079","11","0","04","004","2019","08","15","4","2","5","2","0","1","0","0","0","0","1",793381.00097299996,5827323.30415000021,13.32457964600,52.51688416900,"0"
"198080","11","0","08","008","2019","08","09","3","3","5","3","0","0","1","0","1","0","1",800610.36293599999,5823149.80865000095,13.42703607800,52.47553913800,"0"
"198081","11","0","12","012","2019","08","12","4","3","5","7","0","0","1","0","1","0","0",790382.28590500006,5834609.56233999971,13.28688427100,52.58381028000,"0"
"198082","11","0","03","003","2019","08","09","3","3","0","3","0","0","1","0","0","0","1",802745.30300199997,5839064.71733999997,13.47287991200,52.61700222600,"0"
"198083","11","0","06","006","2019","08","11","4","3","5","3","0","0","1","0","0","0","0",785940.69605300005,5817242.80040000007,13.20658952700,52.43045510800,"0"
"198084","11","0","08","008","2019","08","08","3","3","5","2","0","1","1","0","0","0","0",802495.32303900004,5822550.45605000108,13.45416123100,52.46912645400,"0"
"198085","11","0","04","004","2019","08","07","3","3","5","2","0","1","1","0","0","0","0",791904.16099999996,5827432.75700000022,13.30297321800,52.51865787400,"0"
"198086","11","0","11","011","2019","08","10","4","3","5","5","0","0","1","0","0","0","1",805065.13660500001,5828068.40557000041,13.49692733800,52.51715238900,"0"
"198087","11","0","01","001","2019","08","10","4","3","5","2","0","0","1","0","0","0","0",793708.97904200002,5828405.77383999992,13.33035508500,52.52641141000,"0"
"198088","11","0","03","003","2019","08","07","3","3","5","3","0","1","1","0","0","0","0",799982.68979700003,5835097.35876000021,13.42860260900,52.58297426600,"0"
"198089","11","0","11","011","2019","08","07","3","2","3","6","0","0","0","0","1","0","1",809149.82741499995,5834434.03077000100,13.56285750000,52.57189891400,"0"
"198090","11","0","01","001","2019","08","10","4","2","6","7","0","0","1","1","0","0","0",796249.27495300001,5828293.77025000099,13.36759089500,52.52403298300,"0"
"198091","11","0","09","009","2019","08","07","3","3","2","6","0","0","1","0","1","0","0",810121.86019100004,5820417.14046000037,13.56409616800,52.44573274500,"0"
"198092","11","0","09","009","2019","08","09","4","3","5","2","0","1","1","0","0","0","0",803087.49435099994,5824001.53935999982,13.46417073300,52.48180422800,"0"
"198093","11","0","04","004","2019","08","15","3","3","1","5","0","0","1","0","0","0","0",791325.57458799996,5822594.39432999957,13.29023847200,52.47559156100,"0"
"198094","11","0","11","011","2019","08","16","3","3","4","6","0","1","1","0","0","0","0",805206.42457100004,5828089.67518999893,13.49902258200,52.51726397000,"0"
"198095","11","0","07","007","2019","08","09","4","3","5","2","0","1","1","0","0","0","0",798458.02350300003,5816858.12253999989,13.38981924000,52.42032185000,"0"
"198096","11","0","12","012","2019","08","15","3","3","0","3","0","0","0","0","1","0","1",790597.94207999995,5839715.37385999970,13.29454163600,52.62946766800,"1"
"198097","11","0","05","005","2019","08","15","3","3","0","3","0","0","1","0","1","0","0",781252.72041299997,5830770.04970000032,13.14924017200,52.55418011100,"1"
"198098","11","0","03","003","2019","08","07","4","3","5","2","0","1","0","0","0","0","1",799143.99809400004,5829203.41079000104,13.41094929600,52.53060609700,"0"
"198099","11","0","04","004","2019","08","16","3","2","5","7","0","0","1","0","0","0","0",788126.05947300000,5826660.20528000034,13.24677835000,52.51374094300,"0"
"198100","11","0","05","005","2019","08","15","3","3","0","3","0","0","1","0","1","0","0",784107.47778099997,5826571.66987000033,13.18764477100,52.51505530800,"0"
"198101","11","0","01","001","2019","08","15","4","3","5","2","0","1","1","0","0","0","0",796702.65205699997,5831625.92970999982,13.37722926600,52.55365561600,"0"
"198102","11","0","01","001","2019","08","14","3","3","6","4","0","1","0","1","0","0","0",796484.09143699997,5831932.03093000036,13.37428846800,52.55651849400,"0"
"198103","11","0","03","003","2019","08","15","4","3","4","5","0","1","1","0","0","0","0",799661.56683999998,5830085.92719999980,13.41935199700,52.53823216400,"0"
"198104","11","0","11","011","2019","08","16","3","3","3","6","0","1","0","0","0","0","0",803242.08889599994,5829630.81348999962,13.47156785400,52.53217259200,"0"
"198105","11","0","07","007","2019","08","15","4","3","3","6","0","1","1","0","0","0","0",794958.65688300005,5825649.15331999958,13.34627900700,52.50102562300,"0"
"198106","11","0","08","008","2019","08","14","3","3","0","2","0","0","1","0","1","0","0",800608.44516600005,5822055.67274999898,13.42602204500,52.46573302000,"0"
"198107","11","0","03","003","2019","08","14","4","3","5","3","0","0","1","0","1","0","0",798134.52779500000,5833144.70186000038,13.39965049300,52.56648738700,"0"
"198108","11","0","09","009","2019","08","14","3","2","5","2","0","0","1","0","1","0","0",808328.56573599996,5818867.72778000031,13.53636487800,52.43286092400,"0"
"198109","11","0","09","009","2019","08","16","3","3","5","7","0","0","1","0","1","0","0",814278.21738699998,5822668.95681999996,13.62716975300,52.46353820800,"0"
"198110","11","0","04","004","2019","08","14","4","3","6","2","0","0","1","1","0","0","0",790619.12317499996,5826514.54580000043,13.28328607600,52.51111243400,"0"
"198111","11","0","12","012","2019","08","14","4","3","1","5","0","1","1","0","0","0","0",791350.14529400005,5835733.33935000096,13.30211723900,52.59336717200,"0"
"198112","11","0","05","005","2019","08","13","3","3","5","2","0","1","1","0","0","0","0",785740.96985500003,5829268.77740000002,13.21396918100,52.53838376700,"0"
"198113","11","0","01","001","2019","08","08","3","3","5","3","0","1","1","0","0","0","0",798594.19299000001,5829506.50600000005,13.40314059100,52.53362436000,"0"
"198114","11","0","08","008","2019","08","13","4","2","5","3","0","0","1","0","1","0","0",801372.18119399995,5823768.39070000034,13.43877776000,52.48066382800,"0"
"198115","11","0","04","004","2019","08","12","3","3","5","7","0","1","1","0","0","0","0",793210.32272800000,5824255.77508000005,13.31937027900,52.48947674600,"0"
"198116","11","0","02","002","2019","08","13","4","3","5","3","0","0","1","0","0","0","0",800313.11369799997,5827614.72159999982,13.42669784600,52.51572336600,"0"
"198117","11","0","12","012","2019","08","16","3","3","3","6","0","0","1","0","0","0","0",792996.05881500000,5835643.84013000038,13.32626672400,52.59168067200,"0"
"198118","11","0","03","003","2019","08","13","4","3","5","3","0","0","1","0","0","0","0",802176.90000400005,5832418.00471000094,13.45844804000,52.55774547900,"0"
"198119","11","0","02","002","2019","08","15","3","3","5","3","0","0","1","0","0","0","0",802674.48338899994,5827248.38501999993,13.46105769000,52.51113463300,"1"
"198120","11","0","04","004","2019","08","13","4","2","1","5","0","0","1","0","0","0","1",792463.41012500005,5827182.44082999974,13.31097175100,52.51611422300,"0"
"198121","11","0","03","003","2019","08","15","3","3","5","2","0","1","1","0","0","0","0",802416.12987800001,5829233.27849000040,13.45906688700,52.52906839200,"1"
"198122","11","0","06","006","2019","08","07","4","3","0","2","0","0","1","0","1","0","0",790573.28689200000,5819746.91631999984,13.27671429300,52.45046416700,"0"
"198123","11","0","12","012","2019","08","15","3","3","0","1","0","0","0","0","1","0","0",792371.37835200003,5834089.69280000031,13.31570018100,52.57808460900,"1"
"198124","11","0","07","007","2019","08","12","4","3","1","5","0","1","1","0","0","0","1",795909.51996199996,5825162.44840000011,13.35981376100,52.49614793100,"0"
"198125","11","0","09","009","2019","08","13","5","3","5","7","0","0","1","0","0","0","1",810762.68088200002,5820884.68883000035,13.57392950900,52.44955892100,"0"
"198126","11","0","10","010","2019","08","13","5","3","1","5","0","1","1","0","0","0","0",811523.79308800003,5827156.26307999995,13.59095117000,52.50532782100,"0"
"198127","11","0","01","001","2019","08","13","5","3","5","2","0","1","1","0","0","0","0",794165.43452500005,5830317.61034999974,13.33875615900,52.54330370600,"0"
"198128","11","0","01","001","2019","08","12","5","3","2","7","0","1","1","0","0","0","0",797713.21721499995,5827742.36871999968,13.38861156800,52.51829297200,"0"
"198129","11","0","01","001","2019","08","09","5","2","2","7","0","0","1","0","0","0","0",793981.84633600002,5828213.02460999973,13.33419524900,52.52453645400,"0"
"198130","11","0","04","004","2019","08","09","5","2","5","2","0","1","0","0","0","1","0",790377.33421899995,5827305.69452999905,13.28042371300,52.51833390900,"0"
"198131","11","0","01","001","2019","08","09","5","3","5","2","0","0","1","0","1","0","0",800217.61843200005,5826836.19000000041,13.42459247300,52.50879768700,"0"
"198132","11","0","01","001","2019","08","09","5","3","0","5","0","0","1","0","1","0","0",794691.09156199999,5829867.02850999963,13.34608537500,52.53898052300,"0"
"198133","11","0","11","011","2019","08","09","5","3","5","3","0","1","1","0","0","0","0",804493.46170400002,5833106.30943999998,13.49314530400,52.56262409700,"0"
"198134","11","0","01","001","2019","08","08","5","3","5","3","0","0","1","0","0","0","0",796668.05383400002,5831919.02725999989,13.37698239700,52.55630175000,"0"
"198135","11","0","07","007","2019","08","08","5","3","5","2","0","0","1","0","1","0","0",795243.10413600004,5822265.21695999987,13.34745984000,52.47053715900,"0"
"198136","11","0","12","012","2019","08","08","5","3","3","6","0","0","1","0","0","1","0",793377.68805600004,5832523.96470999904,13.32912324900,52.56350719500,"0"
"198137","11","0","01","001","2019","08","08","5","3","5","2","0","1","1","0","0","0","0",795547.81922599999,5828216.31477000099,13.35721306500,52.52371934300,"0"
"198138","11","0","02","002","2019","08","08","5","3","5","2","0","1","1","0","0","0","0",800682.99887500005,5828487.43446999975,13.43292116000,52.52334191800,"0"
"198139","11","0","09","009","2019","08","07","5","3","5","2","0","1","1","0","0","0","0",807993.48992900003,5820988.57821999956,13.53340639900,52.45205703400,"0"
"198140","11","0","07","007","2019","08","03","5","3","6","6","2","0","0","1","0","0","1",794871.74429599999,5825151.87975000031,13.34456206900,52.49661486800,"0"
"198141","11","0","12","012","2019","08","10","5","3","0","1","0","0","0","0","1","0","0",790969.45823200000,5839059.93211000040,13.29943825900,52.62339295400,"0"
"198142","11","0","12","012","2019","08","16","4","3","5","2","0","1","1","0","0","0","0",793549.37509800005,5832363.96970999893,13.33150727000,52.56198039700,"0"
"198143","11","0","12","012","2019","08","16","4","3","0","1","0","0","1","0","1","0","0",790912.01960999996,5836075.85281999968,13.29596848100,52.59667225500,"0"
"198144","11","0","02","002","2019","08","04","4","3","5","3","2","0","1","0","0","0","0",797613.61194600002,5825516.80919000041,13.38515813800,52.49839781100,"1"
"198145","11","0","03","003","2019","08","19","4","3","2","2","2","0","1","0","1","0","0",798279.98035500001,5831806.92994000018,13.40058767200,52.55441650700,"0"
"198146","11","0","04","004","2019","08","19","4","3","5","3","1","0","1","0","1","0","0",792153.95569400000,5827387.86486000009,13.30660473000,52.51812166000,"0"
"198147","11","0","06","006","2019","08","18","4","3","5","2","0","0","1","0","1","0","0",795319.95439700002,5819776.98964999896,13.34638672800,52.44819024700,"0"
"198148","11","0","07","007","2019","08","18","4","3","5","7","0","1","0","0","0","0","1",793975.58577600005,5821710.85393000022,13.32836513900,52.46625111500,"0"
"198149","11","0","02","002","2019","08","17","4","3","1","5","0","0","1","0","1","0","0",797765.69438600005,5826033.16622999962,13.38785353400,52.50294338500,"0"
"198150","11","0","02","002","2019","08","16","4","3","1","5","0","1","1","0","0","0","0",803387.50800000003,5827907.45600000024,13.47213294400,52.51664565400,"0"
"198151","11","0","02","002","2019","08","18","4","3","3","6","0","1","1","0","0","0","0",799873.70681999996,5825357.01188000012,13.41820825800,52.49572831200,"0"
"198152","11","0","05","005","2019","08","17","4","3","0","3","0","1","1","0","0","0","0",780077.70112099999,5827688.40785999969,13.12935648900,52.52715334100,"0"
"198153","11","0","06","006","2019","08","14","4","2","2","6","0","0","1","0","0","0","1",793570.72534899996,5817998.58614000026,13.31915980500,52.43318946000,"0"
"198154","11","0","07","007","2019","08","17","4","3","3","6","0","1","1","0","0","0","0",794359.02679499995,5822247.02390000038,13.33446625400,52.47085116600,"0"
"198155","11","0","04","004","2019","08","17","4","3","0","4","0","1","0","1","0","0","0",793463.74216100003,5824621.62559000030,13.32341415200,52.49262027800,"0"
"198156","11","0","07","007","2019","08","15","4","3","3","6","0","1","1","0","0","0","0",795727.25757000002,5824969.53844000027,13.35696556400,52.49451743700,"0"
"198157","11","0","07","007","2019","08","22","4","3","5","3","2","0","1","0","0","0","0",797649.57998399995,5822183.97938000038,13.38271061900,52.46850308500,"0"
"198158","11","0","07","007","2019","08","19","4","3","5","2","0","1","1","0","0","0","0",795524.70687899995,5823822.15988999978,13.35297321400,52.48434176100,"0"
"198159","11","0","01","001","2019","08","08","4","2","6","4","0","1","0","1","0","0","0",797803.30814600002,5831143.38363000099,13.39298256700,52.54872954100,"0"
"198160","11","0","01","001","2019","08","08","4","3","5","3","0","1","1","0","0","0","0",797890.57304299995,5826670.87289000023,13.39025846900,52.50859148800,"0"
"198161","11","0","05","005","2019","08","08","4","3","5","3","0","0","1","0","1","0","0",783690.29268900002,5824737.19280999899,13.17995000600,52.49882411900,"0"
"198162","11","0","02","002","2019","08","07","4","3","5","2","0","0","1","0","0","0","0",800425.46537700004,5827972.78627000097,13.42867189300,52.51887093300,"0"
"198163","11","0","12","012","2019","08","07","4","3","6","2","0","0","1","1","0","0","0",792214.84775800002,5833712.56170000043,13.31306434600,52.57478786200,"0"
"198164","11","0","03","003","2019","08","07","4","3","6","2","0","0","1","1","0","0","0",799901.89251699997,5838069.64635000098,13.43010543100,52.60965994800,"0"
"198165","11","0","05","005","2019","08","06","4","2","0","6","1","0","1","0","1","0","0",785231.02835299994,5829322.14530999959,13.20651667500,52.53912941700,"0"
"198166","11","0","08","008","2019","08","06","4","3","5","3","0","1","0","0","0","0","1",801258.69160200004,5819803.71736000013,13.43353315700,52.44518988700,"0"
"198167","11","0","07","007","2019","08","09","4","3","9","1","0","0","1","0","0","0","1",799445.21643799997,5819614.40969000105,13.40676110500,52.44448915200,"0"
"198168","11","0","10","010","2019","08","17","4","2","5","2","0","0","1","0","1","0","0",806521.66496900003,5829883.21528000012,13.51999812300,52.53260040200,"0"
"198169","11","0","01","001","2019","08","16","4","2","5","3","0","1","1","0","0","0","0",797901.57806199999,5827372.98546000011,13.39104861400,52.51487905100,"0"
"198170","11","0","07","007","2019","08","15","4","3","0","1","0","0","1","0","1","0","0",795241.29353699996,5823949.46422000043,13.34892446500,52.48563627900,"0"
"198171","11","0","12","012","2019","08","15","4","3","5","3","0","1","1","0","0","0","0",790384.53581999999,5834864.37342999969,13.28714068400,52.58609343100,"0"
"198172","11","0","10","010","2019","08","15","4","3","5","3","0","1","1","0","0","0","0",806824.91838599998,5830304.09915999975,13.52484330600,52.53620179300,"0"