OBJECTID,ULAND,UREGBEZ,UKREIS,UGEMEINDE,UJAHR,UMONAT,USTUNDE,UWOCHENTAG,UKATEGORIE,UART,UTYP1,ULICHTVERH,IstRad,IstPKW,IstFuss,IstKrad,IstGkfz,IstSonstig,LINREFX,LINREFY,XGCSWGS84,YGCSWGS84,STRZUSTAND
"198173","11","0","09","009","2019","08","15","4","3","6","4","0","0","1","1","0","0","0",806211.55352199997,5820346.36230000015,13.50667743300,52.44730225600,"0"
"198174","11","0","08","008","2019","08","15","4","3","5","2","0","1","1","0","0","0","0",800525.99205500004,5824460.61866999976,13.42697913500,52.48733485600,"0"
"198175","11","0","06","006","2019","08","14","4","2","5","3","0","1","1","0","0","0","0",791452.59441200003,5820604.45873000100,13.29036524100,52.45768398800,"0"
"198176","11","0","09","009","2019","08","14","4","3","5","2","0","0","1","0","0","0","0",808252.33939500002,5818799.36914000008,13.53518417500,52.43229124300,"0"
"198177","11","0","02","002","2019","08","12","4","3","5","3","0","1","1","0","0","0","0",797704.57900000003,5825813.42499999981,13.38675935800,52.50100701000,"0"
"198178","11","0","04","004","2019","08","11","4","3","5","2","0","1","0","0","1","0","0",790955.06828100001,5826746.15914999973,13.28842483500,52.51300975500,"0"
"198179","11","0","08","008","2019","08","10","4","2","2","6","0","0","1","0","1","0","0",801959.68828999996,5816764.03010000009,13.44107099400,52.41755770800,"0"
"198180","11","0","09","009","2019","08","09","4","3","5","3","0","0","1","0","0","0","1",812114.22828399995,5816639.08306000009,13.58979062800,52.41074240000,"0"
"198181","11","0","04","004","2019","08","09","4","2","5","3","0","0","1","0","1","0","0",792207.37345499999,5830684.09327999968,13.31028752700,52.54764276800,"0"
"198182","11","0","11","011","2019","08","09","4","3","5","2","0","1","0","0","0","0","1",809245.20499999996,5834482.63200000022,13.56430567700,52.57228027900,"0"
"198183","11","0","10","010","2019","08","11","3","2","0","7","0","1","0","0","0","0","0",812407.89698900003,5830384.31620999891,13.60696596100,52.53374928600,"0"
"198184","11","0","07","007","2019","08","15","3","3","2","6","0","0","1","0","0","0","0",798046.51399999997,5821303.39290999901,13.38775020700,52.46039322300,"0"
"198185","11","0","07","007","2019","08","08","3","3","5","3","0","1","0","0","0","0","0",794677.86727399996,5825722.04652000032,13.34221893100,52.50183076800,"0"
"198186","11","0","12","012","2019","08","21","3","3","0","1","2","0","0","0","1","0","0",793398.98026600003,5833160.05886999890,13.32999905300,52.56919793100,"0"
"198187","11","0","03","003","2019","08","20","3","3","2","6","2","1","0","0","0","0","0",798671.76824700006,5833084.35905999970,13.40749888600,52.56565203300,"0"
"198188","11","0","01","001","2019","08","18","3","3","5","3","0","1","0","0","0","0","0",796957.40218900004,5826860.53930000030,13.37671844400,52.51080040700,"0"
"198189","11","0","06","006","2019","08","16","3","3","5","3","0","0","1","0","0","0","0",792194.72174199997,5819106.53926999960,13.29994598700,52.44385897800,"0"
"198190","11","0","08","008","2019","08","19","3","2","1","1","0","0","1","0","0","0","1",803503.59548799996,5818195.81231999956,13.46500229100,52.42953686800,"0"
"198191","11","0","02","002","2019","08","16","3","3","2","6","0","0","1","0","0","0","0",797979.11950000003,5826093.60615999997,13.39104260700,52.50336864600,"0"
"198192","11","0","08","008","2019","08","16","3","3","2","6","0","0","1","0","0","0","1",801396.71810800000,5823859.95868999977,13.43922075000,52.48147103100,"0"
"198193","11","0","12","012","2019","08","15","3","3","0","1","0","0","1","0","1","0","0",794577.25863599998,5835786.04975000024,13.34966761400,52.59210139700,"0"
"198194","11","0","12","012","2019","08","15","3","3","5","3","0","1","0","0","0","0","0",786392.28077900002,5837057.43534999900,13.23027302700,52.60787189000,"0"
"198195","11","0","02","002","2019","08","14","3","3","6","2","0","0","0","1","0","1","0",798432.62762100005,5826539.67676999979,13.39810400500,52.50711923400,"0"
"198196","11","0","04","004","2019","08","14","3","3","5","3","0","1","1","0","0","0","0",791220.84832800005,5829150.51860000007,13.29443572200,52.53442276800,"0"
"198197","11","0","01","001","2019","08","18","3","3","5","2","0","1","1","0","0","0","0",794623.92123800004,5829871.43300999980,13.34510175300,52.53905632600,"0"
"198198","11","0","01","001","2019","08","18","3","3","1","5","0","1","1","0","0","0","0",797233.49644999998,5826903.72211000044,13.38081331700,52.51103712300,"0"
"198199","11","0","02","002","2019","08","18","3","3","0","7","0","0","1","0","0","0","1",799739.61600000004,5825778.62500000000,13.41661840400,52.49958108800,"0"
"198200","11","0","01","001","2019","08","18","3","3","1","5","0","1","1","0","0","0","1",795104.14324799995,5828175.00418000016,13.35065587400,52.52358934200,"0"
"198201","11","0","04","004","2019","08","16","3","3","0","2","0","0","1","0","0","0","1",794011.47001399996,5826194.45358000044,13.33284694800,52.50642512000,"0"
"198202","11","0","01","001","2019","08","09","3","3","0","5","0","1","0","0","0","1","0",799150.91987099999,5828820.35192000028,13.41070636500,52.52716875100,"0"
"198203","11","0","08","008","2019","08","17","3","2","6","4","0","0","0","1","1","0","0",805057.54181800003,5817553.59919000044,13.48720159900,52.42291666200,"0"
"198204","11","0","01","001","2019","08","17","3","2","6","7","0","1","0","1","0","0","0",795342.92007700005,5827397.33975000028,13.35347460200,52.51648892000,"0"
"198205","11","0","05","005","2019","08","15","3","3","5","2","0","0","1","0","0","0","0",787590.60366799997,5828023.17317000031,13.24008802300,52.52624329000,"0"
"198206","11","0","09","009","2019","08","15","3","2","5","2","0","1","1","0","0","0","0",811048.02208300005,5814498.06209999975,13.57217784900,52.39216200900,"0"
"198207","11","0","01","001","2019","08","10","3","3","2","3","0","1","1","0","0","0","0",795962.93814900005,5831990.75793000031,13.36667610000,52.55732839400,"0"
"198208","11","0","03","003","2019","08","10","3","3","2","3","0","0","1","0","1","0","0",799981.12934800005,5835329.21097000036,13.42878951900,52.58505326300,"0"
"198209","11","0","03","003","2019","08","09","3","3","2","6","0","1","1","0","0","0","0",800093.73811899999,5829625.29997999966,13.42528899000,52.53386561100,"0"
"198210","11","0","05","005","2019","08","09","3","3","2","2","0","0","1","0","0","0","0",781042.50653200003,5827415.93285000045,13.14331054900,52.52421361200,"0"
"198211","11","0","12","012","2019","08","08","3","3","0","4","0","0","1","1","0","0","0",791147.74294999999,5830923.60537999962,13.29491496400,52.55035731400,"0"
"198212","11","0","07","007","2019","08","09","3","3","5","2","0","1","1","0","0","0","0",799585.67400000000,5820831.57600000035,13.40991317500,52.45532245000,"0"
"198213","11","0","09","009","2019","08","09","3","3","5","2","0","0","1","0","0","0","0",811919.58056699997,5820620.61990999896,13.59065142900,52.44653369900,"0"
"198214","11","0","09","009","2019","08","07","3","3","5","2","0","1","0","0","0","1","0",806598.45299000002,5822779.82593000028,13.51458713600,52.46889499600,"0"
"198215","11","0","02","002","2019","08","07","3","3","5","3","0","0","1","0","1","0","0",801323.95311899995,5826153.85465999972,13.44022692600,52.50207185800,"0"
"198216","11","0","07","007","2019","08","08","3","1","6","4","0","0","0","1","0","1","0",796670.02877400001,5815843.28228999954,13.36270424900,52.41219676600,"0"
"198217","11","0","02","002","2019","08","18","2","3","6","4","0","1","0","1","0","0","0",799778.63257899997,5824848.83966000006,13.41635475300,52.49122554700,"0"
"198218","11","0","03","003","2019","08","10","2","3","3","6","0","1","0","0","0","0","0",800272.57504799997,5833800.37086000014,13.43169354100,52.57118924600,"0"
"198219","11","0","01","001","2019","08","18","2","3","6","4","0","0","0","1","0","0","1",793904.60593199998,5829146.21898999903,13.33388498000,52.53294364600,"0"
"198220","11","0","03","003","2019","08","13","2","3","4","6","0","0","1","0","1","0","0",803631.26723300002,5831996.83655999973,13.47945005300,52.55316179700,"0"
"198221","11","0","03","003","2019","08","17","2","3","2","6","0","0","1","0","0","0","0",799755.84580600006,5835488.12820999976,13.42561808300,52.58660184700,"0"
"198222","11","0","10","010","2019","08","17","2","2","2","7","0","0","1","0","0","0","0",810006.43795599998,5829652.36522999965,13.57099293400,52.52856099900,"0"
"198223","11","0","04","004","2019","08","17","2","3","1","5","0","0","1","0","0","0","0",792079.82983900001,5824698.34980999958,13.30315573500,52.49405039400,"0"
"198224","11","0","10","010","2019","08","17","2","3","5","2","0","0","1","0","0","0","1",812501.16753400001,5824933.41679999977,13.60321935200,52.48484965500,"0"
"198225","11","0","07","007","2019","08","16","2","2","6","4","0","0","1","1","0","0","0",800215.70479600003,5821548.24234000035,13.41980177400,52.46140061000,"0"
"198226","11","0","07","007","2019","08","16","2","3","5","2","0","0","1","0","1","0","0",797325.41433000006,5821877.61796000041,13.37767963100,52.46593338100,"0"
"198227","11","0","12","012","2019","08","15","2","3","5","3","0","0","1","0","1","0","0",791970.27331600001,5837474.41220000014,13.31278148200,52.60864258300,"0"
"198228","11","0","01","001","2019","08","15","2","3","5","3","0","0","1","0","0","0","0",795774.73831100005,5831020.84037000034,13.36304403500,52.54873627300,"0"
"198229","11","0","07","007","2019","08","15","2","3","2","6","0","0","1","0","1","0","0",794978.44645100005,5825688.24600999895,13.34660432700,52.50136536500,"0"
"198230","11","0","01","001","2019","08","23","2","3","6","4","2","0","1","1","0","0","0",796338.78454300005,5828547.04645000026,13.36913206500,52.52625471100,"0"
"198231","11","0","05","005","2019","08","15","2","3","6","2","0","0","1","1","0","0","0",784375.17593300005,5830008.72219000105,13.19451935000,52.54573260900,"0"
"198232","11","0","03","003","2019","08","19","2","3","6","4","0","1","0","1","0","0","0",799136.01590700005,5829207.02216999978,13.41083522500,52.53064284800,"0"
"198233","11","0","11","011","2019","08","18","5","3","5","2","0","1","1","0","0","0","0",807349.60404100001,5825169.97596000042,13.52781322100,52.48989384500,"0"
"198234","11","0","01","001","2019","08","19","2","3","5","2","0","1","1","0","0","0","0",798244.88510199997,5829014.66022999957,13.39756483500,52.52940687500,"0"
"198235","11","0","06","006","2019","08","14","2","3","1","5","0","0","1","0","0","0","1",790539.61980400002,5821340.61617999990,13.27760719900,52.46476989700,"0"
"198236","11","0","04","004","2019","08","19","2","3","5","2","0","1","1","0","0","0","0",792656.84171099996,5823060.34678999893,13.31019233200,52.47905701900,"0"
"198237","11","0","02","002","2019","08","14","2","3","5","3","0","1","0","0","0","0","1",801947.41029999999,5826800.34296999965,13.44997023900,52.50752174700,"0"
"198238","11","0","06","006","2019","08","19","2","2","5","7","0","0","0","0","1","0","1",796074.87985400006,5819507.96145999990,13.35722411300,52.44537030400,"0"
"198239","11","0","11","011","2019","08","19","2","3","1","5","0","1","1","0","0","0","0",805808.32643799996,5825333.58287999965,13.50533401800,52.49222570500,"0"
"198240","11","0","03","003","2019","08","17","2","3","2","6","0","1","1","0","0","0","0",802862.19212100003,5832030.83741999976,13.46817251100,52.55389471700,"0"
"198241","11","0","01","001","2019","08","18","2","3","2","6","0","1","1","0","0","0","0",799273.24210000003,5828505.81151999999,13.41222100600,52.52428224000,"0"
"198242","11","0","01","001","2019","08","13","2","3","2","6","0","0","1","0","0","0","0",795219.47019499994,5826719.89247999992,13.35105959900,52.51048296200,"0"
"198243","11","0","10","010","2019","08","18","2","3","5","2","0","0","1","0","0","0","0",808764.22100000002,5827432.38100000005,13.55067920700,52.50937093700,"0"
"198244","11","0","12","012","2019","08","12","2","3","5","3","0","0","1","0","1","0","0",790591.12399999995,5839723.55300000031,13.29444837600,52.62954464000,"0"
"198245","11","0","06","006","2019","08","12","2","3","5","7","0","0","1","0","0","0","0",790241.14789799997,5820067.96511000022,13.27211958600,52.45351889900,"0"
"198246","11","0","02","002","2019","08","12","2","3","2","2","0","0","1","0","0","1","0",801453.14644699998,5826032.70026000030,13.44201479600,52.50091457600,"0"
"198247","11","0","02","002","2019","08","12","2","3","1","5","0","1","0","0","0","0","1",800254.74045299995,5828886.84123999998,13.42698853100,52.52715792000,"0"
"198248","11","0","02","002","2019","08","11","2","3","5","3","0","0","1","0","0","0","0",800621.01431400003,5826265.76941999979,13.43000332700,52.50346269800,"0"
"198249","11","0","06","006","2019","08","11","2","3","5","2","0","1","1","0","0","0","0",793310.65371099999,5820736.57830000017,13.31774903900,52.45787439200,"0"
"198250","11","0","08","008","2019","08","11","2","2","6","2","0","0","1","1","0","0","0",803716.39044700004,5818001.88411999959,13.46794639000,52.42768061100,"0"
"198251","11","0","04","004","2019","08","10","2","3","2","2","0","1","1","0","0","0","0",793946.73828000005,5823412.78079999983,13.32944160600,52.48152366700,"0"
"198252","11","0","06","006","2019","08","08","2","3","5","3","0","0","1","0","0","0","1",796568.85562699998,5817625.54050000012,13.36280081000,52.42822819200,"0"
"198253","11","0","04","004","2019","08","07","2","2","5","7","0","0","1","0","1","0","0",792711.46728400001,5825636.12346000038,13.31325706500,52.50211889700,"0"
"198254","11","0","06","006","2019","08","06","2","3","2","6","0","0","1","0","1","0","0",793022.18344699999,5820145.47283999994,13.31299688500,52.45273000600,"0"
"198255","11","0","01","001","2019","08","06","2","3","5","2","1","1","1","0","0","0","0",796575.94641500001,5827796.88967000041,13.37194872100,52.51940136800,"0"
"198256","11","0","09","009","2019","08","05","2","3","0","1","1","0","1","0","1","0","0",806124.99179100001,5820123.61249000020,13.50520363800,52.44535433900,"1"
"198257","11","0","02","002","2019","08","05","2","3","2","6","1","0","1","0","0","0","0",797130.06825600006,5823973.88655999955,13.37668012100,52.48483060200,"0"
"198258","11","0","12","012","2019","08","11","2","3","0","7","0","0","1","0","0","0","0",790457.68253600004,5834209.57596000005,13.28764340900,52.58018420200,"0"
"198259","11","0","06","006","2019","08","19","1","3","2","6","0","0","1","0","0","0","0",793386.85429399996,5816217.31290000025,13.31490057300,52.41731936600,"0"
"198260","11","0","05","005","2019","08","19","1","3","0","6","0","0","0","0","1","0","1",784794.72195899999,5828863.74782000016,13.19970806100,52.53524764700,"1"
"198261","11","0","08","008","2019","08","21","1","3","5","3","2","0","1","0","0","0","0",802541.58943000005,5819679.86620999966,13.45223927400,52.44337148200,"1"
"198262","11","0","04","004","2019","08","13","1","3","2","3","0","0","1","0","0","0","0",789873.89489400003,5827398.05520000029,13.27310549300,52.51942977600,"0"
"198263","11","0","09","009","2019","08","21","1","3","2","2","2","0","1","0","0","0","0",805710.57590099995,5818789.74732000008,13.49790512600,52.43363134000,"1"
"198264","11","0","01","001","2019","08","22","1","2","0","7","2","0","0","0","0","0","1",798339.38938499999,5829327.23204999976,13.39923433200,52.53215694300,"1"
"198265","11","0","07","007","2019","08","22","1","2","4","1","2","0","1","0","0","0","0",796225.02319300000,5824322.09257999994,13.36370048500,52.48844373600,"1"
"198266","11","0","01","001","2019","08","18","1","3","0","1","0","0","0","0","1","0","0",796978.24879999994,5827086.66325999983,13.37722650000,52.51281601700,"1"
"198267","11","0","11","011","2019","08","20","1","2","0","1","1","0","0","0","1","0","0",805843.30761999998,5831841.49670999963,13.51183144700,52.55053205900,"1"
"198268","11","0","01","001","2019","08","19","1","2","5","2","0","0","1","0","0","0","0",796574.94195400004,5826872.14123000018,13.37110971300,52.51111247800,"1"
"198269","11","0","01","001","2019","08","19","1","3","2","6","0","0","1","0","0","0","0",793667.30222800002,5827986.53930999897,13.32937230500,52.52267564300,"1"
"198270","11","0","12","012","2019","08","19","1","3","2","6","0","0","1","0","0","0","0",793881.41453499999,5836161.85816000029,13.33975847900,52.59584666700,"1"
"198271","11","0","04","004","2019","08","18","1","3","5","3","0","1","1","0","0","0","0",789630.06748600001,5827416.16736999899,13.26953778900,52.51972171400,"1"
"198272","11","0","07","007","2019","08","18","1","3","5","2","0","1","1","0","0","0","0",799772.69578600000,5813975.33344000019,13.40651321000,52.39376280800,"1"
"198273","11","0","07","007","2019","08","17","1","3","1","5","0","1","1","0","0","0","0",795693.08698200004,5824483.02122000046,13.35603193400,52.49017470900,"0"
"198274","11","0","01","001","2019","08","17","1","3","5","2","0","0","1","0","0","0","1",799129.73184699996,5827659.29024000000,13.40935078000,52.51677317800,"1"
"198275","11","0","02","002","2019","08","16","1","3","5","3","0","0","1","0","0","0","0",799594.43481100001,5825831.57827000041,13.41453371700,52.50013545600,"0"
"198276","11","0","08","008","2019","08","16","1","2","1","5","0","0","1","0","0","0","0",802446.30825200002,5818958.09953999985,13.45018854200,52.43695488500,"0"
"198277","11","0","03","003","2019","08","16","1","3","5","2","0","0","1","0","0","0","0",798052.63199999998,5837196.92899999954,13.40209047000,52.60285452800,"1"
"198278","11","0","12","012","2019","08","14","1","3","5","3","0","0","1","0","0","0","0",794075.93700000003,5832617.45100000035,13.33947748200,52.56396854000,"0"
"198279","11","0","04","004","2019","08","14","1","3","5","7","0","0","1","0","0","0","0",790911.43197300006,5826923.55073999986,13.28793871600,52.51462334300,"1"
"198280","11","0","02","002","2019","08","13","1","3","6","2","0","1","0","1","0","0","0",798140.81429600006,5824540.51083000097,13.39202768800,52.48935873800,"1"
"198281","11","0","05","005","2019","08","11","1","3","2","6","0","0","1","0","0","0","0",786640.67811900005,5829240.46232999954,13.22717402700,52.53765739100,"1"
"198282","11","0","06","006","2019","08","11","1","2","5","3","0","0","1","0","0","0","0",796230.82444999996,5817020.39001000021,13.35730775300,52.42298657500,"1"
"198283","11","0","07","007","2019","08","02","1","3","3","6","2","0","1","0","1","0","0",795206.40716800001,5825599.58409999963,13.34987429300,52.50044729800,"0"
"198284","11","0","09","009","2019","08","21","1","3","2","6","2","0","1","0","0","0","1",803799.77465100004,5823297.83853000030,13.47398610100,52.47510130400,"1"
"198285","11","0","07","007","2019","08","18","7","3","1","5","0","0","1","0","0","0","0",795014.04695700004,5824333.29203000106,13.34592733000,52.48919987900,"0"
"198286","11","0","02","002","2019","08","04","7","3","1","1","2","0","1","0","0","0","0",801384.33863000001,5827739.97824999969,13.44254996800,52.51625517600,"0"
"198287","11","0","04","004","2019","08","01","7","3","0","4","2","1","0","1","0","0","0",791376.86710999999,5826072.39955999982,13.29403298600,52.50674439300,"0"
"198288","11","0","08","008","2019","08","13","7","3","5","2","0","1","1","0","0","0","0",800995.75808199996,5822155.42992000002,13.43179612800,52.46641395200,"0"
"198289","11","0","12","012","2019","08","13","7","3","5","2","0","0","1","0","1","0","0",789889.01442100003,5833976.52931999974,13.27907058500,52.57839820700,"0"
"198290","11","0","02","002","2019","08","13","7","3","6","4","0","1","0","1","0","0","0",797777.66238800006,5824942.95081999991,13.38705465100,52.49316435400,"0"
"198291","11","0","01","001","2019","08","12","7","3","5","3","0","0","1","0","0","0","1",796586.23377799999,5827816.32794000022,13.37211722200,52.51957001700,"0"
"198292","11","0","07","007","2019","08","12","7","3","5","2","0","0","1","0","0","0","0",797842.36249900004,5822205.15304000024,13.38555909800,52.46858781800,"0"
"198293","11","0","01","001","2019","08","12","7","3","0","1","0","0","0","0","1","0","0",797733.29548800003,5827622.06412999891,13.38879893500,52.51720362700,"0"
"198294","11","0","01","001","2019","08","11","7","3","2","6","0","0","1","0","0","0","0",796952.06710099999,5831899.65416000038,13.38114203100,52.55597330600,"0"
"198295","11","0","02","002","2019","08","00","7","3","0","1","2","0","0","0","0","0","1",798613.52990099997,5825153.76040000003,13.39951876300,52.49459735400,"0"
"198296","11","0","09","009","2019","08","22","7","2","5","2","2","0","1","0","0","0","0",808977.98320999998,5818113.76779999956,13.54519043900,52.42573753300,"0"
"198297","11","0","01","001","2019","08","22","7","3","2","6","2","0","1","0","0","0","0",800225.24315899995,5828426.84217999969,13.42613974400,52.52305104800,"0"
"198298","11","0","06","006","2019","08","20","7","3","6","7","2","1","0","1","0","0","0",794268.94838099997,5815533.72630999982,13.32723262400,52.41071769400,"0"
"198299","11","0","07","007","2019","08","19","7","3","5","3","0","1","1","0","0","0","0",796046.35400000005,5825344.57299999986,13.36198534200,52.49770631500,"0"
"198300","11","0","03","003","2019","08","18","7","3","0","7","0","1","0","0","0","0","0",801118.31907600001,5836034.27302999981,13.44616441000,52.59074451400,"0"
"198301","11","0","09","009","2019","08","17","7","2","5","3","0","0","1","0","1","0","0",804486.19346200000,5823237.52897000033,13.48400618400,52.47417856000,"0"
"198302","11","0","06","006","2019","08","17","7","3","2","6","0","0","1","0","0","0","0",793655.06978100003,5818166.12375999987,13.32054404900,52.43464611600,"0"
"198303","11","0","02","002","2019","08","16","7","3","2","7","0","0","1","0","0","0","1",800090.65472999995,5825409.80717999954,13.42144189900,52.49608230000,"0"
"198304","11","0","05","005","2019","08","16","7","2","0","1","0","1","0","0","0","0","0",782963.22891599999,5826869.46977999993,13.17108089500,52.51832036800,"0"
"198305","11","0","05","005","2019","08","15","7","3","2","6","0","0","1","0","0","0","0",783578.30513999995,5829044.82165000029,13.18197681000,52.53750550500,"0"
"198306","11","0","04","004","2019","08","15","7","3","5","3","0","1","1","0","0","0","0",793372.61037699995,5822415.33079999965,13.32013411300,52.47289062800,"0"
"198307","11","0","06","006","2019","08","15","7","3","2","6","0","0","1","0","0","0","0",792336.32085999998,5820811.34087000042,13.30351561900,52.45906667600,"0"
"198308","11","0","01","001","2019","08","15","7","3","1","5","0","0","1","0","1","0","0",797107.83578199998,5831922.89560000040,13.38345368900,52.55609668100,"0"
"198309","11","0","02","002","2019","08","14","7","3","2","6","0","0","1","0","0","0","1",801980.93866700004,5826926.67066999897,13.45057734500,52.50863547100,"0"
"198310","11","0","07","007","2019","08","14","7","3","2","6","0","1","1","0","0","0","0",797817.13393899996,5819926.01123000029,13.38315566500,52.44817151400,"0"
"198311","11","0","11","011","2019","08","08","6","2","5","3","0","1","1","0","0","0","0",807713.06373299996,5825488.76408000011,13.53344382200,52.49254610100,"0"
"198312","11","0","07","007","2019","08","19","6","3","6","7","0","0","1","1","0","0","0",793733.57627600001,5821634.54415000044,13.32474575700,52.46569718900,"0"
"198313","11","0","12","012","2019","08","20","6","3","5","2","0","0","1","0","1","0","0",793465.11601500004,5833646.38901999965,13.33140241200,52.57352193100,"0"
"198314","11","0","08","008","2019","08","19","6","3","3","6","0","1","1","0","0","0","0",800664.61425800005,5824372.15933000110,13.42893472300,52.48646564300,"0"
"198315","11","0","01","001","2019","08","18","6","3","5","2","0","0","1","0","1","0","0",799672.55864700000,5827881.63724000007,13.41752682900,52.51846817600,"0"
"198316","11","0","01","001","2019","08","17","6","3","3","6","0","0","1","0","1","0","0",798980.45772399998,5829004.51403999981,13.40836674500,52.52891300300,"0"
"198317","11","0","09","009","2019","08","16","6","3","5","2","0","1","1","0","0","0","0",809055.98400699999,5818762.71083000023,13.54693360200,52.43150930200,"0"
"198318","11","0","10","010","2019","08","16","6","3","2","6","0","0","1","0","0","0","1",810731.19279999996,5826407.97762000002,13.57861291900,52.49907403200,"0"
"198319","11","0","01","001","2019","08","16","6","3","0","5","0","1","0","0","0","0","1",793238.33118199999,5829015.46485999972,13.32397525600,52.53213036200,"0"
"198320","11","0","04","004","2019","08","16","6","3","6","4","0","0","1","1","0","0","0",793928.54648999998,5823210.56972999964,13.32899623100,52.47972072900,"0"
"198321","11","0","01","001","2019","08","15","6","3","5","2","0","1","0","0","0","0","0",799354.55519800005,5827167.91780999955,13.41221208600,52.51224540600,"0"
"198322","11","0","04","004","2019","08","15","6","3","2","6","0","0","1","0","0","0","0",791459.99348800001,5825057.81336000003,13.29436622000,52.49760430500,"0"
"198323","11","0","06","006","2019","08","15","6","3","5","2","0","1","1","0","0","0","0",787765.22732499999,5818324.51912000030,13.23428277400,52.43919680500,"0"
"198324","11","0","01","001","2019","08","14","6","3","5","3","0","1","1","0","0","0","0",796202.04061499995,5830765.47546999902,13.36909960900,52.54621501700,"0"
"198325","11","0","01","001","2019","08","15","6","3","2","6","0","0","1","0","0","0","0",793764.01651800005,5828134.00399999972,13.33092394000,52.52394548700,"0"
"198326","11","0","07","007","2019","08","15","6","3","2","7","0","0","1","0","0","0","0",799433.65746999998,5817747.15261999983,13.40491899200,52.42775795000,"0"
"198327","11","0","09","009","2019","08","16","6","3","5","2","0","1","1","0","0","0","0",807652.93398099998,5815400.16851999983,13.52327051900,52.40216410000,"0"
"198328","11","0","12","012","2019","08","14","6","3","5","7","0","0","1","0","1","0","0",790630.40043000004,5835827.69524000026,13.29160464800,52.59459815200,"0"
"198329","11","0","04","004","2019","08","18","6","3","0","7","0","0","0","0","0","0","1",791512.18691900000,5828130.98978000041,13.29782476300,52.52512710800,"0"
"198330","11","0","09","009","2019","08","17","6","3","2","6","0","1","1","0","0","0","0",811432.67061799997,5819474.45528000034,13.58244221300,52.43653987500,"0"
"198331","11","0","07","007","2019","08","02","6","2","8","7","2","1","1","0","0","0","0",796645.05472300004,5815862.45411000028,13.36235513600,52.41238216100,"0"
"198332","11","0","03","003","2019","08","07","6","3","2","6","0","0","1","0","1","0","0",799182.14732200000,5831775.36517999973,13.41382621800,52.55363875700,"0"
"198333","11","0","03","003","2019","08","07","6","3","5","3","0","0","1","0","0","0","0",803393.74332799995,5833112.22809999995,13.47697708000,52.56329102000,"0"
"198334","11","0","10","010","2019","08","07","6","3","1","5","0","1","1","0","0","0","0",809366.32678600005,5829235.10221999977,13.56119894200,52.52518524600,"0"
"198335","11","0","11","011","2019","08","06","6","3","1","7","0","0","1","0","0","0","0",805978.48990000004,5826277.40871000104,13.50869945300,52.50058925600,"0"
"198336","11","0","01","001","2019","08","00","6","2","0","1","2","1","0","0","0","0","0",799499.63514100004,5826668.55571999960,13.41389420300,52.50768974200,"0"
"198337","11","0","01","001","2019","08","13","6","3","0","5","0","1","1","0","0","0","0",794543.76569899998,5829040.92387000099,13.34318725800,52.53165472900,"0"
"198338","11","0","04","004","2019","08","13","6","3","2","6","0","0","1","0","0","0","0",791039.17830100004,5824879.44919999968,13.28802896800,52.49622985000,"0"
"198339","11","0","03","003","2019","08","13","6","3","3","6","0","0","1","0","0","0","0",803714.40167299996,5839273.64049000107,13.48734192100,52.61833394600,"0"
"198340","11","0","07","007","2019","08","13","6","3","1","5","0","0","1","0","1","0","0",797197.79226999998,5823488.60360999964,13.37724190300,52.48044368200,"0"
"198341","11","0","10","010","2019","08","12","6","3","8","1","0","0","0","0","1","0","0",810981.76635199995,5830923.06125000026,13.58651283900,52.53939266500,"0"
"198342","11","0","12","012","2019","08","12","6","3","5","2","0","1","1","0","0","0","0",790807.82868000004,5834063.81170000043,13.29266850800,52.57869042600,"0"
"198343","11","0","03","003","2019","08","11","6","3","5","3","0","1","1","0","0","0","0",803213.49600699998,5838294.55594999902,13.47906833700,52.60983859900,"0"
"198344","11","0","04","004","2019","08","11","6","3","5","2","0","0","1","0","0","0","0",792215.12994799996,5826873.90362999961,13.30705233000,52.51348134800,"0"
"198345","11","0","01","001","2019","08","11","6","2","0","7","0","0","1","0","0","0","1",796805.57478000002,5831258.19144999981,13.37841412100,52.55030318800,"0"
"198346","11","0","02","002","2019","08","10","6","3","2","6","0","0","1","0","0","0","0",801686.87945500005,5825869.68040999956,13.44530000100,52.49932424200,"0"
"198347","11","0","04","004","2019","08","10","6","2","6","2","0","0","1","1","0","0","0",791778.15021400002,5827053.66017999966,13.30078890200,52.51532677400,"0"
"198348","11","0","03","003","2019","08","10","6","3","9","1","0","0","1","0","0","0","0",797647.01855299994,5838779.39290999901,13.39754245300,52.61726121600,"0"
"198349","11","0","04","004","2019","08","10","6","3","5","3","0","1","0","0","0","0","1",789514.43058399996,5824664.94006999955,13.26544545700,52.49511770000,"0"
"198350","11","0","01","001","2019","08","09","6","3","5","3","0","1","1","0","0","0","0",798295.27679100004,5828774.57646999974,13.39809007500,52.52722727600,"0"
"198351","11","0","01","001","2019","08","09","6","3","5","2","0","1","0","0","0","1","0",798081.42072699999,5830001.10015999991,13.39604695600,52.53833840800,"0"
"198352","11","0","10","010","2019","08","10","6","3","3","6","0","1","0","0","0","0","1",809827.50429299998,5834061.46920999978,13.57247698600,52.56817492500,"0"
"198353","11","0","03","003","2019","08","08","6","3","5","3","0","0","1","0","0","0","0",800771.12141899997,5832134.75851999968,13.43751770500,52.55598492900,"0"