OBJECTID,ULAND,UREGBEZ,UKREIS,UGEMEINDE,UJAHR,UMONAT,USTUNDE,UWOCHENTAG,UKATEGORIE,UART,UTYP1,ULICHTVERH,IstRad,IstPKW,IstFuss,IstKrad,IstGkfz,IstSonstig,LINREFX,LINREFY,XGCSWGS84,YGCSWGS84,STRZUSTAND
"198354","11","0","08","008","2019","08","10","6","3","5","2","0","1","1","0","0","0","0",801063.68987200002,5824921.08382999897,13.43529007000,52.49116588900,"0"
"198355","11","0","05","005","2019","08","17","5","3","5","3","0","0","1","0","0","0","0",785160.82568200002,5829594.06254999898,13.20571777000,52.54160414300,"0"
"198356","11","0","01","001","2019","08","08","6","3","1","5","0","0","1","0","1","0","0",794737.12354299997,5827921.65727999993,13.34503739000,52.52151678700,"0"
"198357","11","0","10","010","2019","08","08","6","3","5","2","0","1","1","0","0","0","0",813056.05038100004,5830189.81328999903,13.61630719100,52.53163449500,"0"
"198358","11","0","01","001","2019","08","16","5","3","1","7","0","1","1","0","0","0","0",794471.77642200002,5826103.98931999970,13.33952934100,52.50536591000,"0"
"198359","11","0","01","001","2019","08","08","6","3","5","2","0","0","1","0","1","0","0",796662.24137399998,5832016.89118000027,13.37698438000,52.55718215500,"0"
"198360","11","0","04","004","2019","08","09","6","3","1","5","0","1","1","0","0","0","0",791519.36041700002,5825076.89824000001,13.29525496500,52.49774369100,"0"
"198361","11","0","03","003","2019","08","16","5","3","0","6","0","1","0","0","0","0","1",800676.14505699999,5831379.89152000006,13.43543738800,52.54927137900,"0"
"198362","11","0","04","004","2019","08","09","6","3","1","5","0","1","0","0","0","0","1",792496.99239999999,5825773.29182999954,13.31022687900,52.50346358700,"0"
"198363","11","0","03","003","2019","08","09","5","2","5","2","0","1","1","0","0","0","0",802413.25039900001,5829232.04942000005,13.45902345200,52.52905897400,"0"
"198364","11","0","07","007","2019","08","15","6","2","5","2","0","1","0","0","0","0","1",796687.50144300004,5824815.48034000024,13.37093104400,52.49261534600,"0"
"198365","11","0","03","003","2019","08","14","5","3","5","2","0","1","1","0","0","0","0",800237.84852500004,5831183.08291000035,13.42881491800,52.54774907800,"0"
"198366","11","0","01","001","2019","08","15","6","3","0","1","0","0","0","0","1","0","0",795623.38016299997,5830524.89085999969,13.36037689900,52.54437270500,"0"
"198367","11","0","02","002","2019","08","09","5","3","6","7","0","0","1","1","0","0","0",797959.76699999999,5826222.34999999963,13.39087354700,52.50453324500,"0"
"198368","11","0","02","002","2019","08","09","6","3","5","3","0","1","1","0","0","0","0",801755.46634799999,5826262.31304000039,13.44666307900,52.50280553100,"0"
"198369","11","0","04","004","2019","08","18","5","3","6","2","0","0","1","1","0","0","0",793139.59951700002,5825769.42404999956,13.31966370500,52.50308405300,"0"
"198370","11","0","01","001","2019","08","14","6","2","5","3","0","1","1","0","0","0","0",796322.44725800003,5825939.40390999895,13.36656977600,52.50288858700,"0"
"198371","11","0","07","007","2019","08","18","5","3","1","5","0","1","1","0","0","0","0",798092.73555300001,5818431.36737999972,13.38586574300,52.43462344400,"0"
"198372","11","0","08","008","2019","08","23","5","3","2","2","2","0","1","0","0","0","0",800790.80623200000,5824328.66296999902,13.43074830200,52.48600626500,"0"
"198373","11","0","06","006","2019","08","14","6","3","5","2","0","0","1","0","1","0","0",794656.76011100004,5820891.28818000015,13.33763973600,52.45853720700,"0"
"198374","11","0","11","011","2019","08","22","5","3","0","1","2","1","0","0","0","0","0",803787.42302400002,5826193.36555999983,13.47644410000,52.50106013700,"0"
"198375","11","0","08","008","2019","08","14","6","3","2","6","0","0","1","0","0","0","0",802661.44267400005,5818106.21122999955,13.45257251600,52.42920029600,"0"
"198376","11","0","01","001","2019","08","22","5","3","2","6","2","0","1","0","1","0","0",799639.09656800004,5828700.21585999988,13.41777259400,52.52582383300,"0"
"198377","11","0","05","005","2019","08","20","5","3","2","6","0","0","1","0","0","0","0",784654.50700099999,5828610.65694999974,13.19742965100,52.53305168800,"0"
"198378","11","0","06","006","2019","08","14","6","3","0","6","0","1","0","0","0","0","0",795421.70195000002,5818017.86754999962,13.34632453400,52.43236581000,"0"
"198379","11","0","12","012","2019","08","20","5","3","6","7","1","0","1","1","0","0","0",795688.22836700000,5837006.10176999960,13.36710970500,52.60243502200,"0"
"198380","11","0","03","003","2019","08","09","6","3","5","3","0","1","1","0","0","0","0",800107.84109999996,5831704.33148000017,13.42737449100,52.55249280200,"0"
"198381","11","0","01","001","2019","08","18","5","3","2","7","0","1","1","0","0","0","0",795552.03702199995,5830735.24748999905,13.35951509600,52.54629706600,"0"
"198382","11","0","11","011","2019","08","14","6","2","2","2","0","1","1","0","0","0","0",804735.67186200002,5831197.81127000041,13.49495562400,52.54538382900,"0"
"198383","11","0","10","010","2019","08","17","5","3","0","7","0","1","0","0","0","0","0",812538.07931700000,5825004.97164999973,13.60382825200,52.48546974600,"0"
"198384","11","0","06","006","2019","08","13","6","2","0","3","0","1","0","0","1","0","0",787137.18017800001,5817203.30582000036,13.22410574800,52.42947430100,"0"
"198385","11","0","01","001","2019","08","17","5","3","1","1","0","0","1","0","1","0","0",798844.87770900002,5827406.88466999959,13.40493865100,52.51466688100,"0"
"198386","11","0","01","001","2019","08","17","5","3","2","6","0","0","1","0","0","0","0",799411.04474399996,5826447.83277000021,13.41239429000,52.50575991600,"0"
"198387","11","0","08","008","2019","08","13","6","3","5","2","0","0","1","0","0","0","0",802364.10473400005,5819912.36945000105,13.44984634000,52.44555361100,"0"
"198388","11","0","08","008","2019","08","13","6","3","5","2","0","1","1","0","0","0","0",805240.42915099999,5818112.76168000046,13.49039302300,52.42782628100,"0"
"198389","11","0","11","011","2019","08","17","5","3","0","6","0","1","0","0","0","0","0",807213.48172200006,5825535.10967999976,13.52615133100,52.49324284400,"0"
"198390","11","0","03","003","2019","08","13","6","3","5","3","0","0","1","0","0","0","0",799483.26941399998,5831961.42523999978,13.41842216200,52.55514099400,"0"
"198391","11","0","01","001","2019","08","16","5","3","5","3","0","1","1","0","0","0","0",795460.55225600000,5830151.39254999906,13.35765058300,52.54111294900,"0"
"198392","11","0","07","007","2019","08","13","6","3","2","6","0","1","1","0","0","0","0",798029.29765900003,5821092.81539000105,13.38730956700,52.45851501900,"0"
"198393","11","0","03","003","2019","08","16","5","2","0","1","0","0","0","0","1","0","0",796252.89006300003,5836386.06579000037,13.37486815400,52.59656975200,"1"
"198394","11","0","07","007","2019","08","15","5","3","5","2","0","1","1","0","0","0","0",798741.15149500000,5823947.03662999906,13.40031124600,52.48371083500,"0"
"198395","11","0","01","001","2019","08","08","6","3","2","6","0","1","1","0","0","0","0",795142.20508300001,5827068.64685999975,13.35023369700,52.51365109400,"0"
"198396","11","0","01","001","2019","08","08","6","2","4","6","0","1","1","0","0","0","0",797656.12405099999,5826533.36275999993,13.38669125000,52.50748684200,"0"
"198397","11","0","09","009","2019","08","15","5","3","0","6","0","1","1","0","0","0","0",810290.54745700001,5820232.74507000018,13.56639896200,52.44398455000,"0"
"198398","11","0","07","007","2019","08","15","5","3","6","4","0","0","1","1","0","0","0",795109.38855999999,5825630.81383999996,13.34847687000,52.50077972700,"0"
"198399","11","0","06","006","2019","08","07","6","3","5","3","0","1","1","0","0","0","0",794305.81758799998,5820843.58526999969,13.33244751100,52.45829867300,"0"
"198400","11","0","09","009","2019","08","15","5","3","2","6","0","0","1","0","0","0","0",808550.27193900000,5821662.08817999996,13.54219613300,52.45777906500,"0"
"198401","11","0","01","001","2019","08","07","6","3","4","4","0","1","0","1","0","0","0",794565.55483599997,5828688.54569999967,13.34319531700,52.52848412900,"0"
"198402","11","0","01","001","2019","08","16","5","3","5","3","0","1","1","0","0","0","0",796705.28139400005,5831623.59647999983,13.37726584800,52.55363326900,"1"
"198403","11","0","01","001","2019","08","16","5","3","5","3","0","1","1","0","0","0","0",798164.35273499996,5827654.86966000032,13.39516212300,52.51726219100,"0"
"198404","11","0","08","008","2019","08","07","6","3","1","4","0","0","1","1","1","0","0",801522.73742200003,5820826.27981000021,13.43832944000,52.45420987000,"0"
"198405","11","0","03","003","2019","08","15","5","3","6","4","0","0","1","1","0","0","0",801899.62199999997,5831983.95002999902,13.45397564500,52.55400886000,"0"
"198406","11","0","04","004","2019","08","06","6","3","5","3","0","0","1","0","1","0","0",790313.57707400003,5826032.15189999994,13.27837569100,52.50695042900,"0"
"198407","11","0","07","007","2019","08","15","5","3","5","7","0","1","1","0","0","0","0",795138.77814499999,5825315.22274999972,13.34862890300,52.49793478300,"0"
"198408","11","0","05","005","2019","08","06","6","3","5","2","0","1","1","0","0","0","0",785169.33659800002,5829353.74210000038,13.20563664400,52.53944500000,"0"
"198409","11","0","02","002","2019","08","14","5","2","6","4","0","0","1","1","0","0","0",801966.17947099998,5829057.20010000002,13.45229432700,52.52773962300,"0"
"198410","11","0","03","003","2019","08","14","5","3","5","3","0","1","1","0","0","0","0",799498.58590299997,5831955.33206999954,13.41864190600,52.55507795600,"0"
"198411","11","0","12","012","2019","08","13","5","3","2","6","0","0","1","0","0","0","0",792902.96797000000,5835251.06326999981,13.32454915500,52.58820978900,"0"
"198412","11","0","01","001","2019","08","13","5","3","2","6","0","0","1","0","1","0","0",798237.09719899995,5829359.98211000022,13.39776017200,52.53250648100,"0"
"198413","11","0","01","001","2019","08","23","5","3","2","6","2","0","1","0","0","0","0",796221.30141099996,5828479.04232000001,13.36734481800,52.52570896600,"0"
"198414","11","0","12","012","2019","08","17","5","3","5","3","0","0","1","0","1","0","0",788332.62242499995,5832049.02508000005,13.25448990300,52.56194452500,"0"
"198415","11","0","03","003","2019","08","12","5","3","2","6","0","0","1","0","0","0","0",799062.27205499995,5833193.75043000095,13.41334159000,52.56641818400,"0"
"198416","11","0","01","001","2019","08","10","5","3","0","2","0","1","1","0","0","0","0",793674.40895199997,5828112.20925000031,13.32958772100,52.52379838100,"0"
"198417","11","0","02","002","2019","08","17","5","3","5","2","0","1","1","0","0","0","0",799113.41539700003,5826283.72511999961,13.40787482800,52.50445217600,"0"
"198418","11","0","06","006","2019","08","10","5","3","5","2","0","0","1","0","1","0","0",790571.96503099997,5815974.67203999963,13.27341634900,52.41664572900,"0"
"198419","11","0","10","010","2019","08","17","5","3","5","2","0","1","1","0","0","0","0",810053.67417799996,5831662.22422000021,13.57356219200,52.54654547700,"0"
"198420","11","0","02","002","2019","08","10","5","3","2","6","0","0","1","0","0","0","0",801011.69700000004,5825883.72800000012,13.43539643200,52.49982298700,"0"
"198421","11","0","12","012","2019","08","15","5","2","5","2","0","1","1","0","0","0","0",793495.55424199998,5832425.53366000019,13.33077003000,52.56256129500,"0"
"198422","11","0","05","005","2019","08","16","5","3","5","3","0","0","1","0","0","0","0",787735.51909099997,5828231.70720999967,13.24239868200,52.52803643500,"0"
"198423","11","0","11","011","2019","08","16","5","3","5","3","0","1","1","0","0","0","0",804284.05916199996,5828424.80893000029,13.48577795000,52.52078303000,"0"
"198424","11","0","12","012","2019","08","12","5","3","0","7","0","0","1","0","0","0","0",788053.42701500002,5839250.73708000034,13.25664651100,52.62665755400,"0"
"198425","11","0","11","011","2019","08","17","5","2","0","1","0","0","0","0","1","0","0",803192.17090000003,5829599.99993999954,13.47080610100,52.53192418500,"0"
"198426","11","0","02","002","2019","08","09","5","3","5","2","0","1","1","0","0","0","0",798309.37936599995,5825390.15096999891,13.39526368500,52.49688261100,"0"
"198427","11","0","02","002","2019","08","16","5","3","0","4","0","1","0","1","0","0","0",802370.66013300000,5826043.47690000013,13.45550011300,52.50050355400,"0"
"198428","11","0","07","007","2019","08","09","5","2","1","5","0","0","1","0","1","0","0",798407.49265499995,5821902.52374999970,13.39358313300,52.46556672600,"0"
"198429","11","0","01","001","2019","08","09","5","3","5","3","0","1","0","0","0","0","1",797859.32585000002,5829059.97185999993,13.39193859500,52.53002384100,"0"
"198430","11","0","02","002","2019","08","16","5","3","5","2","0","0","1","0","1","0","0",801248.90101999999,5827827.50372000039,13.44063931700,52.51711450500,"0"
"198431","11","0","04","004","2019","08","08","5","3","2","6","0","0","1","0","0","0","0",793044.74553600000,5826934.70136999898,13.31929613800,52.51358128300,"0"
"198432","11","0","04","004","2019","08","16","5","3","2","6","0","0","1","0","0","0","1",792076.45368899999,5825815.85806000046,13.30408618500,52.50407046400,"0"
"198433","11","0","07","007","2019","08","08","5","3","2","6","0","1","1","0","0","0","0",797179.02985799999,5823326.30850999895,13.37682179000,52.47899908200,"0"
"198434","11","0","05","005","2019","08","16","5","3","2","6","0","0","1","0","0","0","0",785981.24532800005,5829237.79200999904,13.21747554900,52.53797991500,"0"
"198435","11","0","09","009","2019","08","08","5","3","3","6","0","1","0","0","0","0","1",807485.68886800006,5819535.71587000042,13.52462026500,52.43932201400,"0"
"198436","11","0","02","002","2019","08","15","5","2","5","3","0","1","0","0","1","0","0",796996.91361000005,5823989.13243000023,13.37473856900,52.48503971100,"0"
"198437","11","0","12","012","2019","08","08","5","3","6","4","0","0","1","1","0","0","0",793343.92462199996,5832881.71956000011,13.32894290800,52.56673245300,"0"
"198438","11","0","02","002","2019","08","07","5","3","0","1","0","1","0","0","0","0","0",797726.98526099999,5824595.16005999967,13.38599965600,52.49007445300,"0"
"198439","11","0","10","010","2019","08","15","5","3","2","6","0","0","1","0","0","0","0",811541.36203399999,5830311.12330000009,13.59416359000,52.53358934300,"0"
"198440","11","0","01","001","2019","08","15","5","3","3","6","0","0","1","0","0","0","0",797666.14656499994,5831849.72876999900,13.39159897600,52.55513597000,"0"
"198441","11","0","12","012","2019","08","07","5","3","5","3","0","1","1","0","0","0","0",790202.18490400002,5840072.23187000025,13.28902424000,52.63287842000,"0"
"198442","11","0","08","008","2019","08","07","5","3","5","2","0","1","1","0","0","0","0",801480.27765599999,5823165.51724999957,13.43981964200,52.47520047500,"0"
"198443","11","0","02","002","2019","08","23","5","2","6","6","2","0","1","1","0","0","0",799970.42142699996,5825685.20927000046,13.41992416300,52.49861694300,"0"
"198444","11","0","03","003","2019","08","07","5","3","1","5","0","1","1","0","0","0","0",800273.90530900005,5829997.35211000033,13.42827332600,52.53710119300,"0"
"198445","11","0","02","002","2019","08","22","5","3","1","5","2","1","1","0","1","0","0",799646.71088799997,5825118.54550000001,13.41466010000,52.49371548800,"0"
"198446","11","0","09","009","2019","08","05","5","3","5","3","0","1","1","0","0","0","0",807725.17744500004,5817906.97023000102,13.52663349600,52.42459014600,"0"
"198447","11","0","01","001","2019","08","07","5","3","5","3","0","0","1","0","0","0","0",795171.78932700003,5830814.27443000022,13.35399413500,52.54721162800,"0"
"198448","11","0","03","003","2019","08","10","5","3","2","6","0","1","1","0","0","0","0",798442.05952000001,5832220.36825999990,13.40334290300,52.55803359300,"0"
"198449","11","0","08","008","2019","08","07","5","3","2","6","0","0","1","0","1","0","0",801441.64582300000,5820297.88690999895,13.43666277600,52.44951845200,"0"
"198450","11","0","01","001","2019","08","18","4","2","6","4","1","1","0","1","0","0","0",798185.73597000004,5827419.45139999967,13.39526533700,52.51514028100,"0"
"198451","11","0","04","004","2019","08","20","5","3","0","7","1","1","0","0","0","0","0",793453.87975600001,5823877.44455000106,13.32261397300,52.48595428900,"0"
"198452","11","0","04","004","2019","08","08","4","3","5","3","0","0","1","0","0","0","0",793822.76876600005,5824454.86008999962,13.32854001300,52.49093216100,"0"
"198453","11","0","01","001","2019","08","18","4","3","6","4","1","1","0","1","0","0","0",798178.58383799996,5827418.38760000002,13.39515929800,52.51513465500,"0"
"198454","11","0","11","011","2019","08","19","5","3","5","2","0","1","0","0","1","0","0",803298.33762200002,5826311.11969999969,13.46936829500,52.50238759700,"0"
"198455","11","0","02","002","2019","08","12","4","3","5","2","0","1","0","0","0","0","1",797922.37003300001,5826457.30312999897,13.39053445600,52.50665973400,"0"
"198456","11","0","03","003","2019","08","18","5","2","5","3","0","1","0","0","0","0","0",801465.65856600006,5829795.00922999904,13.44560771200,52.53462966500,"0"
"198457","11","0","06","006","2019","08","09","4","3","2","7","0","0","1","0","0","0","0",793872.95812199998,5820987.43745999970,13.32622180200,52.45982118100,"0"
"198458","11","0","06","006","2019","08","18","5","3","2","6","0","0","1","0","0","0","0",795828.74906700000,5818153.30334999971,13.35241420800,52.43335992800,"0"
"198459","11","0","06","006","2019","08","12","4","3","0","6","0","1","1","0","0","0","0",794895.50614700001,5817963.44065999985,13.33855911400,52.43216181800,"0"
"198460","11","0","02","002","2019","08","18","5","3","5","2","0","0","1","0","1","0","0",800638.79836699995,5825281.29275000095,13.42937590100,52.49462872700,"0"
"198461","11","0","12","012","2019","08","21","4","2","1","5","2","0","1","0","1","0","0",792801.24994100002,5832751.24734000023,13.32084415600,52.56585498300,"0"
"198462","11","0","10","010","2019","08","21","4","2","5","2","2","0","1","0","1","0","0",807954.05062200001,5830178.21745000035,13.54132159200,52.53443684300,"0"
"198463","11","0","07","007","2019","08","14","5","3","2","6","0","0","1","0","0","0","1",797326.16775000002,5822160.66031000018,13.37794289500,52.46847015900,"0"
"198464","11","0","04","004","2019","08","14","5","2","0","7","0","1","0","0","0","0","0",790436.53683100000,5823930.58650000021,13.27834973100,52.48804421700,"0"
"198465","11","0","06","006","2019","08","19","4","3","5","3","0","1","1","0","0","0","0",792032.60937199998,5819499.55461999960,13.29791116400,52.44746895400,"0"
"198466","11","0","02","002","2019","08","18","4","3","5","3","0","1","0","0","0","0","1",800087.06183000002,5825638.25193999987,13.42159493900,52.49813192100,"0"
"198467","11","0","06","006","2019","08","14","5","3","0","5","0","0","0","0","1","0","1",787893.77132800000,5818427.45299999975,13.23625727600,52.44005202500,"0"
"198468","11","0","04","004","2019","08","18","4","3","5","3","0","1","1","0","0","0","0",792314.99763000000,5824568.09925999958,13.30649550600,52.49275682900,"0"
"198469","11","0","08","008","2019","08","14","5","3","5","3","0","0","1","0","0","0","1",802145.90045099996,5817752.84805999976,13.44469374500,52.42631797300,"0"
"198470","11","0","10","010","2019","08","19","4","2","1","1","0","0","1","0","1","0","0",807604.17139300006,5832730.50045999978,13.53854325000,52.55750776800,"0"
"198471","11","0","07","007","2019","08","13","5","2","1","5","0","0","1","0","1","0","0",799628.04434000002,5813972.83112999890,13.40439148700,52.39381951700,"0"
"198472","11","0","12","012","2019","08","16","4","2","0","7","0","0","1","1","0","0","0",795668.80171300005,5833194.23775999993,13.36342246700,52.56827618800,"0"
"198473","11","0","01","001","2019","08","13","5","3","6","4","0","1","0","1","0","0","0",798611.59933700005,5828991.25776000042,13.40293360800,52.52899635200,"0"
"198474","11","0","07","007","2019","08","18","4","3","5","2","0","1","1","0","0","0","0",796846.37821899995,5822343.86529999971,13.37106364300,52.47037332600,"0"
"198475","11","0","09","009","2019","08","12","5","3","3","6","0","0","1","0","0","0","0",811302.93422599998,5821565.65484999958,13.58248829200,52.45535405700,"0"
"198476","11","0","01","001","2019","08","17","4","3","0","5","0","1","1","0","0","0","0",796676.97970100003,5829751.43606999982,13.37517742300,52.53686684300,"0"
"198477","11","0","04","004","2019","08","10","5","3","2","6","0","0","1","0","0","0","1",791894.43787300005,5823948.62717999984,13.29977598500,52.48742840100,"0"
"198478","11","0","02","002","2019","08","09","5","3","3","6","0","1","1","0","0","0","0",801461.79875199997,5826399.78739999980,13.44247420200,52.50420005500,"0"
"198479","11","0","08","008","2019","08","09","5","3","5","2","0","1","1","0","0","0","0",800975.30235500005,5823486.15668000001,13.43269656900,52.47835295800,"0"
"198480","11","0","06","006","2019","08","08","5","3","2","6","0","1","1","0","0","0","0",793084.83938699996,5821596.44655000046,13.31519016300,52.46570403700,"0"
"198481","11","0","01","001","2019","08","08","5","3","2","6","0","0","1","0","1","1","0",797640.75954200001,5828756.59707000107,13.38845452100,52.52742384400,"0"
"198482","11","0","03","003","2019","08","07","5","3","5","3","0","1","1","0","0","0","0",801739.72697600001,5833471.90593999997,13.45297735400,52.56743393200,"0"
"198483","11","0","02","002","2019","08","07","5","3","2","6","0","0","1","0","0","0","0",799581.91134999995,5824899.88066999894,13.41351188000,52.49179105000,"0"
"198484","11","0","02","002","2019","08","07","5","3","5","2","0","1","1","0","0","0","0",798675.23549800005,5826439.93195000105,13.40157845400,52.50609239500,"0"
"198485","11","0","09","009","2019","08","07","5","3","5","2","0","1","1","0","0","0","0",810538.75939799997,5823205.44885999989,13.57280391100,52.47048392900,"0"
"198486","11","0","11","011","2019","08","18","5","2","1","1","0","0","1","0","1","0","0",806260.76801899995,5834078.19744999893,13.52003316000,52.57034311500,"0"
"198487","11","0","09","009","2019","08","16","5","2","0","3","0","0","1","0","1","0","0",814217.57968900003,5821995.71927999984,13.62564646300,52.45754023700,"0"
"198488","11","0","06","006","2019","08","10","5","2","1","5","0","1","1","0","0","0","0",793617.96584700001,5819199.87908999901,13.32090799700,52.44393335500,"0"
"198489","11","0","07","007","2019","08","14","5","2","0","1","0","1","0","0","0","0","0",796025.33001399995,5824503.47965999972,13.36092918700,52.49017803700,"0"
"198490","11","0","05","005","2019","08","14","5","2","5","3","0","0","1","0","0","0","0",784096.09450600005,5826562.34989999980,13.18746951400,52.51497767400,"0"
"198491","11","0","05","005","2019","08","13","5","2","5","3","0","0","1","0","1","0","0",779977.57405199995,5828118.51250000019,13.12824664900,52.53106143800,"0"
"198492","11","0","08","008","2019","08","09","5","2","5","3","0","0","1","0","1","0","0",805315.38026899996,5817670.59884999972,13.49108837100,52.42382150200,"0"
"198493","11","0","02","002","2019","08","07","5","2","2","6","0","0","1","0","1","0","0",800761.00687899999,5826515.12674999982,13.43228482500,52.50562061100,"0"
"198494","11","0","01","001","2019","08","12","5","3","3","6","0","0","1","0","0","0","0",795621.41009899997,5831727.61287999991,13.36141867300,52.55515505200,"0"
"198495","11","0","07","007","2019","08","05","5","3","1","5","2","1","1","0","0","0","0",796307.54537599999,5825096.13657000102,13.36560064400,52.49533756200,"0"
"198496","11","0","05","005","2019","08","13","5","3","1","5","0","1","1","0","0","0","0",784747.13070600003,5829286.59886999894,13.19937065900,52.53906378900,"0"
"198497","11","0","03","003","2019","08","07","4","3","6","4","0","1","0","1","0","0","0",799618.24062699999,5832900.91896999907,13.42125518100,52.56348775200,"0"
"198498","11","0","08","008","2019","08","08","4","3","6","4","0","1","0","1","0","0","0",802359.56868400006,5823235.85211999994,13.45279007600,52.47534486100,"0"
"198499","11","0","06","006","2019","08","21","4","3","1","5","2","1","1","0","0","0","0",788665.01904699998,5821483.91997999977,13.25021420900,52.46704831600,"0"
"198500","11","0","01","001","2019","08","20","4","3","0","7","1","0","0","0","1","0","1",795156.10615000001,5827069.00600000005,13.35043826800,52.51364679100,"1"
"198501","11","0","05","005","2019","08","20","4","3","0","2","0","0","1","0","1","0","0",783691.23220600002,5830168.79719000030,13.18459723600,52.54752445500,"0"
"198502","11","0","07","007","2019","08","18","4","3","0","3","0","0","1","0","1","0","0",795150.72137000004,5824016.29703000095,13.34765368500,52.48628435900,"0"
"198503","11","0","03","003","2019","08","17","4","3","6","4","0","1","0","1","0","0","0",801035.23875300004,5830457.00079999957,13.43988088700,52.54080108400,"0"
"198504","11","0","02","002","2019","08","18","4","3","3","6","0","1","1","0","0","0","0",799736.01345800003,5825019.82321999967,13.41588272500,52.49278156000,"0"
"198505","11","0","01","001","2019","08","18","4","3","2","6","0","0","1","0","1","0","0",796500.42212700006,5829913.21363999974,13.37272627300,52.53841309400,"0"
"198506","11","0","10","010","2019","08","17","4","3","1","5","0","1","1","0","0","0","0",814259.53369499999,5829300.91904999968,13.63315069400,52.52297689300,"0"
"198507","11","0","11","011","2019","08","17","4","3","5","2","0","1","0","0","0","0","1",803688.00153699995,5826242.16787000094,13.47502843900,52.50155287800,"0"
"198508","11","0","03","003","2019","08","15","4","3","6","2","0","0","1","1","0","0","0",802263.63275700004,5831576.70951000042,13.45895755300,52.55015692700,"0"
"198509","11","0","02","002","2019","08","17","4","3","5","3","0","1","1","0","0","0","0",802168.25658100005,5828591.81391999964,13.45484116000,52.52345641700,"0"
"198510","11","0","04","004","2019","08","16","4","3","2","6","0","0","1","0","0","0","1",792749.34280400001,5826830.47020999901,13.31486381400,52.51280551700,"0"
"198511","11","0","12","012","2019","08","17","4","3","5","2","0","1","1","0","0","0","0",793488.86415699997,5833874.03113000095,13.33195332900,52.57554979400,"0"
"198512","11","0","02","002","2019","08","16","4","3","2","6","0","0","0","0","0","0","1",802973.63433999999,5826889.46315000020,13.46512557900,52.50775159900,"0"
"198513","11","0","02","002","2019","08","16","4","3","0","3","0","0","1","0","1","0","0",800868.82149400003,5828314.38784999959,13.43549525800,52.52168836200,"0"
"198514","11","0","08","008","2019","08","16","4","3","5","3","0","0","1","0","0","0","0",801404.48021600000,5818946.89943999983,13.43489895300,52.43742959900,"0"
"198515","11","0","04","004","2019","08","15","4","3","6","4","0","1","0","1","0","0","0",793742.75473699998,5823681.99992999900,13.32668372900,52.48404687000,"0"
"198516","11","0","06","006","2019","08","15","4","3","0","1","0","1","0","0","0","0","0",792267.43087799998,5819359.74265000038,13.30123419900,52.44609007000,"0"
"198517","11","0","08","008","2019","08","15","4","3","5","2","0","0","1","0","0","0","0",801893.31700000004,5821840.91299999971,13.44468395700,52.46309968800,"0"
"198518","11","0","01","001","2019","08","15","4","3","0","6","0","0","1","0","1","0","0",793664.20548200002,5827984.18697000109,13.32932471600,52.52265622300,"0"
"198519","11","0","03","003","2019","08","15","4","3","5","3","0","1","0","0","0","0","0",802567.40747300000,5828655.47541000042,13.46076435600,52.52380566600,"0"
"198520","11","0","09","009","2019","08","14","4","3","0","1","0","1","0","0","0","0","0",809146.71244799998,5819518.23491999973,13.54896247300,52.43822900900,"0"
"198521","11","0","09","009","2019","08","14","4","3","5","7","0","0","1","0","1","0","0",806274.58944400004,5822917.38014999963,13.50996064800,52.47030946000,"0"
"198522","11","0","01","001","2019","08","14","4","3","1","5","0","0","1","0","0","0","0",795113.83645599999,5832342.27469000034,13.35450030800,52.56094023700,"0"
"198523","11","0","09","009","2019","08","14","4","3","5","3","0","0","1","0","0","0","1",813260.22548300005,5821764.93314999901,13.61138623200,52.45602165700,"0"
"198524","11","0","01","001","2019","08","13","4","3","5","3","0","0","1","0","0","0","0",795610.31467800005,5830993.84092999902,13.36060218600,52.54858349800,"0"
"198525","11","0","04","004","2019","08","13","4","3","2","6","0","0","1","0","0","0","0",791022.94530000002,5823094.62729000021,13.28623189400,52.48023751800,"0"
"198526","11","0","08","008","2019","08","13","4","3","5","2","0","1","1","0","0","0","0",799850.87216000003,5823654.81998000015,13.41634142100,52.48048328900,"0"
"198527","11","0","05","005","2019","08","12","4","3","6","4","0","1","0","1","0","0","0",787999.25050199998,5830184.59487000108,13.24796807600,52.54540563800,"0"
"198528","11","0","01","001","2019","08","12","4","3","1","5","0","1","1","0","0","0","0",796430.87789500004,5831984.63879999984,13.37355283100,52.55701903300,"0"
"198529","11","0","02","002","2019","08","11","4","3","5","3","0","1","1","0","0","0","0",798493.86011100002,5825222.62361000106,13.39782299600,52.49528008100,"0"
"198530","11","0","01","001","2019","08","11","4","3","6","4","0","0","0","1","0","0","1",797477.09482100001,5829029.49053000100,13.38629328100,52.52995933400,"0"
"198531","11","0","08","008","2019","08","10","4","3","2","6","0","0","1","0","1","0","0",800596.86335700005,5823190.29970999900,13.42687441100,52.47590950400,"0"
"198532","11","0","04","004","2019","08","10","4","3","5","2","0","1","1","0","0","0","0",793912.97306100000,5823084.50831000041,13.32865645700,52.47859902600,"0"
"198533","11","0","04","004","2019","08","10","4","3","5","2","0","1","0","0","0","0","1",792342.90022600000,5823120.28636000026,13.30563540500,52.47976251800,"0"
"198534","11","0","01","001","2019","08","09","4","3","5","2","0","1","1","0","0","0","0",797758.94675799995,5828569.80755999964,13.39002426700,52.52568497100,"0"