OBJECTID,ULAND,UREGBEZ,UKREIS,UGEMEINDE,UJAHR,UMONAT,USTUNDE,UWOCHENTAG,UKATEGORIE,UART,UTYP1,ULICHTVERH,IstRad,IstPKW,IstFuss,IstKrad,IstGkfz,IstSonstig,LINREFX,LINREFY,XGCSWGS84,YGCSWGS84,STRZUSTAND
"198535","11","0","12","012","2019","08","09","4","3","4","6","0","1","0","0","0","0","0",790623.50391500001,5835959.55116000026,13.29161883400,52.59578390100,"0"
"198536","11","0","03","003","2019","08","08","4","3","6","4","0","0","1","1","0","0","0",802067.01265499997,5829584.72991000023,13.45425547500,52.53241199800,"0"
"198537","11","0","01","001","2019","08","08","4","3","2","7","0","0","1","0","0","0","0",794325.18671200005,5831332.11036999896,13.34200416700,52.55231171300,"0"
"198538","11","0","01","001","2019","08","07","4","3","6","4","0","1","0","1","0","0","0",796535.25686800003,5829880.18575000018,13.37320890800,52.53809808000,"0"
"198539","11","0","01","001","2019","08","07","4","3","1","5","0","1","0","0","0","0","1",797265.79589199997,5831276.36993999965,13.38519788300,52.55021518000,"0"
"198540","11","0","05","005","2019","08","07","4","3","3","6","0","0","1","0","0","1","0",786975.77174899995,5829474.46021999978,13.23230320900,52.53957895900,"0"
"198541","11","0","07","007","2019","08","01","4","3","8","1","2","0","1","0","0","0","0",796393.68526699999,5819743.56506999955,13.36211012000,52.44730958200,"0"
"198542","11","0","08","008","2019","08","01","4","3","5","2","2","0","1","0","0","0","0",800419.00016599998,5823854.19402999897,13.42486163900,52.48195811800,"0"
"198543","11","0","01","001","2019","08","20","4","3","5","2","1","1","1","0","0","0","0",796153.58750899998,5828278.06802000012,13.36617064800,52.52394421100,"0"
"198544","11","0","02","002","2019","08","12","4","3","0","2","0","1","1","0","0","0","0",802620.53075399995,5826136.05087000038,13.45925402400,52.50119478400,"0"
"198545","11","0","05","005","2019","08","17","4","2","5","3","0","1","1","0","0","0","0",784800.33615900006,5828788.29342999961,13.19972594600,52.53456819100,"0"
"198546","11","0","09","009","2019","08","14","4","2","3","6","0","1","0","0","0","0","0",805741.13136600005,5821782.36168999970,13.50109187900,52.46043568100,"0"
"198547","11","0","01","001","2019","08","12","4","2","6","4","0","0","0","1","1","0","0",794812.00415599998,5831913.82921999972,13.34968003800,52.55726307800,"0"
"198548","11","0","10","010","2019","08","07","4","2","5","3","0","1","1","0","0","0","0",811349.12058400002,5827806.51998000033,13.58899414700,52.51125469000,"0"
"198549","11","0","11","011","2019","08","06","4","2","5","3","0","1","1","0","0","0","0",805829.96576399996,5831862.42391999997,13.51165456400,52.55072710500,"0"
"198550","11","0","04","004","2019","08","08","3","3","2","2","0","0","1","0","1","0","0",792345.33080500003,5827971.38504000008,13.30992995700,52.52325019500,"0"
"198551","11","0","06","006","2019","08","07","3","3","5","2","0","1","1","0","0","0","0",790908.98771599995,5817458.27230999898,13.27964805500,52.42976751600,"0"
"198552","11","0","04","004","2019","08","20","3","3","5","3","2","0","1","0","0","0","1",791931.55248199997,5828331.14108000044,13.30416433200,52.52669703000,"0"
"198553","11","0","01","001","2019","08","19","3","3","0","1","1","1","0","0","0","0","0",799681.48841899994,5827573.20519999973,13.41738022200,52.51569865900,"0"
"198554","11","0","04","004","2019","08","19","3","3","1","5","1","1","1","0","0","0","0",788630.42344699998,5827480.25191999972,13.25490152900,52.52082629300,"0"
"198555","11","0","03","003","2019","08","19","3","3","3","6","0","1","0","0","0","0","0",800194.01163099997,5830930.24540000036,13.42794185200,52.54550698600,"0"
"198556","11","0","01","001","2019","08","18","3","3","0","1","0","1","0","0","0","0","0",797126.72439500003,5827886.75327999983,13.38012247600,52.51990707800,"0"
"198557","11","0","01","001","2019","08","18","3","3","1","5","0","1","1","0","0","0","1",799161.52294299996,5828790.19440999907,13.41083506100,52.52689261600,"0"
"198558","11","0","01","001","2019","08","17","3","3","6","2","0","0","1","1","0","0","0",797069.62143199996,5828181.48852000013,13.37954659300,52.52258016200,"0"
"198559","11","0","03","003","2019","08","17","3","3","5","3","0","0","1","0","1","0","0",798474.05291099998,5834871.82034999970,13.40619949400,52.58178236300,"0"
"198560","11","0","01","001","2019","08","17","3","3","2","6","0","1","1","0","0","0","0",795529.38620700000,5830044.41358000040,13.35856744200,52.54011665000,"0"
"198561","11","0","04","004","2019","08","17","3","3","6","4","0","0","1","1","0","0","0",791971.95035000006,5826033.75647000037,13.30274201800,52.50607981700,"0"
"198562","11","0","08","008","2019","08","17","3","3","2","6","0","0","1","0","0","0","0",803012.09591200005,5818352.71203999966,13.45793752800,52.43121560900,"0"
"198563","11","0","04","004","2019","08","16","3","3","5","3","0","1","1","0","0","0","0",793300.75627100002,5827220.25947999954,13.32330962000,52.51600358100,"0"
"198564","11","0","09","009","2019","08","16","3","3","5","2","0","0","1","0","0","0","0",808083.51343599998,5816925.76486000046,13.53098333800,52.41559477500,"0"
"198565","11","0","04","004","2019","08","16","3","3","5","2","0","1","1","0","0","0","0",791412.99338300002,5822544.93594999891,13.29147871800,52.47510153100,"0"
"198566","11","0","07","007","2019","08","16","3","3","5","2","0","1","1","0","0","0","0",797787.57200000004,5823274.24100000039,13.38570934600,52.47820087200,"0"
"198567","11","0","10","010","2019","08","15","3","3","1","5","0","1","1","0","0","0","0",808995.11085699999,5830085.95664000046,13.55653540900,52.53302085700,"0"
"198568","11","0","04","004","2019","08","09","3","3","5","2","0","1","1","0","0","0","0",791570.92369099997,5826572.58059000038,13.29732221600,52.51112478100,"0"
"198569","11","0","07","007","2019","08","12","1","2","0","7","0","1","0","0","0","0","0",796761.91133100004,5824800.80468999967,13.37201074500,52.49244334400,"0"
"198570","11","0","01","001","2019","08","04","3","3","5","3","2","0","1","0","0","0","0",795884.73122099997,5831962.53060000017,13.36550070300,52.55711786200,"1"
"198571","11","0","03","003","2019","08","15","3","3","0","3","0","0","1","0","1","0","0",801422.30796000001,5836110.66045000032,13.45070774700,52.59126080100,"0"
"198572","11","0","07","007","2019","08","14","3","3","0","5","0","1","1","0","0","0","0",795037.37947799999,5821615.54920000024,13.34386554400,52.46482443200,"0"
"198573","11","0","07","007","2019","08","14","3","3","5","3","0","0","1","0","0","0","1",798890.13976599998,5820866.07385999989,13.39973858100,52.45601246200,"0"
"198574","11","0","01","001","2019","08","14","3","3","5","2","0","1","1","0","0","0","0",796269.62265499996,5825956.00262000039,13.36580858400,52.50306606300,"0"
"198575","11","0","08","008","2019","08","14","3","3","6","4","0","0","1","1","0","0","0",805722.84958200005,5816779.87351999991,13.49624829200,52.41561078000,"0"
"198576","11","0","10","010","2019","08","13","3","3","5","2","0","1","1","0","0","0","0",813368.61300999997,5830132.33827000018,13.62084576500,52.53093988100,"0"
"198577","11","0","01","001","2019","08","12","3","3","5","3","0","0","1","0","1","0","0",797034.89797499997,5829317.03163999971,13.38005075000,52.53277794600,"0"
"198578","11","0","04","004","2019","08","12","3","3","2","6","0","0","1","0","0","0","0",793261.23063999997,5830061.76030999981,13.32523522600,52.54149757200,"0"
"198579","11","0","03","003","2019","08","12","3","3","2","6","0","0","1","0","0","0","0",800954.26628800004,5832147.62096999958,13.44022263200,52.55599904300,"0"
"198580","11","0","01","001","2019","08","05","3","3","5","3","1","1","1","0","0","0","0",795878.67408899998,5831927.79229999986,13.36538065200,52.55680975800,"0"
"198581","11","0","07","007","2019","08","11","3","3","3","6","0","1","0","0","0","0","1",796284.18193199998,5823196.03490999900,13.36356839000,52.47831750800,"0"
"198582","11","0","04","004","2019","08","11","3","3","5","3","0","0","1","0","0","0","0",789992.27300000004,5826317.66500000004,13.27390366800,52.50968098500,"0"
"198583","11","0","06","006","2019","08","10","3","3","5","3","0","1","1","0","0","0","0",794846.42690500000,5815349.53619000036,13.33553588800,52.40875579500,"0"
"198584","11","0","07","007","2019","08","10","3","3","4","6","0","1","0","0","0","0","0",793883.01542800001,5821558.93515000027,13.32687260600,52.46493902400,"0"
"198585","11","0","09","009","2019","08","09","3","3","5","3","0","0","1","0","0","1","0",807573.53398700000,5815427.80654999893,13.52213246400,52.40245639900,"0"
"198586","11","0","06","006","2019","08","09","3","3","6","4","0","1","0","1","0","0","0",792991.20806099998,5817715.34822000004,13.31041168400,52.43096098900,"0"
"198587","11","0","03","003","2019","08","08","3","3","5","2","0","0","1","0","1","0","0",798049.97170999995,5833597.71109999996,13.39881373000,52.57059427200,"0"
"198588","11","0","01","001","2019","08","08","3","3","5","7","0","0","1","0","1","0","0",793607.29124100006,5829133.35950999893,13.32950306100,52.53298860600,"0"
"198589","11","0","07","007","2019","08","07","3","3","6","4","0","1","0","1","0","0","0",795890.03357700002,5820828.64266000036,13.35568237000,52.45730932700,"0"
"198590","11","0","04","004","2019","08","08","3","3","3","6","0","1","0","0","0","0","1",792135.54103500000,5825303.80499000102,13.30450501100,52.49944837400,"0"
"198591","11","0","08","008","2019","08","07","3","3","5","2","0","1","0","0","0","0","1",805395.33804700000,5817297.75812999904,13.49192027700,52.42043523700,"0"
"198592","11","0","03","003","2019","08","07","3","3","5","2","0","1","0","0","0","0","0",803626.03576600004,5838990.04157000035,13.48578034600,52.61584158600,"0"
"198593","11","0","01","001","2019","08","07","3","3","5","5","0","1","1","0","0","0","0",799862.70279200003,5826725.43162999954,13.41927888600,52.50800011100,"0"
"198594","11","0","01","001","2019","08","06","3","3","3","6","0","0","1","0","1","0","0",799500.60079000005,5828868.91323000100,13.41588919900,52.52741204000,"0"
"198595","11","0","11","011","2019","08","16","3","2","0","3","0","1","0","0","0","0","0",804769.78151000000,5827953.59549000021,13.49248293000,52.51628852900,"0"
"198596","11","0","10","010","2019","08","06","3","3","5","2","1","1","0","0","0","0","1",809357.64889800001,5834278.68286999967,13.56576933100,52.57038869000,"0"
"198597","11","0","12","012","2019","08","13","3","2","8","6","0","0","1","0","0","0","0",791404.62316800002,5834248.61615000106,13.30161339900,52.58002788100,"0"
"198598","11","0","09","009","2019","08","09","3","2","1","5","0","1","0","0","0","0","1",805750.48181100003,5821343.16509999987,13.50082686000,52.45649414900,"0"
"198599","11","0","02","002","2019","08","09","3","3","1","5","0","1","1","0","0","0","1",800078.73166100006,5825915.56756999902,13.42172245600,52.50062219500,"0"
"198600","11","0","07","007","2019","08","10","3","3","2","6","0","0","1","0","0","0","0",794605.17148300004,5821838.04134999961,13.33771834800,52.46705216700,"0"
"198601","11","0","12","012","2019","08","15","2","3","6","4","0","0","0","1","1","0","0",795902.04714299995,5832722.15209999960,13.36643271000,52.56391769000,"0"
"198602","11","0","06","006","2019","08","18","2","3","6","7","0","1","0","1","0","0","0",787950.99669099995,5818881.16681000032,13.23748780400,52.44408975000,"0"
"198603","11","0","06","006","2019","08","18","2","3","2","6","0","1","1","0","0","0","0",789778.95376199996,5815904.51888000034,13.26172792800,52.41643720900,"0"
"198604","11","0","12","012","2019","08","17","2","3","5","2","0","1","0","0","0","0","1",795649.91046899999,5833011.38712000009,13.36298158200,52.56664737300,"0"
"198605","11","0","02","002","2019","08","17","2","3","5","3","0","1","1","0","0","0","0",800066.63297999999,5825920.04569000099,13.42154879100,52.50066898800,"0"
"198606","11","0","03","003","2019","08","17","2","3","2","7","0","0","1","0","0","0","0",802330.56130800000,5828713.97049999982,13.45733718600,52.52446133100,"0"
"198607","11","0","06","006","2019","08","16","2","3","2","6","0","1","1","0","0","0","0",788970.56221799995,5816397.22843999974,13.25030011600,52.42128203600,"0"
"198608","11","0","07","007","2019","08","16","2","3","0","7","0","1","0","0","0","0","0",793916.22843699995,5822504.20443999954,13.32819282700,52.47339510300,"0"
"198609","11","0","01","001","2019","08","16","2","3","5","3","0","1","0","0","0","0","0",793300.52654600004,5828392.31835000031,13.32433977100,52.52651068400,"0"
"198610","11","0","04","004","2019","08","16","2","3","1","5","0","0","1","0","0","0","0",790673.24055400002,5822906.08494000044,13.28093264700,52.47873347100,"0"
"198611","11","0","11","011","2019","08","10","2","3","0","7","0","1","0","0","0","0","0",805549.05262400000,5825408.88441000041,13.50159612200,52.49304577700,"0"
"198612","11","0","01","001","2019","09","12","2","3","0","4","0","0","0","1","0","0","1",796436.75019699999,5831957.51082000043,13.37361496900,52.55677266400,"0"
"198613","11","0","01","001","2019","08","20","2","3","5","3","2","1","1","0","0","0","0",797140.94455699995,5831804.10878000036,13.38383428300,52.55501383900,"0"
"198614","11","0","09","009","2019","09","15","2","3","5","3","0","1","1","0","0","0","0",807012.56458000001,5820000.54504999891,13.51810882600,52.44375375300,"0"
"198615","11","0","11","011","2019","09","07","2","3","3","2","0","1","1","0","0","0","0",804303.06435300002,5828174.55286000017,13.48582827100,52.51852948100,"0"
"198616","11","0","11","011","2019","08","16","2","3","2","6","0","0","1","0","0","0","1",805511.26314000005,5833361.65242000017,13.50834876100,52.56434243200,"0"
"198617","11","0","02","002","2019","08","15","2","3","5","2","0","1","0","0","1","0","0",803466.78700000001,5827006.25700000022,13.47247593400,52.50852431100,"0"
"198618","11","0","04","004","2019","09","11","2","3","2","2","0","0","1","0","0","1","0",792490.94265200000,5824356.45863000024,13.30889384400,52.49076526700,"0"
"198619","11","0","06","006","2019","09","11","2","3","2","6","0","0","1","0","1","0","0",790054.64544700005,5819391.93630999979,13.26879560200,52.44755709700,"0"
"198620","11","0","10","010","2019","08","15","2","3","2","6","0","0","1","0","0","0","0",813230.69830799999,5830142.03048000019,13.61882842800,52.53110599300,"0"
"198621","11","0","06","006","2019","09","10","2","2","2","6","0","0","1","0","0","0","0",796742.49015299999,5818424.50719000027,13.36605613600,52.43529613200,"0"
"198622","11","0","09","009","2019","08","15","2","3","0","3","0","1","1","0","0","0","0",810488.32115099998,5820100.09018999897,13.56917620300,52.44268348300,"0"
"198623","11","0","01","001","2019","09","11","2","3","2","2","0","0","1","0","0","0","0",797772.46126300003,5829743.96559999976,13.39127462400,52.53620243300,"0"
"198624","11","0","01","001","2019","08","15","2","3","2","6","0","0","1","0","0","0","1",797165.08924100001,5831383.59487000108,13.38381297000,52.55123127000,"0"
"198625","11","0","08","008","2019","09","11","2","3","5","3","0","0","1","0","0","0","0",805268.65663200000,5817249.91287999973,13.49001954100,52.42007708900,"0"
"198626","11","0","05","005","2019","08","15","2","3","5","3","0","1","1","0","0","0","0",785421.33536799997,5833134.88319000043,13.21259365600,52.57321407300,"0"
"198627","11","0","12","012","2019","09","11","2","3","3","6","0","0","1","0","0","0","0",793403.27088099997,5832502.84121000022,13.32948090100,52.56330404900,"0"
"198628","11","0","07","007","2019","09","07","2","3","2","7","0","0","0","0","1","0","1",796407.42557500000,5824314.50697000045,13.36637224100,52.48827673600,"0"
"198629","11","0","06","006","2019","08","14","2","3","0","1","0","1","0","0","0","0","0",791400.79323900002,5817792.54863999970,13.28715249500,52.43250260200,"0"
"198630","11","0","04","004","2019","08","12","2","3","5","3","0","1","1","0","0","0","0",793598.71978399996,5827934.89646000043,13.32831878000,52.52224962400,"0"
"198631","11","0","09","009","2019","09","10","2","3","0","1","0","1","0","0","0","0","0",810822.06138199999,5820754.91162999906,13.57467972000,52.44836215400,"0"
"198632","11","0","01","001","2019","08","11","2","3","2","6","0","1","1","0","0","0","0",797818.90948799998,5827085.09348999895,13.38957631800,52.51234359900,"0"
"198633","11","0","01","001","2019","09","07","2","3","1","5","0","1","1","0","0","0","0",797614.41453199997,5827324.51372999977,13.38678597800,52.51460133000,"0"
"198634","11","0","02","002","2019","08","13","2","3","5","3","0","1","1","0","0","0","0",802416.37282399996,5828159.99077999964,13.45809448300,52.51944846100,"0"
"198635","11","0","09","009","2019","09","14","2","3","5","3","0","1","1","0","0","0","0",806231.88497400004,5820330.03490000032,13.50696069100,52.44714453600,"0"
"198636","11","0","06","006","2019","08","11","2","2","5","2","0","1","1","0","0","0","0",790266.02545099996,5818425.52245999966,13.27105762000,52.43878073700,"0"
"198637","11","0","01","001","2019","09","10","2","3","0","1","0","1","1","0","0","0","0",797923.37454600004,5829296.06300999969,13.39309156200,52.53210509300,"0"
"198638","11","0","11","011","2019","08","10","2","3","0","6","0","0","1","0","1","0","0",803642.63703800004,5829518.39367999975,13.47735201300,52.53094203400,"0"
"198639","11","0","10","010","2019","09","10","2","3","2","6","0","0","0","0","1","1","0",812374.43609300000,5824004.55833000038,13.60048892500,52.47659845900,"0"
"198640","11","0","01","001","2019","09","14","2","3","5","3","0","0","1","0","1","0","0",795049.75040500006,5827190.34853000101,13.34898314400,52.51479208100,"0"
"198641","11","0","02","002","2019","08","10","2","3","5","5","0","1","0","0","0","0","1",803578.73143799999,5827251.32359999977,13.47434380900,52.51065850300,"0"
"198642","11","0","02","002","2019","09","10","2","3","5","3","0","0","1","0","0","0","1",799332.81433800003,5825643.20131999999,13.41052184000,52.49859049700,"0"
"198643","11","0","08","008","2019","08","09","2","3","5","3","0","0","1","0","0","0","0",804756.50531399995,5818460.74184000026,13.48361480300,52.43121490300,"0"
"198644","11","0","10","010","2019","09","09","2","3","2","6","0","1","1","0","0","0","0",809581.40185899998,5824963.39924999978,13.56038700800,52.48678157900,"0"
"198645","11","0","01","001","2019","09","09","2","2","5","2","0","0","1","0","1","0","0",795118.30900000001,5828260.67300000042,13.35094008500,52.52434962900,"0"
"198646","11","0","04","004","2019","08","09","2","3","0","1","0","1","0","0","0","0","0",793790.13265199994,5826938.35802999977,13.33025185400,52.51321308200,"0"
"198647","11","0","04","004","2019","09","09","2","2","6","7","0","0","0","1","0","0","1",789630.80446500005,5826519.39125000034,13.26876797500,52.51168154500,"0"
"198648","11","0","12","012","2019","08","08","2","3","1","1","0","0","1","0","0","0","0",792267.41011699999,5833460.09638000000,13.31361524500,52.57249638900,"0"
"198649","11","0","04","004","2019","09","08","2","3","2","6","0","0","1","0","1","0","0",793993.33836299996,5824432.04801000096,13.33102488700,52.49063582500,"0"
"198650","11","0","02","002","2019","08","08","2","3","2","6","0","0","1","0","0","0","0",799111.50585900003,5825616.93525999971,13.40724786500,52.49847640000,"0"
"198651","11","0","09","009","2019","09","08","2","2","2","6","0","0","1","0","0","0","0",811044.58710700006,5820290.88858000003,13.57751152200,52.44407723300,"0"
"198652","11","0","04","004","2019","08","07","2","3","5","2","0","1","1","0","0","0","0",792924.68339499994,5824369.30831000023,13.31527521300,52.49064788300,"0"
"198653","11","0","04","004","2019","09","08","2","3","5","2","0","1","1","0","0","0","0",790879.53832800000,5826740.67080000043,13.28731017900,52.51300083700,"0"
"198654","11","0","07","007","2019","09","10","2","2","9","7","0","0","1","0","0","0","0",795814.90356699994,5820978.97618999891,13.35471308300,52.45869762800,"0"
"198655","11","0","06","006","2019","08","07","2","3","5","2","0","1","1","0","0","0","0",794097.14782900002,5817420.81312000006,13.32637269700,52.42772715100,"0"
"198656","11","0","02","002","2019","08","05","2","3","5","2","1","0","1","0","1","0","0",800631.43855800002,5827304.01721999981,13.43109409900,52.51276307000,"0"
"198657","11","0","02","002","2019","09","13","1","3","6","7","0","0","0","1","0","0","1",798919.34445900004,5825281.61010000017,13.40412464100,52.49557595700,"0"
"198658","11","0","02","002","2019","08","00","2","3","0","1","2","0","0","0","1","0","0",802369.51163399999,5827303.20535000041,13.45662736000,52.51179511500,"0"
"198659","11","0","03","003","2019","09","00","1","3","5","3","2","0","1","0","0","0","1",799320.84842199995,5829403.94995000027,13.41372915900,52.53230654200,"0"
"198660","11","0","03","003","2019","08","23","2","3","0","1","2","1","0","0","0","0","0",799601.39076700003,5834026.02025999967,13.42202356800,52.57358165300,"1"
"198661","11","0","06","006","2019","09","17","1","2","6","4","0","0","1","1","0","0","0",792302.12987900001,5816419.82414999977,13.29917304800,52.41971527000,"0"
"198662","11","0","01","001","2019","08","21","2","3","5","3","2","1","1","0","0","0","0",795897.27190599998,5831931.01090999972,13.36565704700,52.55682850500,"1"
"198663","11","0","01","001","2019","09","20","1","3","6","4","2","1","0","1","0","0","0",795353.99017500004,5830247.48921000026,13.35616930500,52.54203214300,"0"
"198664","11","0","04","004","2019","09","18","1","3","5","2","0","1","1","0","0","0","0",790741.62475600000,5826718.39211999997,13.28526416800,52.51287464000,"0"
"198665","11","0","11","011","2019","08","20","2","3","0","7","1","1","1","0","0","0","0",806756.23400000005,5827745.49899999984,13.52147380100,52.51330993300,"1"
"198666","11","0","08","008","2019","09","18","1","3","0","6","0","0","1","0","0","0","1",801432.40535000002,5823871.03968000039,13.43975468500,52.48155065400,"0"
"198667","11","0","06","006","2019","08","19","2","3","1","5","2","1","0","0","0","0","1",794836.86380000005,5820045.15699999966,13.33953568700,52.45085496400,"1"
"198668","11","0","10","010","2019","09","17","1","3","5","2","0","0","1","0","0","0","0",809347.38387999998,5834283.58217000030,13.56562292300,52.57043842800,"0"
"198669","11","0","05","005","2019","08","18","2","3","3","2","0","0","1","0","0","1","0",786537.85675899999,5831590.98091000039,13.22769036300,52.55878538200,"0"
"198670","11","0","10","010","2019","09","16","1","3","6","6","0","1","0","1","0","0","0",810268.17301100004,5830966.69115999993,13.57606567500,52.54019039100,"0"
"198671","11","0","12","012","2019","08","22","2","2","5","3","2","0","1","0","0","0","1",796289.47900000005,5833226.75700000022,13.37258237900,52.56823022000,"1"
"198672","11","0","11","011","2019","09","11","1","3","5","3","0","1","1","0","0","0","0",806999.50579199998,5825987.42604000028,13.52342633700,52.49741696500,"0"
"198673","11","0","02","002","2019","09","11","1","3","5","3","0","1","1","0","0","0","0",798186.11621400004,5826507.47690000013,13.39445385500,52.50696539200,"0"
"198674","11","0","02","002","2019","08","20","2","2","1","1","2","0","1","0","1","0","0",802462.82627099997,5827457.06037999969,13.45813803200,52.51312237700,"1"
"198675","11","0","05","005","2019","09","10","1","3","5","2","0","1","1","0","0","0","0",785783.74707299995,5829261.76917999983,13.21459215600,52.53829850100,"0"
"198676","11","0","05","005","2019","08","20","2","2","5","2","1","0","1","0","1","0","0",784665.78799999994,5829707.58000000007,13.19853526800,52.54288079900,"1"
"198677","11","0","01","001","2019","09","10","1","3","1","5","0","1","1","0","0","0","0",796934.83801099996,5829453.26312000025,13.37870166100,52.53405362700,"0"
"198678","11","0","10","010","2019","08","17","2","3","3","6","0","0","1","0","1","0","0",812210.99379099999,5830805.31892000046,13.60446797000,52.53763474900,"0"
"198679","11","0","09","009","2019","09","08","1","3","2","6","0","0","1","0","0","0","0",805487.84847299999,5821532.88946000021,13.49714727000,52.45834141400,"0"
"198680","11","0","03","003","2019","08","14","2","2","3","6","0","1","0","0","0","0","1",800047.52964900003,5837374.63731999975,13.43161967000,52.60335012500,"0"
"198681","11","0","02","002","2019","08","22","7","3","2","6","2","0","1","0","1","0","0",803653.60799000005,5827412.10500000045,13.47559042000,52.51205787100,"0"
"198682","11","0","01","001","2019","08","21","7","2","5","3","2","1","0","0","0","0","1",798875.37971500005,5828559.67774999980,13.40642254800,52.52498330900,"0"
"198683","11","0","08","008","2019","08","13","2","2","2","6","0","1","1","0","0","0","0",801318.22282100003,5823538.29305000044,13.43777769000,52.47863118100,"0"
"198684","11","0","04","004","2019","08","08","2","2","3","6","0","1","1","0","0","0","0",792625.78155199997,5827383.71324000042,13.31353480200,52.51783146900,"0"
"198685","11","0","02","002","2019","08","21","7","3","0","1","2","0","0","0","1","0","0",803312.44792099996,5826753.06469999999,13.46997812800,52.50634082700,"0"
"198686","11","0","03","003","2019","08","20","7","3","1","5","1","0","1","0","0","0","0",796312.82284299994,5835124.27814999968,13.37462172000,52.58522664700,"0"
"198687","11","0","07","007","2019","08","05","2","3","0","3","1","0","1","0","1","0","0",799987.41286899999,5814600.75843000039,13.41021924500,52.39925139500,"0"
"198688","11","0","11","011","2019","08","19","7","2","0","7","1","0","0","1","0","0","1",806570.59200199996,5833534.73462999891,13.52408804000,52.56529817600,"0"
"198689","11","0","01","001","2019","08","07","2","3","6","2","0","1","0","1","0","0","0",796956.82886999997,5826851.48532999959,13.37670194300,52.51071956000,"0"
"198690","11","0","04","004","2019","08","18","7","3","5","3","0","0","1","0","0","0","0",791676.23143299995,5823237.92258999962,13.29594961100,52.48117360700,"0"
"198691","11","0","08","008","2019","08","18","7","2","5","3","0","1","0","0","0","0","1",801401.91579000000,5820270.16475000046,13.43605491300,52.44929187500,"0"
"198692","11","0","08","008","2019","08","13","1","3","2","6","0","0","1","0","1","0","0",800973.28726799996,5822233.64181999955,13.43153689000,52.46712737100,"0"
"198693","11","0","08","008","2019","08","17","7","3","1","5","0","1","0","0","0","0","1",801898.57577000000,5822395.41832000017,13.44526276200,52.46806691300,"0"
"198694","11","0","10","010","2019","08","17","7","3","5","2","0","1","1","0","0","0","0",810692.66166900005,5826244.57550999895,13.57789471800,52.49763164300,"0"
"198695","11","0","06","006","2019","08","08","1","3","5","2","0","1","1","0","0","0","0",790147.03679399996,5819783.75803999975,13.27049160300,52.45102086700,"0"
"198696","11","0","04","004","2019","08","17","7","3","2","6","0","1","1","0","0","0","0",793767.01138599997,5825839.66026000027,13.32894248400,52.50337625600,"0"
"198697","11","0","04","004","2019","08","23","1","3","2","6","2","0","1","0","0","0","0",794108.76717000001,5825981.75121999998,13.33408845600,52.50446591800,"0"
"198698","11","0","11","011","2019","08","16","7","2","5","3","0","0","1","0","1","0","0",806921.28495400003,5834063.53732000012,13.52973492800,52.56983971900,"0"
"198699","11","0","01","001","2019","08","15","7","3","5","3","0","1","0","0","1","0","0",794514.55667399999,5830657.13980999961,13.34419046600,52.54615873900,"0"
"198700","11","0","01","001","2019","08","22","1","3","5","3","2","1","0","0","1","0","0",794025.25800000003,5828224.26400000043,13.33484321700,52.52461379900,"0"
"198701","11","0","01","001","2019","08","14","7","3","0","1","0","0","0","0","1","0","0",799909.82885499997,5826747.84884999972,13.41999136600,52.50817514100,"0"
"198702","11","0","06","006","2019","08","19","1","3","0","2","0","1","1","0","0","0","0",794456.55221999995,5821342.74557999987,13.33509988500,52.46269220800,"0"
"198703","11","0","01","001","2019","08","13","7","3","5","3","0","1","1","0","0","0","0",797692.23430400004,5831313.48586000036,13.39150181000,52.55031499600,"0"
"198704","11","0","01","001","2019","08","18","1","3","1","5","0","1","1","0","0","0","0",794669.83383500006,5826061.60656000022,13.34240142900,52.50487904400,"0"
"198705","11","0","08","008","2019","08","13","7","3","6","4","0","1","0","1","0","0","0",800987.15731200005,5817046.68761000037,13.42706816200,52.42062697500,"0"
"198706","11","0","04","004","2019","08","13","7","3","2","6","0","0","1","0","0","0","0",792913.37637800002,5824383.50973999966,13.31512163900,52.49078126200,"0"
"198707","11","0","05","005","2019","08","17","1","3","5","2","0","0","1","0","1","0","0",781546.81859299995,5830699.45866999961,13.15350665900,52.55339519700,"0"
"198708","11","0","12","012","2019","08","17","1","3","0","1","0","0","0","0","1","0","0",792372.45420499996,5835867.44778999966,13.31728466100,52.59402078200,"0"
"198709","11","0","02","002","2019","08","13","7","3","1","5","0","1","1","0","0","0","0",798362.92357400001,5826308.89976000041,13.39687321600,52.50508874300,"0"
"198710","11","0","08","008","2019","08","13","7","3","2","6","0","0","1","0","0","0","0",801325.86768200004,5820387.48400999978,13.43504510700,52.45038536500,"0"
"198711","11","0","06","006","2019","08","17","1","3","2","6","0","0","1","0","1","0","0",790208.71106100001,5815125.84477000032,13.26735417800,52.40922840500,"0"
"198712","11","0","01","001","2019","08","13","7","3","1","6","0","0","1","0","0","0","0",797000.71829600004,5831896.64355999976,13.38185484100,52.55591979000,"0"
"198713","11","0","06","006","2019","08","15","1","3","5","3","0","0","1","0","1","0","0",793289.87890600006,5821667.26185000036,13.31826196300,52.46622884900,"0"
"198714","11","0","01","001","2019","08","12","7","3","2","6","0","0","1","0","0","0","0",797162.96639199997,5831385.46688000020,13.38378342900,52.55124920800,"0"
"198715","11","0","02","002","2019","08","12","7","3","2","6","0","0","1","0","0","0","0",800823.17541699996,5826476.88999000099,13.43316346800,52.50524361100,"0"