OBJECTID,ULAND,UREGBEZ,UKREIS,UGEMEINDE,UJAHR,UMONAT,USTUNDE,UWOCHENTAG,UKATEGORIE,UART,UTYP1,ULICHTVERH,IstRad,IstPKW,IstFuss,IstKrad,IstGkfz,IstSonstig,LINREFX,LINREFY,XGCSWGS84,YGCSWGS84,STRZUSTAND
"198896","11","0","09","009","2019","09","11","7","3","0","1","0","1","0","0","0","0","0",809134.06578800001,5819509.34100999963,13.54876879400,52.43815645100,"0"
"198897","11","0","01","001","2019","09","10","7","3","1","1","0","1","1","0","0","0","0",797815.91174899996,5829270.52802000009,13.39148912900,52.53193492900,"0"
"198898","11","0","07","007","2019","09","09","7","3","5","3","0","1","1","0","0","0","0",793974.12738399999,5822306.11472999956,13.32886822500,52.47158815800,"0"
"198899","11","0","08","008","2019","09","14","7","3","6","7","0","0","1","1","0","0","0",806573.03220200003,5815723.31242000032,13.50774245500,52.40566587100,"0"
"198900","11","0","02","002","2019","09","01","7","3","1","5","2","1","1","0","0","0","1",797690.86064099998,5824591.38475999981,13.38546580200,52.49006031200,"0"
"198901","11","0","02","002","2019","09","22","6","3","1","1","2","0","1","0","0","0","1",798312.55374400003,5824393.81034000032,13.39441825000,52.48794993300,"0"
"198902","11","0","02","002","2019","09","21","6","3","0","1","2","1","0","0","0","0","0",799173.08622299996,5826260.65407000110,13.40873060700,52.50421266300,"0"
"198903","11","0","02","002","2019","09","21","6","3","5","2","2","1","1","0","0","0","0",802753.67404600000,5826107.63044000044,13.46118365500,52.50086620300,"0"
"198904","11","0","03","003","2019","09","20","6","2","5","2","2","0","1","0","1","0","0",803848.13824799994,5841440.47561999969,13.49130307400,52.63767917900,"0"
"198905","11","0","03","003","2019","09","11","6","3","5","3","0","1","1","0","0","0","0",799177.27161800000,5830743.54310000036,13.41282493300,52.54439276300,"0"
"198906","11","0","01","001","2019","09","11","6","2","6","2","0","0","1","1","0","0","0",797919.12072999997,5827278.64374000020,13.39122190200,52.51402381300,"0"
"198907","11","0","04","004","2019","09","11","6","3","3","6","0","0","1","0","1","0","0",793959.90667800000,5823446.82074000034,13.32966497200,52.48182173100,"0"
"198908","11","0","01","001","2019","09","10","6","3","2","6","0","0","1","0","0","0","0",794877.48112300003,5832005.64144000039,13.35072463300,52.55805064900,"0"
"198909","11","0","07","007","2019","09","19","6","3","1","5","2","0","1","0","0","0","1",799836.91116799996,5820459.63425999973,13.41326553900,52.45185076000,"0"
"198910","11","0","01","001","2019","09","15","6","2","0","1","0","0","0","0","0","0","1",797024.10382700001,5826580.96069000103,13.37744892400,52.50825797000,"0"
"198911","11","0","01","001","2019","09","09","6","3","2","2","0","0","0","0","1","1","0",800080.10695699998,5826452.34463000018,13.42222639500,52.50543278800,"0"
"198912","11","0","02","002","2019","09","19","6","3","6","4","1","0","1","1","0","0","0",798450.90824599995,5824555.35962000024,13.39659449800,52.48932240100,"0"
"198913","11","0","09","009","2019","09","19","6","3","5","2","1","1","1","0","0","0","0",806104.98902700003,5819162.60589999985,13.50403004500,52.43675252700,"0"
"198914","11","0","01","001","2019","09","08","6","3","2","2","0","1","1","0","0","0","0",799091.11943399999,5828975.06713000033,13.40996667300,52.52858835300,"0"
"198915","11","0","01","001","2019","09","14","6","3","2","6","0","0","1","0","0","0","0",793573.89599999995,5829815.23900000006,13.32961451400,52.53911927600,"0"
"198916","11","0","01","001","2019","09","08","6","3","3","6","0","0","1","0","1","0","0",796699.34346400003,5831951.31974999979,13.37747143800,52.55657416900,"0"
"198917","11","0","01","001","2019","09","14","6","3","1","7","0","1","1","0","0","0","0",800108.95678799995,5826881.93247000035,13.42303745000,52.50926748100,"0"
"198918","11","0","02","002","2019","09","08","6","3","0","7","0","0","0","0","0","1","0",800617.94634200004,5827208.75977999996,13.43080983300,52.51191668700,"0"
"198919","11","0","11","011","2019","09","18","6","2","6","4","0","0","1","1","0","0","0",805182.00088099996,5829607.71930000000,13.50005675600,52.53088299200,"0"
"198920","11","0","08","008","2019","09","07","6","2","6","4","0","0","1","1","0","0","0",800517.19749100006,5816503.81240000017,13.41969058900,52.41601914800,"0"
"198921","11","0","04","004","2019","09","14","6","3","5","3","0","1","1","0","0","0","0",793216.84333499998,5827791.51121000107,13.32258006200,52.52116972800,"0"
"198922","11","0","08","008","2019","09","18","6","3","1","5","0","0","1","0","0","0","0",800393.34106600005,5821713.80183999985,13.42255749000,52.46278697900,"0"
"198923","11","0","01","001","2019","09","14","6","3","2","6","0","0","1","0","0","0","0",796244.36840399995,5831948.85254000034,13.37077783000,52.55679973600,"0"
"198924","11","0","09","009","2019","09","06","6","3","5","3","0","0","1","0","0","0","0",806937.88486400002,5822299.18965000100,13.51912622800,52.46439681800,"0"
"198925","11","0","07","007","2019","09","16","6","3","2","2","0","1","1","0","0","0","0",794562.96297300002,5825786.13231999986,13.34058773100,52.50246729800,"0"
"198926","11","0","04","004","2019","09","13","6","3","5","2","0","1","1","0","0","0","0",790677.25849899999,5822691.54848000035,13.28080463200,52.47680798700,"0"
"198927","11","0","10","010","2019","09","12","6","3","2","6","0","0","1","0","0","0","0",809579.66707400000,5825096.55006000027,13.56048521500,52.48797582400,"0"
"198928","11","0","03","003","2019","09","16","6","3","5","2","0","1","1","0","0","0","0",802307.55564200005,5832626.48694999982,13.46055933500,52.55954156100,"0"
"198929","11","0","05","005","2019","09","12","6","2","5","2","0","0","1","0","0","0","0",785637.13572699996,5828028.70084999967,13.21137668400,52.52731987700,"0"
"198930","11","0","01","001","2019","09","16","6","3","9","1","0","0","1","1","0","0","0",797157.34901899996,5831905.61460999958,13.38416640000,52.55591476500,"0"
"198931","11","0","12","012","2019","09","12","6","3","2","6","0","0","1","0","0","0","1",792067.92874100001,5832942.15837000031,13.31022401700,52.56796034700,"0"
"198932","11","0","01","001","2019","09","16","6","3","5","2","0","1","1","0","0","0","0",794509.85177099996,5830643.20136000030,13.34410892400,52.54603633400,"0"
"198933","11","0","10","010","2019","09","12","6","3","2","2","0","0","1","0","1","0","0",812069.95331500005,5830895.59076000005,13.60247998100,52.53852446300,"0"
"198934","11","0","04","004","2019","09","11","6","2","3","6","0","0","1","0","1","0","0",790476.79686899995,5826782.48644999973,13.28142864400,52.51359034900,"0"
"198935","11","0","01","001","2019","09","15","6","3","0","1","0","1","0","0","0","0","0",798718.97794899996,5829543.15832000040,13.40500773100,52.53388452100,"0"
"198936","11","0","04","004","2019","09","15","6","2","5","2","0","1","1","0","0","0","0",792090.99592100002,5825291.91046999954,13.30384023600,52.49936558700,"0"
"198937","11","0","04","004","2019","09","12","6","3","5","2","0","1","0","0","0","1","0",793674.29500000004,5825995.31099999975,13.32771774300,52.50482150200,"0"
"198938","11","0","01","001","2019","09","19","6","1","9","7","1","0","1","1","0","0","1",798113.96775399998,5829348.00939000025,13.39593959500,52.53246651800,"0"
"198939","11","0","04","004","2019","09","06","5","2","0","7","0","1","1","0","0","0","0",792742.65440600005,5823123.80778000038,13.31150799400,52.47957993900,"0"
"198940","11","0","01","001","2019","09","04","5","2","6","2","2","0","1","1","0","0","0",799662.88363199995,5827043.62643999979,13.41662999000,52.51096203000,"1"
"198941","11","0","07","007","2019","09","22","5","3","5","2","2","0","1","0","0","0","0",798893.60902400000,5821213.68274000008,13.40010067900,52.45912643900,"0"
"198942","11","0","02","002","2019","09","20","5","3","2","6","2","0","1","0","0","0","0",798296.18918600003,5825339.95964000002,13.39502501700,52.49643991900,"0"
"198943","11","0","06","006","2019","09","20","5","3","5","2","2","1","1","0","0","0","0",790352.31067399995,5820678.94316000026,13.27428219200,52.45893742300,"0"
"198944","11","0","12","012","2019","09","18","5","2","0","7","0","1","0","0","0","0","0",791061.45676900004,5833909.29119000025,13.29626525000,52.57716957900,"0"
"198945","11","0","10","010","2019","09","18","5","2","5","3","0","0","1","0","0","0","0",809838.25857199996,5825689.29366999958,13.56483257100,52.49314110700,"0"
"198946","11","0","03","003","2019","09","21","5","3","5","3","2","1","1","0","0","0","0",800962.48581300001,5829193.91645000037,13.43766759200,52.52952004900,"0"
"198947","11","0","06","006","2019","09","10","5","3","5","2","0","1","1","0","0","0","0",795189.61910500005,5818764.68912000023,13.34358019100,52.43918594000,"0"
"198948","11","0","01","001","2019","09","17","5","3","5","3","0","1","0","0","0","0","0",794303.14014999999,5828462.65476000030,13.33913828600,52.52660089400,"1"
"198949","11","0","10","010","2019","09","17","5","3","2","6","0","0","1","0","0","0","0",809717.43136399996,5826033.11301000044,13.56337819100,52.49629087300,"0"
"198950","11","0","01","001","2019","09","12","5","3","2","6","0","0","1","0","0","0","0",795400.86997600005,5830610.89940000046,13.35718173500,52.54526438200,"0"
"198951","11","0","12","012","2019","09","11","5","3","5","2","0","1","1","0","0","0","0",794565.14557000005,5833792.47396999970,13.34771735900,52.57423722300,"0"
"198952","11","0","03","003","2019","09","11","5","3","5","2","0","1","1","0","0","0","0",799135.51321600005,5830601.34955000039,13.41208294000,52.54314114600,"0"
"198953","11","0","03","003","2019","09","09","5","3","5","3","0","1","1","0","0","0","0",797885.16218400002,5834642.22714999970,13.39732757100,52.58004710800,"0"
"198954","11","0","10","010","2019","09","09","5","3","2","6","0","0","1","0","0","1","0",808094.68829399999,5830922.34224999975,13.54407834300,52.54102610500,"0"
"198955","11","0","04","004","2019","09","08","5","3","3","6","0","0","1","0","0","0","0",790151.28321300005,5826070.44378000032,13.27602456800,52.50738006000,"0"
"198956","11","0","06","006","2019","09","08","5","3","2","6","0","0","1","0","0","1","0",792224.32464500004,5816651.02063000109,13.29823411400,52.42182949800,"0"
"198957","11","0","07","007","2019","09","08","5","3","5","2","0","1","1","0","0","0","0",800253.76072499994,5821586.11646999978,13.42039429500,52.46171918600,"0"
"198958","11","0","03","003","2019","09","08","5","3","0","2","0","1","1","0","0","0","0",796916.29006000003,5835822.40180999972,13.38412833900,52.59115542700,"0"
"198959","11","0","09","009","2019","09","08","5","3","0","2","0","0","1","0","1","0","0",806491.13539199997,5820058.82338999957,13.51051457900,52.44456856800,"1"
"198960","11","0","05","005","2019","09","08","5","2","5","3","0","1","0","0","0","0","1",788001.85483900004,5830207.93585000094,13.24802661500,52.54561352200,"0"
"198961","11","0","04","004","2019","09","17","5","3","0","5","0","0","0","0","1","0","1",789816.81545700005,5824903.04021000024,13.27009425000,52.49709183500,"0"
"198962","11","0","08","008","2019","09","17","5","3","5","3","0","0","1","0","0","0","0",799906.61756599997,5816245.14011000097,13.41050795400,52.41403538100,"0"
"198963","11","0","12","012","2019","09","17","5","3","5","2","0","1","1","0","0","0","0",787290.00512300001,5837899.62437000033,13.24422503900,52.61494868700,"0"
"198964","11","0","04","004","2019","09","17","5","2","6","7","0","0","1","1","0","0","0",793599.84177000006,5823944.75420000032,13.32481665200,52.48647922100,"0"
"198965","11","0","04","004","2019","09","17","5","3","5","3","0","0","1","0","0","0","0",792090.83262899995,5825281.77876999974,13.30382895100,52.49927484500,"0"
"198966","11","0","05","005","2019","09","16","5","2","0","1","0","1","0","0","0","0","0",783826.61303699994,5823585.92214999907,13.18097191400,52.48843065400,"0"
"198967","11","0","05","005","2019","09","07","5","3","5","3","0","1","1","0","0","0","0",780779.14522199996,5820414.77663999982,13.13353830400,52.46157160300,"0"
"198968","11","0","04","004","2019","09","15","5","3","6","4","0","0","1","1","0","0","0",794436.52974400006,5825886.93867999967,13.33881959500,52.50343920500,"0"
"198969","11","0","09","009","2019","09","07","5","2","6","4","0","0","1","1","0","0","0",811649.51069100003,5820424.13460000046,13.58650726200,52.44492689900,"0"
"198970","11","0","05","005","2019","09","15","6","2","5","3","0","0","1","0","1","0","0",785088.23854199995,5829871.68996000011,13.20488861700,52.54413130900,"0"
"198971","11","0","10","010","2019","09","15","5","3","6","2","0","0","1","1","0","0","0",812237.76935900003,5830686.17905999999,13.60474953300,52.53655178700,"0"
"198972","11","0","01","001","2019","09","15","6","3","1","5","0","1","1","0","0","0","0",794363.24581500003,5828435.88697000034,13.33999801100,52.52632848800,"0"
"198973","11","0","06","006","2019","09","15","6","3","5","3","0","1","1","0","0","0","0",782334.55659299996,5815313.24854000006,13.15206187500,52.41502655900,"0"
"198974","11","0","09","009","2019","09","07","5","3","0","1","0","0","0","0","1","0","0",809101.90548500000,5821545.98682000022,13.55018151500,52.45642689000,"1"
"198975","11","0","01","001","2019","09","15","5","3","5","2","0","1","1","0","0","0","0",797317.65529200004,5831634.20316000003,13.38628089400,52.55339440800,"0"
"198976","11","0","01","001","2019","09","21","6","3","2","6","2","0","1","0","0","0","0",799773.02985799999,5827532.77991999965,13.41868878600,52.51528600400,"0"
"198977","11","0","04","004","2019","09","15","5","3","5","3","0","0","1","0","0","0","0",791699.35053599998,5828394.77562000044,13.30080711800,52.52739179400,"0"
"198978","11","0","10","010","2019","09","06","5","3","5","3","1","0","1","0","0","0","0",812935.66460899997,5830025.09226000030,13.61438319800,52.53022755500,"1"
"198979","11","0","04","004","2019","09","07","5","3","5","2","0","1","1","0","0","0","0",793312.83334300003,5823634.54788000043,13.32032901900,52.48385259900,"1"
"198980","11","0","06","006","2019","09","11","5","3","0","1","0","1","0","0","0","0","0",793733.97955199995,5821072.30114000011,13.32425684800,52.46065667100,"0"
"198981","11","0","02","002","2019","09","14","5","3","5","5","0","1","1","0","0","0","0",798318.17718799994,5824281.80444999970,13.39440056900,52.48694286600,"0"
"198982","11","0","06","006","2019","09","16","5","3","5","2","0","1","1","0","0","0","0",790387.90791399998,5820839.82584999967,13.27494458900,52.46036085800,"0"
"198983","11","0","06","006","2019","09","15","5","3","6","4","0","1","0","1","0","0","0",787606.68298200006,5818080.59583000094,13.23174691000,52.43709325200,"0"
"198984","11","0","06","006","2019","09","06","5","2","2","7","0","0","1","0","0","0","1",789969.78962599998,5816232.01200999971,13.26480986200,52.41927224800,"1"
"198985","11","0","07","007","2019","09","16","5","3","2","2","0","1","1","0","0","0","0",794860.45860300004,5824286.13833000045,13.34363012400,52.48886015400,"0"
"198986","11","0","07","007","2019","09","14","5","3","5","7","0","0","0","0","1","0","1",795520.02599999995,5824366.93200000003,13.35338751600,52.48922777000,"0"
"198987","11","0","01","001","2019","09","16","5","3","0","5","0","0","1","0","1","0","0",799525.14550300001,5827882.93532000016,13.41536196800,52.51856079600,"0"
"198988","11","0","07","007","2019","09","14","5","3","5","3","0","1","1","0","0","0","0",796317.43429000000,5824924.64933000039,13.36559334900,52.49379496600,"0"
"198989","11","0","04","004","2019","09","16","5","2","5","2","0","0","1","0","0","0","1",791860.00910100003,5827450.85639999993,13.30234024600,52.51884376300,"0"
"198990","11","0","09","009","2019","09","14","5","3","0","2","0","0","1","0","1","0","0",806318.25691999996,5820929.40079000033,13.50877722900,52.45246792600,"0"
"198991","11","0","07","007","2019","09","15","5","3","0","6","0","0","1","0","0","0","1",796815.01760799997,5822356.34491000045,13.37061442000,52.47050223400,"0"
"198992","11","0","12","012","2019","09","15","5","3","2","2","0","0","1","0","1","0","0",790950.62404699996,5833803.84482999891,13.29454174100,52.57628354100,"0"
"198993","11","0","04","004","2019","09","06","5","3","0","1","0","0","0","0","1","0","0",790238.64647899999,5828094.39828999899,13.27907378500,52.52547853200,"1"
"198994","11","0","12","012","2019","09","06","5","3","5","3","0","0","1","0","1","0","0",792459.99679200002,5835351.61596999969,13.31811791200,52.58934953500,"1"
"198995","11","0","05","005","2019","09","15","5","3","1","5","0","1","1","0","0","0","0",784779.25558500004,5830471.79903000034,13.20085921700,52.54967345300,"0"
"198996","11","0","11","011","2019","09","15","5","3","1","5","0","0","1","0","0","0","0",802870.89293400000,5828733.70626000036,13.46529514100,52.52433834700,"0"
"198997","11","0","12","012","2019","09","06","5","2","0","3","1","0","1","0","1","0","0",796397.33939300000,5832691.14749999996,13.37369058500,52.56337036100,"1"
"198998","11","0","03","003","2019","09","14","5","3","5","3","0","0","1","0","0","0","0",804371.69798299996,5840424.59996999893,13.49808039600,52.62828142600,"0"
"198999","11","0","08","008","2019","09","18","5","2","0","7","1","0","0","0","1","0","0",801261.52725799999,5819679.71074000001,13.43346294400,52.44407681000,"1"
"199000","11","0","11","011","2019","09","14","5","2","6","4","0","1","0","1","0","0","0",805049.05434000003,5826744.56152999960,13.49547771700,52.50529645300,"0"
"199001","11","0","02","002","2019","09","13","5","3","5","3","0","1","0","0","0","0","1",801767.78000000003,5826253.66700000037,13.44683610400,52.50272122600,"0"
"199002","11","0","11","011","2019","09","13","5","2","5","3","0","1","1","0","0","0","0",805186.44799999997,5829419.15400000010,13.49994901600,52.52919050400,"0"
"199003","11","0","12","012","2019","09","14","5","3","5","3","0","1","1","0","0","0","0",792104.82764899998,5837987.67647000030,13.31521603600,52.61317145900,"0"
"199004","11","0","01","001","2019","09","13","5","3","2","6","0","0","1","0","0","0","0",795425.00945500005,5831585.77199000027,13.35840398600,52.55399014900,"0"
"199005","11","0","12","012","2019","09","11","5","3","3","6","0","0","1","0","0","1","0",793380.70700000005,5832503.05399999954,13.32914916800,52.56331811600,"0"
"199006","11","0","02","002","2019","09","11","5","3","2","6","0","1","0","0","0","0","0",800602.46903100004,5827039.54134999961,13.43042961800,52.51040846300,"0"
"199007","11","0","04","004","2019","09","23","5","2","5","7","2","0","1","0","0","0","0",791018.74960300000,5824869.10381999984,13.28771985900,52.49614799700,"0"
"199008","11","0","01","001","2019","09","14","5","3","6","4","0","0","0","1","0","0","1",794441.44501699996,5828357.57213999983,13.34107801300,52.52558422000,"0"
"199009","11","0","10","010","2019","09","15","5","3","5","3","0","1","1","0","0","0","0",812014.31050699996,5830885.12294000015,13.60165239700,52.53846251800,"0"
"199010","11","0","02","002","2019","09","12","4","3","2","6","0","1","1","0","0","0","0",800761.12403399998,5828450.76838999894,13.43403604200,52.52297018400,"0"
"199011","11","0","02","002","2019","09","20","5","3","5","3","2","0","1","0","0","0","0",798181.27024900005,5826512.42337999959,13.39438709700,52.50701237900,"0"
"199012","11","0","01","001","2019","09","14","4","3","3","3","0","1","1","0","0","0","0",799083.26188999997,5829018.16798999906,13.40988996200,52.52897899900,"0"
"199013","11","0","03","003","2019","09","19","5","3","0","4","2","0","0","1","1","0","0",799472.93682299997,5831859.93260999955,13.41817865600,52.55423696000,"0"
"199014","11","0","07","007","2019","09","18","5","2","3","6","0","0","1","0","0","0","0",794959.99653999996,5824119.39759999979,13.34494427600,52.48731166100,"0"
"199015","11","0","01","001","2019","09","20","4","3","3","6","2","0","1","0","0","0","0",798440.80039200000,5829047.18704000022,13.40047351100,52.52959121200,"0"
"199016","11","0","01","001","2019","09","19","4","3","5","2","0","1","1","0","0","0","0",794610.77215300000,5829870.92363999970,13.34490798500,52.53905886900,"0"
"199017","11","0","04","004","2019","09","18","5","3","5","3","0","0","1","0","0","0","0",790953.37988300005,5824833.66466999892,13.28672870900,52.49586513800,"0"
"199018","11","0","05","005","2019","09","18","5","2","5","3","0","1","1","0","0","0","0",783047.97757200000,5827281.90263999999,13.17267751800,52.52197438700,"0"
"199019","11","0","07","007","2019","09","19","4","2","1","5","0","0","1","0","0","0","0",799799.87102900003,5820465.20978000015,13.41272711000,52.45192105200,"0"
"199020","11","0","06","006","2019","09","17","5","2","5","2","0","0","1","0","1","0","0",790159.66680600005,5815444.93826000020,13.26691174800,52.41211519800,"0"
"199021","11","0","01","001","2019","09","18","4","3","1","5","0","1","0","0","0","1","1",797978.09686599998,5828497.11998999957,13.39317986700,52.52491369000,"0"
"199022","11","0","12","012","2019","09","17","5","2","6","4","0","0","1","1","0","0","0",796586.66591099999,5833580.74301999994,13.37727083800,52.57124146100,"0"
"199023","11","0","12","012","2019","09","18","4","3","2","6","0","0","1","0","0","0","0",796644.80878500000,5832450.28357999958,13.37711537500,52.56107651900,"0"
"199024","11","0","04","004","2019","09","10","5","3","1","5","0","1","1","0","0","0","0",791536.39160900004,5825100.98694000021,13.29552622200,52.49795054600,"0"
"199025","11","0","04","004","2019","09","18","4","3","1","5","0","0","1","0","0","0","0",791813.68278499995,5826919.66340999957,13.30119353000,52.51410650500,"0"
"199026","11","0","04","004","2019","09","10","5","3","5","3","0","0","1","0","1","0","0",793439.65499399998,5823835.30834999960,13.32236799200,52.48558419900,"0"
"199027","11","0","05","005","2019","09","10","5","3","5","3","0","0","1","0","1","0","0",782822.86998399999,5828571.96984000038,13.17046597700,52.53365836700,"1"
"199028","11","0","08","008","2019","09","18","4","3","5","3","0","0","1","0","1","0","0",805698.25093400001,5816979.99160000030,13.49607051500,52.41741810300,"0"
"199029","11","0","04","004","2019","09","18","4","3","2","6","0","0","1","0","0","0","0",793976.85859500000,5824691.00296000019,13.33101134300,52.49296610400,"0"
"199030","11","0","01","001","2019","09","09","5","3","3","6","0","0","1","0","0","0","0",794526.25022100005,5831578.96136999968,13.34518006400,52.55441586200,"0"
"199031","11","0","05","005","2019","09","18","4","3","3","6","0","0","0","0","1","0","1",784940.05550799996,5829395.12461000029,13.20230061900,52.53993597600,"0"
"199032","11","0","03","003","2019","09","09","5","3","5","3","0","1","1","0","0","0","0",801415.37147799996,5830908.65168000013,13.44587880900,52.54463912300,"0"
"199033","11","0","09","009","2019","09","17","4","3","5","2","0","0","1","0","1","0","0",807079.32128799998,5822532.69739999995,13.52141645400,52.46641010700,"0"
"199034","11","0","04","004","2019","09","09","5","3","3","6","0","0","0","0","1","0","1",790142.58730400004,5827332.63162000012,13.27699730600,52.51870035000,"0"
"199035","11","0","01","001","2019","09","17","4","3","5","2","0","1","0","0","1","0","0",799774.10600000003,5826561.65799999982,13.41782991500,52.50658082500,"0"
"199036","11","0","08","008","2019","09","07","5","3","2","7","0","1","1","0","0","0","0",802316.05275799998,5819329.01762999967,13.44861372300,52.44035150100,"0"
"199037","11","0","03","003","2019","09","16","4","2","5","3","0","1","1","0","0","0","0",795890.37718499999,5836466.66282999981,13.36960376100,52.59748958000,"0"
"199038","11","0","01","001","2019","09","08","5","3","5","3","0","1","0","0","1","0","0",799350.04233400000,5828621.44632000010,13.41345372000,52.52527656900,"1"
"199039","11","0","02","002","2019","09","07","5","3","5","2","0","1","1","0","0","0","0",797943.05114800006,5825259.13602000009,13.38976627500,52.49590832600,"1"
"199040","11","0","04","004","2019","09","16","4","3","2","3","0","1","1","0","0","0","0",791451.26805700001,5825070.67496000044,13.29424930700,52.49772426900,"0"
"199041","11","0","12","012","2019","09","05","5","2","0","3","2","1","1","0","0","0","0",793471.32666000002,5832412.12404999975,13.33040178200,52.56245414500,"1"
"199042","11","0","02","002","2019","09","16","4","3","1","5","0","1","1","0","0","0","0",799553.65896699997,5826112.81809000019,13.41418780300,52.50267873300,"0"
"199043","11","0","01","001","2019","09","16","5","2","6","4","0","1","0","1","0","0","0",794635.47024699999,5827606.90811999980,13.34326469800,52.51875021200,"0"
"199044","11","0","01","001","2019","09","08","4","3","3","6","0","1","1","0","0","0","0",797615.09663699998,5828331.11665000021,13.38769655200,52.52362394100,"0"
"199045","11","0","08","008","2019","09","15","4","3","3","6","0","1","0","0","0","0","0",800340.00419200002,5819243.08624000009,13.41955296400,52.44067004800,"0"
"199046","11","0","09","009","2019","09","15","4","3","0","3","0","1","0","0","0","0","1",809317.35314300004,5819371.46910999902,13.55132897300,52.43681723200,"0"
"199047","11","0","06","006","2019","09","15","4","3","5","3","0","1","1","0","0","0","0",793150.83230699995,5820833.71262999903,13.31548889300,52.45883092700,"0"
"199048","11","0","08","008","2019","09","16","4","3","2","2","0","1","0","0","0","0","1",801047.94504599995,5822427.43104000017,13.43280742300,52.46882323500,"0"
"199049","11","0","01","001","2019","09","15","4","3","2","2","0","1","0","0","0","0","1",798674.13922100002,5827587.34210000001,13.40259204600,52.51637795500,"0"
"199050","11","0","04","004","2019","09","21","4","3","2","6","2","0","1","0","0","0","0",792952.39096600004,5830401.10816000029,13.32099358200,52.54470580600,"0"
"199051","11","0","09","009","2019","09","12","4","3","5","2","0","1","1","0","0","0","0",814202.65489699994,5821326.77091000043,13.62479814700,52.45155439700,"0"
"199052","11","0","01","001","2019","09","21","4","3","5","3","2","0","1","0","0","0","0",797990.97456300003,5826785.84657000098,13.39183637600,52.50956725100,"0"
"199053","11","0","05","005","2019","09","20","4","3","6","4","2","1","0","1","0","0","0",783391.74315500003,5826748.95113999955,13.17727660600,52.51701724300,"0"
"199054","11","0","07","007","2019","09","11","4","3","6","2","0","0","1","1","0","0","0",794227.61754300003,5822417.87906999979,13.33268794600,52.47245359500,"0"
"199055","11","0","01","001","2019","09","11","4","2","2","2","0","0","0","0","1","0","0",796492.66710500000,5830527.07020999957,13.37316009100,52.54391988300,"0"
"199056","11","0","11","011","2019","09","20","4","3","5","2","2","0","1","0","1","0","0",804272.25367699994,5827873.91031999979,13.48510064900,52.51585213000,"0"
"199057","11","0","01","001","2019","09","10","4","3","2","3","0","0","1","0","0","0","1",794315.15094800002,5830463.33134000003,13.34108660900,52.54452914200,"0"
"199058","11","0","04","004","2019","09","20","4","2","6","4","2","0","1","1","0","0","0",790720.93317199999,5822721.68281999975,13.28147214900,52.47705489800,"0"
"199059","11","0","09","009","2019","09","00","4","3","5","3","2","0","1","0","0","0","0",805908.59800000000,5821824.26999999955,13.50358744200,52.46071756900,"0"
"199060","11","0","01","001","2019","09","19","4","3","1","5","2","0","1","0","0","0","0",797740.60137900000,5830210.53213999979,13.39122434200,52.54040201200,"0"
"199061","11","0","09","009","2019","09","10","4","3","6","4","0","1","0","1","0","0","0",812133.01098000002,5820713.96746999957,13.59386882400,52.44724842900,"0"
"199062","11","0","03","003","2019","09","19","4","3","5","2","1","0","1","0","0","0","0",800625.75948999997,5833910.76556000020,13.43698924200,52.57198378100,"0"
"199063","11","0","03","003","2019","09","19","4","3","4","6","1","1","0","0","0","0","0",798695.06058199995,5830312.63298000023,13.40534781200,52.54079485600,"0"
"199064","11","0","04","004","2019","09","10","4","3","0","5","0","0","1","0","1","0","0",792861.15479800000,5822921.14046999905,13.31306989600,52.47769954200,"0"
"199065","11","0","03","003","2019","09","19","4","3","3","6","0","1","0","0","0","0","0",798725.39646600001,5830324.22169999965,13.40580420800,52.54088210300,"0"
"199066","11","0","06","006","2019","09","15","4","3","5","3","0","1","0","0","0","0","1",794628.45649100002,5817924.64132000040,13.33460825200,52.43195789600,"0"
"199067","11","0","02","002","2019","09","18","4","3","0","1","0","1","1","0","0","0","0",802697.39367400005,5827237.59463999979,13.46138443500,52.51102520700,"0"
"199068","11","0","12","012","2019","09","10","4","2","5","2","0","0","1","0","0","0","0",790969.26156999997,5833803.37528999895,13.29481558600,52.57626936700,"0"
"199069","11","0","05","005","2019","09","17","4","3","5","3","0","0","1","0","0","0","0",788171.86600899999,5829380.85058999900,13.24980932200,52.53810848400,"0"
"199070","11","0","05","005","2019","09","14","4","3","5","2","0","1","0","0","0","0","1",786916.88567300001,5829320.82901000045,13.23130466900,52.53823257200,"0"
"199071","11","0","11","011","2019","09","17","4","3","2","6","0","0","1","0","0","0","0",806576.45552199997,5827780.15187000018,13.51886481400,52.51372157100,"0"
"199072","11","0","09","009","2019","09","09","4","3","5","3","0","1","1","0","0","0","0",810887.14849699999,5821450.31333000027,13.57628161600,52.45455705000,"0"
"199073","11","0","04","004","2019","09","10","4","3","5","3","0","0","1","0","0","0","0",790399.07245900005,5826230.51853999961,13.27980488000,52.50868330100,"0"
"199074","11","0","03","003","2019","09","17","4","3","5","2","0","1","1","0","0","0","0",802328.88418699999,5829223.81254999898,13.45777609100,52.52903194100,"0"
"199075","11","0","07","007","2019","09","14","4","3","5","2","0","1","1","0","0","0","0",797329.73732800002,5822178.81231999956,13.37801146400,52.46863093100,"0"
"199076","11","0","07","007","2019","09","16","4","3","5","3","0","0","1","0","0","0","1",796823.06062899996,5822178.11001999956,13.37057390700,52.46890015400,"0"