OBJECTID,ULAND,UREGBEZ,UKREIS,UGEMEINDE,UJAHR,UMONAT,USTUNDE,UWOCHENTAG,UKATEGORIE,UART,UTYP1,ULICHTVERH,IstRad,IstPKW,IstFuss,IstKrad,IstGkfz,IstSonstig,LINREFX,LINREFY,XGCSWGS84,YGCSWGS84,STRZUSTAND
"199077","11","0","04","004","2019","09","14","4","3","5","3","0","0","1","0","1","0","0",791837.26067999995,5824715.41024999972,13.29960789200,52.49433309100,"0"
"199078","11","0","11","011","2019","09","16","4","3","2","6","0","0","1","0","0","0","0",806052.47858500003,5830622.56821999978,13.51378366500,52.53949029100,"0"
"199079","11","0","06","006","2019","09","14","4","3","5","2","0","1","1","0","0","0","0",793194.17652300000,5820228.55716000032,13.31559360200,52.45338261100,"0"
"199080","11","0","01","001","2019","09","07","4","3","5","2","0","1","0","0","1","0","0",798551.31484200002,5827801.31152999960,13.40097937200,52.51836314800,"0"
"199081","11","0","09","009","2019","09","12","4","3","5","3","0","0","0","0","0","0","1",806104.14978800004,5822162.18608999904,13.50676657500,52.46363662200,"0"
"199082","11","0","05","005","2019","09","09","4","3","0","2","0","0","1","0","0","0","1",784836.10999999999,5829150.25200000033,13.20056218400,52.53779480400,"0"
"199083","11","0","08","008","2019","09","14","4","3","5","2","0","0","1","0","1","0","0",804040.27599400003,5819198.19644999970,13.47378311200,52.43822313800,"0"
"199084","11","0","12","012","2019","09","12","4","3","1","5","0","1","1","0","0","0","0",790367.85582499998,5840191.58595000021,13.29157017800,52.63385984900,"0"
"199085","11","0","06","006","2019","09","12","4","3","5","3","0","0","1","0","1","0","0",794970.69584299996,5821024.28794000018,13.34236429200,52.45956012300,"0"
"199086","11","0","04","004","2019","09","10","4","2","5","2","0","1","0","0","0","0","1",793319.78350100003,5823612.35317999963,13.32041154500,52.48364989800,"0"
"199087","11","0","02","002","2019","09","11","4","3","0","7","0","0","1","0","0","0","0",800659.07824700000,5825676.85709999967,13.43003074600,52.49816312500,"0"
"199088","11","0","04","004","2019","09","13","4","2","6","4","0","0","0","1","1","0","0",791490.65788299998,5823561.32060000021,13.29350750700,52.48417195200,"0"
"199089","11","0","09","009","2019","09","11","4","3","5","2","0","1","0","0","0","1","0",806555.52225100005,5822315.90711999964,13.51353094200,52.46476129100,"0"
"199090","11","0","01","001","2019","09","10","4","3","1","5","0","1","1","0","0","0","1",795955.44047300005,5831941.01604000013,13.36652147500,52.55688658300,"0"
"199091","11","0","10","010","2019","09","09","4","3","5","7","0","0","1","0","0","0","0",809591.56770300004,5828542.36096999981,13.56386360800,52.51884931500,"0"
"199092","11","0","08","008","2019","09","10","4","3","5","2","0","1","1","0","0","0","0",800564.99432499998,5825143.54279000033,13.42816778600,52.49343467400,"0"
"199093","11","0","04","004","2019","09","09","4","3","1","5","0","1","1","0","0","0","0",792215.82713100000,5826927.20770999976,13.30710938300,52.51395883300,"0"
"199094","11","0","07","007","2019","09","12","4","3","5","2","0","0","1","0","0","0","0",794935.67950900004,5824669.57648999896,13.34507414000,52.49225679300,"0"
"199095","11","0","01","001","2019","09","08","4","3","2","2","0","0","1","0","1","0","0",795126.13781999995,5827083.72159000020,13.35001098600,52.51379492200,"0"
"199096","11","0","11","011","2019","09","08","4","3","5","2","0","1","1","0","0","0","0",806684.37880900002,5826910.93376000039,13.51964933600,52.50587080400,"0"
"199097","11","0","11","011","2019","09","09","4","3","0","6","0","0","1","0","0","1","0",802788.30185799999,5829423.10020999890,13.46470927500,52.53056315100,"0"
"199098","11","0","02","002","2019","09","08","4","3","5","2","0","1","1","0","0","0","0",801754.30800299998,5826263.12636999972,13.44664680300,52.50281346100,"0"
"199099","11","0","07","007","2019","09","07","4","3","6","7","0","0","0","0","0","0","1",795061.23216000001,5825003.23749000020,13.34721354200,52.49517998300,"0"
"199100","11","0","12","012","2019","09","07","4","3","5","2","0","1","1","0","0","0","0",790616.89178900002,5835985.80561000109,13.29154453200,52.59602280100,"0"
"199101","11","0","09","009","2019","09","12","4","3","5","3","0","1","1","0","0","0","0",820724.33710300003,5819513.51814000029,13.71870180900,52.43152133900,"0"
"199102","11","0","02","002","2019","09","07","4","3","3","6","0","1","1","0","0","0","0",798043.77307200001,5826515.47142999899,13.39236996000,52.50711483300,"0"
"199103","11","0","04","004","2019","09","06","4","2","0","3","0","0","1","0","1","0","0",791326.45536699996,5830671.59040000010,13.29732211500,52.54800249400,"0"
"199104","11","0","12","012","2019","09","05","4","3","0","3","2","1","1","0","0","0","0",793276.61368700000,5835161.46071999986,13.32996939100,52.58720524000,"0"
"199105","11","0","05","005","2019","09","05","4","3","0","7","1","0","0","0","1","0","0",785040.12516900001,5834240.21109000035,13.20793425400,52.58332403300,"0"
"199106","11","0","09","009","2019","09","06","4","3","5","2","0","1","1","0","0","0","0",810259.74485200003,5821449.38499999978,13.56707721800,52.45490519500,"0"
"199107","11","0","09","009","2019","09","14","4","3","0","2","0","0","1","0","0","0","1",812358.02071499999,5820086.44728999957,13.59658228000,52.44149651900,"0"
"199108","11","0","05","005","2019","09","00","4","3","6","4","2","0","0","1","0","0","1",785422.23116500000,5831689.59195999987,13.21136323800,52.56025542900,"0"
"199109","11","0","12","012","2019","09","16","4","3","9","1","0","0","1","0","0","0","0",790193.99727299996,5835155.30664000008,13.28459101500,52.58880329600,"0"
"199110","11","0","12","012","2019","09","12","3","3","5","3","0","0","1","0","0","0","0",792925.23311699997,5832701.14448999893,13.32262386600,52.56533914000,"0"
"199111","11","0","08","008","2019","09","15","4","3","5","2","0","1","1","0","0","0","0",800178.92171000002,5823637.13910000026,13.42114155100,52.48014458400,"0"
"199112","11","0","11","011","2019","09","17","3","3","1","5","0","1","1","0","0","0","0",805174.38355100004,5827754.93597999960,13.49824484200,52.51428181600,"0"
"199113","11","0","12","012","2019","09","15","4","3","3","6","0","0","1","0","1","0","0",793422.46985700005,5832399.66390999965,13.32967208100,52.56236877800,"0"
"199114","11","0","04","004","2019","09","15","4","2","0","7","0","1","1","0","0","0","0",791091.74794399994,5827434.10331000108,13.29103512400,52.51910421200,"0"
"199115","11","0","11","011","2019","09","08","3","3","5","3","0","1","0","0","0","0","0",806621.44830199995,5827363.83098000009,13.51914220600,52.50996513200,"0"
"199116","11","0","11","011","2019","09","15","4","3","5","2","0","1","1","0","0","0","0",807269.88385300001,5825414.62863999978,13.52686837500,52.49213133100,"0"
"199117","11","0","10","010","2019","09","15","4","3","5","7","0","0","0","0","1","0","1",809026.31363400002,5830230.87239999976,13.55712868000,52.53430185900,"0"
"199118","11","0","03","003","2019","09","14","3","3","5","3","0","0","1","0","1","0","0",800200.65784400003,5835970.17982000019,13.43260075800,52.59067727300,"0"
"199119","11","0","01","001","2019","09","11","4","3","0","1","0","1","0","0","0","0","0",798150.04583399999,5828007.79317000043,13.39526820700,52.52043351400,"0"
"199120","11","0","02","002","2019","09","23","3","3","1","5","2","0","0","0","0","0","1",801296.13456699997,5825740.86203000043,13.43944470600,52.49838548700,"0"
"199121","11","0","07","007","2019","09","13","4","3","5","3","0","0","1","0","0","0","0",798623.39706600003,5820654.61032999959,13.39563550300,52.45426274800,"0"
"199122","11","0","01","001","2019","09","12","4","3","5","2","0","1","1","0","0","0","0",796983.83063400001,5831935.13700999971,13.38164091800,52.55627404700,"0"
"199123","11","0","01","001","2019","09","15","3","3","5","2","0","1","1","0","0","0","0",795668.91291700001,5829732.33571999986,13.36034105800,52.53724346800,"0"
"199124","11","0","05","005","2019","09","20","3","2","6","4","1","0","1","1","0","0","0",783765.44805699994,5829117.53947999980,13.18479074100,52.53806008500,"0"
"199125","11","0","01","001","2019","09","08","4","2","0","7","0","0","1","0","0","0","0",795669.37210200005,5829731.68840999901,13.36034723300,52.53723741700,"0"
"199126","11","0","05","005","2019","09","13","3","3","2","7","0","0","1","0","0","0","0",782785.78083199996,5827465.32165999990,13.16897931700,52.52375503600,"0"
"199127","11","0","01","001","2019","09","20","3","3","2","6","2","1","1","0","0","0","0",797481.32313999999,5826772.85522999894,13.38433736000,52.50972895900,"0"
"199128","11","0","01","001","2019","09","16","3","2","5","3","0","0","1","0","1","0","0",796410.27560900000,5832008.86242999975,13.37327145900,52.55724738500,"0"
"199129","11","0","12","012","2019","09","15","3","3","5","3","0","1","1","0","0","0","0",789877.60868299997,5835060.53313000035,13.27985092700,52.58812235500,"0"
"199130","11","0","08","008","2019","09","19","3","3","5","2","1","0","1","0","0","0","0",802363.15180899994,5819912.37310000043,13.44983236500,52.44555417000,"0"
"199131","11","0","06","006","2019","09","12","3","3","1","5","0","0","1","0","1","0","0",793540.59885299997,5819465.48742999975,13.32000633200,52.44635599600,"0"
"199132","11","0","05","005","2019","09","16","3","3","5","2","0","0","1","0","0","0","0",783757.51953299996,5828683.63217999972,13.18430364300,52.53417373600,"0"
"199133","11","0","01","001","2019","09","14","3","2","0","1","0","0","0","0","0","0","1",798450.78066499997,5828005.65340000018,13.39968546300,52.52024982400,"0"
"199134","11","0","02","002","2019","09","16","3","3","3","6","0","0","1","0","1","0","0",800834.46816299995,5825579.74155999999,13.43251890000,52.49719600000,"0"
"199135","11","0","09","009","2019","09","18","3","3","2","6","0","0","1","0","0","0","0",810070.62748799997,5820414.38456999976,13.56334221000,52.44573710200,"0"
"199136","11","0","09","009","2019","09","16","3","3","5","3","0","0","1","0","0","0","0",804628.64417700004,5821692.19746000040,13.48468625500,52.46024881900,"0"
"199137","11","0","02","002","2019","09","14","3","3","2","7","0","1","1","0","0","0","0",801180.67238300003,5827977.19725000020,13.43977237000,52.51849391600,"0"
"199138","11","0","05","005","2019","09","16","3","3","5","7","0","0","1","0","1","0","0",785400.55255899997,5830329.88588999957,13.20987530800,52.54807590700,"0"
"199139","11","0","06","006","2019","09","13","3","3","5","3","0","0","1","0","0","0","1",791486.55560600001,5816162.88195000030,13.28699028000,52.41784674900,"0"
"199140","11","0","04","004","2019","09","15","3","3","1","5","0","1","1","0","0","0","0",793072.99005100003,5824882.81766000018,13.31790499400,52.49517172000,"0"
"199141","11","0","12","012","2019","09","16","3","3","5","3","0","0","1","0","1","0","0",793692.83577300003,5833335.83935000096,13.33447796100,52.57061522300,"0"
"199142","11","0","06","006","2019","09","15","3","3","2","6","0","0","1","0","0","0","1",793218.99049600004,5819605.76138999965,13.31541096300,52.44778609100,"0"
"199143","11","0","09","009","2019","09","17","3","3","5","2","0","1","0","0","0","0","1",807713.84763900004,5818106.46872999892,13.52665091400,52.42638447000,"0"
"199144","11","0","01","001","2019","09","15","3","3","2","6","0","1","1","0","0","0","0",794336.09768699994,5831769.21941999998,13.34255218300,52.55622418500,"0"
"199145","11","0","04","004","2019","09","13","3","3","0","3","0","0","1","0","0","0","1",791293.59237099998,5826056.79246999975,13.29279584900,52.50664894600,"1"
"199146","11","0","01","001","2019","09","15","3","3","0","4","0","0","0","1","0","0","1",793567.68777900003,5828392.28053999972,13.32826647800,52.52636655000,"0"
"199147","11","0","02","002","2019","09","15","3","3","2","7","0","1","1","0","0","0","0",801267.37576299999,5826185.35795999970,13.43942443800,52.50238546700,"0"
"199148","11","0","10","010","2019","09","13","3","2","1","5","0","0","1","0","0","0","1",812110.96537100000,5831312.79653999954,13.60347460800,52.54223960200,"1"
"199149","11","0","12","012","2019","09","14","3","3","2","6","0","0","1","0","0","0","0",792463.94960299996,5837305.95877999999,13.31990232200,52.60686709500,"0"
"199150","11","0","06","006","2019","09","16","3","2","5","3","0","1","1","0","0","0","0",788735.02351700002,5816316.93998999894,13.24677676000,52.42068652900,"0"
"199151","11","0","10","010","2019","09","14","3","3","3","6","0","1","1","0","0","0","0",812374.26186099998,5824001.54162999894,13.60048354200,52.47657152500,"0"
"199152","11","0","11","011","2019","09","14","3","3","5","3","0","1","1","0","0","0","0",803626.14156200003,5826566.05229999963,13.47441524100,52.50449020000,"0"
"199153","11","0","03","003","2019","09","12","3","3","5","2","0","1","1","0","0","0","0",797852.86406099994,5833037.83026999980,13.39541125700,52.56568360500,"0"
"199154","11","0","10","010","2019","09","14","3","3","5","2","0","1","1","0","0","0","0",809419.45424100000,5831091.69383000024,13.56370776700,52.54179317300,"0"
"199155","11","0","08","008","2019","09","11","3","3","5","7","0","0","1","0","0","0","0",800413.59579199995,5823917.00860000029,13.42483889700,52.48252412300,"0"
"199156","11","0","04","004","2019","09","13","3","3","0","5","0","0","1","0","1","0","0",792421.58866699995,5822823.07361000031,13.30653013300,52.47705593000,"0"
"199157","11","0","08","008","2019","09","11","3","3","5","2","0","0","1","0","0","0","1",801315.42299999995,5819540.19299999997,13.43412770500,52.44279656800,"0"
"199158","11","0","04","004","2019","09","12","3","3","6","7","0","0","1","1","0","0","0",794406.62462300004,5825879.46214000043,13.33837367500,52.50338831900,"0"
"199159","11","0","02","002","2019","09","10","3","3","5","2","0","1","1","0","0","0","0",797941.39242499997,5825259.31857999973,13.38974207700,52.49591086800,"0"
"199160","11","0","03","003","2019","09","10","3","3","0","2","0","0","0","0","1","1","0",802899.12510900002,5833160.60491999984,13.46974666000,52.56399999300,"0"
"199161","11","0","08","008","2019","09","10","3","2","5","7","0","0","1","0","1","0","0",804337.03732600005,5817011.97752000019,13.47614596000,52.41846335300,"0"
"199162","11","0","01","001","2019","09","10","3","3","5","2","0","0","1","0","0","0","1",799244.04347300006,5828468.69840000011,13.41175851900,52.52396560200,"0"
"199163","11","0","03","003","2019","09","10","3","3","6","2","0","0","1","1","0","0","0",799830.84930100001,5831972.08684000000,13.42354320200,52.55504532000,"1"
"199164","11","0","01","001","2019","09","10","3","3","5","2","0","1","1","0","0","0","0",794896.83026099997,5830251.90080999956,13.34945171300,52.54231930400,"0"
"199165","11","0","04","004","2019","09","10","3","2","5","2","0","0","1","0","1","0","0",791994.44820700004,5825975.23893999960,13.30302122500,52.50554317700,"1"
"199166","11","0","09","009","2019","09","09","3","3","6","2","0","0","1","1","0","0","0",808490.61840000004,5819052.53113999963,13.53891150800,52.43442578700,"0"
"199167","11","0","04","004","2019","09","10","3","3","0","1","0","1","0","0","0","0","0",791485.67550200003,5827200.01154999901,13.29661924100,52.51679518800,"1"
"199168","11","0","03","003","2019","09","22","3","3","0","1","2","1","0","0","0","0","0",798789.06346700003,5831459.10290000029,13.40776111700,52.55101972000,"0"
"199169","11","0","11","011","2019","09","09","3","3","1","5","0","1","0","0","0","1","0",803811.95330399997,5826162.05884999968,13.47677580600,52.50076588700,"0"
"199170","11","0","01","001","2019","09","10","3","3","0","7","0","1","0","0","0","0","0",794681.90763599996,5830867.31977999955,13.34683772300,52.54795234800,"1"
"199171","11","0","11","011","2019","09","08","3","3","0","6","0","1","1","0","0","0","0",804467.76069200004,5828170.80850999895,13.48824459300,52.51840400000,"0"
"199172","11","0","07","007","2019","09","08","3","3","5","2","0","1","1","0","0","0","0",798740.99293600000,5823947.05692999903,13.40030893600,52.48371110300,"0"
"199173","11","0","05","005","2019","09","08","3","3","2","6","0","0","1","0","0","0","1",785909.40901499998,5831720.26214000024,13.21855673700,52.56027481800,"0"
"199174","11","0","08","008","2019","09","09","3","3","6","7","0","0","1","1","0","0","0",801558.39202699997,5817398.11388999969,13.43575960800,52.42346247600,"0"
"199175","11","0","04","004","2019","09","08","3","3","5","3","0","0","1","0","0","0","0",794238.83501100005,5825413.64902000036,13.33549723600,52.49930307400,"0"
"199176","11","0","02","002","2019","09","09","3","3","5","2","0","1","0","0","0","0","1",797482.67370199994,5824555.38676000014,13.38237648700,52.48985111800,"1"
"199177","11","0","11","011","2019","09","07","3","3","6","4","0","0","0","1","1","0","0",803831.10371499998,5828730.98187999986,13.47940231900,52.52377971700,"0"
"199178","11","0","02","002","2019","09","21","3","2","3","7","2","1","1","0","0","0","0",797953.34560799995,5824572.72974999901,13.38930362800,52.48974989200,"0"
"199179","11","0","03","003","2019","09","07","3","3","5","2","0","1","1","0","0","0","0",803870.12441799999,5832202.45072999969,13.48315037200,52.55487142900,"0"
"199180","11","0","01","001","2019","09","07","3","3","2","6","0","0","1","0","0","0","0",795197.55092700000,5825926.79160999972,13.35003427200,52.50338526600,"1"
"199181","11","0","06","006","2019","09","07","3","2","6","4","0","0","1","1","0","0","0",796289.85774500004,5819660.13671999983,13.36051287400,52.44661798700,"0"
"199182","11","0","02","002","2019","09","07","3","3","5","2","0","1","1","0","0","0","0",803103.32151599997,5826087.07672000024,13.46630013200,52.50048789000,"1"
"199183","11","0","01","001","2019","09","06","3","3","5","3","0","1","1","0","0","0","0",797498.69723900000,5827762.65708999895,13.38547752600,52.51859190000,"0"
"199184","11","0","01","001","2019","09","23","3","3","5","3","2","1","0","0","1","0","0",798766.11771799996,5828963.64738999959,13.40517980500,52.52866420300,"0"
"199185","11","0","08","008","2019","09","16","3","3","5","3","0","1","1","0","0","0","0",804552.08156299999,5816532.47697999980,13.47886199100,52.41404605100,"0"
"199186","11","0","10","010","2019","09","18","3","3","5","3","0","1","1","0","0","0","0",810404.70780099998,5832151.28512999974,13.57917938300,52.55072826700,"0"
"199187","11","0","04","004","2019","09","17","3","3","0","4","0","1","0","1","0","0","0",791834.15605200001,5827445.06993000023,13.30195523500,52.51880572500,"0"
"199188","11","0","10","010","2019","09","08","3","3","0","3","0","0","1","0","0","0","1",809569.14814399998,5828034.70969999954,13.56306193600,52.51431265200,"0"
"199189","11","0","08","008","2019","09","14","3","3","2","6","0","0","1","0","0","0","1",800637.13227599999,5823074.97907999996,13.42736157700,52.47485367800,"0"
"199190","11","0","04","004","2019","09","17","3","2","5","2","0","0","1","0","1","0","0",793449.21747300006,5824326.26809999999,13.32294071000,52.48998032400,"0"
"199191","11","0","06","006","2019","09","16","3","3","5","3","0","0","1","0","0","0","1",793733.11437800003,5817611.63822000008,13.32120166200,52.42963340700,"0"
"199192","11","0","12","012","2019","09","19","3","1","5","3","2","0","1","0","1","0","0",793553.03759500000,5834245.49184999894,13.33322651500,52.57884508800,"0"
"199193","11","0","05","005","2019","09","11","3","3","2","6","0","0","1","0","0","0","1",783690.70328999998,5830007.71418000013,13.18445185500,52.54608043900,"0"
"199194","11","0","02","002","2019","09","14","2","3","1","5","0","1","1","0","0","0","0",801759.29689400003,5825810.41132999957,13.44630987000,52.49875296900,"0"
"199195","11","0","03","003","2019","09","01","3","3","5","3","2","0","1","0","0","0","0",800323.18318399996,5831578.62203999981,13.43042732300,52.55124735000,"1"
"199196","11","0","08","008","2019","09","14","2","3","2","2","0","0","1","0","1","0","0",801294.53508299997,5823574.77063999977,13.43746291500,52.47897120800,"0"
"199197","11","0","02","002","2019","09","14","3","3","1","5","0","0","1","0","0","0","1",800816.35439200001,5826885.74082999956,13.43343271900,52.50891200800,"0"
"199198","11","0","10","010","2019","09","10","2","3","5","3","0","1","0","0","0","0","1",811202.37596199999,5827915.25825999957,13.58694047400,52.51231286400,"0"
"199199","11","0","11","011","2019","09","06","2","2","6","7","1","1","0","1","0","0","0",803020.72499999998,5831351.30200000014,13.46988351200,52.54771604100,"0"
"199200","11","0","11","011","2019","09","08","2","3","2","2","0","1","1","0","0","0","0",807196.12715600000,5823898.68434000015,13.52438838000,52.47858669800,"0"
"199201","11","0","11","011","2019","09","22","2","3","1","1","2","0","1","0","0","0","0",806376.99549000000,5832409.26193000097,13.52020177800,52.55532054700,"1"
"199202","11","0","07","007","2019","09","16","2","3","5","3","0","1","0","0","0","0","0",794395.96388900001,5822574.25143000018,13.33529726000,52.47376468900,"0"
"199203","11","0","07","007","2019","09","12","2","2","5","3","0","1","1","0","0","0","0",796128.77321400004,5823309.01781000104,13.36138712800,52.47941459500,"1"
"199204","11","0","11","011","2019","09","05","2","3","6","7","2","0","1","0","0","0","1",807241.26492400002,5824227.97828999907,13.52535433600,52.48151249700,"1"
"199205","11","0","12","012","2019","09","21","2","2","5","3","2","0","1","0","1","0","0",791421.18031299999,5838754.89522999898,13.30582368000,52.62041629700,"0"
"199206","11","0","12","012","2019","09","20","2","3","5","3","2","0","1","0","0","0","0",795398.43744300003,5836786.53674999904,13.36264727600,52.60062437300,"1"
"199207","11","0","01","001","2019","09","18","2","3","6","7","0","0","1","1","0","0","0",799462.15071800002,5828802.33464000002,13.41526415300,52.52683638800,"0"
"199208","11","0","12","012","2019","09","19","2","3","5","3","2","0","1","0","0","0","0",796595.57137699996,5833589.99555999972,13.37741013000,52.57131954700,"1"
"199209","11","0","01","001","2019","09","18","2","3","3","6","0","1","1","0","0","0","0",797936.51399999997,5827178.64499999955,13.39138792300,52.51311794900,"0"
"199210","11","0","05","005","2019","09","05","2","3","6","2","2","0","1","1","0","0","0",783587.52437000000,5828663.55508999899,13.18178701300,52.53408220300,"1"
"199211","11","0","12","012","2019","09","18","2","2","6","4","0","0","1","1","0","0","0",792526.97515600000,5835157.16681000032,13.31893208800,52.58757037900,"0"
"199212","11","0","01","001","2019","09","19","2","3","2","6","1","0","1","0","0","0","0",793624.85419700004,5828129.54554000031,13.32887471700,52.52398048100,"1"
"199213","11","0","01","001","2019","09","18","2","3","2","6","0","0","1","0","0","0","0",796278.73540600005,5828481.68590999953,13.36819127900,52.52570145400,"1"
"199214","11","0","01","001","2019","09","17","2","3","5","3","0","1","1","0","0","0","0",799900.46720700001,5826514.85685000103,13.41964394700,52.50609188200,"0"
"199215","11","0","04","004","2019","09","17","2","3","5","2","0","1","1","0","0","0","0",793192.33985800005,5824560.76353000104,13.31937454700,52.49222052000,"0"
"199216","11","0","06","006","2019","09","13","2","3","2","6","0","0","1","0","1","0","0",791851.89827000001,5819162.82048000023,13.29496554800,52.44454662900,"1"
"199217","11","0","12","012","2019","09","16","2","3","6","4","0","0","1","1","0","0","0",790967.21801399998,5833827.76993000042,13.29480692400,52.57648915300,"1"
"199218","11","0","07","007","2019","09","17","2","3","5","3","0","0","1","0","0","0","0",796931.94761699997,5822275.00987000018,13.37225838500,52.46970959900,"0"
"199219","11","0","08","008","2019","09","12","2","3","2","6","0","0","1","0","0","0","1",801031.71061399998,5819530.25007000100,13.42995722100,52.44286370100,"1"
"199220","11","0","04","004","2019","09","17","2","3","5","2","0","1","1","0","0","0","0",790160.77204299998,5826651.23531000037,13.27667031700,52.51258188200,"0"
"199221","11","0","12","012","2019","09","16","2","3","5","3","0","0","1","0","0","0","0",792840.26160600001,5833652.04849999957,13.32221342500,52.57390923100,"1"
"199222","11","0","06","006","2019","09","16","2","3","5","2","0","0","1","0","0","0","0",790896.38408100000,5817757.48204000015,13.27972350400,52.43245669500,"1"
"199223","11","0","05","005","2019","09","17","2","3","5","3","0","1","1","0","0","0","0",785366.26699999999,5830245.98400000017,13.20929895500,52.54734161800,"0"
"199224","11","0","06","006","2019","09","10","2","3","2","7","0","0","1","0","0","0","0",791746.55843800004,5820656.72967999987,13.29472505900,52.45799575200,"1"
"199225","11","0","04","004","2019","09","10","2","3","1","5","0","1","0","0","0","1","0",788826.65146700002,5827229.45593000110,13.25756782300,52.51847392000,"1"
"199226","11","0","04","004","2019","09","15","2","3","2","6","0","0","1","0","0","0","0",793768.27771800000,5826572.43484000023,13.32960772500,52.50994453700,"0"
"199227","11","0","01","001","2019","09","16","2","3","5","3","0","0","1","0","0","0","0",796429.89972700004,5831177.25504000019,13.37281754300,52.54978224800,"1"
"199228","11","0","05","005","2019","09","16","2","2","6","2","0","0","1","1","0","0","0",783044.20631899999,5826062.53849000018,13.17158468100,52.51104313400,"1"
"199229","11","0","07","007","2019","09","23","2","3","5","2","2","0","1","0","0","0","1",798879.65151100000,5817218.52195999958,13.39632283400,52.42332231400,"0"
"199230","11","0","04","004","2019","09","16","2","3","6","4","0","0","1","1","0","0","0",793298.50227099995,5824966.12755999994,13.32129060100,52.49579742200,"1"
"199231","11","0","07","007","2019","09","16","2","3","5","2","0","0","1","0","0","0","0",798812.13021300000,5817333.85694000032,13.39543583300,52.42439303400,"0"
"199232","11","0","05","005","2019","09","15","2","3","5","2","0","1","1","0","0","0","0",784641.32699500001,5828418.54263000097,13.19707135100,52.53133607300,"1"
"199233","11","0","02","002","2019","09","15","2","3","2","6","0","0","1","0","0","0","0",799401.02554800001,5824533.14211999997,13.41052610100,52.48860301000,"0"
"199234","11","0","09","009","2019","09","09","2","3","8","1","0","0","1","0","0","0","0",811937.74500000000,5821587.34599999990,13.59182063700,52.45518654700,"1"
"199235","11","0","05","005","2019","09","15","2","3","4","1","0","0","1","0","0","0","0",781758.23118200002,5835374.54452999961,13.16058945400,52.59520449800,"0"
"199236","11","0","08","008","2019","09","15","2","3","5","3","0","1","1","0","0","0","0",801298.35277999996,5824011.83930000011,13.43791392500,52.48288665500,"1"
"199237","11","0","04","004","2019","09","09","2","3","5","2","0","0","1","0","0","0","1",792090.96235900000,5825290.07455999963,13.30383813300,52.49934914600,"1"
"199238","11","0","08","008","2019","09","08","2","3","2","6","0","0","1","0","0","0","0",802919.90360199998,5822862.36962000001,13.46067570800,52.47168688100,"0"
"199239","11","0","05","005","2019","09","12","2","2","5","2","0","0","1","0","1","0","0",783699.05386800005,5830176.78325000033,13.18471909800,52.54759198600,"0"
"199240","11","0","05","005","2019","09","14","2","3","2","6","0","0","1","0","0","0","0",787564.95903200004,5828030.05742000043,13.23971701000,52.52631853800,"1"
"199241","11","0","08","008","2019","09","09","2","3","0","6","0","0","1","0","1","0","0",801468.17935899994,5819247.22609999962,13.43610405700,52.44008642000,"1"
"199242","11","0","08","008","2019","09","12","2","2","5","3","0","1","1","0","0","0","0",802483.32656500000,5822557.43647000100,13.45399149400,52.46919566200,"0"
"199243","11","0","04","004","2019","09","14","2","3","6","4","0","1","0","1","0","0","0",791892.53850400005,5827078.75590000022,13.30249182800,52.51549054400,"1"
"199244","11","0","03","003","2019","09","15","2","3","2","6","0","0","1","0","0","0","0",796948.20532299997,5835828.63511000108,13.38460367200,52.59119387800,"0"
"199245","11","0","02","002","2019","09","14","2","3","5","3","0","1","1","0","0","0","0",801069.60026500002,5825688.95868999977,13.43607079700,52.49804528200,"1"
"199246","11","0","06","006","2019","09","12","2","2","5","2","0","0","1","0","1","0","0",788837.47989600000,5819590.79031000100,13.25110792500,52.44998433200,"0"
"199247","11","0","02","002","2019","09","09","2","3","6","2","0","0","1","1","0","0","0",798481.34119599999,5824501.75645000022,13.39699337300,52.48882527900,"1"
"199248","11","0","03","003","2019","09","07","2","3","2","7","0","0","1","0","1","0","0",804331.73063899996,5838885.20829000045,13.49607498100,52.61450731600,"0"
"199249","11","0","02","002","2019","09","14","2","3","2","6","1","0","1","0","0","1","0",802671.42838499998,5828055.31601999979,13.46174678700,52.51836877300,"1"
"199250","11","0","01","001","2019","09","08","2","3","0","3","0","1","0","0","1","0","0",799736.37493799999,5827706.60704999976,13.41830682600,52.51686423600,"0"
"199251","11","0","05","005","2019","09","16","6","3","5","2","0","0","1","0","0","0","0",784553.17944600002,5828171.70122000016,13.19556409800,52.52916891000,"0"
"199252","11","0","12","012","2019","09","16","6","3","2","6","0","0","1","0","0","0","0",792564.20266099996,5837366.70892999973,13.32143225800,52.60735774000,"0"
"199253","11","0","08","008","2019","09","16","6","3","1","1","0","0","1","0","1","0","0",806433.02930399997,5818009.48907000106,13.50778392100,52.42623408900,"0"
"199254","11","0","01","001","2019","09","16","6","3","3","6","0","0","1","0","1","0","0",797326.60334100004,5831224.39053000044,13.38604550100,52.54971606200,"0"
"199255","11","0","01","001","2019","09","16","6","3","5","2","0","1","1","0","0","0","0",799763.97164700006,5828636.43353000097,13.41955026100,52.52518348300,"0"
"199256","11","0","08","008","2019","09","15","6","2","5","2","0","1","1","0","0","0","0",803741.73265400005,5818005.98292000033,13.46832168900,52.42770328100,"0"
"199257","11","0","09","009","2019","09","15","6","3","0","1","0","1","0","0","0","0","0",807237.72311400005,5819779.80836999975,13.52120820000,52.44164899200,"0"