OBJECTID,ULAND,UREGBEZ,UKREIS,UGEMEINDE,UJAHR,UMONAT,USTUNDE,UWOCHENTAG,UKATEGORIE,UART,UTYP1,ULICHTVERH,IstRad,IstPKW,IstFuss,IstKrad,IstGkfz,IstSonstig,LINREFX,LINREFY,XGCSWGS84,YGCSWGS84,STRZUSTAND
"199258","11","0","04","004","2019","09","14","6","3","2","6","0","0","1","0","0","0","0",791711.87187399995,5823784.45880000014,13.29695121000,52.48605422600,"0"
"199259","11","0","05","005","2019","09","14","6","3","5","3","0","0","1","0","0","0","1",786962.90688000002,5829334.46023999993,13.23199312700,52.53833055100,"0"
"199260","11","0","02","002","2019","09","14","6","3","0","5","0","0","1","0","1","0","0",798559.97514999995,5826493.24239000026,13.39993311400,52.50663333700,"0"
"199261","11","0","09","009","2019","09","14","6","3","5","2","0","1","1","0","0","0","0",808328.05674000003,5818867.13537000027,13.53635686900,52.43285590200,"0"
"199262","11","0","11","011","2019","09","14","6","3","6","7","0","0","1","1","0","0","0",802839.40437400003,5828775.60072000045,13.46487058000,52.52473133100,"0"
"199263","11","0","04","004","2019","09","14","6","2","3","6","0","0","1","0","0","0","1",793017.82298699999,5826940.12593000103,13.31890531800,52.51364437600,"0"
"199264","11","0","01","001","2019","09","13","6","3","2","6","0","1","1","0","0","0","0",798840.51717799995,5827960.98049999960,13.40537228400,52.51963595400,"0"
"199265","11","0","04","004","2019","09","13","6","3","5","7","0","0","1","0","0","0","0",792596.20394699997,5824883.49471999984,13.31090261900,52.49543360100,"0"
"199266","11","0","01","001","2019","09","21","6","3","0","1","2","0","0","0","1","0","0",794402.19869100000,5828450.34092999902,13.34058332600,52.52643702500,"0"
"199267","11","0","03","003","2019","09","21","6","3","0","1","2","0","0","0","0","0","1",799168.37284199998,5829204.57854000013,13.41130860100,52.53060318700,"0"
"199268","11","0","09","009","2019","09","21","6","3","5","3","2","0","1","0","0","0","0",803856.05451299995,5823854.43649999984,13.47531932000,52.48005867100,"0"
"199269","11","0","01","001","2019","09","13","6","3","2","6","0","0","1","0","0","0","0",797423.46603000001,5832535.16598999966,13.38864426700,52.56141262300,"0"
"199270","11","0","05","005","2019","09","12","6","3","5","3","0","0","1","0","0","0","0",783906.58179099998,5831462.73034999892,13.18887111700,52.55901377100,"0"
"199271","11","0","08","008","2019","09","12","6","3","5","2","0","0","1","0","1","0","0",800308.44896900002,5816743.75987000018,13.41684575500,52.41828450900,"0"
"199272","11","0","12","012","2019","09","12","6","2","2","6","0","0","1","0","1","0","0",785749.17814400000,5838242.51711000036,13.22182557100,52.61883532500,"0"
"199273","11","0","03","003","2019","09","07","6","3","3","6","0","1","1","0","0","0","0",803557.82098299998,5841732.39496000018,13.48729436000,52.64045784400,"0"
"199274","11","0","09","009","2019","09","12","6","3","2","6","0","0","1","0","0","0","0",815562.88251499995,5818060.72678000014,13.64166544900,52.42150473800,"0"
"199275","11","0","01","001","2019","09","07","6","3","0","3","0","0","0","0","1","0","0",798765.17900000000,5828215.77099999972,13.40449409800,52.52196107100,"0"
"199276","11","0","10","010","2019","09","12","6","3","5","3","0","0","1","0","0","0","0",809642.50939400005,5829694.45502000023,13.56568459100,52.52914501000,"0"
"199277","11","0","11","011","2019","09","06","6","2","4","7","0","0","1","0","0","0","1",806719.57592400000,5832452.02003999986,13.52527849400,52.55551093200,"0"
"199278","11","0","04","004","2019","09","11","6","3","1","5","0","1","1","0","0","0","0",792139.01731100003,5826248.23804000020,13.30538473100,52.50791316600,"0"
"199279","11","0","10","010","2019","09","09","6","3","5","3","0","1","1","0","0","0","0",812425.89068299998,5829374.50016000029,13.60628149500,52.52468993200,"0"
"199280","11","0","07","007","2019","09","09","6","2","5","3","0","1","1","0","0","0","0",796256.80983599997,5823525.70077999961,13.36345944500,52.48128752900,"0"
"199281","11","0","11","011","2019","09","09","6","3","0","7","0","0","1","0","0","0","0",804297.14745199995,5828415.98285000026,13.48596218200,52.52069662200,"0"
"199282","11","0","08","008","2019","09","08","6","3","6","4","0","0","1","1","0","0","0",801845.79743000004,5816753.72474000044,13.43939210900,52.41752815800,"0"
"199283","11","0","04","004","2019","09","08","6","3","5","2","0","0","1","0","0","0","0",790859.13684399996,5824577.07270999905,13.28512037600,52.49361501200,"0"
"199284","11","0","07","007","2019","09","08","6","3","1","1","0","0","1","0","0","0","0",797878.14531099994,5818049.58573000040,13.38237835400,52.43131806300,"0"
"199285","11","0","10","010","2019","09","07","6","3","5","3","0","0","1","0","0","0","1",813134.93958799995,5830152.86314999964,13.61743157800,52.53125807700,"0"
"199286","11","0","01","001","2019","09","14","6","3","0","6","0","0","1","0","0","0","1",796204.64870100003,5828469.40237999987,13.36709148700,52.52563160000,"0"
"199287","11","0","10","010","2019","09","15","5","2","5","2","0","1","0","0","0","0","0",807639.19521699997,5829194.10302000027,13.53578368800,52.52579505000,"0"
"199288","11","0","04","004","2019","09","11","5","3","5","7","0","0","1","0","0","0","0",789843.39330999996,5827400.56438999902,13.27265940600,52.51946848500,"0"
"199289","11","0","01","001","2019","09","21","5","3","0","3","2","0","1","0","1","0","0",796957.33319599996,5826859.37122000009,13.37671638800,52.51078997400,"0"
"199290","11","0","04","004","2019","09","17","5","3","2","7","0","0","1","0","1","0","0",791518.16963899997,5823588.92633000109,13.29393564700,52.48440474800,"0"
"199291","11","0","02","002","2019","09","10","5","3","3","6","0","0","1","0","0","1","0",799868.79297299997,5824476.68654999975,13.41734383300,52.48784024200,"0"
"199292","11","0","08","008","2019","09","20","5","3","6","4","2","0","1","1","0","0","0",803790.91348900006,5822146.55649000034,13.47280774000,52.46478749100,"0"
"199293","11","0","05","005","2019","09","10","5","3","2","7","0","0","1","0","1","0","0",784035.43107000005,5828532.34547000099,13.18826055800,52.53267251700,"0"
"199294","11","0","02","002","2019","09","19","5","3","6","4","1","1","0","1","0","0","0",800018.24539800000,5824454.44520999957,13.41951827100,52.48755877500,"0"
"199295","11","0","02","002","2019","09","16","5","2","5","2","0","0","1","0","1","0","0",798215.41454799997,5825859.43725000042,13.39430383400,52.50114052500,"0"
"199296","11","0","05","005","2019","09","19","5","3","6","4","1","1","0","1","0","0","0",784040.02822400001,5828716.99861999974,13.18848595600,52.53432574200,"0"
"199297","11","0","01","001","2019","09","09","5","3","1","5","0","1","1","0","0","0","0",796069.74566799996,5826436.25985000096,13.36329957700,52.50747963100,"0"
"199298","11","0","10","010","2019","09","16","5","3","6","4","0","0","1","1","0","0","0",811520.61539199995,5828709.46267000027,13.59235830700,52.51924831300,"0"
"199299","11","0","01","001","2019","09","09","5","3","0","6","0","0","1","0","0","0","1",797168.73656100000,5831935.45155999996,13.38436058500,52.55617600300,"0"
"199300","11","0","01","001","2019","09","15","5","3","5","3","0","0","1","0","0","0","0",793819.43824199995,5827957.11620999966,13.33158220500,52.52232992200,"0"
"199301","11","0","05","005","2019","09","15","5","3","2","6","0","0","1","0","0","0","0",784539.14501800004,5827992.48297000024,13.19520438600,52.52756935900,"0"
"199302","11","0","01","001","2019","09","14","5","3","2","3","0","0","1","0","1","0","0",798409.03194999998,5829208.32075999957,13.40015122700,52.53105294600,"0"
"199303","11","0","11","011","2019","09","19","5","3","5","3","1","0","1","0","0","0","0",808270.11479100003,5834024.69354999904,13.54953761500,52.56872946600,"0"
"199304","11","0","08","008","2019","09","08","5","3","0","2","0","1","1","0","0","0","0",802573.82566300000,5819932.35855999961,13.45294075500,52.44561676400,"0"
"199305","11","0","02","002","2019","09","08","5","3","5","2","0","1","1","0","0","0","0",802673.53023399995,5827243.94359999988,13.46103964900,52.51109535400,"0"
"199306","11","0","08","008","2019","09","07","5","2","5","2","0","1","1","0","0","0","0",801312.92468699999,5819949.85412000027,13.43446048800,52.44646987700,"0"
"199307","11","0","04","004","2019","09","14","5","2","6","4","0","0","0","1","0","0","1",790344.15597700002,5827318.61316999979,13.27994739300,52.51846739100,"0"
"199308","11","0","09","009","2019","09","14","5","2","5","7","0","1","1","0","0","0","0",809947.58662900003,5821593.08346999902,13.56263140400,52.45637007300,"0"
"199309","11","0","07","007","2019","09","07","5","3","5","3","0","1","1","0","0","0","0",795815.35805299995,5815200.23955000099,13.34960704000,52.40689477900,"0"
"199310","11","0","08","008","2019","09","17","5","2","5","3","0","0","1","0","0","0","0",801998.16651799995,5823293.07124000043,13.44753701500,52.47605766400,"0"
"199311","11","0","01","001","2019","09","14","5","3","6","4","0","1","0","1","0","0","0",798816.32311500004,5828243.61106999964,13.40527067100,52.52218259300,"0"
"199312","11","0","01","001","2019","09","17","5","2","5","2","0","1","1","0","0","0","0",795453.50028000004,5827718.07139000110,13.35538432200,52.51930412200,"0"
"199313","11","0","05","005","2019","09","14","5","3","1","1","0","1","1","0","0","0","0",782241.60881000001,5829468.19060999900,13.16268066500,52.54199556700,"0"
"199314","11","0","11","011","2019","09","13","5","2","6","4","0","0","1","1","0","0","0",805111.82035900000,5826190.99679999985,13.49589238600,52.50030003600,"0"
"199315","11","0","02","002","2019","09","02","5","3","1","5","2","0","1","0","0","0","0",800117.03254399996,5826154.52398999967,13.42250035600,52.50274299400,"0"
"199316","11","0","01","001","2019","09","13","5","3","3","6","0","0","1","0","0","1","0",794038.39118000004,5830240.94129000045,13.33682032100,52.54268499200,"0"
"199317","11","0","08","008","2019","09","12","5","3","5","2","0","0","1","0","0","0","0",803196.68884500000,5822707.79360000044,13.46459762000,52.47014787600,"0"
"199318","11","0","05","005","2019","09","11","5","3","1","5","0","0","1","0","0","0","1",787397.88688400004,5830013.94493000023,13.23897676200,52.54419324800,"0"
"199319","11","0","08","008","2019","09","05","5","3","5","7","1","0","1","0","0","0","0",800386.03441600001,5824111.12048000004,13.42460916500,52.48427918800,"0"
"199320","11","0","01","001","2019","09","14","5","3","0","6","0","0","0","0","0","0","1",795426.52518200001,5829528.29399000108,13.35659632200,52.53554586100,"0"
"199321","11","0","03","003","2019","09","13","5","2","5","3","0","0","1","0","0","0","0",802207.85375000001,5832973.99376999959,13.45940954100,52.56271155600,"0"
"199322","11","0","07","007","2019","09","04","5","3","6","2","2","0","1","1","0","0","0",796036.63840499998,5825376.20103000104,13.36187075200,52.49799510300,"0"
"199323","11","0","01","001","2019","09","13","5","3","2","6","0","0","1","0","0","0","1",795298.52543799998,5826408.93692000024,13.35194522500,52.50765269500,"0"
"199324","11","0","12","012","2019","09","15","4","2","0","6","0","0","1","0","0","0","1",786308.00569200004,5834361.24395000096,13.22670078100,52.58374342100,"0"
"199325","11","0","04","004","2019","09","16","4","3","5","3","0","1","1","0","0","0","0",791949.76233599999,5825233.92052000016,13.30171475700,52.49892129300,"0"
"199326","11","0","01","001","2019","09","09","4","3","5","3","0","1","1","0","0","0","0",798557.14357800002,5826814.78906999901,13.40017991100,52.50951712200,"0"
"199327","11","0","02","002","2019","09","08","4","3","6","4","0","0","1","1","0","0","0",800878.83143200004,5825318.87480999902,13.43293480800,52.49483332300,"0"
"199328","11","0","08","008","2019","09","13","4","3","6","2","0","0","1","1","0","0","0",805794.49723400001,5816849.72673000023,13.49736230700,52.41619682700,"0"
"199329","11","0","01","001","2019","09","13","4","3","5","2","0","1","1","0","0","0","0",797594.30065200001,5828064.04059999995,13.38715196800,52.52124127800,"0"
"199330","11","0","09","009","2019","09","23","4","3","0","1","2","1","0","0","0","0","0",802306.85976799997,5825328.78115999978,13.45391445400,52.49413307100,"0"
"199331","11","0","11","011","2019","09","16","4","3","5","3","0","1","1","0","0","0","0",806133.03417000000,5826709.06451999955,13.51136587600,52.50437121700,"0"
"199332","11","0","10","010","2019","09","08","4","3","5","3","0","0","1","0","0","0","0",812339.03837800003,5829697.12607999984,13.60530849400,52.52763077400,"0"
"199333","11","0","01","001","2019","09","22","4","2","1","5","2","1","0","0","0","0","1",795670.01692400000,5829262.40868999902,13.35993922000,52.53303039800,"0"
"199334","11","0","01","001","2019","09","21","4","3","1","1","2","1","1","0","0","0","0",797579.66150299995,5828552.12621999998,13.38737356700,52.52562436500,"0"
"199335","11","0","06","006","2019","09","19","4","3","1","5","2","1","1","0","0","0","0",787044.87679200002,5817293.97004000004,13.22282969400,52.43033562400,"0"
"199336","11","0","07","007","2019","09","19","4","3","2","6","1","0","1","0","0","0","0",794990.00814799999,5823919.77244000044,13.34520830400,52.48550593700,"0"
"199337","11","0","05","005","2019","09","18","4","3","5","7","1","0","1","0","1","0","0",784228.13369599998,5828948.42789999954,13.19144965100,52.53630268600,"0"
"199338","11","0","11","011","2019","09","18","4","3","0","3","0","1","1","0","0","0","0",804833.38410400006,5827748.04437999986,13.49322902900,52.51441073000,"0"
"199339","11","0","04","004","2019","09","18","4","3","6","4","0","0","1","1","0","0","0",793932.65937699995,5826512.80814000033,13.33197023200,52.50932146700,"0"
"199340","11","0","03","003","2019","09","17","4","2","6","7","0","0","1","1","0","0","0",800164.69018300006,5836534.85694000032,13.43258314000,52.59575840200,"0"
"199341","11","0","01","001","2019","09","17","4","3","6","2","0","0","1","1","0","0","0",796994.33804199996,5826617.88100999966,13.37704457700,52.50860512600,"0"
"199342","11","0","02","002","2019","09","17","4","3","3","6","0","0","1","0","0","0","0",802831.22764599998,5826106.02032000013,13.46232120600,52.50080874000,"0"
"199343","11","0","06","006","2019","09","17","4","3","1","7","0","0","1","0","0","0","0",789801.83349999995,5816750.09571999963,13.26279579800,52.42400605100,"0"
"199344","11","0","05","005","2019","09","16","4","3","2","3","0","1","1","0","0","0","0",786601.79200000002,5830059.83899999969,13.22730914400,52.54502409000,"0"
"199345","11","0","09","009","2019","09","08","4","3","0","6","0","0","1","0","0","0","0",808029.76860900002,5819785.08726000041,13.53282899200,52.44125076100,"0"
"199346","11","0","05","005","2019","09","16","4","3","5","3","0","0","1","0","0","0","0",785091.42213299999,5827591.69000000041,13.20297966200,52.52368732400,"0"
"199347","11","0","03","003","2019","09","15","4","3","2","2","0","1","1","0","0","0","0",801345.62016399996,5830615.99041000102,13.44458785800,52.54205456400,"0"
"199348","11","0","09","009","2019","09","06","4","3","5","2","1","1","0","0","0","0","1",812938.75501600001,5821379.44127000030,13.60630937100,52.45275132800,"0"
"199349","11","0","09","009","2019","09","06","4","3","5","2","0","1","1","0","0","0","0",803842.17223499995,5820985.84198999964,13.47250352100,52.45435568500,"0"
"199350","11","0","01","001","2019","09","15","4","3","6","4","0","0","0","1","0","0","1",799151.99268400006,5828216.80222999956,13.41017921400,52.52175824000,"0"
"199351","11","0","05","005","2019","09","05","4","2","6","2","2","0","1","1","0","0","0",784801.81945499999,5828811.55372000020,13.19976768900,52.53477596700,"0"
"199352","11","0","12","012","2019","09","14","4","3","5","2","0","1","1","0","0","0","0",795330.72136800003,5833842.35333999991,13.35902600700,52.57426945500,"0"
"199353","11","0","07","007","2019","09","14","4","3","5","3","0","1","1","0","0","0","0",799149.52336700005,5821299.00473999977,13.40393244700,52.45975121800,"0"
"199354","11","0","04","004","2019","09","14","4","3","5","3","0","0","1","0","1","0","0",792148.55375900003,5827322.56044999976,13.30646799700,52.51753911500,"0"
"199355","11","0","12","012","2019","09","14","4","3","6","4","0","0","1","1","0","0","0",794558.53111700004,5835783.15060000028,13.34938937600,52.59208555100,"1"
"199356","11","0","07","007","2019","09","13","4","2","6","2","0","0","1","1","0","0","0",795518.59900000005,5825369.81900000013,13.35425614800,52.49821865700,"0"
"199357","11","0","02","002","2019","09","13","4","3","0","3","0","1","0","0","1","0","0",800658.20898899995,5826577.87406999897,13.43083149100,52.50623969000,"0"
"199358","11","0","11","011","2019","09","10","4","2","4","2","0","1","0","0","0","0","1",807755.08004899998,5824028.58547999989,13.53271257600,52.47943620500,"0"
"199359","11","0","01","001","2019","09","07","4","3","6","2","0","0","1","1","0","0","0",797762.47834999999,5829745.20340000000,13.39112898400,52.53621898300,"0"
"199360","11","0","12","012","2019","09","10","4","3","5","2","0","0","1","0","0","0","1",792216.82164800004,5833724.07481999975,13.31310353800,52.57489001300,"0"
"199361","11","0","08","008","2019","09","09","4","2","5","3","0","0","1","0","1","0","0",802622.16075399995,5824365.73036000039,13.45766999400,52.48532654600,"0"
"199362","11","0","05","005","2019","09","09","4","3","5","3","0","1","1","0","0","0","0",783825.02113600005,5830154.40661999956,13.18655267000,52.54732573700,"0"
"199363","11","0","10","010","2019","09","09","4","3","5","2","0","1","1","0","0","0","0",806318.30138600001,5830168.81469000038,13.51727263600,52.53527431800,"0"
"199364","11","0","02","002","2019","09","08","4","3","5","2","0","1","1","0","0","0","0",800315.50264600001,5827619.73888000008,13.42673747400,52.51576702200,"0"
"199365","11","0","08","008","2019","09","07","4","3","5","7","0","1","1","0","0","0","0",802007.69437100005,5819931.88021999970,13.44463588600,52.44592546300,"0"
"199366","11","0","02","002","2019","09","06","4","3","5","3","0","1","0","0","1","0","0",800847.25838799996,5826462.00090000033,13.43350376600,52.50509687800,"1"
"199367","11","0","05","005","2019","09","09","4","2","5","3","0","0","1","0","0","0","1",784753.70492599998,5828627.86763000023,13.19890287000,52.53315418200,"0"
"199368","11","0","02","002","2019","09","16","3","3","1","5","0","1","1","0","0","0","0",798280.72774400003,5824716.33841999993,13.39423961000,52.49085838600,"0"
"199369","11","0","03","003","2019","09","22","3","3","5","3","2","0","1","0","0","0","0",801109.18268099998,5831522.15735999960,13.44193351200,52.55030733500,"1"
"199370","11","0","01","001","2019","09","22","3","2","6","4","2","1","0","1","0","0","0",794696.66623099998,5827418.74576000031,13.34399730200,52.51703039900,"1"
"199371","11","0","01","001","2019","09","21","3","3","6","4","2","1","0","1","0","0","0",798125.58572500001,5829345.10893999971,13.39610776200,52.53243416500,"1"
"199372","11","0","10","010","2019","09","20","3","2","5","3","2","0","1","0","0","0","0",809972.95288500004,5832046.05339999963,13.57273384600,52.55003108500,"1"
"199373","11","0","01","001","2019","09","19","3","3","5","2","1","0","1","0","0","0","1",797668.29031600000,5831309.01429999992,13.39114571200,52.55028799900,"1"
"199374","11","0","05","005","2019","09","19","3","3","5","2","2","0","1","0","0","0","0",785983.75900800002,5827953.42700999975,13.21640745400,52.52646325900,"0"
"199375","11","0","03","003","2019","09","19","3","2","6","4","0","0","1","1","0","0","0",801924.49123699998,5830672.39773999993,13.45314896900,52.54223970100,"1"
"199376","11","0","12","012","2019","09","18","3","3","2","6","1","0","1","0","0","0","0",795097.80993200000,5832470.40567000024,13.35437852100,52.56209750500,"1"
"199377","11","0","02","002","2019","09","18","3","3","2","7","1","0","1","0","1","0","0",800873.05587699998,5828490.51867000107,13.43571680800,52.52326472300,"1"
"199378","11","0","08","008","2019","09","18","3","3","6","4","2","0","0","1","1","0","0",800984.79393900000,5824783.45187999960,13.43400723700,52.48997576200,"1"
"199379","11","0","02","002","2019","09","17","3","3","0","2","1","1","1","0","0","0","0",800483.85300799995,5828469.11285000108,13.42997817100,52.52328747900,"1"
"199380","11","0","03","003","2019","09","18","3","3","5","2","0","0","1","0","1","0","0",798771.82056100003,5832593.80587000027,13.40852888300,52.56120007700,"1"
"199381","11","0","08","008","2019","09","15","3","3","0","2","0","1","1","0","0","0","0",803019.90566599998,5819379.02462000027,13.45898232000,52.44041018400,"0"
"199382","11","0","03","003","2019","09","16","3","2","2","6","0","0","1","0","0","0","0",800346.49103999999,5830853.64300000016,13.43011439200,52.54473634500,"1"
"199383","11","0","09","009","2019","09","17","3","3","2","6","0","0","1","0","0","0","0",810755.17285900004,5821229.50231999997,13.57414018500,52.45265327200,"1"
"199384","11","0","10","010","2019","09","17","3","3","5","3","1","0","1","0","1","0","0",809448.80634600006,5834612.58418999892,13.56742161300,52.57332913800,"1"
"199385","11","0","09","009","2019","09","17","3","3","2","6","0","0","1","0","0","0","0",809661.54888799996,5821478.68575999979,13.55832913200,52.45550698700,"1"
"199386","11","0","02","002","2019","09","14","3","3","2","6","0","0","1","0","1","0","0",800380.10511200002,5825798.61132999975,13.42604338100,52.49940806900,"1"
"199387","11","0","05","005","2019","09","14","3","3","2","6","0","0","1","0","0","0","0",786008.56890800002,5829183.61749999970,13.21783068300,52.53747985900,"1"
"199388","11","0","04","004","2019","09","12","3","3","6","4","0","0","0","1","1","0","0",793070.28975600004,5827668.66865000036,13.32031802200,52.52014728200,"1"
"199389","11","0","11","011","2019","09","12","3","2","5","2","0","1","1","0","0","0","0",806698.64407799998,5826916.61115999985,13.51986408500,52.50591366800,"1"
"199390","11","0","02","002","2019","09","11","3","3","3","6","0","0","1","0","0","0","0",797814.51673499995,5824907.09066000022,13.38756382900,52.49282280300,"0"
"199391","11","0","10","010","2019","09","11","3","3","5","2","0","0","1","0","0","0","0",806313.24208800006,5830191.25519999955,13.51721896100,52.53547827700,"0"
"199392","11","0","03","003","2019","09","11","3","2","5","2","0","0","1","0","0","0","1",802691.13116600004,5831796.91425999999,13.46544389100,52.55189320300,"0"
"199393","11","0","07","007","2019","09","10","3","3","5","7","0","0","0","0","1","0","1",794647.10340499994,5825224.38346999977,13.34132673100,52.49738614400,"0"
"199394","11","0","02","002","2019","09","12","4","3","2","6","0","0","1","0","0","1","0",799825.55268099997,5825742.91036000010,13.41784842800,52.49921375300,"1"
"199395","11","0","03","003","2019","09","10","3","3","5","3","0","0","1","0","1","0","0",800804.35173400003,5830903.53443999961,13.43689103100,52.54493094000,"0"
"199396","11","0","11","011","2019","09","05","3","3","7","7","1","1","0","0","0","0","0",803613.93521499995,5829766.80807000026,13.47715708400,52.53318448100,"0"
"199397","11","0","04","004","2019","09","10","3","3","5","2","0","1","1","0","0","0","0",792316.93563299999,5825233.36950000003,13.30710776700,52.49871979900,"0"
"199398","11","0","04","004","2019","09","23","3","3","2","1","2","0","1","0","1","0","0",793214.50668100000,5826767.95471000019,13.32164365700,52.51199523400,"0"
"199399","11","0","08","008","2019","09","09","3","3","2","6","0","0","1","0","0","0","0",800356.05742199998,5824303.56984999962,13.42434245200,52.48602067900,"0"
"199400","11","0","03","003","2019","09","09","3","3","5","2","0","1","1","0","0","0","0",799262.16918600001,5837648.99012999982,13.42030575600,52.60624207600,"0"
"199401","11","0","12","012","2019","09","23","3","3","5","3","2","1","1","0","0","0","0",793352.23991500004,5836046.45712000038,13.33186622300,52.59509788200,"0"
"199402","11","0","06","006","2019","09","15","3","3","5","3","0","1","0","0","0","0","0",789633.33041299996,5817029.23991000094,13.26056638000,52.42659792000,"0"
"199403","11","0","02","002","2019","09","09","3","3","2","2","0","1","1","0","0","0","0",797179.48740999994,5824753.78151000105,13.37810119800,52.49179465100,"0"
"199404","11","0","06","006","2019","09","08","3","2","1","5","0","1","1","0","0","0","0",794457.60225800006,5818806.49163999967,13.33287921100,52.43995530400,"0"
"199405","11","0","05","005","2019","09","21","3","3","5","3","2","1","1","0","0","0","0",784232.33961300005,5827368.09518000018,13.19016034500,52.52213109000,"0"
"199406","11","0","05","005","2019","09","08","3","3","0","2","0","1","0","0","0","0","1",780875.89886299998,5828336.11909000110,13.14163870800,52.53255046400,"0"
"199407","11","0","03","003","2019","09","08","3","3","6","7","0","1","0","1","0","0","0",799783.75455499999,5832261.79365999997,13.42311228600,52.55766797600,"0"
"199408","11","0","11","011","2019","09","06","3","3","5","2","0","1","1","0","0","0","0",807351.46287599998,5833148.31790000014,13.53521429100,52.56139489400,"0"
"199409","11","0","01","001","2019","09","16","3","3","1","1","0","0","1","0","0","0","0",794227.20289099996,5829976.77618999965,13.33936250300,52.54021500300,"1"
"199410","11","0","09","009","2019","09","16","3","2","5","7","0","0","1","0","0","0","1",811356.04721100000,5822551.20354000013,13.58418656800,52.46415577500,"0"
"199411","11","0","02","002","2019","09","17","3","2","6","4","0","0","0","1","1","0","0",799426.75804500002,5826150.44960999954,13.41235767100,52.50308569500,"0"
"199412","11","0","06","006","2019","09","16","3","3","5","3","0","1","0","0","0","0","1",793746.85878899996,5819871.12822999898,13.32338916100,52.44988165500,"1"
"199413","11","0","02","002","2019","09","16","3","3","5","3","0","0","1","0","0","0","0",799027.04425899999,5826061.90000000037,13.40640690100,52.50251116900,"0"
"199414","11","0","03","003","2019","09","16","3","3","5","3","0","1","1","0","0","0","0",799979.52238300000,5833095.53433000110,13.42674503300,52.56503320900,"1"
"199415","11","0","02","002","2019","09","16","3","3","5","3","0","1","1","0","0","0","0",798997.78057299997,5825707.02993000019,13.40565844700,52.49934629200,"1"
"199416","11","0","10","010","2019","09","16","3","2","2","6","0","0","1","0","0","0","0",813479.61520200002,5829462.13363000099,13.62184495100,52.52487043500,"0"
"199417","11","0","02","002","2019","09","16","3","3","5","7","0","1","1","0","0","0","0",798003.59852200001,5825270.55542999972,13.39066572500,52.49597763100,"1"
"199418","11","0","11","011","2019","09","15","3","3","0","3","0","0","1","0","0","0","1",803561.55607399996,5830184.88692000043,13.47676910400,52.53696076400,"0"
"199419","11","0","11","011","2019","09","06","3","3","6","4","0","0","0","1","1","0","0",803997.33308699995,5829072.75174999982,13.48215732700,52.52675022400,"0"
"199420","11","0","04","004","2019","09","15","3","2","3","6","0","0","1","0","1","0","0",793877.29892099998,5826059.28129000030,13.33075648500,52.50528565800,"0"
"199421","11","0","11","011","2019","09","16","3","2","5","3","0","0","1","0","1","0","0",805975.02097299998,5832534.17566000018,13.51440631800,52.55666602000,"1"
"199422","11","0","01","001","2019","09","16","3","3","5","3","0","0","1","0","0","0","0",794649.27244700002,5830520.46270000003,13.34605010900,52.54486068800,"1"
"199423","11","0","05","005","2019","09","15","3","3","5","7","0","1","1","0","0","0","0",784272.47621100000,5828074.44290000014,13.19135417700,52.52844334400,"0"
"199424","11","0","12","012","2019","09","15","3","3","6","4","0","0","1","1","0","0","0",795648.37060499995,5833552.44550000038,13.36344120600,52.57149826100,"0"
"199425","11","0","02","002","2019","09","15","3","3","2","7","0","0","1","0","0","0","0",800964.15899999999,5828226.24700000044,13.43681642100,52.52084572700,"1"
"199426","11","0","02","002","2019","09","15","3","3","5","3","0","1","1","0","0","0","0",799598.06533999997,5825841.47578999959,13.41459594400,52.50022217900,"1"
"199427","11","0","08","008","2019","09","14","3","3","5","3","0","1","1","0","0","0","0",805149.35166299995,5817087.64840000030,13.48812262900,52.41868929000,"0"
"199428","11","0","11","011","2019","09","15","3","2","0","3","0","1","1","0","0","0","0",804729.02959199995,5831191.40799999982,13.49485210200,52.54533015500,"1"
"199429","11","0","01","001","2019","09","13","3","3","5","2","0","0","1","0","0","0","0",795476.36505400005,5829575.12719999999,13.35737063000,52.53593866200,"0"
"199430","11","0","11","011","2019","09","15","3","3","0","1","0","0","0","0","1","0","0",803917.75826399995,5828019.65553999972,13.48002573200,52.51735604600,"1"
"199431","11","0","01","001","2019","09","13","3","3","5","2","0","0","1","0","0","0","0",795183.86630899995,5825907.42597000021,13.34981607800,52.50321907000,"0"
"199432","11","0","11","011","2019","09","14","3","2","2","6","0","0","1","0","0","1","1",805399.19417799998,5830019.29028999899,13.50362675600,52.53445000400,"1"
"199433","11","0","01","001","2019","09","10","3","3","5","2","0","0","1","0","1","0","0",797424.54126099998,5832537.19355999958,13.38866189900,52.56143021000,"0"
"199434","11","0","02","002","2019","09","14","3","3","2","6","0","0","1","0","1","0","0",799650.47751700005,5825661.59857999999,13.41520391200,52.49858107500,"1"
"199435","11","0","01","001","2019","09","13","3","3","0","1","0","0","0","0","1","0","0",797004.37610700005,5828945.60020000022,13.37927025300,52.52946511400,"1"
"199436","11","0","03","003","2019","09","10","3","3","2","5","0","0","1","0","0","0","0",799815.92638700001,5829030.51200000010,13.42066910200,52.52868719300,"0"
"199437","11","0","01","001","2019","09","08","3","3","5","2","0","1","1","0","0","0","0",798899.23375899997,5827347.78015000094,13.40568418900,52.51410730700,"0"
"199438","11","0","07","007","2019","09","17","3","3","5","3","0","1","1","0","0","0","0",795704.39495300001,5825458.96786999982,13.35706427200,52.49891716400,"0"