OBJECTID,ULAND,UREGBEZ,UKREIS,UGEMEINDE,UJAHR,UMONAT,USTUNDE,UWOCHENTAG,UKATEGORIE,UART,UTYP1,ULICHTVERH,IstRad,IstPKW,IstFuss,IstKrad,IstGkfz,IstSonstig,LINREFX,LINREFY,XGCSWGS84,YGCSWGS84,STRZUSTAND
"199439","11","0","01","001","2019","09","08","3","3","5","2","0","1","1","0","0","0","0",796705.27174999996,5831623.60503999982,13.37726571400,52.55363335100,"0"
"199440","11","0","07","007","2019","09","17","2","3","0","7","0","0","0","0","1","0","1",796714.44242700003,5821152.19696000032,13.36806749300,52.45976276600,"1"
"199441","11","0","02","002","2019","09","08","3","3","0","2","0","1","0","0","1","0","0",800695.53951300005,5825390.87913000025,13.43030808100,52.49557972800,"0"
"199442","11","0","08","008","2019","09","13","2","3","2","7","0","0","1","0","0","0","1",802499.63686299999,5823346.99292000011,13.45494686600,52.47626346700,"0"
"199443","11","0","03","003","2019","09","08","3","3","2","6","0","1","1","0","0","0","0",801666.88321600005,5831709.96504999977,13.45030433000,52.55168209300,"0"
"199444","11","0","01","001","2019","09","07","2","3","5","2","0","0","1","0","0","1","0",794898.51171500003,5830250.07880000025,13.34947481800,52.54230206100,"0"
"199445","11","0","02","002","2019","09","07","3","3","2","6","1","0","1","0","0","1","0",798438.70485099999,5826520.41715000104,13.39817601500,52.50694327300,"0"
"199446","11","0","04","004","2019","09","12","2","3","6","4","0","0","1","1","0","0","0",791902.79843199998,5826445.91966000013,13.30208749400,52.50981179200,"0"
"199447","11","0","06","006","2019","09","22","2","3","1","5","2","0","1","0","0","0","0",795533.11588900001,5820013.39432999957,13.34972329000,52.45019427800,"0"
"199448","11","0","01","001","2019","09","07","3","3","3","6","0","1","1","0","0","0","0",798951.27333800006,5828436.42243000027,13.40742707700,52.52383689700,"0"
"199449","11","0","01","001","2019","09","18","2","3","5","2","0","0","1","0","1","0","0",793693.79390900000,5829198.26939999964,13.33083201600,52.53352388300,"0"
"199450","11","0","12","012","2019","09","07","3","3","2","7","0","0","1","0","0","0","0",790371.83556799998,5839362.47382999957,13.29090034000,52.62642492300,"0"
"199451","11","0","12","012","2019","09","18","2","3","2","6","0","0","1","0","0","0","0",795023.64993600000,5838070.32823000103,13.35827400000,52.61233578700,"0"
"199452","11","0","01","001","2019","09","17","2","3","5","2","0","1","1","0","0","0","0",793286.05253300001,5829033.16289000027,13.32469237300,52.53226334100,"0"
"199453","11","0","04","004","2019","09","07","3","3","2","2","1","0","1","0","0","0","0",790537.12519599998,5826371.54028999899,13.28195638100,52.50987406200,"0"
"199454","11","0","03","003","2019","09","17","2","3","4","6","0","1","1","0","0","0","0",798153.88687199994,5833694.47164999973,13.40042944900,52.57140468200,"0"
"199455","11","0","04","004","2019","09","05","3","3","6","4","2","0","0","1","1","0","0",792059.99245200003,5828666.27835000027,13.30634660400,52.52963265900,"0"
"199456","11","0","04","004","2019","09","17","2","3","3","6","0","0","1","0","0","0","0",791267.59514400002,5830709.72092999890,13.29648997300,52.54837580200,"0"
"199457","11","0","10","010","2019","09","00","3","3","9","1","2","0","1","0","0","0","0",810937.67571300000,5831628.48218000028,13.58652505200,52.54573932300,"0"
"199458","11","0","07","007","2019","09","17","2","3","0","7","0","0","0","0","1","0","0",796700.61533399997,5821137.64929000102,13.36785165100,52.45963986600,"1"
"199459","11","0","02","002","2019","09","22","3","2","5","3","2","1","1","1","0","0","0",798346.97900000005,5825559.33299999963,13.39596744200,52.49837856000,"0"
"199460","11","0","07","007","2019","09","17","2","3","0","7","0","0","0","0","1","0","1",796616.59212900000,5821140.17057999969,13.36662085300,52.45970807800,"1"
"199461","11","0","08","008","2019","09","16","2","2","5","2","0","1","0","0","0","0","1",804697.22741399996,5817818.17698999960,13.48216020000,52.42548875500,"0"
"199462","11","0","08","008","2019","09","09","2","3","0","3","0","1","0","0","0","1","0",801859.51441099995,5822386.12504999898,13.44468108100,52.46800519900,"0"
"199463","11","0","09","009","2019","09","14","2","3","5","2","0","1","1","0","0","0","0",807722.72034000000,5818115.20481000096,13.52678903200,52.42645777500,"0"
"199464","11","0","07","007","2019","09","16","2","2","5","3","0","0","1","0","0","0","0",799962.76450900000,5815428.30387999956,13.41059916500,52.40668276100,"0"
"199465","11","0","03","003","2019","09","20","2","3","0","6","2","1","1","0","0","0","0",799477.84762300004,5832755.62655999977,13.41905906600,52.56226268500,"0"
"199466","11","0","08","008","2019","09","16","2","3","6","7","0","0","0","1","0","0","1",801613.18219900003,5822562.65168999974,13.44122541700,52.46972349000,"0"
"199467","11","0","04","004","2019","09","16","2","3","5","3","0","1","1","0","0","0","0",791670.02398199996,5823246.43475000095,13.29586591100,52.48125323400,"0"
"199468","11","0","09","009","2019","09","16","2","3","1","7","0","0","1","0","0","0","0",803945.27141599997,5823118.58231000043,13.47595835100,52.47341372500,"0"
"199469","11","0","11","011","2019","09","14","2","3","2","6","0","0","1","0","0","0","0",806324.19895999995,5833857.70430000033,13.52076252800,52.56833134500,"0"
"199470","11","0","02","002","2019","09","15","2","3","1","5","0","1","1","0","0","0","0",802179.77775899996,5827134.50341000035,13.45368688600,52.51038817700,"0"
"199471","11","0","12","012","2019","09","15","2","3","2","6","0","0","1","0","0","0","0",788046.82614300004,5831003.04415000044,13.24937767800,52.55271819900,"0"
"199472","11","0","01","001","2019","09","09","2","3","2","2","0","0","1","0","0","1","0",795052.64000000001,5827184.91000000015,13.34902078000,52.51474176500,"0"
"199473","11","0","01","001","2019","09","14","2","2","5","2","0","0","1","0","0","0","0",795884.19973100000,5831962.43816999905,13.36549280400,52.55711732200,"0"
"199474","11","0","09","009","2019","09","08","2","3","5","3","0","1","1","0","0","0","0",810847.78251699999,5815493.75181999989,13.57016830800,52.40119877600,"0"
"199475","11","0","08","008","2019","09","14","2","3","6","7","0","1","0","1","0","0","0",800356.72393700003,5824213.68326000031,13.42427124100,52.48521462300,"0"
"199476","11","0","05","005","2019","09","08","2","3","2","6","0","0","1","0","0","0","0",788000.77397099999,5829367.38262000028,13.24728200900,52.53807818800,"0"
"199477","11","0","12","012","2019","09","11","2","2","5","3","0","0","0","0","1","0","1",793298.09411099995,5832574.53596000001,13.32799709800,52.56400342100,"0"
"199478","11","0","10","010","2019","09","08","2","3","5","2","0","1","1","0","0","0","0",807200.00804700004,5829145.79203000106,13.52928575600,52.52560971400,"0"
"199479","11","0","06","006","2019","09","14","2","3","2","7","0","0","1","0","1","0","0",795623.33793299994,5817010.63898999896,13.34839148300,52.42322768600,"0"
"199480","11","0","11","011","2019","09","10","2","3","6","4","0","0","1","1","0","0","0",806018.29824899998,5826452.28588000033,13.50944476600,52.50213424200,"0"
"199481","11","0","04","004","2019","09","08","2","3","5","2","0","1","1","0","0","0","0",793156.85038900003,5824516.69051999971,13.31881454400,52.49184448200,"0"
"199482","11","0","01","001","2019","09","09","2","3","5","2","0","1","1","0","0","0","0",798201.91599999997,5827421.85800000001,13.39550522600,52.51515300700,"0"
"199483","11","0","07","007","2019","09","07","2","3","2","2","0","0","1","0","0","1","0",797740.64910899999,5819114.53942999896,13.38131045500,52.44093915800,"0"
"199484","11","0","01","001","2019","09","10","2","3","6","7","0","0","1","1","0","0","0",797759.34705500002,5828330.05731000099,13.38981548500,52.52353569000,"0"
"199485","11","0","01","001","2019","09","21","2","2","6","4","2","0","1","1","0","0","0",796011.65200000000,5831416.21200000029,13.36688024000,52.55215169700,"0"
"199486","11","0","05","005","2019","09","14","2","3","2","6","0","0","1","0","0","0","1",784651.69514800003,5829727.75597000029,13.19834530900,52.54306905900,"0"
"199487","11","0","12","012","2019","09","19","2","3","3","6","2","0","1","0","1","0","0",792234.67316500004,5833258.68859000038,13.31295608100,52.57070842700,"0"
"199488","11","0","02","002","2019","09","09","2","3","5","2","0","1","1","0","0","0","0",798791.88383599999,5824920.46239999961,13.40192882800,52.49240854500,"1"
"199489","11","0","06","006","2019","09","09","2","3","5","3","0","1","1","0","0","0","0",789079.71876299998,5815764.74344999902,13.25135443600,52.41555380600,"1"
"199490","11","0","09","009","2019","09","20","2","2","2","7","2","0","1","0","0","0","0",819378.43851999997,5819906.72388000041,13.69934811700,52.43583181500,"0"
"199491","11","0","01","001","2019","09","20","2","3","2","6","2","0","1","0","0","0","0",795864.51947000006,5831925.00035000034,13.36516998500,52.55679242100,"0"
"199492","11","0","04","004","2019","09","09","2","3","6","2","0","0","1","1","0","0","0",793940.09753100004,5826080.96774000023,13.33169819800,52.50544623700,"0"
"199493","11","0","01","001","2019","09","09","2","3","3","6","0","1","1","0","0","0","0",799660.61626499996,5827084.32828000002,13.41663332700,52.51132810500,"0"
"199494","11","0","09","009","2019","09","16","2","3","2","6","0","0","1","0","0","0","0",811363.32907500002,5820111.28622000013,13.58201869100,52.44228633000,"0"
"199495","11","0","04","004","2019","09","08","2","3","2","6","0","1","1","0","0","0","0",794562.58589900006,5826001.98732999898,13.34077315200,52.50440250700,"1"
"199496","11","0","07","007","2019","09","09","2","2","5","3","0","1","0","0","0","0","0",797942.10794200003,5822041.34826999903,13.38687685100,52.46706510400,"0"
"199497","11","0","01","001","2019","09","08","2","3","5","2","0","1","1","0","0","0","0",796969.42025299999,5828808.35745999962,13.37863388400,52.52825393000,"0"
"199498","11","0","03","003","2019","09","08","2","3","0","2","0","1","1","0","0","0","0",800159.92174999998,5831670.37366000004,13.42810962300,52.55215973200,"0"
"199499","11","0","03","003","2019","09","15","2","3","5","3","0","0","1","0","0","0","0",800111.54454599996,5840245.22023999970,13.43516657500,52.62904407400,"0"
"199500","11","0","06","006","2019","09","07","2","2","5","3","0","1","1","0","0","0","0",794445.11528699996,5817316.05687000044,13.33138344500,52.42660089700,"0"
"199501","11","0","12","012","2019","09","13","2","3","0","7","0","0","1","0","0","0","0",786485.85069899994,5837722.42568999901,13.23222685100,52.61378454600,"0"
"199502","11","0","07","007","2019","09","14","2","3","5","3","0","1","1","0","0","0","0",794892.01022099995,5823919.13834999967,13.34376873900,52.48555319100,"0"
"199503","11","0","04","004","2019","09","11","2","3","5","7","0","0","1","0","0","0","1",792840.16712999996,5825515.52718999982,13.31504163000,52.50096873500,"0"
"199504","11","0","01","001","2019","09","19","2","3","0","4","2","1","0","1","0","0","0",798601.65650899999,5828879.27424999978,13.40268690200,52.52799802300,"0"
"199505","11","0","08","008","2019","09","11","2","3","5","3","0","0","1","0","0","0","0",800428.24102800002,5823849.24031000026,13.42499284200,52.48190863200,"0"
"199506","11","0","08","008","2019","09","07","2","3","2","7","0","0","1","0","0","0","0",800497.40972400003,5822869.29327999987,13.42512530300,52.47308691900,"0"
"199507","11","0","04","004","2019","09","13","2","3","6","4","0","0","1","1","0","0","0",791317.90514699998,5829728.40349000040,13.29636919000,52.53955155200,"0"
"199508","11","0","01","001","2019","09","15","1","3","1","5","0","1","1","0","0","0","0",797277.20765200001,5831910.73493000027,13.38593371100,52.55589525000,"0"
"199509","11","0","05","005","2019","09","17","2","3","0","3","0","1","1","0","0","0","0",780686.07791899994,5827868.00062000006,13.13845238000,52.52845078400,"0"
"199510","11","0","11","011","2019","09","08","1","3","6","4","0","0","1","1","0","0","0",804103.34808999998,5825989.75322000030,13.48089802100,52.49905926100,"0"
"199511","11","0","01","001","2019","09","13","2","3","0","1","0","1","0","0","0","0","0",797875.42819999997,5828531.45674000029,13.39170178200,52.52527757700,"0"
"199512","11","0","04","004","2019","09","16","1","3","5","2","0","1","1","0","0","0","0",793986.68531900004,5826152.49217000045,13.33244577500,52.50606231400,"0"
"199513","11","0","04","004","2019","09","18","1","3","0","7","0","0","0","0","1","0","0",791727.17206400004,5826104.29284000024,13.29920761200,52.50684310700,"1"
"199514","11","0","08","008","2019","09","09","2","3","5","2","0","1","1","0","0","0","0",801102.78830200003,5824358.22004999965,13.43535565200,52.48609923100,"0"
"199515","11","0","03","003","2019","09","18","2","3","4","1","1","1","0","0","0","0","1",801608.35752500000,5831413.34164999891,13.44917434400,52.54905586700,"0"
"199516","11","0","08","008","2019","09","16","1","3","0","7","0","0","0","1","0","0","1",800914.81159299996,5822308.24969999958,13.43074597100,52.46782831600,"0"
"199517","11","0","01","001","2019","09","16","1","3","0","1","0","0","0","0","0","0","1",795183.49832999997,5826878.86802999955,13.35067209400,52.51192752500,"0"
"199518","11","0","01","001","2019","09","12","2","3","5","3","0","0","1","0","0","0","0",796683.74885099998,5830124.31053999998,13.37560986100,52.54020557100,"0"
"199519","11","0","09","009","2019","09","16","1","3","2","6","0","1","1","0","0","0","0",802250.89448300004,5824849.78179000039,13.45265811100,52.48987077200,"0"
"199520","11","0","09","009","2019","09","12","2","3","5","3","0","1","1","0","0","0","0",816641.62254799996,5817425.39565000031,13.65687490300,52.41518874700,"0"
"199521","11","0","04","004","2019","09","15","1","3","1","5","0","1","1","0","0","0","0",792937.64293199999,5823317.29401999991,13.31454093800,52.48120992800,"0"
"199522","11","0","04","004","2019","09","14","1","3","2","3","0","1","1","0","0","0","0",791793.20050799998,5827491.66784999892,13.30139422800,52.51924538300,"0"
"199523","11","0","03","003","2019","09","18","2","3","2","6","2","0","1","0","0","0","0",799573.72403499996,5828977.16241999995,13.41706139100,52.52834214700,"0"
"199524","11","0","04","004","2019","09","13","1","3","5","2","0","0","0","0","1","0","0",791208.58886500006,5829731.01288000029,13.29476420000,52.53963337500,"0"
"199525","11","0","04","004","2019","09","20","1","3","3","2","2","0","1","0","0","0","0",791127.65515300003,5829152.34807999991,13.29306726100,52.53448895700,"0"
"199526","11","0","04","004","2019","09","17","2","3","5","2","0","0","1","0","0","0","0",792441.15032599994,5824104.15821999963,13.30794115400,52.48853012600,"0"
"199527","11","0","01","001","2019","09","18","1","2","5","3","0","1","1","0","0","0","0",795277.24458199996,5831732.91342000011,13.35636174300,52.55538927200,"0"
"199528","11","0","01","001","2019","09","17","2","3","6","7","0","0","1","1","0","0","0",794746.34948400001,5827405.63877000101,13.34471576200,52.51688605500,"0"
"199529","11","0","09","009","2019","09","18","1","3","5","2","0","0","1","0","0","0","0",808329.46672300005,5818868.77639999986,13.53637905600,52.43286981400,"0"
"199530","11","0","07","007","2019","09","17","1","3","5","2","0","1","1","0","0","0","0",797850.46694099996,5821927.57340999972,13.38543027500,52.46609520500,"0"
"199531","11","0","09","009","2019","09","14","2","3","1","1","0","1","1","0","0","0","0",810855.60043700004,5820529.90864000004,13.57496228400,52.44632670000,"0"
"199532","11","0","01","001","2019","09","17","2","3","1","5","0","1","1","0","0","0","0",797843.00237100001,5830434.09676000010,13.39293020400,52.54235001600,"0"
"199533","11","0","01","001","2019","09","07","1","3","0","1","0","0","0","0","1","0","0",796569.75773600000,5827815.26693999954,13.37187416300,52.51956946700,"0"
"199534","11","0","02","002","2019","09","00","1","3","0","7","2","1","0","0","0","0","0",801645.59224499995,5826072.38496000040,13.44487722800,52.50116393200,"0"
"199535","11","0","04","004","2019","09","17","2","3","6","7","0","0","0","1","0","0","1",793661.09708099999,5825794.61993000098,13.32734684800,52.50302950400,"0"
"199536","11","0","09","009","2019","09","06","1","3","5","3","0","1","1","0","0","0","0",802319.32435300003,5825532.82553000096,13.45428265900,52.49595502100,"0"
"199537","11","0","08","008","2019","09","11","2","3","2","2","0","0","1","0","0","0","0",802132.29399999999,5822014.77699999977,13.44834822300,52.46452597700,"0"
"199538","11","0","08","008","2019","09","10","2","3","1","5","0","0","1","0","0","0","1",801297.52215199999,5822646.37468999904,13.43666810500,52.47064810400,"0"
"199539","11","0","04","004","2019","09","06","1","3","2","6","1","0","1","0","1","0","0",793337.98400000005,5829739.85300000012,13.32607952500,52.53857052200,"0"
"199540","11","0","04","004","2019","09","04","1","3","5","2","2","0","1","0","0","0","0",793981.07235799998,5826175.46758999955,13.33238360300,52.50627130100,"0"
"199541","11","0","05","005","2019","09","10","2","2","1","5","0","0","1","0","0","0","0",785717.56346099998,5828348.61574999895,13.21283395100,52.53014603500,"0"
"199542","11","0","05","005","2019","09","01","1","3","1","1","2","0","1","0","0","0","0",787964.81430600001,5828204.33800000045,13.24574564300,52.52766998200,"0"
"199543","11","0","07","007","2019","09","10","2","3","5","3","0","0","1","0","0","0","0",799827.56437100004,5812671.29184000008,13.40615086900,52.38204366200,"0"
"199544","11","0","09","009","2019","09","04","7","3","5","3","2","0","1","0","0","0","0",808098.27765199996,5816928.92526999954,13.53120264700,52.41561478900,"0"
"199545","11","0","08","008","2019","09","17","2","3","5","7","0","1","1","0","0","0","0",801558.12743100000,5817506.87366999965,13.43585376800,52.42443747400,"0"
"199546","11","0","07","007","2019","09","14","7","3","2","6","0","0","1","0","0","0","0",799026.06471900002,5819683.04848999903,13.40067389200,52.44533379300,"0"
"199547","11","0","03","003","2019","09","16","2","3","5","2","0","1","1","0","0","0","0",799649.02986600006,5831843.83346999902,13.42075365300,52.55399580600,"0"
"199548","11","0","12","012","2019","09","14","7","3","6","4","0","0","1","1","0","0","0",793448.46849899995,5833529.34059000108,13.33105388500,52.57248164000,"0"
"199549","11","0","01","001","2019","09","10","2","3","5","3","0","0","1","0","0","0","0",794245.83941200003,5831424.38190999907,13.34091903500,52.55318173400,"0"
"199550","11","0","12","012","2019","09","14","7","2","0","1","0","1","0","0","0","0","0",792312.03079200001,5837794.06398999970,13.31809649300,52.61132442000,"0"
"199551","11","0","09","009","2019","09","10","2","3","2","7","0","0","1","0","1","0","0",810618.40305099997,5822959.06634000037,13.57374326800,52.46823067500,"0"
"199552","11","0","07","007","2019","09","14","7","2","5","2","0","1","1","0","0","0","0",795998.75772999995,5824957.22441000026,13.36094206700,52.49425988300,"0"
"199553","11","0","04","004","2019","09","13","2","3","0","2","0","0","0","0","0","0","1",793680.82533100003,5826359.54791999981,13.32813500000,52.50808319700,"0"
"199554","11","0","03","003","2019","09","13","7","3","5","3","0","0","1","0","0","0","0",801062.80347599997,5831425.43969999999,13.44116387700,52.54946608000,"0"
"199555","11","0","09","009","2019","09","13","7","3","5","3","0","1","1","0","0","0","0",810487.61102199997,5820100.32457999978,13.56916600700,52.44268598700,"0"
"199556","11","0","01","001","2019","09","20","1","3","5","3","2","1","1","0","0","0","0",794033.49053600000,5830175.90168000013,13.33669069900,52.54210459800,"0"
"199557","11","0","09","009","2019","09","21","7","3","3","6","2","0","1","0","1","0","0",812474.71369500004,5821292.55680999905,13.59942153300,52.45223817000,"0"
"199558","11","0","11","011","2019","09","23","1","3","5","3","2","0","1","0","0","0","0",806139.24860599998,5826839.36966000032,13.51157695900,52.50553556400,"0"
"199559","11","0","04","004","2019","09","21","7","3","0","1","2","0","0","0","0","0","1",793936.58377999999,5823415.26841999963,13.32929470100,52.48155143400,"0"
"199560","11","0","06","006","2019","09","23","7","3","6","4","2","0","1","1","0","0","0",796311.29195700004,5819684.08511999995,13.36084857100,52.44682105000,"0"
"199561","11","0","02","002","2019","09","20","1","3","5","2","2","1","1","0","0","0","0",797753.43999999994,5824294.29200000037,13.38611932200,52.48736308700,"0"
"199562","11","0","01","001","2019","09","22","7","2","6","4","1","0","1","1","0","0","0",796848.17700000003,5831560.68200000003,13.37931102700,52.55299145200,"0"
"199563","11","0","03","003","2019","09","21","1","2","5","2","2","1","1","0","0","0","0",800169.76369399996,5830964.02501999959,13.42761587600,52.54582312200,"0"
"199564","11","0","04","004","2019","09","21","7","3","5","2","2","0","1","0","0","0","0",789633.32999999996,5826235.65699999966,13.26855816900,52.50913646500,"0"
"199565","11","0","01","001","2019","09","21","1","3","3","6","2","0","1","0","0","0","0",797260.83837400004,5831299.63389000110,13.38514581000,52.55042641800,"0"
"199566","11","0","11","011","2019","09","21","7","3","6","4","2","0","1","1","0","0","0",806600.19786900003,5827774.58961999975,13.51920846300,52.51365837600,"0"
"199567","11","0","09","009","2019","09","20","1","3","0","7","2","0","0","0","1","0","0",809662.08476799994,5821476.29930000007,13.55833478000,52.45548529600,"1"
"199568","11","0","01","001","2019","09","13","7","3","0","7","0","1","0","0","0","0","0",798627.84346200002,5829362.22004000004,13.40350558700,52.53231260600,"0"
"199569","11","0","07","007","2019","09","21","7","3","0","1","2","0","0","0","1","0","0",797426.90991799999,5820387.10441000108,13.37784130900,52.45251718800,"0"
"199570","11","0","07","007","2019","09","19","1","3","5","3","2","1","1","0","0","0","0",795914.34529199998,5825161.27862999961,13.35988359300,52.49613482900,"0"
"199571","11","0","04","004","2019","09","19","1","3","5","2","2","0","1","0","0","0","1",791388.56808000000,5828584.85835999995,13.29640555200,52.52926206300,"0"
"199572","11","0","06","006","2019","09","13","7","3","5","2","0","0","1","0","1","0","0",793290.88586699998,5821108.01315999962,13.31778527500,52.46121480900,"0"
"199573","11","0","12","012","2019","09","15","1","3","4","6","0","0","1","0","0","0","0",796119.75496599998,5833428.73154999968,13.37026586800,52.57013305600,"0"
"199574","11","0","02","002","2019","09","20","7","3","1","5","2","1","1","0","0","0","0",797514.03638299997,5824836.52861000039,13.38308806200,52.49235415200,"0"
"199575","11","0","04","004","2019","09","14","1","2","3","6","0","1","0","0","0","0","1",793499.92048600002,5825729.52189000044,13.32492174700,52.50253265000,"0"
"199576","11","0","06","006","2019","09","12","7","3","5","5","0","0","1","0","0","0","0",795203.51575400005,5819997.05950000044,13.34487287800,52.45022592800,"0"
"199577","11","0","12","012","2019","09","11","7","3","5","2","0","0","1","0","0","0","0",790363.24488899997,5834875.25131999981,13.28683684100,52.58620231500,"0"
"199578","11","0","06","006","2019","09","14","1","3","1","5","0","0","1","0","1","0","0",793188.15335399995,5818207.46502999961,13.31373172600,52.43526720500,"0"
"199579","11","0","02","002","2019","09","13","1","3","5","7","0","0","1","0","0","0","1",797274.72504499997,5826294.89243000094,13.38087532100,52.50555717700,"0"
"199580","11","0","06","006","2019","09","19","7","2","0","1","1","0","0","0","1","0","0",792007.74532099999,5818968.34611000028,13.29708207300,52.44271996200,"0"
"199581","11","0","06","006","2019","09","18","7","2","2","6","0","0","1","0","0","0","0",795638.77463000000,5818259.43907000031,13.34972178800,52.43441407600,"0"
"199582","11","0","10","010","2019","09","13","1","3","5","7","0","0","1","0","1","0","0",809345.56852800003,5834284.42853000108,13.56559701200,52.57044704500,"0"
"199583","11","0","06","006","2019","09","10","7","3","0","6","0","0","1","0","1","0","0",794262.54977399996,5817558.01200000010,13.32891905400,52.42886815400,"0"
"199584","11","0","03","003","2019","09","13","1","2","5","7","0","1","1","0","0","0","0",799871.15012600005,5830870.55637999997,13.42314110400,52.54514977300,"0"
"199585","11","0","09","009","2019","09","09","7","3","3","6","0","1","0","0","0","0","0",805580.53244200000,5821600.97632999904,13.49856944200,52.45889983200,"0"
"199586","11","0","03","003","2019","09","09","7","3","2","6","0","0","1","0","0","0","0",799244.48616900004,5831804.44830000028,13.41476914900,52.55386519500,"0"
"199587","11","0","12","012","2019","09","12","1","3","5","3","0","0","1","0","1","0","0",793401.94420699996,5833178.73309000023,13.33005917900,52.56936373600,"0"
"199588","11","0","09","009","2019","09","09","7","2","6","4","0","0","1","1","0","0","0",810694.63840900001,5819566.36005000025,13.57170574900,52.43778320300,"0"
"199589","11","0","09","009","2019","09","12","1","2","5","3","0","0","1","0","1","0","0",812104.36564900004,5819738.93427000102,13.59253807900,52.43852713500,"0"
"199590","11","0","06","006","2019","09","09","7","3","6","4","0","1","0","1","0","0","0",787652.67469400004,5818154.25430000015,13.23248500300,52.43772946800,"0"
"199591","11","0","06","006","2019","09","19","1","2","2","2","1","1","1","0","0","0","0",791980.34560300002,5818992.74557999987,13.29670142000,52.44295333400,"0"
"199592","11","0","03","003","2019","09","08","7","3","6","4","0","1","0","1","0","0","0",802507.43398500001,5833837.41165999975,13.46460291900,52.57028383400,"0"
"199593","11","0","11","011","2019","09","11","7","3","5","2","0","1","1","0","0","0","0",803548.43574600003,5829724.31787000038,13.47615561600,52.53284013400,"0"
"199594","11","0","01","001","2019","09","16","7","3","1","6","0","1","1","0","0","0","0",797673.82335399999,5827980.12200000044,13.38824546100,52.52044564500,"0"
"199595","11","0","12","012","2019","09","16","7","3","0","1","0","0","0","0","1","0","0",792719.57914399996,5835819.57835999969,13.32235228100,52.59340493700,"0"
"199596","11","0","11","011","2019","09","20","7","3","1","5","2","0","1","0","0","0","1",802506.03773099999,5828941.56261999998,13.46012279700,52.52640389000,"0"
"199597","11","0","01","001","2019","09","19","7","3","5","3","2","0","1","0","0","0","0",796583.36664200004,5826869.16868000012,13.37123084000,52.51108125100,"0"
"199598","11","0","07","007","2019","09","15","7","3","3","6","0","1","1","0","0","0","0",796575.73063200002,5820074.55494999979,13.36507476100,52.45017791200,"0"
"199599","11","0","09","009","2019","09","14","7","3","5","2","0","0","1","0","0","0","1",805887.85841300001,5818966.15273999982,13.50066613600,52.43511327900,"0"
"199600","11","0","03","003","2019","09","18","7","3","1","5","1","0","1","0","0","0","1",800100.92687400000,5831154.62385999970,13.42677602200,52.54756943400,"0"
"199601","11","0","12","012","2019","09","02","7","3","1","5","2","0","1","0","0","0","0",794808.46328999999,5836295.86314000003,13.35352463300,52.59654613900,"0"
"199602","11","0","03","003","2019","09","17","7","3","5","3","0","1","1","0","0","0","0",804155.52165999997,5838842.83812000044,13.49344149500,52.61422622100,"0"
"199603","11","0","07","007","2019","09","00","7","3","1","3","2","1","1","0","0","0","0",794864.19202299998,5821591.99352000002,13.34130282600,52.46470675800,"0"
"199604","11","0","09","009","2019","09","16","7","2","5","2","0","0","1","0","0","0","0",807711.30001000001,5818115.26687000040,13.52662165800,52.42646475400,"0"
"199605","11","0","07","007","2019","09","13","6","3","1","5","0","1","1","0","0","0","0",800027.18999999994,5813186.20600000024,13.40953579900,52.38654996600,"0"
"199606","11","0","10","010","2019","09","13","7","3","1","5","0","1","1","0","0","0","0",812055.23163399997,5830892.73993000109,13.60226094700,52.53850734600,"0"
"199607","11","0","04","004","2019","09","10","6","3","0","7","0","1","0","0","0","0","0",793996.66954399995,5825513.95664000046,13.33202865500,52.50033279700,"0"
"199608","11","0","01","001","2019","09","10","7","3","5","2","0","0","1","0","0","0","0",795667.38245300006,5829740.73127999995,13.36032602900,52.53731955700,"0"
"199609","11","0","12","012","2019","09","14","6","3","5","7","0","0","1","0","0","0","0",793104.59600000002,5832646.91600000020,13.32521457200,52.56475647400,"0"
"199610","11","0","10","010","2019","09","07","7","2","6","4","0","0","0","1","0","0","1",812925.07058099995,5827945.78173999954,13.61227153600,52.51160091700,"0"
"199611","11","0","07","007","2019","09","14","6","3","2","6","0","0","1","0","0","0","0",797344.12680299999,5821896.54672999959,13.37797113700,52.46609287500,"0"
"199612","11","0","05","005","2019","09","13","6","3","2","6","0","0","1","0","0","0","0",784540.11095999996,5827996.48713999987,13.19522201300,52.52760475600,"0"
"199613","11","0","12","012","2019","09","15","7","3","1","5","0","1","1","0","0","0","1",792308.33135600004,5832913.65199000109,13.31373573600,52.56757576300,"0"
"199614","11","0","01","001","2019","09","13","6","3","3","6","0","1","0","0","0","0","0",799739.96625199995,5827544.14824000001,13.41821324000,52.51540607500,"0"
"199615","11","0","12","012","2019","09","15","7","3","2","7","0","0","1","0","0","0","0",792589.99684599997,5835158.45117999986,13.31986081300,52.58754799900,"0"
"199616","11","0","05","005","2019","09","13","6","3","5","2","0","1","0","0","0","0","1",785746.66802900005,5829267.84386000037,13.21405216500,52.53837241000,"1"
"199617","11","0","08","008","2019","09","14","7","3","3","6","0","1","1","0","0","0","0",801367.45607499999,5823942.51333000045,13.43886578300,52.48222713700,"0"
"199618","11","0","07","007","2019","09","12","6","3","0","7","0","1","1","0","0","0","0",793940.01340199995,5822531.83014999982,13.32856634300,52.47362995700,"0"
"199619","11","0","07","007","2019","09","03","7","2","9","1","2","0","0","0","1","0","0",793922.29574199999,5822824.37511000037,13.32856405200,52.47626202900,"0"