OBJECTID,ULAND,UREGBEZ,UKREIS,UGEMEINDE,UJAHR,UMONAT,USTUNDE,UWOCHENTAG,UKATEGORIE,UART,UTYP1,ULICHTVERH,IstRad,IstPKW,IstFuss,IstKrad,IstGkfz,IstSonstig,LINREFX,LINREFY,XGCSWGS84,YGCSWGS84,STRZUSTAND
"199620","11","0","07","007","2019","09","12","6","3","0","7","0","1","1","0","0","0","0",795651.05209999997,5824126.32036999892,13.35509818700,52.48699992900,"0"
"199621","11","0","05","005","2019","09","11","6","3","2","6","0","0","1","0","0","0","0",786418.20315199997,5831091.44074000046,13.22549909900,52.55436963300,"0"
"199622","11","0","01","001","2019","09","14","7","3","2","2","0","0","1","0","0","0","0",796967.68256700004,5827051.79545999970,13.37704014100,52.51250921800,"0"
"199623","11","0","03","003","2019","09","14","7","3","0","1","0","0","0","0","1","0","0",802441.20528300002,5829411.58607000019,13.45959760900,52.53065263600,"0"
"199624","11","0","05","005","2019","09","11","6","3","0","7","0","0","1","0","0","0","1",785932.61067600001,5831624.46714999899,13.21881552500,52.55940376300,"0"
"199625","11","0","09","009","2019","09","10","6","3","1","5","0","0","1","0","0","0","0",811666.11600799998,5821148.09769999981,13.58742619000,52.45140519300,"0"
"199626","11","0","09","009","2019","09","01","7","3","2","2","2","0","1","0","0","0","0",814466.96493300004,5820801.50116000045,13.62818033100,52.44669552600,"0"
"199627","11","0","09","009","2019","09","10","6","3","5","2","0","1","1","0","0","0","0",802330.19123000000,5825303.62631000020,13.45423424300,52.49389468500,"0"
"199628","11","0","08","008","2019","09","13","7","3","5","3","0","0","1","0","0","0","0",804354.53289200005,5818318.00179999974,13.47759064300,52.43015932500,"0"
"199629","11","0","04","004","2019","09","09","6","3","6","7","0","0","1","1","0","0","0",792711.11921100004,5825613.54970999900,13.31323210900,52.50191671700,"0"
"199630","11","0","12","012","2019","09","21","6","3","4","6","2","1","1","0","0","0","0",793026.71093900001,5832767.26283999998,13.32417511400,52.56587724700,"0"
"199631","11","0","10","010","2019","09","13","7","3","5","3","0","1","1","0","0","0","0",811347.32437399996,5831933.48852999974,13.59283245100,52.54823862200,"0"
"199632","11","0","04","004","2019","09","09","6","2","0","1","0","0","0","0","1","0","0",790521.38921199995,5825163.13705000095,13.28067071500,52.49904901500,"0"
"199633","11","0","02","002","2019","09","07","6","3","5","2","0","0","1","0","0","0","0",800474.52941199997,5828468.14190999977,13.42984028400,52.52328391400,"0"
"199634","11","0","02","002","2019","09","12","7","3","0","3","0","0","1","0","1","0","0",800847.55879699998,5826461.81317999959,13.43350800900,52.50509503000,"0"
"199635","11","0","08","008","2019","09","17","6","3","2","2","0","0","1","0","0","0","0",801642.27787200001,5822559.93116000015,13.44164999000,52.46968304200,"0"
"199636","11","0","12","012","2019","09","03","6","3","0","1","2","0","0","0","1","0","0",795782.14130599995,5832578.00655999966,13.36454042100,52.56269072400,"0"
"199637","11","0","06","006","2019","09","12","7","3","2","6","0","0","1","0","0","0","0",794733.20998199994,5820088.04908999894,13.33805266500,52.45129536400,"0"
"199638","11","0","08","008","2019","09","20","6","3","5","3","2","0","1","0","0","0","0",804925.40675199998,5817687.26219000109,13.48538627200,52.42418829300,"0"
"199639","11","0","04","004","2019","09","11","7","3","0","1","0","0","1","0","1","0","0",793184.11365800002,5830143.07548999973,13.32417313100,52.54226802300,"0"
"199640","11","0","12","012","2019","09","18","6","3","2","6","0","0","1","0","0","0","0",795453.32411000005,5837428.41602000035,13.36402824900,52.60634832500,"0"
"199641","11","0","06","006","2019","09","11","7","3","5","3","0","0","1","0","0","0","0",789423.94952999998,5818031.50777000096,13.25836311600,52.43569451300,"0"
"199642","11","0","01","001","2019","09","18","6","3","6","4","0","0","1","1","0","0","0",797522.08855700004,5828765.46312000044,13.38671832800,52.52756809300,"0"
"199643","11","0","10","010","2019","09","11","7","3","0","1","0","0","0","0","1","0","0",808704.84253499995,5832826.23068000004,13.55481644200,52.55774289300,"0"
"199644","11","0","05","005","2019","09","17","6","2","5","3","0","0","1","0","1","0","0",780459.22419600002,5830047.25176000036,13.13695660200,52.54810823700,"0"
"199645","11","0","09","009","2019","09","18","6","3","5","2","0","1","1","0","0","0","0",809933.90526599996,5821623.53445000108,13.56245896300,52.45665072500,"0"
"199646","11","0","05","005","2019","09","10","7","3","5","2","0","1","1","0","0","0","0",783585.38912599999,5828663.30291000102,13.18175540200,52.53408105300,"0"
"199647","11","0","02","002","2019","09","10","7","3","5","7","0","1","1","0","0","0","0",799333.57024000003,5825627.56352999900,13.41051888800,52.49844991300,"0"
"199648","11","0","03","003","2019","09","17","6","3","5","3","0","1","1","0","0","0","0",799657.30196900002,5832810.17257000040,13.42174776200,52.56265286700,"0"
"199649","11","0","08","008","2019","09","17","6","3","2","6","0","0","1","0","0","0","0",800557.95325499994,5823760.50526000001,13.42681718100,52.48104188800,"0"
"199650","11","0","09","009","2019","09","10","7","3","5","7","0","0","1","0","0","0","1",810716.60100000002,5820939.98500000034,13.57330506800,52.45008065400,"0"
"199651","11","0","04","004","2019","09","16","6","3","5","3","0","1","1","0","0","0","0",792922.73003800004,5826761.87543999963,13.31735112800,52.51209750300,"0"
"199652","11","0","01","001","2019","09","12","7","3","1","5","0","1","1","0","0","0","0",796536.57102100004,5827613.37641999964,13.37120652700,52.51777777000,"0"
"199653","11","0","01","001","2019","09","16","6","3","4","6","0","1","0","0","0","0","1",797700.25771300006,5830671.32266000006,13.39104416200,52.54455445000,"0"
"199654","11","0","01","001","2019","09","23","6","3","2","6","2","0","1","0","0","0","0",796479.54758500005,5831966.36907999963,13.37425231200,52.55682877100,"0"
"199655","11","0","01","001","2019","09","16","6","2","5","3","0","0","1","0","0","0","1",794647.60419999994,5831460.48314000014,13.34685965900,52.55328815800,"0"
"199656","11","0","04","004","2019","09","18","6","3","1","5","0","1","1","0","0","0","0",793797.45180599997,5826075.19680000003,13.32959750500,52.50547133500,"0"
"199657","11","0","10","010","2019","09","16","6","3","2","6","0","0","1","0","0","0","1",808895.41147299996,5830178.44672999904,13.55515621200,52.53390623400,"0"
"199658","11","0","07","007","2019","09","14","2","3","5","3","0","0","1","0","0","0","1",797468.75746999995,5822615.28019999992,13.38044114100,52.47246773100,"0"
"199659","11","0","09","009","2019","09","16","2","3","2","6","0","0","1","0","0","0","0",803816.90369399998,5823314.35642999969,13.47425256700,52.47523982300,"1"
"199660","11","0","01","001","2019","09","15","2","3","2","6","0","0","1","0","0","0","0",794855.33084099996,5830989.05879000109,13.34949596100,52.54894980300,"1"
"199661","11","0","12","012","2019","09","16","2","2","6","4","0","0","1","1","0","0","0",790301.93681500002,5834978.20464999974,13.28602466500,52.58715800000,"0"
"199662","11","0","12","012","2019","09","16","2","3","0","4","0","0","1","1","0","0","0",789846.13908600004,5833340.27417000104,13.27788339000,52.57271701600,"0"
"199663","11","0","01","001","2019","09","16","2","2","5","3","0","0","0","0","1","0","1",799498.01899999997,5828344.44900000002,13.41537891700,52.52271245200,"1"
"199664","11","0","02","002","2019","09","16","2","3","5","3","0","0","1","0","0","0","0",801763.67546199996,5828661.46631999966,13.44895920800,52.52430477300,"1"
"199665","11","0","05","005","2019","09","16","2","3","1","5","0","1","1","0","0","0","0",784595.63896999997,5827950.28118999954,13.19599877400,52.52716148600,"1"
"199666","11","0","09","009","2019","09","16","2","3","5","3","0","0","1","0","0","0","1",808108.89297100005,5818397.87698999979,13.53271097200,52.42877381800,"0"
"199667","11","0","01","001","2019","09","06","2","3","5","2","0","1","1","0","0","0","0",797156.65514699998,5831919.56768000033,13.38416868600,52.55604021500,"0"
"199668","11","0","06","006","2019","09","12","2","3","3","6","0","0","1","0","0","0","1",794771.42616499995,5819856.53308000043,13.33840908200,52.44919933700,"1"
"199669","11","0","06","006","2019","09","12","2","2","6","2","0","0","1","1","0","0","0",796476.36072000000,5818331.85403999966,13.36207065700,52.43460988300,"1"
"199670","11","0","04","004","2019","09","12","2","2","2","7","0","0","1","0","0","0","0",794058.88100000005,5825944.66799999960,13.33332284900,52.50416037500,"1"
"199671","11","0","06","006","2019","09","09","2","3","6","4","0","0","1","1","0","0","0",789523.09951700002,5817482.27080999967,13.25934193300,52.43071788800,"1"
"199672","11","0","05","005","2019","09","09","2","3","2","2","0","0","1","0","0","0","0",784756.77215600002,5831112.54071000032,13.20107810900,52.55543005700,"1"
"199673","11","0","08","008","2019","09","11","2","3","5","3","0","0","1","0","1","0","0",802265.39090600004,5823531.33690000046,13.45167549600,52.47804544100,"1"
"199674","11","0","03","003","2019","09","10","2","3","2","6","0","0","1","0","0","0","0",799154.43999999994,5830837.20899999980,13.41257361300,52.54524487000,"1"
"199675","11","0","04","004","2019","09","09","2","3","5","2","0","0","1","0","0","0","0",792894.65164900001,5823290.12808999978,13.31388582300,52.48098945400,"1"
"199676","11","0","04","004","2019","09","08","2","3","5","2","0","1","1","0","0","0","0",792748.50229400001,5826737.82474000007,13.31476996500,52.51197543200,"1"
"199677","11","0","02","002","2019","09","08","2","3","0","5","0","1","1","0","0","0","0",801548.16546599998,5826038.16927000042,13.44341531200,52.50091109800,"1"
"199678","11","0","04","004","2019","09","07","2","3","5","2","0","1","1","0","0","0","0",790421.15206700005,5829043.11717000045,13.28258514800,52.53388663300,"1"
"199679","11","0","04","004","2019","09","07","2","3","2","6","0","0","1","0","0","0","0",790048.71440199995,5825251.59934000019,13.27380422700,52.50009353100,"1"
"199680","11","0","01","001","2019","09","06","2","3","6","2","2","0","1","1","0","0","0",797906.92989599996,5830316.35465999972,13.39376448600,52.54125966600,"1"
"199681","11","0","07","007","2019","09","06","2","2","6","2","2","0","1","1","0","0","0",798001.31868799997,5819645.44505000021,13.38560753600,52.44555617800,"1"
"199682","11","0","08","008","2019","09","06","2","3","6","4","2","0","1","1","0","0","0",801754.54105200002,5816744.64960999973,13.43804614600,52.41749713300,"1"
"199683","11","0","02","002","2019","09","06","2","3","2","6","2","0","1","0","0","1","0",803348.63585299999,5826721.29296999890,13.47048072400,52.50603594400,"1"
"199684","11","0","06","006","2019","09","05","2","3","5","2","2","1","1","0","0","0","0",796064.61399999994,5817534.14300000016,13.35532532900,52.42768197500,"1"
"199685","11","0","01","001","2019","09","18","2","3","5","2","0","1","1","0","0","0","0",797161.16448000004,5831877.88712999970,13.38419769100,52.55566414000,"0"
"199686","11","0","08","008","2019","09","18","1","3","2","7","2","0","1","0","1","0","1",803533.73895899998,5817798.81766000018,13.46508400200,52.42596188700,"1"
"199687","11","0","01","001","2019","09","17","1","3","0","4","0","0","0","1","1","0","0",794573.14924099995,5826095.61206000019,13.34101116800,52.50523609100,"1"
"199688","11","0","01","001","2019","09","16","1","3","2","6","0","0","1","0","0","0","0",798307.20583500003,5829397.75994999893,13.39882457600,52.53280674400,"1"
"199689","11","0","04","004","2019","09","16","1","2","5","3","0","0","1","0","0","0","0",792714.91177000001,5826095.23032000009,13.31371129500,52.50623280300,"1"
"199690","11","0","05","005","2019","09","15","1","2","5","2","1","0","1","0","0","0","0",780865.05243399995,5828328.48587999959,13.14147277700,52.53248760900,"1"
"199691","11","0","01","001","2019","09","14","1","3","0","1","0","0","0","0","0","0","1",797571.39371500001,5828629.26453999989,13.38732108800,52.52632032900,"1"
"199692","11","0","10","010","2019","09","14","1","3","5","3","0","0","1","0","0","0","1",812678.72226600000,5831108.16698000021,13.61162669900,52.54008043400,"1"
"199693","11","0","08","008","2019","09","13","1","3","2","6","0","0","1","0","0","0","0",799395.45038800000,5816313.57942000031,13.40307592400,52.41492867200,"1"
"199694","11","0","07","007","2019","09","13","1","3","3","6","0","1","1","0","0","0","0",794795.18166000000,5822894.91193000041,13.34144128200,52.47642390900,"1"
"199695","11","0","04","004","2019","09","12","1","3","3","6","0","0","1","0","0","0","0",790472.14793099998,5826019.60061999969,13.28069452600,52.50675350000,"1"
"199696","11","0","02","002","2019","09","12","1","2","4","7","0","1","0","0","0","0","1",800277.39693000005,5826074.64255999960,13.42478378500,52.50193876300,"1"
"199697","11","0","05","005","2019","09","08","1","3","1","5","0","0","1","0","0","0","0",786976.13431500003,5829856.04806999955,13.23263816900,52.54299992800,"0"
"199698","11","0","03","003","2019","09","19","1","3","0","6","2","0","1","0","0","0","0",802438.68670900003,5829268.85400999896,13.45943075000,52.52937473900,"1"
"199699","11","0","02","002","2019","09","08","1","3","5","3","0","1","1","0","0","0","0",798292.67214000004,5824821.38068000041,13.39450904700,52.49179343200,"1"
"199700","11","0","01","001","2019","09","19","1","3","5","2","1","0","1","0","0","0","0",793796.37955800002,5832177.28651999962,13.33497535800,52.56017367900,"1"
"199701","11","0","06","006","2019","09","18","1","3","5","7","1","0","1","0","1","0","0",795312.71419500001,5818518.89379000105,13.34516866000,52.43691607200,"1"
"199702","11","0","08","008","2019","09","17","1","3","5","2","0","1","0","0","0","0","1",801412.70181899995,5824134.45767999999,13.43970358000,52.48392260300,"1"
"199703","11","0","04","004","2019","09","21","7","3","1","1","2","0","1","0","0","0","0",789509.53256299999,5823525.71693999972,13.26438372400,52.48490683200,"1"
"199704","11","0","07","007","2019","10","17","3","3","2","6","1","0","1","0","1","0","0",798721.51994899998,5823949.03017000109,13.40002479600,52.48373944500,"1"
"199705","11","0","01","001","2019","09","13","7","2","2","6","0","1","0","0","0","0","1",795155.56299999997,5827075.52199999988,13.35043606700,52.51370549600,"0"
"199706","11","0","01","001","2019","10","17","3","3","1","5","0","1","1","0","0","0","0",800125.42941500002,5826577.67276000045,13.42300512300,52.50653122300,"1"
"199707","11","0","07","007","2019","09","15","7","3","1","5","1","0","1","0","0","0","0",800160.18348500005,5821496.76528999954,13.41894073600,52.46096969400,"1"
"199708","11","0","06","006","2019","10","17","3","3","5","3","0","0","1","0","0","0","0",796228.75566499995,5817019.63465000037,13.35727674900,52.42298092400,"1"
"199709","11","0","04","004","2019","09","22","7","3","0","2","2","0","0","1","0","0","1",793993.16736500000,5826148.13680000044,13.33253715700,52.50601977800,"0"
"199710","11","0","06","006","2019","10","16","3","3","2","6","0","0","1","0","0","0","0",796149.09464999998,5819832.86907000095,13.35860089500,52.44824266600,"1"
"199711","11","0","07","007","2019","10","16","3","3","2","2","0","0","1","0","0","0","1",798941.80033500004,5817278.52668999974,13.39728770000,52.42382623800,"1"
"199712","11","0","01","001","2019","09","23","7","3","5","2","2","1","1","0","0","0","0",797013.79896699998,5828942.30049999990,13.37940580200,52.52943040200,"0"
"199713","11","0","07","007","2019","10","16","3","3","2","6","0","0","1","0","1","0","0",796177.71348999999,5825310.44679000042,13.36388436700,52.49732913200,"1"
"199714","11","0","04","004","2019","09","21","7","3","8","1","2","0","1","0","0","0","0",790691.32733500004,5822709.20581000019,13.28102658700,52.47695879900,"1"
"199715","11","0","04","004","2019","10","16","3","3","2","6","0","0","1","0","0","0","0",790341.29146500002,5826678.65160000045,13.27934684600,52.51273161100,"1"
"199716","11","0","08","008","2019","10","15","3","3","5","3","0","0","1","0","0","0","0",800481.45304000005,5819301.64589999989,13.42168033100,52.44111724700,"1"
"199717","11","0","04","004","2019","09","19","7","2","5","2","2","0","1","0","1","0","0",789617.63742399996,5823364.56343999971,13.26583126300,52.48340471100,"1"
"199718","11","0","11","011","2019","10","15","3","3","6","4","0","0","1","1","0","0","0",805271.42913599999,5833253.95686999895,13.50472240600,52.56351175500,"1"
"199719","11","0","05","005","2019","09","18","7","3","0","1","0","1","1","0","0","0","0",785941.15300000005,5830341.52799999993,13.21783613500,52.54789678700,"1"
"199720","11","0","08","008","2019","10","15","3","3","2","2","0","0","1","0","0","0","0",801361.58322000003,5822504.44120000023,13.43748014000,52.46934058200,"1"
"199721","11","0","08","008","2019","09","18","7","3","0","5","0","1","1","0","0","0","0",800501.80136699998,5824472.81653000042,13.42663494100,52.48745750500,"1"
"199722","11","0","01","001","2019","10","14","3","3","5","2","0","1","1","0","0","0","0",797330.94196500001,5831873.57321000099,13.38669067800,52.55553280900,"1"
"199723","11","0","09","009","2019","09","15","7","3","0","1","0","0","0","0","1","0","0",811165.45109600003,5822101.61113999970,13.58097100300,52.46023531700,"1"
"199724","11","0","12","012","2019","10","10","3","3","0","5","0","0","1","0","0","0","1",793346.20786500000,5832817.87548999954,13.32892004100,52.56615889800,"1"
"199725","11","0","11","011","2019","10","09","3","3","2","7","0","0","0","0","0","1","1",805030.33092099999,5830404.74746000022,13.49855926000,52.53811118600,"1"
"199726","11","0","01","001","2019","09","17","7","3","2","7","0","0","1","0","0","0","0",799061.85199999996,5826880.23300000001,13.40765328500,52.50982728200,"1"
"199727","11","0","12","012","2019","09","15","7","3","0","6","0","0","1","0","1","0","0",791177.42528199998,5830882.63047999982,13.29531555900,52.54997411400,"1"
"199728","11","0","09","009","2019","10","09","3","3","5","2","0","0","1","0","0","0","1",819378.05836899998,5812745.60955000110,13.69251456500,52.37166750100,"1"
"199729","11","0","10","010","2019","09","16","7","3","0","5","0","0","1","0","0","0","0",810235.57294300001,5831099.40986999962,13.57571045300,52.54139830300,"0"
"199730","11","0","02","002","2019","10","14","3","3","5","3","0","1","1","0","0","0","0",800107.26489700004,5825740.86208000034,13.42198411100,52.49904054800,"1"
"199731","11","0","11","011","2019","09","15","7","3","2","6","0","0","1","0","0","0","0",805634.44081199996,5831787.97535999957,13.50871133500,52.55016961500,"1"
"199732","11","0","01","001","2019","10","02","3","3","0","7","2","0","0","0","0","0","1",797680.54011199996,5827937.48280999903,13.38830600400,52.52005977000,"0"
"199733","11","0","07","007","2019","10","13","3","3","5","2","0","0","1","0","0","0","0",799474.30422499997,5820508.99801999982,13.40798979400,52.45249200600,"1"
"199734","11","0","07","007","2019","09","16","7","2","5","2","0","0","1","0","1","0","0",797219.06931100006,5819544.18783999979,13.37404177300,52.44507428300,"1"
"199735","11","0","01","001","2019","09","14","7","3","2","6","0","0","1","0","0","0","0",798572.52698099997,5826859.01915999968,13.40044558200,52.50990516500,"1"
"199736","11","0","02","002","2019","10","12","3","3","2","2","0","0","1","0","0","0","1",797091.20814100001,5824704.81962999981,13.37676111900,52.49140381200,"1"
"199737","11","0","12","012","2019","10","11","3","3","5","2","0","0","1","0","0","0","1",790700.85187799996,5835384.32424999960,13.29225266100,52.59058576000,"1"
"199738","11","0","06","006","2019","09","14","7","3","5","2","0","1","1","0","0","0","0",795220.14951100003,5816173.35292000044,13.34174066800,52.41593951500,"1"
"199739","11","0","05","005","2019","10","10","3","2","5","3","0","0","1","0","0","1","0",782469.91250099998,5820629.23924999963,13.15853974200,52.46262319100,"1"
"199740","11","0","02","002","2019","09","12","7","3","3","6","0","1","0","0","0","0","1",798404.91535799997,5824782.56687000021,13.39612259000,52.49138416800,"1"
"199741","11","0","01","001","2019","10","20","2","3","5","2","0","0","1","0","0","0","1",797163.23302100005,5831921.31340000033,13.38426698900,52.55605227400,"0"
"199742","11","0","11","011","2019","10","14","2","3","2","2","0","0","1","0","0","0","0",806893.82150099997,5832610.73488999903,13.52798728700,52.55683518300,"0"
"199743","11","0","04","004","2019","09","12","7","3","0","4","0","0","0","1","1","0","0",794077.92836100003,5825724.62555999961,13.33340832200,52.50217754700,"1"
"199744","11","0","03","003","2019","10","17","2","3","5","3","0","0","0","0","1","0","1",799455.86250100005,5829339.55834999960,13.41565562000,52.53165521500,"0"
"199745","11","0","05","005","2019","09","09","7","3","0","1","0","0","0","0","1","0","0",785031.21134200005,5826304.24155999999,13.20099149700,52.51217556500,"1"
"199746","11","0","02","002","2019","10","20","2","2","5","2","2","0","1","0","1","0","0",799908.04676299996,5825978.76900999900,13.41927242600,52.50128253000,"0"
"199747","11","0","08","008","2019","09","09","7","3","0","1","0","0","0","0","1","0","0",800657.73118899995,5824517.15369999968,13.42896445700,52.48776906800,"1"
"199748","11","0","04","004","2019","10","20","2","3","5","2","2","0","1","0","0","0","0",792084.94646200002,5827960.64774999954,13.30609357200,52.52329348800,"0"
"199749","11","0","05","005","2019","09","12","7","2","0","6","0","0","0","0","1","0","0",785486.91402499995,5829263.08392999973,13.21022859700,52.53846588000,"1"
"199750","11","0","02","002","2019","10","19","2","3","5","7","2","0","1","0","1","0","0",799339.66116200003,5825628.44988999981,13.41060914200,52.49845451700,"0"
"199751","11","0","04","004","2019","10","19","2","3","2","7","2","0","1","0","0","0","0",791926.88490900001,5826448.97601000033,13.30244407600,52.50982630200,"0"
"199752","11","0","08","008","2019","09","11","7","3","6","4","0","0","1","1","0","0","0",800623.10384300002,5823113.66117999982,13.42719052100,52.47520812200,"0"
"199753","11","0","06","006","2019","09","11","7","3","0","1","0","1","0","0","0","0","0",789387.80711800000,5817890.59578000009,13.25771095600,52.43445029700,"1"
"199754","11","0","01","001","2019","10","16","2","3","4","2","0","1","0","0","0","0","0",799672.06099999999,5827595.64300000016,13.41726191700,52.51590495900,"0"
"199755","11","0","02","002","2019","10","18","2","3","2","6","2","0","1","0","0","0","1",797865.42242700001,5825570.44766000006,13.38890456300,52.49874123600,"0"
"199756","11","0","05","005","2019","09","10","7","2","5","2","0","1","1","0","0","0","0",783702.49902900006,5830168.37526000012,13.18476258600,52.54751480400,"1"
"199757","11","0","08","008","2019","10","16","2","3","5","3","0","1","1","0","0","0","0",805254.58409799996,5817233.12638999894,13.48979793200,52.41993448600,"0"
"199758","11","0","04","004","2019","09","10","7","3","6","7","0","0","1","1","0","0","0",793390.13989700004,5823677.33248000033,13.32150183900,52.48419461400,"0"
"199759","11","0","09","009","2019","10","18","2","3","1","5","2","1","1","0","0","0","0",813049.55489200004,5821635.99464000016,13.60817505100,52.45498691000,"0"
"199760","11","0","01","001","2019","10","15","2","2","4","6","0","1","0","0","0","0","1",798145.14579900005,5828887.62103000097,13.39598498000,52.52832269500,"0"
"199761","11","0","01","001","2019","09","10","7","3","2","6","0","0","1","0","0","0","0",794568.74199799995,5828788.99665000103,13.34333116400,52.52938288000,"1"
"199762","11","0","09","009","2019","10","15","2","3","5","3","0","1","0","0","1","0","0",807116.75999199995,5819898.90720999893,13.51954361400,52.44278433600,"0"
"199763","11","0","07","007","2019","09","01","7","3","5","3","2","0","1","0","0","0","0",797309.16596799996,5823515.45947000105,13.37890100200,52.48062379300,"0"
"199764","11","0","10","010","2019","10","15","2","3","2","6","0","0","1","0","0","0","0",811804.86392300006,5831858.73589000106,13.59948803400,52.54730708400,"0"
"199765","11","0","02","002","2019","09","15","7","3","5","2","0","0","1","0","0","0","0",797028.43224700005,5825874.37985999975,13.37688213800,52.50192186600,"1"
"199766","11","0","08","008","2019","10","15","2","3","6","4","0","0","1","1","0","0","0",800677.08393500000,5823165.17621999979,13.42802933400,52.47564015800,"0"
"199767","11","0","01","001","2019","10","08","2","3","2","2","0","0","1","0","0","0","1",795118.57132800005,5828261.84489000030,13.35094498000,52.52435999200,"0"
"199768","11","0","02","002","2019","09","11","7","3","5","3","0","0","1","0","0","0","0",799034.92678500002,5826066.53461000044,13.40652684500,52.50254839200,"0"
"199769","11","0","02","002","2019","10","09","2","3","2","6","0","0","1","0","0","0","0",801783.24831699999,5825790.53909000102,13.44664362500,52.49856160800,"0"
"199770","11","0","12","012","2019","09","16","6","3","5","2","0","1","1","0","0","0","0",792221.67598399997,5838181.84556999896,13.31710841200,52.61484927100,"1"
"199771","11","0","06","006","2019","10","14","2","3","0","1","0","0","0","0","1","0","0",793049.13112300006,5821525.68936000019,13.31460390000,52.46508887100,"0"
"199772","11","0","04","004","2019","09","21","6","3","5","2","2","1","1","0","0","0","0",793948.43515999999,5824710.56546999980,13.33061115400,52.49315678000,"1"
"199773","11","0","10","010","2019","10","14","2","3","2","2","0","0","1","0","0","0","0",809340.69861500000,5830332.06704000011,13.56184305000,52.53503039800,"0"
"199774","11","0","09","009","2019","09","17","6","3","0","1","1","0","0","0","1","0","0",809044.14549100003,5821573.47283999994,13.54935960100,52.45670587800,"1"
"199775","11","0","07","007","2019","10","13","2","3","5","2","0","1","0","0","0","0","1",796191.74620800000,5822784.81386999972,13.36184609100,52.47468139500,"0"
"199776","11","0","01","001","2019","10","13","2","3","5","3","0","1","0","0","0","0","1",797713.10214800003,5831818.38296000008,13.39226140800,52.55482933100,"0"
"199777","11","0","07","007","2019","09","15","6","3","4","6","0","0","1","0","1","0","0",796989.51736299996,5819474.60539999977,13.37061238500,52.44457526900,"1"
"199778","11","0","07","007","2019","09","12","6","3","0","1","0","0","1","0","1","0","0",799497.91221900005,5821799.63468999974,13.40949397500,52.46404785900,"1"
"199779","11","0","02","002","2019","10","10","2","3","1","7","0","1","1","0","0","0","0",797695.99550900003,5825807.21079999954,13.38662772600,52.50095599000,"0"
"199780","11","0","01","001","2019","10","13","2","3","6","4","0","0","1","1","0","0","0",794763.10959799995,5828314.35190999974,13.34576732600,52.52502296800,"0"
"199781","11","0","12","012","2019","09","07","6","3","3","2","0","0","1","0","0","0","0",793208.29128200002,5832403.42834999971,13.32652483800,52.56251790500,"1"
"199782","11","0","12","012","2019","10","13","2","2","5","3","0","0","1","0","0","0","0",792816.46143000002,5833029.35847000033,13.32131343300,52.56833993200,"0"
"199783","11","0","09","009","2019","09","13","6","3","5","2","0","1","0","0","0","0","1",811341.89126299997,5819932.43601000030,13.58153769300,52.44069576400,"1"
"199784","11","0","11","011","2019","10","10","2","3","6","2","0","0","1","1","0","0","0",806697.87862400000,5826920.36242000014,13.51985629800,52.50594771700,"0"
"199785","11","0","01","001","2019","10","10","2","3","5","2","0","1","0","0","0","1","0",794578.15836600005,5829789.56484000012,13.34435637300,52.53834717700,"0"
"199786","11","0","05","005","2019","09","19","6","3","2","2","0","0","1","0","0","0","0",780940.01041500003,5829866.63647000026,13.14387557000,52.54624098200,"0"
"199787","11","0","06","006","2019","10","12","2","3","5","3","0","1","1","0","0","0","0",789858.30258200003,5818760.16141999979,13.26536657700,52.44199714600,"0"
"199788","11","0","12","012","2019","10","10","2","3","5","2","0","0","1","0","0","0","1",795051.38525199995,5834850.71054999903,13.35581352900,52.58345996400,"0"
"199789","11","0","07","007","2019","09","09","6","3","0","7","0","0","0","0","1","0","1",797736.30685299996,5815392.97848999966,13.37793443600,52.40758132900,"1"
"199790","11","0","01","001","2019","10","09","2","3","0","7","0","1","0","0","0","0","0",798157.73299599998,5826644.94589999970,13.39416002600,52.50821313900,"0"
"199791","11","0","02","002","2019","09","14","6","3","0","6","0","0","1","0","0","0","1",803212.57799899997,5826326.55114000011,13.46812277800,52.50257356700,"0"
"199792","11","0","08","008","2019","10","09","2","3","3","6","0","1","0","0","0","0","1",800817.67907600000,5825029.74471999984,13.43177570500,52.49227547100,"0"
"199793","11","0","02","002","2019","10","09","2","3","2","6","0","0","1","0","0","0","0",798440.40231799998,5824773.14219000097,13.39663527300,52.49128028800,"0"
"199794","11","0","12","012","2019","09","13","6","3","5","3","0","0","1","0","0","0","0",793474.32082599995,5832414.88910999894,13.33044827200,52.56247731800,"1"
"199795","11","0","04","004","2019","09","12","6","3","5","3","0","1","1","0","0","0","0",793356.08682099998,5829669.93145000096,13.32628394400,52.53793396600,"1"
"199796","11","0","03","003","2019","10","09","2","3","5","3","0","1","1","0","0","0","0",801154.75582199998,5831132.77761000022,13.44225050100,52.54679209800,"0"
"199797","11","0","11","011","2019","09","14","6","3","3","6","0","0","1","0","0","0","0",804609.60430799995,5827526.32923999988,13.48973859100,52.51254861400,"1"
"199798","11","0","07","007","2019","10","08","2","3","1","5","0","1","1","0","0","0","0",797411.80204600003,5823671.30069999956,13.38054689100,52.48196485500,"0"
"199799","11","0","02","002","2019","10","07","2","3","5","3","0","1","1","0","0","0","0",797273.28946500004,5825511.35314999893,13.38015474900,52.49853438900,"0"