OBJECTID,ULAND,UREGBEZ,UKREIS,UGEMEINDE,UJAHR,UMONAT,USTUNDE,UWOCHENTAG,UKATEGORIE,UART,UTYP1,ULICHTVERH,IstRad,IstPKW,IstFuss,IstKrad,IstGkfz,IstSonstig,LINREFX,LINREFY,XGCSWGS84,YGCSWGS84,STRZUSTAND
"199800","11","0","05","005","2019","09","15","6","3","2","6","0","0","1","0","0","0","0",785323.86471100000,5828214.22192999907,13.20693063300,52.52914729600,"0"
"199801","11","0","01","001","2019","09","14","6","3","2","6","0","0","1","0","0","0","0",796762.77765099995,5830511.26217000093,13.37711737100,52.54363112800,"1"
"199802","11","0","09","009","2019","10","12","2","3","5","3","0","1","1","0","0","0","0",810988.28383299999,5821976.04499000032,13.57825482700,52.45921089200,"0"
"199803","11","0","01","001","2019","10","12","2","3","5","2","0","0","1","0","0","0","0",796476.83644099999,5831928.48354000039,13.37417860000,52.55649064500,"0"
"199804","11","0","10","010","2019","09","14","6","3","6","4","0","0","1","1","0","0","0",811134.57879299996,5831268.59258999955,13.58908230100,52.54240184900,"1"
"199805","11","0","05","005","2019","10","08","2","3","2","2","0","0","1","0","0","0","0",784754.33854599996,5829936.02580999956,13.20003333000,52.54488276200,"0"
"199806","11","0","01","001","2019","09","14","6","3","5","3","0","1","1","0","0","0","0",794956.55841800000,5830810.87645000033,13.35082626100,52.54729774200,"1"
"199807","11","0","04","004","2019","10","08","2","3","5","7","0","0","1","0","0","0","0",792098.00719499995,5825757.39647999965,13.30435153900,52.50353482900,"0"
"199808","11","0","09","009","2019","09","14","6","3","5","2","0","1","1","0","0","0","0",811587.33282899996,5821155.04629999958,13.58627709400,52.45151237100,"1"
"199809","11","0","12","012","2019","10","07","2","3","5","2","0","1","1","0","0","0","0",795774.41000000003,5832708.54100000020,13.36454306100,52.56386503400,"0"
"199810","11","0","05","005","2019","09","14","6","3","5","3","0","0","1","0","0","0","0",784406.35699999996,5829916.53600000031,13.19489898900,52.54488978900,"1"
"199811","11","0","07","007","2019","10","12","2","3","6","2","0","0","1","1","0","0","0",800036.25471100002,5813257.52379999962,13.40973242100,52.38718427500,"0"
"199812","11","0","12","012","2019","10","01","2","2","1","7","2","0","1","0","0","0","0",795655.49256100005,5833549.20153000019,13.36354309400,52.57146531300,"0"
"199813","11","0","06","006","2019","09","14","6","3","5","3","0","0","1","0","1","0","0",792318.33012399997,5816606.45024999976,13.29957364200,52.42137971800,"1"
"199814","11","0","04","004","2019","09","13","6","3","5","2","0","1","1","0","0","0","0",793459.86530900002,5824721.95839000028,13.32344558900,52.49352180600,"1"
"199815","11","0","05","005","2019","10","11","2","3","1","7","0","0","1","0","0","0","0",784860.36051999999,5830102.77560000028,13.20173556900,52.54632240500,"0"
"199816","11","0","03","003","2019","10","11","2","2","6","4","0","0","1","1","0","0","0",802308.38688400004,5829187.28459999990,13.45744164300,52.52871591100,"0"
"199817","11","0","04","004","2019","09","13","6","3","2","2","0","0","1","0","0","0","1",792439.81590100005,5824107.83191999979,13.30792478000,52.48856377400,"1"
"199818","11","0","01","001","2019","10","11","2","3","5","2","0","0","1","0","1","0","0",800254.79369900003,5826822.94854000024,13.42512664100,52.50865854000,"0"
"199819","11","0","02","002","2019","09","12","6","3","2","6","0","0","1","0","0","0","1",798289.37663299998,5825474.96832999960,13.39504586400,52.49765382500,"1"
"199820","11","0","09","009","2019","10","10","2","2","5","3","0","1","1","0","0","0","0",806211.38637099997,5822174.16234999895,13.50835109800,52.46368387700,"0"
"199821","11","0","02","002","2019","10","05","1","3","1","5","2","1","1","0","0","0","1",803110.02409800002,5826296.66810000036,13.46658933900,52.50236270600,"1"
"199822","11","0","07","007","2019","09","13","6","3","1","6","0","1","1","0","0","0","0",798900.50262000004,5814354.29265000019,13.39407140700,52.39763636300,"1"
"199823","11","0","10","010","2019","10","14","1","3","5","3","0","1","1","0","0","0","0",809981.57282000000,5832050.79174000025,13.57286499100,52.55006864200,"0"
"199824","11","0","08","008","2019","09","12","6","3","1","5","0","1","1","0","0","0","0",801096.91999299999,5824135.33072999958,13.43506815800,52.48410465000,"1"
"199825","11","0","01","001","2019","10","19","1","3","5","2","2","0","1","0","0","0","0",797363.24995700002,5831193.18909000047,13.38655643500,52.54941637600,"0"
"199826","11","0","01","001","2019","09","12","6","3","5","2","0","1","1","0","0","0","0",798860.02399999998,5826767.22400000039,13.40458677600,52.50892492200,"1"
"199827","11","0","07","007","2019","09","12","6","2","6","4","0","0","1","1","0","0","0",798079.11765000003,5814407.31247000024,13.38208195800,52.39855926700,"1"
"199828","11","0","01","001","2019","10","18","1","2","6","4","1","0","1","1","0","0","0",794447.16134400002,5829094.05329999980,13.34181428900,52.53218319100,"0"
"199829","11","0","05","005","2019","10","18","1","3","2","6","1","0","1","0","0","0","0",785409.17194000003,5830362.93417999987,13.21003048100,52.54836769700,"0"
"199830","11","0","01","001","2019","09","11","6","3","5","2","0","1","1","0","0","0","0",794700.69140799996,5831783.39230000041,13.34792705300,52.55615406300,"1"
"199831","11","0","11","011","2019","10","21","1","3","2","2","2","0","1","0","1","0","0",804789.00933699997,5825408.27771999966,13.49043539900,52.49346524800,"0"
"199832","11","0","01","001","2019","09","21","6","2","6","4","2","0","1","1","0","0","0",797472.96177599998,5826794.34145000018,13.38423372400,52.50992611700,"0"
"199833","11","0","01","001","2019","10","16","1","3","2","6","0","0","1","0","0","0","0",797047.66713399999,5831926.99717000034,13.38257247000,52.55616626800,"0"
"199834","11","0","07","007","2019","09","18","6","3","5","3","1","1","1","0","0","0","0",795182.57149300002,5825494.41935000103,13.34943096100,52.49951746600,"1"
"199835","11","0","08","008","2019","10","14","1","3","2","6","0","0","1","0","0","0","0",801600.29868300003,5817447.34810999967,13.43641841300,52.42388068400,"0"
"199836","11","0","09","009","2019","09","18","6","3","8","1","1","0","1","0","0","0","0",803207.86444599996,5820967.30001999997,13.46318058000,52.45454171200,"1"
"199837","11","0","12","012","2019","10","14","1","3","2","2","0","1","1","0","0","0","0",789922.99488300004,5840474.13972000033,13.28526320800,52.63663057100,"0"
"199838","11","0","07","007","2019","10","14","1","3","2","6","0","0","1","0","0","0","0",797750.25721399998,5823954.09178999905,13.38576868500,52.48431531500,"0"
"199839","11","0","01","001","2019","09","19","6","3","0","1","2","0","0","0","0","0","1",797737.72004699998,5827795.16815999988,13.38901886900,52.51875287700,"1"
"199840","11","0","11","011","2019","09","18","6","3","5","3","1","0","1","0","0","0","0",804833.50193699996,5827749.19111000095,13.49323181100,52.51442094200,"1"
"199841","11","0","08","008","2019","10","14","1","3","5","3","0","1","1","0","0","0","0",801650.68781100004,5823968.66107000038,13.44304756600,52.48230511900,"0"
"199842","11","0","04","004","2019","09","18","6","3","8","1","1","0","1","0","0","0","0",790174.10795400001,5828196.54884999897,13.27821430100,52.52642867400,"1"
"199843","11","0","01","001","2019","10","13","1","3","6","4","0","0","1","1","0","0","0",796417.38443199999,5831970.49230999965,13.37334174600,52.55689957000,"0"
"199844","11","0","01","001","2019","09","17","6","3","1","5","0","1","1","0","0","0","0",793548.21129600005,5828510.92611999996,13.32808495900,52.52744063400,"1"
"199845","11","0","02","002","2019","10","13","1","3","2","2","0","1","1","0","0","0","0",801351.26150599995,5826457.93245999981,13.44090322000,52.50478228000,"0"
"199846","11","0","07","007","2019","09","16","6","3","5","3","0","0","1","0","0","0","0",799049.37536399998,5814291.79877999984,13.39619718400,52.39699491400,"1"
"199847","11","0","12","012","2019","10","13","1","3","5","2","0","0","1","0","0","0","0",792275.21600000001,5833930.10400000028,13.31414440400,52.57670562100,"0"
"199848","11","0","06","006","2019","10","13","1","3","5","3","0","1","1","0","0","0","0",787244.33638999995,5818354.34759999998,13.22666649700,52.43973808700,"0"
"199849","11","0","04","004","2019","09","17","6","3","4","6","0","0","1","0","1","0","0",791149.17754499998,5825642.57758999895,13.29031186000,52.50301261200,"1"
"199850","11","0","05","005","2019","10","12","1","3","5","2","0","1","1","0","0","0","0",782158.66508399998,5829951.97492999956,13.16187183900,52.54637633100,"0"
"199851","11","0","07","007","2019","09","16","6","3","2","6","0","0","1","0","1","0","0",799975.32314600004,5814566.26405000035,13.41001119500,52.39894881900,"1"
"199852","11","0","07","007","2019","10","11","1","3","6","4","0","0","0","1","0","0","1",795081.00191100000,5825808.36443000101,13.34821723000,52.50238669300,"0"
"199853","11","0","11","011","2019","09","16","6","3","6","4","0","0","1","1","0","0","0",807223.98495299998,5824073.32828000002,13.52495818500,52.48013621800,"1"
"199854","11","0","02","002","2019","10","09","1","3","5","3","0","1","1","0","0","0","0",800619.96994800004,5827307.60431999993,13.43092884900,52.51280154300,"0"
"199855","11","0","01","001","2019","09","16","6","3","2","6","0","0","1","0","0","0","0",797931.37887200003,5830272.04174000025,13.39408418900,52.54084909100,"1"
"199856","11","0","08","008","2019","10","01","1","2","1","5","2","0","1","0","0","0","1",802183.21128900000,5819314.25920999981,13.44665199600,52.44029263600,"0"
"199857","11","0","08","008","2019","09","16","6","3","3","6","0","0","1","0","1","0","0",800326.68400000001,5820524.65400000010,13.42050963800,52.45216471200,"1"
"199858","11","0","04","004","2019","09","15","6","3","5","3","0","0","1","0","0","0","1",790536.33492199995,5822781.48962999973,13.27881389900,52.47768930900,"1"
"199859","11","0","12","012","2019","10","00","1","2","5","2","2","0","1","0","1","0","0",790684.12551000004,5835382.55668999907,13.29200489600,52.59057885400,"1"
"199860","11","0","04","004","2019","09","15","6","3","6","4","0","0","1","1","0","0","0",792069.09359099995,5828336.51609999966,13.30619070100,52.52667154800,"1"
"199861","11","0","12","012","2019","10","13","7","3","2","6","0","0","1","0","0","0","0",792206.57581900002,5832945.53737000097,13.31226679400,52.56791623300,"0"
"199862","11","0","12","012","2019","10","16","7","3","8","1","0","0","1","0","0","0","0",793489.92167499999,5836973.65244000033,13.33471490700,52.60333526100,"0"
"199863","11","0","03","003","2019","09","11","6","3","0","1","0","1","1","1","0","0","0",800831.40300000005,5832047.48000000045,13.43832509200,52.55516934700,"1"
"199864","11","0","10","010","2019","09","09","6","3","5","2","0","1","1","0","0","0","0",812977.45099599997,5827501.00568000041,13.61262267400,52.50758521600,"1"
"199865","11","0","02","002","2019","10","16","7","3","5","3","0","1","1","0","0","0","0",799343.59676900005,5826192.20801999979,13.41117369300,52.50350562600,"0"
"199866","11","0","05","005","2019","09","10","6","3","2","6","0","0","1","0","0","0","1",783717.22807099996,5830172.42655999959,13.18498267800,52.54754345800,"1"
"199867","11","0","01","001","2019","10","14","7","3","0","1","0","1","0","0","0","0","0",797207.65811500000,5827497.33232999966,13.38096388100,52.51637225400,"0"
"199868","11","0","09","009","2019","09","10","6","3","5","3","0","1","1","0","0","0","0",809228.66991900001,5819314.42518999893,13.54997578100,52.43635615100,"1"
"199869","11","0","07","007","2019","10","20","7","3","6","7","2","1","0","1","0","0","0",794600.47701200005,5825793.87947999965,13.34114565700,52.50251649300,"1"
"199870","11","0","01","001","2019","09","10","6","3","5","2","0","1","1","0","0","0","0",795271.40300000005,5826033.42300000042,13.35121371000,52.50430117600,"1"
"199871","11","0","07","007","2019","10","19","7","3","5","2","2","0","1","0","0","0","0",798379.08004799997,5818418.79191000108,13.39005411200,52.43435459700,"0"
"199872","11","0","04","004","2019","10","18","7","3","2","6","1","0","1","0","0","0","0",792071.04064200004,5827980.80319999997,13.30590689400,52.52348162600,"1"
"199873","11","0","09","009","2019","10","18","7","3","9","1","0","0","0","0","1","0","0",810239.24956300005,5821476.32550000027,13.56680159400,52.45515826000,"0"
"199874","11","0","04","004","2019","09","10","6","3","6","4","0","0","1","1","0","0","0",791968.35011200001,5824737.97867999971,13.30155308600,52.49446530600,"1"
"199875","11","0","03","003","2019","10","17","7","3","0","7","0","0","1","0","0","0","1",801483.31518799998,5831869.83258000016,13.44775030200,52.55321661900,"0"
"199876","11","0","04","004","2019","09","09","6","2","5","3","0","0","1","0","0","0","0",790493.94770100003,5826546.11950000003,13.28147433700,52.51146217100,"1"
"199877","11","0","04","004","2019","10","14","7","3","6","2","0","0","1","1","0","0","0",794352.44369700004,5825900.19037999958,13.33759607600,52.50360336700,"0"
"199878","11","0","12","012","2019","09","09","6","3","5","3","0","1","1","0","0","0","0",795346.38928400003,5833841.17765999958,13.35925548800,52.57425041400,"1"
"199879","11","0","04","004","2019","10","12","7","3","3","6","0","0","1","0","1","0","0",792269.92557800002,5826111.91239000019,13.30718837100,52.50662092000,"0"
"199880","11","0","05","005","2019","10","12","7","3","6","4","0","0","1","1","0","0","0",786591.13364200003,5830252.54874000046,13.22731869200,52.54675746400,"0"
"199881","11","0","09","009","2019","09","09","6","2","5","2","0","0","1","0","0","0","0",809327.17039400002,5818503.02189000044,13.55066952800,52.42902872300,"1"
"199882","11","0","03","003","2019","09","09","6","3","0","5","0","1","0","0","0","1","0",799602.80377600004,5831130.13807999995,13.41942991900,52.54762413000,"1"
"199883","11","0","07","007","2019","10","11","7","3","2","2","0","0","1","0","0","0","0",796572.61167400004,5815881.44304999895,13.36130998800,52.41259163500,"0"
"199884","11","0","03","003","2019","10","11","7","3","5","3","0","0","1","0","0","0","0",802250.44894100004,5831589.30967000034,13.45877517500,52.55027717600,"1"
"199885","11","0","01","001","2019","09","09","6","3","3","6","0","0","1","0","0","0","0",795262.15416499996,5826012.98632999975,13.35105971900,52.50412298200,"1"
"199886","11","0","06","006","2019","10","07","7","3","5","2","1","0","1","0","0","0","0",794023.04599999997,5821044.07199999969,13.32847434400,52.46024815700,"1"
"199887","11","0","05","005","2019","09","08","6","3","5","2","0","1","1","0","0","0","0",785209.21923000005,5831876.38762000017,13.20839005400,52.56204182700,"1"
"199888","11","0","06","006","2019","10","06","7","3","5","3","2","0","1","0","0","0","0",790158.82964799996,5819788.73168000020,13.27066897200,52.45105919800,"1"
"199889","11","0","04","004","2019","10","05","7","3","2","6","2","0","1","0","0","0","0",792952.94450500002,5824226.92526999954,13.31556508900,52.48935629700,"1"
"199890","11","0","01","001","2019","10","04","7","3","5","2","2","0","1","0","0","0","0",799731.51228400005,5827551.81297999993,13.41809593400,52.51547942300,"1"
"199891","11","0","09","009","2019","09","08","6","3","2","6","0","0","1","0","0","0","0",809062.88441199996,5818756.62129999977,13.54702914800,52.43145082900,"1"
"199892","11","0","04","004","2019","10","19","7","3","1","5","2","1","1","0","0","0","0",792731.09964799997,5826215.09370999970,13.31405452100,52.50729865600,"1"
"199893","11","0","08","008","2019","09","08","6","3","5","2","0","1","1","0","0","0","0",802576.27568700002,5823077.95500000007,13.45582776100,52.47380962100,"1"
"199894","11","0","10","010","2019","10","10","6","3","6","4","0","0","1","1","0","0","0",808411.64000000001,5831212.29100000020,13.54900621100,52.54344527300,"0"
"199895","11","0","11","011","2019","10","19","6","3","6","2","2","0","1","1","0","0","0",805195.48060699995,5827245.56314000022,13.49808766800,52.50970478000,"1"
"199896","11","0","09","009","2019","09","08","6","3","2","6","0","0","1","0","0","1","0",810040.60688700003,5819479.77708000038,13.56203487600,52.43737839000,"1"
"199897","11","0","01","001","2019","10","22","6","3","5","2","2","0","1","0","0","0","0",797157.00537599996,5831904.69213999994,13.38416052000,52.55590668300,"1"
"199898","11","0","01","001","2019","09","09","6","3","2","6","0","1","0","0","0","0","0",797206.53076400002,5827476.95481000096,13.38092911400,52.51619020700,"1"
"199899","11","0","06","006","2019","10","21","6","3","6","2","2","0","1","1","0","0","0",793178.27699200006,5818211.48357000109,13.31359038400,52.43530852500,"1"
"199900","11","0","01","001","2019","09","07","6","3","5","7","0","0","1","0","1","0","0",795005.31626200001,5829134.16720999964,13.35005449000,52.53224098200,"1"
"199901","11","0","05","005","2019","10","21","6","3","2","6","2","0","1","0","0","0","0",785322.11914099997,5829293.63140000030,13.20783163600,52.53882607600,"1"
"199902","11","0","06","006","2019","10","10","6","3","2","7","0","0","1","0","1","0","0",788886.66123099998,5819465.55700000003,13.25172129700,52.44883556500,"0"
"199903","11","0","01","001","2019","09","00","6","3","1","5","2","0","1","0","0","0","0",796960.32788899995,5830795.94199999981,13.38027640900,52.54607531800,"0"
"199904","11","0","04","004","2019","09","08","6","2","0","7","0","0","1","0","0","1","0",790900.23459500005,5830673.18697999977,13.29105556200,52.54824457800,"1"
"199905","11","0","05","005","2019","10","20","6","3","6","7","2","0","1","1","0","0","0",785405.84261699999,5830432.37435000110,13.21004119800,52.54899203100,"1"
"199906","11","0","07","007","2019","10","19","6","3","6","2","2","0","1","1","0","0","0",794979.03469700005,5825231.72640000004,13.34620862800,52.49727266100,"1"
"199907","11","0","10","010","2019","09","12","6","2","0","1","0","0","0","0","1","0","0",812270.41738600004,5823893.83076000027,13.59885868200,52.47566567900,"1"
"199908","11","0","05","005","2019","10","19","6","3","5","3","2","0","1","0","0","0","0",784768.60726700001,5827092.52297000028,13.19780704400,52.51938048800,"1"
"199909","11","0","02","002","2019","09","08","6","3","6","4","0","1","0","1","0","0","0",799474.92497499997,5824850.32263999991,13.41189626700,52.49140554000,"1"
"199910","11","0","01","001","2019","10","17","6","3","0","1","0","0","0","0","1","0","0",797690.44914200006,5829644.23104999959,13.38997970600,52.53535324200,"1"
"199911","11","0","07","007","2019","09","07","6","3","0","4","0","1","0","1","0","0","0",797951.32669300004,5819922.53975000046,13.38512128600,52.44806728100,"1"
"199912","11","0","01","001","2019","10","18","6","3","5","7","0","0","1","0","1","0","0",797374.72356199997,5827051.47386000026,13.38302021600,52.51228457800,"1"
"199913","11","0","06","006","2019","09","18","5","3","5","2","0","0","1","0","0","0","0",787530.90346499998,5817380.83359999955,13.23003337800,52.43085918400,"0"
"199914","11","0","04","004","2019","10","17","6","3","5","3","1","0","1","0","0","0","0",789707.30324499996,5829595.94223000109,13.27257244700,52.53922269700,"1"
"199915","11","0","05","005","2019","10","16","6","3","2","6","0","0","1","0","0","0","0",785317.46803500003,5828218.70882000029,13.20684044500,52.52919087300,"1"
"199916","11","0","02","002","2019","09","21","5","3","5","2","2","1","0","0","0","0","1",799881.18066800002,5825901.59594999906,13.41880832900,52.50060555800,"0"
"199917","11","0","04","004","2019","09","11","5","3","9","1","0","0","1","0","0","0","0",785235.15890499996,5824200.72755999956,13.20218665400,52.49320887000,"0"
"199918","11","0","02","002","2019","10","16","6","3","5","3","0","1","1","0","0","0","0",800418.62677600002,5826038.52907000110,13.42682557300,52.50153733100,"1"
"199919","11","0","04","004","2019","09","11","5","3","2","6","0","0","1","0","0","0","0",792002.35749800003,5825968.31154999975,13.30313134800,52.50547684100,"0"
"199920","11","0","03","003","2019","10","15","6","3","0","5","0","1","1","0","0","0","0",800077.78304300003,5837494.66566000041,13.43217386200,52.60440925800,"0"
"199921","11","0","06","006","2019","09","13","5","2","5","5","0","0","1","0","1","0","0",795131.84496500005,5815684.14606000017,13.34001469300,52.41160163200,"0"
"199922","11","0","01","001","2019","10","14","6","3","0","1","0","0","0","0","1","0","0",797824.05218200001,5829804.84836999979,13.39208757200,52.53671997800,"1"
"199923","11","0","04","004","2019","09","12","5","2","0","7","0","0","1","0","0","0","1",792666.47320799995,5823053.71446000040,13.31032792500,52.47899240100,"0"
"199924","11","0","03","003","2019","10","14","6","3","5","2","0","0","1","0","0","0","0",800199.75212399999,5832139.07294000033,13.42911914300,52.55633884500,"1"
"199925","11","0","05","005","2019","09","12","5","2","5","2","0","1","1","0","0","0","0",780517.91410599998,5820688.65796000045,13.12993360800,52.46416163700,"0"
"199926","11","0","07","007","2019","10","12","6","3","5","2","0","0","1","0","1","0","0",797425.49141400005,5820799.31166000012,13.37818764100,52.45621298800,"0"
"199927","11","0","02","002","2019","10","10","6","3","2","2","0","0","1","0","0","0","0",801455.73300000001,5826044.57299999986,13.44206353300,52.50101956400,"0"
"199928","11","0","05","005","2019","09","12","5","2","6","4","0","0","0","1","1","0","0",785222.85471400002,5828887.33210000023,13.20602326100,52.53523520400,"0"
"199929","11","0","12","012","2019","10","14","6","3","2","6","0","0","1","0","0","0","0",793508.04003599996,5832397.72685000021,13.33092909900,52.56230529300,"1"
"199930","11","0","01","001","2019","09","10","5","3","5","3","0","0","1","0","0","0","1",797430.56463399995,5831148.64984000009,13.38750637100,52.54898038800,"0"
"199931","11","0","06","006","2019","10","13","6","3","2","6","0","0","1","0","0","0","0",794132.99617099995,5820340.31070999894,13.32946796700,52.45388006700,"1"
"199932","11","0","07","007","2019","10","05","6","2","5","2","2","1","1","0","0","0","0",797327.68511099997,5822178.70822999906,13.37798124900,52.46863111500,"0"
"199933","11","0","01","001","2019","09","10","5","3","2","6","0","0","1","0","0","0","0",796676.88829399995,5829751.51786000002,13.37517615300,52.53686762600,"0"
"199934","11","0","08","008","2019","10","00","6","3","5","2","2","1","1","0","0","0","0",801293.99180299998,5823827.94072000030,13.43768370800,52.48124073300,"0"
"199935","11","0","03","003","2019","09","08","5","3","1","5","0","1","1","0","0","0","0",798697.26119300001,5830879.39242000040,13.40588977900,52.54587382000,"0"
"199936","11","0","04","004","2019","10","00","6","3","5","3","2","0","1","0","0","0","0",792145.60809300002,5827326.85694999900,13.30642848200,52.51757921000,"0"
"199937","11","0","07","007","2019","09","08","5","3","1","5","0","1","0","0","0","0","1",795476.04588500003,5824436.63301999960,13.35280346600,52.48987639400,"0"
"199938","11","0","02","002","2019","10","17","5","3","6","7","0","0","0","1","0","0","1",800182.48968100001,5825383.99964999966,13.42276733100,52.49580047600,"0"
"199939","11","0","06","006","2019","09","08","5","3","5","3","0","1","1","0","0","0","0",789259.53171200003,5818044.81623999961,13.25596276200,52.43590080900,"0"
"199940","11","0","03","003","2019","10","14","5","3","5","3","0","0","1","0","0","0","0",801893.62372499995,5831284.70614999905,13.45325170100,52.54774490000,"1"
"199941","11","0","09","009","2019","10","13","5","2","5","3","0","0","1","0","0","0","0",805908.59800000000,5821824.26999999955,13.50358744200,52.46071756900,"1"
"199942","11","0","06","006","2019","09","07","5","3","5","3","0","0","1","0","0","0","0",795123.98218299996,5816185.41693000030,13.34034139900,52.41609952400,"0"
"199943","11","0","05","005","2019","09","07","5","3","4","6","0","1","0","0","0","0","0",784765.69022800005,5830421.59427999984,13.20061663900,52.54923041200,"0"
"199944","11","0","05","005","2019","10","11","5","2","4","6","0","0","1","0","0","0","0",787172.93866200000,5830658.35656999890,13.23622598500,52.55008936300,"1"
"199945","11","0","02","002","2019","09","07","5","2","5","3","0","1","1","0","0","0","0",798334.13580699998,5825630.64310999960,13.39584268400,52.49902478500,"0"
"199946","11","0","08","008","2019","10","11","5","3","5","3","0","0","1","0","0","0","0",802566.37948200002,5819902.24679000024,13.45280426100,52.44535098900,"1"
"199947","11","0","03","003","2019","09","16","5","3","6","7","0","1","0","1","0","0","0",800654.04798200005,5829616.74763999972,13.43351692400,52.53348017500,"0"
"199948","11","0","01","001","2019","10","10","5","2","0","7","0","0","1","0","0","0","0",798640.60697600001,5829091.93850999977,13.40345038200,52.52988292200,"1"
"199949","11","0","11","011","2019","09","16","5","3","5","3","0","0","1","0","1","0","0",805398.47670400003,5831360.83729000110,13.50484930900,52.54647380600,"0"
"199950","11","0","08","008","2019","10","23","5","3","5","3","2","0","1","0","0","0","0",801129.49812200002,5824684.57390999980,13.43604268300,52.48900969400,"0"
"199951","11","0","01","001","2019","10","10","5","3","0","1","0","0","0","0","1","0","0",797684.60078900005,5829635.13767999969,13.38988559200,52.53527492500,"1"
"199952","11","0","03","003","2019","09","18","5","3","5","3","1","1","1","0","0","0","0",801413.56405900000,5830922.62445999961,13.44586491500,52.54476536200,"0"
"199953","11","0","01","001","2019","10","09","5","3","0","1","0","0","0","0","1","0","0",796959.40107499994,5828920.04074999969,13.37858638000,52.52926050400,"1"
"199954","11","0","09","009","2019","09","18","5","3","5","3","2","1","1","0","0","0","0",811468.96564199997,5817294.98194000032,13.58094496500,52.41698776000,"0"
"199955","11","0","02","002","2019","10","04","5","2","6","2","2","0","1","1","0","0","0",797619.20440199994,5826418.71353000030,13.38604638200,52.50647928800,"1"
"199956","11","0","04","004","2019","09","16","5","3","5","2","0","0","1","0","0","0","0",791019.67983100004,5824868.03887999989,13.28773259200,52.49613795400,"0"
"199957","11","0","08","008","2019","10","19","5","3","5","3","2","0","1","0","0","0","1",801004.67773000000,5822160.08817000035,13.43193123400,52.46645079200,"0"
"199958","11","0","03","003","2019","09","16","5","3","2","6","0","0","1","0","0","0","0",801206.99134700000,5839213.69455000106,13.45036272200,52.61919231900,"0"
"199959","11","0","01","001","2019","10","16","5","3","1","5","0","1","1","0","0","0","0",793526.43668100005,5828513.85599000100,13.32776749500,52.52747862400,"1"
"199960","11","0","04","004","2019","10","14","5","3","2","6","0","0","1","0","0","0","0",790604.81425900001,5827359.05805999972,13.28381340900,52.51869113900,"1"
"199961","11","0","01","001","2019","09","16","5","3","5","2","0","1","1","0","0","0","0",797855.09924899996,5826859.09131999966,13.38990575900,52.51029800600,"0"
"199962","11","0","11","011","2019","10","14","5","3","1","1","0","0","1","0","0","0","0",807686.20497700002,5834012.10738999955,13.54093788600,52.56894700700,"1"
"199963","11","0","12","012","2019","09","18","5","3","6","6","1","0","1","1","0","0","0",785452.01264700003,5835940.77763999999,13.21546238700,52.59835488200,"0"
"199964","11","0","02","002","2019","10","18","5","2","5","3","2","0","1","0","0","0","1",798929.14061000000,5826353.90450000018,13.40523100100,52.50518222500,"0"
"199965","11","0","08","008","2019","09","18","5","3","5","2","0","1","0","0","0","0","1",801264.61381899996,5819821.27952000033,13.43363586500,52.44534404000,"0"
"199966","11","0","01","001","2019","10","18","4","2","6","4","1","0","1","1","0","0","0",796852.29526000004,5827631.07254000008,13.37586162500,52.51776463200,"1"
"199967","11","0","03","003","2019","09","15","5","3","3","6","0","1","1","0","0","0","0",800068.96566400002,5830664.63539000042,13.42586343400,52.54319513200,"0"
"199968","11","0","09","009","2019","10","07","4","3","6","2","0","0","1","1","0","0","0",810777.35294300003,5821249.14393999986,13.57448381100,52.45281668400,"1"
"199969","11","0","06","006","2019","10","07","4","3","0","1","2","0","0","0","1","0","0",792088.23900199996,5820289.69127000030,13.29941838700,52.45452277200,"1"
"199970","11","0","11","011","2019","09","14","5","3","0","6","0","0","1","0","0","0","1",805135.54359200003,5829989.78438000008,13.49972473200,52.53433322300,"0"
"199971","11","0","04","004","2019","09","14","5","3","6","4","0","0","1","1","0","0","0",794161.89368099999,5824104.37411000021,13.33321103800,52.48760759300,"0"
"199972","11","0","08","008","2019","10","07","4","3","6","4","2","0","1","1","0","0","0",802066.26581999997,5823564.47981000040,13.44878246800,52.47845267400,"1"
"199973","11","0","06","006","2019","10","07","4","3","3","6","0","1","0","0","0","0","1",793067.91301200003,5821401.57170999981,13.31477058000,52.46396611400,"0"
"199974","11","0","07","007","2019","09","14","5","3","5","7","0","0","1","0","1","0","0",794865.73742699996,5824287.37887000106,13.34370874200,52.48886842300,"0"
"199975","11","0","03","003","2019","10","18","4","3","5","7","0","0","1","0","1","0","0",800164.34906599997,5832725.07239999995,13.42912849300,52.56161080900,"0"
"199976","11","0","01","001","2019","09","14","5","3","2","7","0","0","1","0","0","0","0",795259.80626400001,5831726.62786000036,13.35609968500,52.55534238100,"0"
"199977","11","0","01","001","2019","10","17","4","2","5","2","0","0","1","0","1","0","0",794308.03913799999,5827029.37722000014,13.33794216500,52.51374981000,"0"
"199978","11","0","05","005","2019","10","17","4","3","2","6","0","0","1","0","0","0","0",787212.23734800005,5829747.83770999964,13.23601657500,52.54190535300,"1"
"199979","11","0","07","007","2019","09","18","5","3","2","6","1","0","1","0","0","0","0",794711.60395699996,5825757.82139000110,13.34274616800,52.50213324700,"0"
"199980","11","0","08","008","2019","10","16","4","3","6","2","0","0","1","1","0","0","0",802488.71276499995,5823167.18013000023,13.45462343300,52.47465784700,"0"