OBJECTID,ULAND,UREGBEZ,UKREIS,UGEMEINDE,UJAHR,UMONAT,USTUNDE,UWOCHENTAG,UKATEGORIE,UART,UTYP1,ULICHTVERH,IstRad,IstPKW,IstFuss,IstKrad,IstGkfz,IstSonstig,LINREFX,LINREFY,XGCSWGS84,YGCSWGS84,STRZUSTAND
"199981","11","0","01","001","2019","10","16","4","3","0","1","0","0","0","0","0","0","1",792911.44553000003,5828884.49703999981,13.31905461800,52.53113205100,"1"
"199982","11","0","01","001","2019","09","17","5","2","3","6","0","0","1","0","1","0","0",796625.35925300000,5826185.08452000003,13.37123821400,52.50492628700,"0"
"199983","11","0","08","008","2019","10","16","4","3","1","5","0","1","1","0","0","0","0",801769.00837099995,5822674.23362000007,13.44361337600,52.47063756900,"1"
"199984","11","0","02","002","2019","09","14","5","3","3","6","0","0","1","0","1","0","0",797064.03394300002,5824721.19955000095,13.37637666000,52.49156543000,"0"
"199985","11","0","06","006","2019","10","16","4","3","0","2","0","1","0","0","0","0","1",792591.07996700006,5817200.31056999974,13.30409253800,52.42655787400,"0"
"199986","11","0","07","007","2019","10","23","4","2","5","7","2","0","1","0","1","0","0",793939.87166199996,5822533.83296000026,13.32856602700,52.47364798700,"0"
"199987","11","0","12","012","2019","09","18","5","3","5","2","0","1","1","0","0","0","0",792907.50468100002,5835906.83480999898,13.32519579800,52.59408596400,"0"
"199988","11","0","08","008","2019","10","16","4","3","5","3","0","1","0","0","1","0","0",800950.65681600000,5824716.08114000037,13.43344513400,52.48939071900,"0"
"199989","11","0","07","007","2019","09","13","5","3","6","2","0","0","1","1","0","0","0",794948.39780799998,5825411.97240999900,13.34591825200,52.49890500300,"0"
"199990","11","0","01","001","2019","10","22","4","3","0","7","2","0","0","1","0","0","1",799844.93621199997,5827199.76197000034,13.41944520000,52.51226150000,"0"
"199991","11","0","01","001","2019","09","17","5","3","5","7","0","0","1","0","0","0","0",797409.57464500004,5829164.37994999904,13.38542154300,52.53120529800,"0"
"199992","11","0","12","012","2019","10","15","4","3","5","3","0","0","1","0","0","0","1",793419.60621799994,5833379.38274999894,13.33049654400,52.57115291900,"0"
"199993","11","0","01","001","2019","10","15","4","3","2","6","0","0","1","0","0","0","0",794159.58262100001,5830311.93513000105,13.33866509100,52.54325599000,"0"
"199994","11","0","04","004","2019","09","17","5","3","1","5","0","0","1","0","1","0","0",792314.30700000003,5827249.02599999961,13.30883919600,52.51679107800,"0"
"199995","11","0","01","001","2019","09","13","5","3","2","2","0","1","1","0","0","0","0",794635.28982299997,5830512.24476999976,13.34583722100,52.54479458200,"0"
"199996","11","0","01","001","2019","10","22","4","3","1","5","2","1","1","0","0","0","0",795685.61695399997,5830562.21145999990,13.36132520900,52.54467347600,"0"
"199997","11","0","12","012","2019","10","21","4","3","5","2","2","0","1","0","0","0","0",792908.98305000004,5832163.63635000028,13.32191030300,52.56052938800,"0"
"199998","11","0","04","004","2019","09","17","5","3","2","6","0","0","1","0","0","0","0",791330.66434500006,5822049.40689000022,13.28983719700,52.47070302300,"0"
"199999","11","0","03","003","2019","10","13","4","2","6","4","0","0","1","1","0","0","0",802668.00045100006,5832413.83246999979,13.46566623700,52.55743536700,"1"
"200000","11","0","08","008","2019","09","17","5","3","5","3","0","0","1","0","0","0","0",801397.67580400000,5821869.30166000035,13.43743620500,52.46362774600,"1"
"200001","11","0","01","001","2019","10","13","4","3","2","6","0","0","1","0","0","0","1",798851.51346100005,5826639.10725999996,13.40434672900,52.50778119600,"0"
"200002","11","0","03","003","2019","10","13","4","3","2","6","0","0","1","0","0","1","0",796902.16787700006,5833845.70870000031,13.38214970200,52.57344455200,"0"
"200003","11","0","09","009","2019","09","00","5","3","1","1","2","0","1","0","0","0","0",808904.77500000002,5815634.01499999966,13.54182874800,52.40355519500,"1"
"200004","11","0","07","007","2019","10","12","4","2","4","6","0","0","1","0","0","0","0",799508.01763000002,5821801.85517999995,13.40964427000,52.46406222400,"0"
"200005","11","0","08","008","2019","10","20","4","3","6","2","2","0","1","1","0","0","0",800682.87372499995,5824118.20301999990,13.42897373700,52.48417929000,"0"
"200006","11","0","02","002","2019","09","07","5","3","0","1","0","1","0","0","0","0","0",799234.83254500001,5826244.16933999956,13.40962278200,52.50403104100,"1"
"200007","11","0","06","006","2019","10","12","4","3","6","2","0","0","1","1","0","0","0",794133.17637700005,5820815.63905999996,13.32988933800,52.45814108900,"1"
"200008","11","0","09","009","2019","09","08","5","2","0","1","0","0","0","0","1","0","0",818241.87000899995,5820701.20851999987,13.68344178800,52.44361299700,"1"
"200009","11","0","03","003","2019","10","20","4","3","5","3","2","1","1","0","0","0","0",800076.26179699996,5832605.13312000036,13.42772446900,52.56058431600,"0"
"200010","11","0","08","008","2019","10","11","4","2","5","3","0","0","1","0","0","0","0",803003.82067299995,5819366.82051999960,13.45873534100,52.44030971000,"1"
"200011","11","0","02","002","2019","09","01","5","2","0","1","2","1","0","0","0","0","0",800091.22262599994,5825739.61469999980,13.42174737400,52.49903818900,"1"
"200012","11","0","03","003","2019","09","08","5","3","6","4","0","0","0","1","1","0","0",796662.08775499999,5834126.83413999993,13.37886900300,52.57609542000,"0"
"200013","11","0","03","003","2019","10","11","4","3","5","3","0","0","1","0","0","0","0",797830.03336999996,5835393.17540000007,13.39719124000,52.58680847200,"1"
"200014","11","0","01","001","2019","10","18","4","3","2","6","2","1","1","0","0","0","0",796911.32764499995,5828127.80315999966,13.37717242600,52.52218514900,"0"
"200015","11","0","07","007","2019","09","19","4","3","2","6","1","0","1","0","0","0","0",798724.65123600001,5816027.78815000039,13.39298723900,52.41273336200,"0"
"200016","11","0","01","001","2019","10","10","4","3","2","6","0","0","1","0","0","0","0",793527.37411600002,5829190.73928000033,13.32837893900,52.53354602900,"1"
"200017","11","0","02","002","2019","09","10","4","3","0","3","0","1","0","0","0","0","0",802029.26460400003,5827169.85642000008,13.45150790000,52.51078840100,"0"
"200018","11","0","01","001","2019","09","12","4","3","0","1","0","1","0","0","0","0","0",798898.20900000003,5827349.03699999955,13.40567026100,52.51411913500,"1"
"200019","11","0","01","001","2019","10","08","4","3","5","2","0","1","1","0","0","0","0",796916.94580999995,5830733.37930000015,13.37958261100,52.54553816100,"1"
"200020","11","0","07","007","2019","10","10","4","3","2","6","0","0","1","0","0","0","0",794972.82584800001,5825118.91739999969,13.34601753500,52.49626476100,"1"
"200021","11","0","02","002","2019","09","09","4","3","5","3","0","1","1","0","0","0","0",798183.34699200001,5826499.56039999984,13.39440608400,52.50689594400,"1"
"200022","11","0","01","001","2019","10","08","4","3","5","2","0","1","1","0","0","0","0",797622.80205199996,5827024.09432000015,13.38664053100,52.51190385100,"1"
"200023","11","0","03","003","2019","09","16","4","3","5","3","0","0","1","0","0","0","0",801251.64332100004,5833177.63396999892,13.44553074300,52.56506667600,"1"
"200024","11","0","07","007","2019","10","10","4","3","5","2","0","0","1","0","0","0","0",798379.07536200003,5818418.79047000036,13.39005404200,52.43435458600,"1"
"200025","11","0","04","004","2019","09","23","4","3","5","7","2","1","1","0","0","0","0",792860.80245900003,5825287.91340999957,13.31514459800,52.49891717500,"0"
"200026","11","0","11","011","2019","10","10","4","2","2","1","0","0","1","0","0","0","1",804161.64231100003,5829837.56740000006,13.48527156900,52.53351331400,"1"
"200027","11","0","01","001","2019","09","21","4","3","0","6","2","1","0","1","0","0","0",797862.75017100002,5828741.63582000043,13.39170373200,52.52716849300,"1"
"200028","11","0","02","002","2019","10","08","4","3","0","2","0","1","1","0","0","0","0",798747.83558299998,5824982.85178000014,13.40133791300,52.49299189200,"1"
"200029","11","0","03","003","2019","09","21","4","3","0","7","2","0","0","0","0","0","1",799086.49314399995,5833834.76260999963,13.41427588700,52.57215052500,"1"
"200030","11","0","02","002","2019","10","08","4","2","5","2","0","0","1","0","1","0","0",800283.86555900006,5827632.19190999959,13.42628388500,52.51589606200,"1"
"200031","11","0","11","011","2019","09","20","4","3","5","2","2","0","1","0","0","0","0",806904.00891700003,5832625.87425000034,13.52815108200,52.55696512200,"1"
"200032","11","0","11","011","2019","10","10","4","2","0","1","0","1","0","0","0","0","0",804354.93126500002,5829081.81618000008,13.48742051200,52.52663195700,"1"
"200033","11","0","01","001","2019","09","20","4","3","6","4","2","0","1","1","0","0","0",795452.40294499998,5831563.75590999890,13.35878725700,52.55377793600,"1"
"200034","11","0","08","008","2019","10","06","4","3","8","1","2","0","1","0","0","0","0",802493.99615999998,5820704.85555000044,13.45246930700,52.45258491400,"1"
"200035","11","0","06","006","2019","10","09","4","3","0","1","0","0","0","0","1","0","0",793040.20588899998,5821522.58432999905,13.31447017100,52.46506582200,"1"
"200036","11","0","01","001","2019","09","20","4","3","0","7","2","1","1","0","0","0","0",795456.71767799999,5830145.36539999954,13.35758884600,52.54106100000,"0"
"200037","11","0","09","009","2019","10","09","4","3","2","4","0","0","1","1","0","0","0",804763.74512600002,5822310.12404000014,13.48723278300,52.46571176800,"1"
"200038","11","0","10","010","2019","09","19","4","3","0","3","2","0","1","0","1","0","0",807810.27249200002,5830799.05298000015,13.53978360500,52.54008192800,"1"
"200039","11","0","04","004","2019","10","09","4","2","6","4","0","0","1","1","0","0","0",790382.48183299997,5827324.54339999985,13.28051581600,52.51850014900,"1"
"200040","11","0","10","010","2019","10","16","4","3","2","6","0","0","1","0","0","0","1",812179.76454500004,5831090.09939999972,13.60427655700,52.54020458300,"0"
"200041","11","0","01","001","2019","09","19","4","2","6","4","2","0","0","1","0","0","1",796594.53261300002,5828710.54177000094,13.37303664500,52.52758120400,"0"
"200042","11","0","09","009","2019","10","20","3","3","1","1","2","1","1","0","0","0","0",811122.98638699995,5820269.32304999977,13.57864121300,52.44383937300,"1"
"200043","11","0","02","002","2019","09","19","4","3","5","2","2","1","1","0","0","0","0",800190.70670200000,5824401.53610000014,13.42200289700,52.48698972900,"1"
"200044","11","0","08","008","2019","10","19","3","3","6","4","2","0","1","1","0","0","0",802011.90340900002,5823483.92994999979,13.44791149700,52.47776076000,"1"
"200045","11","0","10","010","2019","09","19","4","3","5","3","2","1","1","0","0","0","0",812417.46977500001,5829366.80726000015,13.60615055000,52.52462582100,"1"
"200046","11","0","11","011","2019","10","20","3","3","5","2","2","1","1","0","0","0","0",804093.84750899998,5825996.07115999982,13.48076426500,52.49912118000,"1"
"200047","11","0","07","007","2019","09","19","4","3","5","2","2","1","1","0","0","0","0",793496.17400000000,5822495.19900000002,13.32201833600,52.47354023900,"1"
"200048","11","0","07","007","2019","10","19","3","3","5","3","2","0","1","0","0","0","0",795138.17386700003,5824105.71059000026,13.34754861300,52.48709267400,"1"
"200049","11","0","05","005","2019","10","18","3","3","5","2","0","0","1","0","0","0","0",784794.23665400001,5828793.41667000018,13.19964065500,52.53461731300,"0"
"200050","11","0","01","001","2019","09","14","4","3","0","6","0","0","1","0","0","0","1",797400.91058400006,5826956.93290000036,13.38332047600,52.51142284900,"0"
"200051","11","0","01","001","2019","09","18","4","3","1","1","1","0","1","0","0","0","0",795744.93225199997,5831891.93132000044,13.36338170000,52.55656094600,"1"
"200052","11","0","03","003","2019","10","15","3","3","5","2","0","1","1","0","0","0","0",799138.95716500003,5830367.63169999979,13.41192312500,52.54104433400,"0"
"200053","11","0","12","012","2019","09","17","4","2","5","3","0","0","1","0","0","0","1",793592.99984299997,5832344.34159000032,13.33213161400,52.56178092100,"1"
"200054","11","0","11","011","2019","10","21","3","3","6","7","2","1","0","1","0","0","0",806657.80279900006,5832305.10517000034,13.52423448500,52.55422905500,"1"
"200055","11","0","02","002","2019","09","17","4","3","5","3","0","1","1","0","0","0","0",802847.06989899999,5826941.09332999960,13.46331343500,52.50828462500,"1"
"200056","11","0","08","008","2019","10","11","3","3","6","7","0","0","1","1","0","0","0",801152.34257099999,5823781.70131999999,13.43556241900,52.48090441100,"1"
"200057","11","0","01","001","2019","10","17","3","3","5","3","0","0","1","0","0","0","1",795904.15590999997,5831965.86717000045,13.36578936700,52.55713721600,"1"
"200058","11","0","02","002","2019","09","17","4","3","5","3","0","1","1","0","0","0","0",798359.08020500001,5825560.26370999962,13.39614600900,52.49838028700,"1"
"200059","11","0","01","001","2019","09","17","4","3","5","3","0","1","1","0","0","0","0",798682.17994900001,5829453.76735999994,13.40438651000,52.53310342500,"1"
"200060","11","0","06","006","2019","10","17","3","3","5","3","1","1","1","0","0","0","0",794709.12154600001,5819452.26709999982,13.33713830100,52.44560888400,"1"
"200061","11","0","01","001","2019","10","16","3","3","5","3","0","0","1","0","0","0","1",795054.51279900002,5826301.44065000024,13.34826508100,52.50682109400,"0"
"200062","11","0","07","007","2019","09","17","4","3","5","3","0","1","1","0","0","0","0",793952.62412699999,5822454.07777000032,13.32868295200,52.47292615400,"1"
"200063","11","0","01","001","2019","10","15","3","3","6","7","0","0","0","1","0","0","1",797799.47876400000,5831148.90304000024,13.39293120900,52.54878110800,"1"
"200064","11","0","06","006","2019","09","16","4","3","5","3","0","1","1","0","0","0","0",787499.79315100005,5816884.49710999895,13.22915035000,52.42642548300,"1"
"200065","11","0","07","007","2019","10","16","3","3","5","2","0","0","1","0","1","0","0",794948.85560699995,5825407.18020000029,13.34592073200,52.49886179700,"1"
"200066","11","0","06","006","2019","10","15","3","3","0","3","0","1","1","0","0","0","0",786664.55380500003,5817724.99442000035,13.21762063900,52.43439958800,"1"
"200067","11","0","02","002","2019","09","20","4","2","0","1","2","0","0","0","1","0","0",799796.52233299997,5825719.79466999974,13.41740124800,52.49902250500,"1"
"200068","11","0","04","004","2019","10","15","3","3","0","1","0","0","1","0","0","0","1",791803.76734799996,5825397.53235999960,13.29971354200,52.50046613800,"1"
"200069","11","0","05","005","2019","09","16","4","3","6","4","0","0","1","1","0","0","0",781605.64399100002,5830242.05862999894,13.15398403700,52.54926351900,"1"
"200070","11","0","05","005","2019","10","15","3","3","0","7","0","0","0","0","1","0","0",785201.50989400002,5829781.66038000025,13.20647711000,52.54326483000,"1"
"200071","11","0","04","004","2019","09","16","4","3","0","6","0","0","1","0","1","0","0",793467.49779900000,5824700.01628999971,13.32353836000,52.49332100000,"1"
"200072","11","0","04","004","2019","10","15","3","2","5","2","0","0","1","0","0","0","0",791475.62595699995,5828279.11185999960,13.29741722300,52.52647454900,"1"
"200073","11","0","01","001","2019","09","18","4","3","0","7","1","0","0","0","1","0","0",796903.24274300004,5831902.88093999960,13.38042686600,52.55602885000,"1"
"200074","11","0","04","004","2019","10","15","3","3","2","6","0","1","1","0","0","0","0",793741.66855299997,5826505.93035999965,13.32915807900,52.50936268600,"0"
"200075","11","0","02","002","2019","10","14","3","2","3","6","0","0","1","0","0","1","0",801781.89022299997,5828940.06677999999,13.44947970000,52.52679179700,"1"
"200076","11","0","05","005","2019","09","16","4","3","4","1","0","0","1","0","0","0","0",787172.51770299999,5830660.96731000021,13.23622205100,52.55011299200,"1"
"200077","11","0","01","001","2019","09","08","4","3","5","2","0","1","1","0","0","0","0",794396.66299099999,5827608.57686000038,13.33975686000,52.51889414300,"0"
"200078","11","0","02","002","2019","10","14","3","3","3","6","0","1","1","0","0","0","0",801899.09225400002,5828928.05499999970,13.45119115800,52.52661924800,"1"
"200079","11","0","01","001","2019","10","14","3","3","2","6","0","0","1","0","0","0","1",795446.51560100005,5831558.23603000026,13.35869576200,52.55373164900,"1"
"200080","11","0","01","001","2019","09","08","4","3","2","6","0","1","1","0","0","0","0",797956.75801600004,5827067.00645999983,13.39158540100,52.51210619000,"1"
"200081","11","0","05","005","2019","10","14","3","3","5","3","0","1","1","0","0","0","0",785075.16155800002,5829890.50645999983,13.20471245300,52.54430685900,"1"
"200082","11","0","02","002","2019","09","16","4","3","8","1","0","0","1","1","0","0","0",800735.70810699998,5826521.41770000011,13.43191889400,52.50569094300,"1"
"200083","11","0","02","002","2019","10","14","3","3","2","3","0","0","1","0","0","0","0",800144.21302699996,5827333.28280999977,13.42396241400,52.51329370400,"1"
"200084","11","0","11","011","2019","09","16","4","3","5","3","0","1","1","0","0","0","0",804119.39782299998,5831903.76932999957,13.48654218000,52.55205535600,"1"
"200085","11","0","04","004","2019","10","14","3","3","5","2","0","1","1","0","0","0","0",793881.24555899994,5826957.55449999962,13.33160757500,52.51333608500,"1"
"200086","11","0","06","006","2019","09","16","4","3","0","6","0","0","0","0","1","0","0",795531.08538399998,5819931.78038000036,13.34962128700,52.44946376000,"1"
"200087","11","0","04","004","2019","10","14","3","3","6","4","0","1","0","1","0","0","0",792954.18055000005,5825471.50069999974,13.31667772500,52.50051285400,"1"
"200088","11","0","07","007","2019","09","15","4","3","5","3","1","0","1","0","0","0","0",797014.54514399997,5820706.50067999959,13.37207497600,52.45560449500,"1"
"200089","11","0","07","007","2019","10","13","3","3","2","6","0","0","1","0","1","0","0",798247.04866400000,5818947.30912000034,13.38858927200,52.43916418200,"1"
"200090","11","0","05","005","2019","09","15","4","3","2","6","0","0","1","0","0","0","0",784464.52498400002,5831704.00165999960,13.19728606700,52.56088581200,"1"
"200091","11","0","04","004","2019","10","13","3","3","2","6","0","0","1","0","0","0","0",793170.70463099994,5826096.08633000031,13.32040829200,52.50599574300,"1"
"200092","11","0","04","004","2019","10","12","3","3","2","6","0","0","1","0","0","0","0",791942.69258799998,5824762.73562000040,13.30119792900,52.49470097300,"1"
"200093","11","0","06","006","2019","09","12","4","3","2","6","0","0","1","0","0","0","1",795709.64904000005,5818214.57555000018,13.35072161500,52.43397359200,"1"
"200094","11","0","01","001","2019","10","12","3","3","5","3","0","1","0","0","0","0","1",796155.78125700005,5832271.12648999970,13.36976252200,52.55973676500,"1"
"200095","11","0","01","001","2019","09","15","4","3","2","6","0","0","1","0","1","0","0",796858.49886000005,5831940.53182999976,13.37980249700,52.55639073700,"1"
"200096","11","0","12","012","2019","10","11","3","3","2","3","0","0","1","0","0","0","1",793589.46925700002,5836124.58449000027,13.33542769600,52.59567022400,"1"
"200097","11","0","02","002","2019","09","12","4","3","5","3","0","1","1","0","0","0","0",800769.09713500005,5828490.69043000042,13.43418930700,52.52332361600,"1"
"200098","11","0","09","009","2019","10","11","3","3","2","6","0","0","1","0","0","0","0",813727.79861299996,5821729.16598000005,13.61821133600,52.45543298500,"1"
"200099","11","0","10","010","2019","09","12","4","3","0","1","0","0","0","0","1","0","0",811443.65490400000,5828147.24849999975,13.59070148900,52.51425410100,"1"
"200100","11","0","03","003","2019","10","11","3","3","6","4","0","0","1","1","0","0","0",799665.39429099998,5832817.34324000031,13.42187326100,52.56271268600,"1"
"200101","11","0","04","004","2019","10","08","3","2","5","7","0","0","1","0","0","0","0",791700.06360100000,5827390.72843999974,13.29993696500,52.51839030600,"1"
"200102","11","0","07","007","2019","09","11","4","3","1","5","0","0","1","0","0","0","0",795993.82768700004,5816303.91335999966,13.35319885700,52.41669207200,"1"
"200103","11","0","03","003","2019","09","11","4","3","6","4","0","0","1","1","0","0","0",800562.66479499999,5829814.30673999991,13.43235240200,52.53530134200,"1"
"200104","11","0","03","003","2019","10","07","3","3","2","6","0","0","1","0","0","0","1",803632.08516000002,5833484.40538999904,13.48082304700,52.56649383500,"1"
"200105","11","0","09","009","2019","10","07","3","2","6","4","0","0","1","1","0","0","0",801482.67948799999,5824896.03834000044,13.44141986000,52.49071016600,"1"
"200106","11","0","04","004","2019","09","11","4","3","0","5","0","1","1","0","0","0","0",790858.31683000003,5824442.69204000011,13.28499101400,52.49241072000,"0"
"200107","11","0","11","011","2019","10","11","3","3","5","2","0","0","1","0","0","0","1",804136.39331499999,5831923.02438000031,13.48680970900,52.55221844100,"1"
"200108","11","0","06","006","2019","09","10","4","3","2","2","0","0","1","0","0","0","0",795496.25385800004,5818348.15875000041,13.34770986100,52.43528640600,"1"
"200109","11","0","03","003","2019","10","10","3","3","0","2","0","1","1","0","0","0","0",797150.19656499999,5838895.35362999979,13.39032987400,52.61857254300,"1"
"200110","11","0","09","009","2019","10","07","3","3","5","3","0","1","1","0","0","0","0",813761.84298199997,5821714.09917000029,13.61869655900,52.45527843100,"1"
"200111","11","0","07","007","2019","09","10","4","3","2","2","0","0","1","0","0","0","0",797861.33900000004,5821928.63599999994,13.38559079000,52.46609880300,"1"
"200112","11","0","02","002","2019","10","10","3","3","6","2","0","0","1","1","0","0","0",798318.18300399999,5825553.26463999972,13.39553907100,52.49833990600,"1"
"200113","11","0","01","001","2019","10","05","3","3","2","6","2","0","1","0","0","1","0",793678.41518699995,5828492.48146000039,13.32998244200,52.52720516300,"1"
"200114","11","0","04","004","2019","09","10","4","3","6","4","0","1","0","1","0","0","0",790971.18362799997,5827411.07168000005,13.28924313100,52.51896207800,"1"
"200115","11","0","04","004","2019","10","09","3","3","5","3","0","1","1","0","0","0","0",793354.49416500004,5824665.02407000028,13.32184785900,52.49306805400,"1"
"200116","11","0","02","002","2019","10","00","3","3","1","6","2","0","1","0","0","1","1",798787.10548200004,5825577.62786999904,13.40244807600,52.49830176400,"0"
"200117","11","0","06","006","2019","09","15","4","2","5","3","0","0","1","0","0","1","0",793241.08185299998,5816839.53168999963,13.31330858000,52.42297557300,"1"
"200118","11","0","03","003","2019","10","09","3","3","5","3","0","1","0","0","0","0","0",800328.29034299997,5831640.14083999954,13.43055806400,52.55179594100,"1"
"200119","11","0","01","001","2019","09","10","4","3","2","6","0","0","1","0","0","0","0",797543.64590600005,5831285.59332999960,13.38929186000,52.55014615800,"1"
"200120","11","0","11","011","2019","09","09","2","3","2","6","0","0","1","0","0","0","0",805754.50408500002,5833789.50279999990,13.51232042500,52.56804037400,"1"
"200121","11","0","08","008","2019","09","10","4","3","5","3","0","0","1","0","0","0","0",802146.67126900004,5817751.71490999963,13.44470402300,52.42630739100,"1"
"200122","11","0","01","001","2019","09","16","2","2","1","5","0","0","1","0","1","0","0",797110.01314099994,5828825.78804000001,13.38071583400,52.52833357000,"1"
"200123","11","0","01","001","2019","09","15","4","3","0","3","0","0","0","0","1","0","1",796215.37317000004,5830763.57962999959,13.36929395800,52.54619077400,"1"
"200124","11","0","10","010","2019","09","15","2","3","5","2","0","0","1","0","0","0","0",807798.80584599997,5830767.32077999972,13.53958567000,52.53980402400,"0"
"200125","11","0","06","006","2019","09","19","2","3","2","6","1","0","1","0","0","0","0",795372.91596799996,5819974.03330999892,13.34733799600,52.44992801100,"1"
"200126","11","0","09","009","2019","09","14","4","3","5","3","0","1","1","0","0","0","0",807578.96457900002,5820222.77938999981,13.52662052600,52.44542717800,"1"
"200127","11","0","01","001","2019","09","09","4","3","2","6","0","0","1","0","0","0","0",795917.42845300003,5831968.16860000044,13.36598662400,52.55715063500,"1"
"200128","11","0","06","006","2019","09","19","2","3","5","3","2","1","1","0","0","0","0",792650.27869499999,5815228.62000999972,13.30323642200,52.40885012600,"1"
"200129","11","0","10","010","2019","09","17","2","3","5","2","0","1","1","0","0","0","0",813776.12436699995,5830051.23407999985,13.62675699000,52.52997871800,"0"
"200130","11","0","04","004","2019","09","14","4","3","3","6","0","0","1","0","0","0","0",789986.34810900001,5826171.13038999960,13.27368894600,52.50837042900,"1"
"200131","11","0","04","004","2019","09","18","2","3","2","6","0","0","1","0","0","0","0",791895.13515099999,5823949.34922000021,13.29978685700,52.48743450100,"1"
"200132","11","0","12","012","2019","09","14","4","3","0","7","0","0","0","0","1","0","0",788914.93313699996,5836114.59939000104,13.26660006100,52.59808434500,"1"
"200133","11","0","01","001","2019","09","17","2","3","5","3","2","0","1","0","0","0","0",798135.03242499998,5827009.46368999965,13.39415304600,52.51149298400,"0"
"200134","11","0","10","010","2019","09","13","4","3","6","2","0","0","1","1","0","0","0",812237.76935900003,5830686.17905999999,13.60474953300,52.53655178700,"0"
"200135","11","0","04","004","2019","09","14","2","3","5","7","0","0","1","0","0","0","0",792479.40331500000,5824008.28689999972,13.30841878700,52.48765016700,"1"
"200136","11","0","04","004","2019","09","12","4","3","4","6","0","0","1","0","0","0","0",793319.86177800002,5823075.81419000030,13.31994065200,52.47883997000,"0"
"200137","11","0","04","004","2019","10","18","4","3","0","4","1","1","0","1","0","0","0",792718.66789200006,5825876.24225000106,13.31357393800,52.50426762700,"1"
"200138","11","0","01","001","2019","10","18","4","3","0","3","1","1","1","0","0","0","0",795112.64539700001,5826491.87088000029,13.34928793200,52.50849671900,"1"
"200139","11","0","09","009","2019","10","12","4","3","6","4","0","0","1","1","0","0","0",806729.70710400003,5822299.78407999966,13.51607206300,52.46451904200,"0"
"200140","11","0","05","005","2019","10","17","4","3","2","6","0","0","1","0","0","0","1",786514.47994100000,5829203.90103999991,13.22528692200,52.53739596000,"1"
"200141","11","0","01","001","2019","10","17","4","3","2","6","0","0","1","0","0","0","0",798471.13116999995,5829052.99005999975,13.40092451100,52.52962662300,"1"
"200142","11","0","01","001","2019","10","00","4","2","0","1","2","0","0","0","1","0","0",798625.68068400002,5829487.75392000005,13.40358657800,52.53343902400,"0"
"200143","11","0","07","007","2019","10","11","4","3","5","3","0","1","1","0","0","0","0",796273.15283100004,5823229.02402999904,13.36343577900,52.47861921000,"1"
"200144","11","0","04","004","2019","10","11","4","2","6","2","0","0","1","1","0","0","0",792043.34162099997,5822453.54042000044,13.30065310700,52.47394549900,"1"
"200145","11","0","03","003","2019","10","11","4","3","2","6","0","0","1","0","1","0","0",799274.89783699997,5831102.76333000045,13.41458393700,52.54755899200,"1"
"200146","11","0","09","009","2019","10","09","4","3","5","3","0","1","1","0","0","0","0",810258.00307500002,5820350.58707000036,13.56603109100,52.44505908200,"1"
"200147","11","0","01","001","2019","10","09","4","3","5","7","0","0","0","0","1","0","1",796748.16362899996,5830490.22087000031,13.37688370800,52.54345047600,"1"
"200148","11","0","03","003","2019","10","09","4","3","1","5","0","1","0","0","0","1","0",799958.33745300001,5831098.26405999996,13.42462860700,52.54714279300,"1"
"200149","11","0","05","005","2019","10","09","4","3","2","6","0","0","1","0","0","0","1",785317.60711999994,5829279.71905000042,13.20775334200,52.53870370200,"1"
"200150","11","0","03","003","2019","10","09","4","3","5","2","0","1","1","0","0","0","0",799841.13169299997,5830806.31493999995,13.42264177100,52.54459047700,"1"
"200151","11","0","12","012","2019","10","08","4","3","5","3","0","0","1","0","0","0","0",793405.60525400005,5837764.44120999891,13.33417456200,52.61046963900,"1"
"200152","11","0","01","001","2019","10","08","4","3","0","7","0","0","1","0","0","0","1",797010.59016599995,5828950.04626000021,13.37936555900,52.52950158200,"1"
"200153","11","0","09","009","2019","10","08","4","3","0","3","0","0","1","0","1","0","0",807645.51821999997,5819363.08722999971,13.52680528500,52.43768499900,"1"
"200154","11","0","04","004","2019","10","07","4","3","5","5","0","1","1","0","0","0","0",793436.09844700003,5823414.38884000015,13.32194524400,52.48181272500,"1"
"200155","11","0","03","003","2019","10","07","4","3","6","4","1","0","0","1","1","0","0",800474.66698099999,5832367.35001000110,13.43336866800,52.55823332800,"0"
"200156","11","0","08","008","2019","10","06","4","3","5","2","2","1","1","0","0","0","0",801414.16937300004,5820246.76109999977,13.43621355700,52.44907534500,"0"
"200157","11","0","04","004","2019","10","19","4","1","6","4","2","0","1","1","1","0","0",791137.10179999995,5822803.45031000022,13.28765386000,52.47756625600,"1"
"200158","11","0","09","009","2019","10","15","3","3","3","6","0","1","0","0","0","0","0",810875.36094799999,5820304.96471999958,13.57504281100,52.44429960800,"0"
"200159","11","0","02","002","2019","10","18","3","3","0","1","1","0","0","0","1","0","0",799892.06024999998,5825139.92303999979,13.41828237500,52.49377236100,"0"
"200160","11","0","03","003","2019","10","15","3","2","5","3","0","1","1","0","0","0","0",801256.32562899997,5831050.73230999894,13.44366941500,52.54600056600,"0"
"200161","11","0","02","002","2019","10","22","3","3","1","5","2","1","1","0","0","0","1",800667.16983699996,5826572.41576999892,13.43095819000,52.50618582800,"0"