OBJECTID,ULAND,UREGBEZ,UKREIS,UGEMEINDE,UJAHR,UMONAT,USTUNDE,UWOCHENTAG,UKATEGORIE,UART,UTYP1,ULICHTVERH,IstRad,IstPKW,IstFuss,IstKrad,IstGkfz,IstSonstig,LINREFX,LINREFY,XGCSWGS84,YGCSWGS84,STRZUSTAND
"200343","11","0","01","001","2019","10","04","5","3","0","1","2","0","0","0","0","0","1",799270.01618899999,5826523.62674000021,13.41039079000,52.50651667300,"1"
"200344","11","0","07","007","2019","10","16","5","3","5","2","0","1","1","0","0","0","0",798669.63728799997,5816135.92334999982,13.39227727800,52.41373269300,"0"
"200345","11","0","02","002","2019","10","15","5","3","5","2","0","0","0","0","0","0","1",800473.18668200006,5828448.62791000027,13.42980292300,52.52310974500,"0"
"200346","11","0","02","002","2019","10","15","5","3","1","5","0","1","0","0","0","0","1",803109.75771300006,5828297.38422999904,13.46840752100,52.52029494200,"0"
"200347","11","0","01","001","2019","10","14","5","3","5","2","0","0","1","0","0","0","0",796158.33799999999,5832268.33100000024,13.36979763300,52.55971031600,"1"
"200348","11","0","01","001","2019","10","12","5","3","5","3","0","0","1","0","1","0","0",798555.43343700003,5827795.67566000018,13.40103483200,52.51831037500,"0"
"200349","11","0","02","002","2019","10","10","5","3","5","7","0","0","1","0","1","0","0",797637.57548899995,5824022.32883999962,13.38417512600,52.48498841900,"1"
"200350","11","0","05","005","2019","10","21","4","2","9","1","2","0","1","0","0","0","0",784831.28643400001,5829234.48486999981,13.20056346400,52.53855255400,"0"
"200351","11","0","11","011","2019","10","10","5","3","6","6","0","1","0","1","0","0","0",805280.63145500002,5833242.42394999973,13.50484713200,52.56340323400,"0"
"200352","11","0","05","005","2019","10","06","5","3","2","6","1","0","0","0","1","0","1",787969.64259399998,5827900.28818000015,13.24555329500,52.52494148600,"1"
"200353","11","0","01","001","2019","10","23","4","3","5","2","2","0","1","0","0","0","0",796960.18108100002,5826708.46473000105,13.37662358900,52.50943570700,"1"
"200354","11","0","01","001","2019","10","23","4","3","0","1","2","1","0","0","0","0","0",799868.57542999997,5827486.02565999981,13.42005045100,52.51481440400,"1"
"200355","11","0","03","003","2019","10","18","4","2","5","2","0","0","1","0","0","0","1",800018.73032199999,5835492.55955000035,13.42949073600,52.58649665300,"0"
"200356","11","0","10","010","2019","10","18","4","2","6","4","2","0","1","1","0","0","0",810352.64130999998,5832178.92518000025,13.57843978100,52.55100562600,"1"
"200357","11","0","09","009","2019","10","17","4","3","5","2","0","0","1","0","0","0","0",811860.01330100000,5820572.88399999961,13.58973325000,52.44613989500,"0"
"200358","11","0","01","001","2019","10","16","4","3","1","5","0","1","1","0","0","0","0",795002.48661000002,5830872.71652999893,13.35155654400,52.54782721900,"0"
"200359","11","0","07","007","2019","10","16","4","2","6","4","0","0","1","1","0","0","0",795040.42961200001,5825627.04839000106,13.34746059300,52.50078326100,"0"
"200360","11","0","01","001","2019","10","21","4","3","0","3","2","0","1","0","0","0","1",798530.48761299998,5828982.30621000100,13.40173343900,52.52896053800,"1"
"200361","11","0","04","004","2019","10","17","4","3","2","6","0","0","1","0","1","0","0",792683.53265099996,5825410.21906000003,13.31264815100,52.50010871400,"0"
"200362","11","0","11","011","2019","10","15","4","3","0","6","0","0","1","0","0","0","1",806162.35046400002,5834548.52818000037,13.51901975700,52.57461363300,"0"
"200363","11","0","11","011","2019","10","15","4","3","6","4","0","0","0","1","0","0","1",805237.12856400001,5827312.23173000105,13.49876057300,52.51027899400,"0"
"200364","11","0","04","004","2019","10","12","4","3","2","6","0","0","1","0","0","0","0",793258.97005700006,5830063.56677000038,13.32520358300,52.54151498300,"1"
"200365","11","0","02","002","2019","10","21","4","3","0","4","2","1","0","1","0","0","0",800010.15849299997,5825476.88081000093,13.42032013600,52.49672776300,"1"
"200366","11","0","04","004","2019","10","15","4","3","0","3","0","1","0","0","1","0","0",793936.05160699994,5825810.98510999978,13.33140041100,52.50302816100,"0"
"200367","11","0","11","011","2019","10","12","4","3","6","4","0","1","0","1","0","0","0",802954.63192399999,5829811.63128999900,13.46750786200,52.53395306700,"1"
"200368","11","0","01","001","2019","10","09","4","3","1","1","0","1","1","0","0","0","0",798292.43464100000,5828387.17389999982,13.39770079900,52.52375628700,"0"
"200369","11","0","03","003","2019","10","21","4","3","5","3","2","1","0","0","1","0","0",798646.04399899999,5833926.37518000044,13.40787864700,52.57321353600,"1"
"200370","11","0","06","006","2019","10","20","4","3","0","2","2","0","1","0","1","0","0",789934.61600000004,5815344.59499999974,13.26352532900,52.41133482100,"1"
"200371","11","0","12","012","2019","10","08","4","3","1","5","0","1","1","0","0","0","0",790160.87816600001,5835199.56572999898,13.28414227700,52.58921774300,"1"
"200372","11","0","11","011","2019","10","07","4","3","1","7","0","0","1","0","0","0","0",805319.55015000002,5831625.05893999990,13.50393189700,52.54888608500,"1"
"200373","11","0","12","012","2019","10","14","4","3","2","6","0","0","1","0","0","0","0",792872.06469200004,5832144.87626999896,13.32135069500,52.56038107100,"1"
"200374","11","0","11","011","2019","10","12","4","3","2","6","0","0","1","0","0","0","0",803435.70499999996,5826639.05800000019,13.47168467700,52.50525047300,"1"
"200375","11","0","03","003","2019","10","07","4","2","5","2","0","0","1","0","0","0","1",799492.97567499999,5831755.59002999961,13.41837920700,52.55329068000,"0"
"200376","11","0","10","010","2019","10","20","4","3","0","7","2","0","1","0","1","0","0",809484.83533399994,5834644.10025000107,13.56798097100,52.57359108500,"1"
"200377","11","0","08","008","2019","10","14","4","3","2","6","0","0","1","0","0","0","0",801044.52707600000,5820603.12169000041,13.43111203200,52.45247320300,"1"
"200378","11","0","03","003","2019","10","14","4","3","5","2","0","0","1","0","0","0","0",798412.41899300006,5831802.06292000040,13.40253092300,52.55430033400,"0"
"200379","11","0","09","009","2019","10","13","4","3","0","6","0","0","1","0","0","0","1",817504.64899999998,5816679.30800000019,13.66881428500,52.40800358900,"0"
"200380","11","0","07","007","2019","10","12","4","3","1","5","0","1","1","0","0","0","0",794762.74177800003,5822889.72068000026,13.34096044200,52.47639488100,"1"
"200381","11","0","01","001","2019","10","19","4","3","0","7","2","0","0","0","0","0","1",794424.44489299995,5826092.59690000024,13.33882393100,52.50528932800,"1"
"200382","11","0","07","007","2019","10","19","4","3","5","2","2","1","1","0","0","0","0",795544.59276499995,5825255.69230000023,13.35453668000,52.49718152400,"0"
"200383","11","0","08","008","2019","10","05","4","3","0","3","2","1","1","0","0","0","0",800573.49213399994,5824574.97436000034,13.42777971200,52.48833371800,"1"
"200384","11","0","02","002","2019","10","19","4","3","3","6","2","0","1","0","0","1","0",800113.38896799996,5825902.73976999894,13.42221992600,52.50048815600,"1"
"200385","11","0","06","006","2019","10","11","4","2","5","2","0","1","1","0","0","0","0",791848.10016899998,5821374.38090999890,13.29684274500,52.46437525300,"0"
"200386","11","0","03","003","2019","10","10","4","3","2","6","0","1","1","0","0","0","0",799082.55425599997,5833200.49490000028,13.41364601500,52.56646749600,"0"
"200387","11","0","02","002","2019","10","22","4","3","5","3","2","0","1","0","0","0","1",798852.18957900000,5825103.70234999899,13.40297879300,52.49401803000,"1"
"200388","11","0","12","012","2019","10","07","4","3","2","6","0","0","1","0","0","0","0",793177.46843000001,5832618.17320000008,13.32626118600,52.56445957400,"0"
"200389","11","0","05","005","2019","10","10","4","3","6","7","0","0","1","1","0","0","0",785278.72422500001,5830283.81410999969,13.20804393800,52.54772664900,"0"
"200390","11","0","01","001","2019","10","14","4","3","0","1","0","0","0","0","1","0","0",797365.10728300002,5829142.31881000102,13.38474820700,52.53103180600,"1"
"200391","11","0","03","003","2019","10","06","4","3","5","3","0","1","0","0","0","0","1",798374.05683999998,5835330.25497000106,13.40514080500,52.58594637900,"1"
"200392","11","0","01","001","2019","10","18","4","3","2","6","2","0","1","0","0","0","0",800460.48587800004,5826698.01554999966,13.42803551500,52.50742547900,"0"
"200393","11","0","09","009","2019","10","06","4","2","5","3","2","1","1","0","0","0","0",813663.51873300003,5821700.74124999903,13.61724174500,52.45521515800,"1"
"200394","11","0","04","004","2019","10","18","4","3","2","6","2","0","1","0","0","0","0",789346.09591699997,5827519.14228999894,13.26545385300,52.52079566300,"0"
"200395","11","0","01","001","2019","10","06","4","3","6","4","2","1","0","1","0","0","0",797517.10158699995,5832691.41504000034,13.39016159700,52.56276203800,"1"
"200396","11","0","12","012","2019","10","06","4","3","5","2","1","0","1","0","0","0","0",792889.95674000005,5835223.93872999959,13.32433366700,52.58797363800,"1"
"200397","11","0","01","001","2019","10","10","3","3","5","2","0","1","1","0","0","0","0",794042.04500000004,5828244.08899999969,13.33510746900,52.52478246600,"1"
"200398","11","0","09","009","2019","10","21","3","3","5","2","2","0","1","0","0","0","0",805016.24165300000,5822702.89666000009,13.49129707800,52.46909114500,"1"
"200399","11","0","02","002","2019","10","19","4","3","2","6","2","0","1","0","1","0","0",797452.93763800000,5824549.59986000042,13.38193465500,52.48981544800,"1"
"200400","11","0","01","001","2019","10","20","3","3","1","5","2","1","0","0","0","0","1",798576.86841700005,5828987.42545999959,13.40241971300,52.52898102400,"1"
"200401","11","0","03","003","2019","10","18","3","3","2","6","0","0","1","0","1","0","0",799248.49502699997,5829411.03925000038,13.41267207100,52.53240981400,"1"
"200402","11","0","02","002","2019","10","17","3","3","6","7","0","0","1","1","0","0","0",801667.70681000000,5828000.62182999961,13.44694961600,52.51843468500,"1"
"200403","11","0","04","004","2019","10","18","3","2","0","1","2","1","0","0","0","0","0",793050.34855000000,5822018.81371000037,13.31505486300,52.46950894800,"1"
"200404","11","0","12","012","2019","10","19","4","2","6","4","2","0","0","1","1","0","0",796351.39214300003,5832526.08762999903,13.37286730600,52.56191579200,"1"
"200405","11","0","01","001","2019","10","20","3","3","6","4","2","0","1","1","0","0","0",797694.32627099997,5832872.96006000042,13.39293125700,52.56429247700,"1"
"200406","11","0","10","010","2019","10","07","5","3","0","3","0","0","0","0","1","0","1",809092.13857299997,5829467.77345999982,13.55738656500,52.52742587900,"1"
"200407","11","0","01","001","2019","10","13","5","3","2","2","0","1","1","0","0","0","0",799112.11144799995,5828970.20708999969,13.41027082200,52.52853327300,"0"
"200408","11","0","12","012","2019","10","05","5","3","5","7","2","0","1","0","0","0","1",794544.46863000002,5832971.91179000027,13.34668437600,52.56689273100,"1"
"200409","11","0","05","005","2019","10","06","5","3","2","2","1","0","1","0","0","0","0",786951.61175399995,5829438.43314000033,13.23191684000,52.53926867900,"1"
"200410","11","0","07","007","2019","10","13","5","3","1","5","0","0","0","0","0","1","1",800049.40221900004,5821401.54770999961,13.41722949800,52.46017704500,"0"
"200411","11","0","08","008","2019","10","06","5","3","2","2","2","0","1","0","1","0","0",800823.08157699998,5822597.45320000034,13.42966045300,52.47047106700,"1"
"200412","11","0","05","005","2019","10","12","5","3","2","7","0","0","1","0","0","0","0",788922.84689699998,5829321.09941000026,13.26079920300,52.53717515500,"1"
"200413","11","0","07","007","2019","10","12","5","3","0","1","0","1","0","0","0","0","0",798076.21465400001,5815816.23352999892,13.38329341000,52.41119045000,"1"
"200414","11","0","01","001","2019","10","06","5","3","0","1","2","0","0","0","1","0","0",797318.91290800006,5832315.81527000107,13.38690992300,52.55950352000,"1"
"200415","11","0","01","001","2019","10","09","5","3","2","2","0","0","1","0","0","0","0",797151.58997199999,5831402.98553000018,13.38363181500,52.55141244800,"1"
"200416","11","0","01","001","2019","10","06","5","3","2","6","2","0","1","0","0","1","0",797776.58597899997,5829748.83320000023,13.39133961800,52.53624381100,"1"
"200417","11","0","01","001","2019","10","08","5","2","1","5","0","1","0","0","0","0","1",796675.59959999996,5827888.54131999984,13.37349484000,52.52016872400,"1"
"200418","11","0","07","007","2019","10","10","5","3","2","6","0","0","1","0","0","0","0",798663.89526400005,5816235.10914999899,13.39228160600,52.41462491700,"1"
"200419","11","0","07","007","2019","10","08","5","3","5","2","0","1","1","0","0","0","0",796636.34510899999,5819967.86079999991,13.36586933500,52.44918860300,"1"
"200420","11","0","01","001","2019","10","09","5","3","1","5","0","1","1","0","0","0","0",796658.04702699999,5832068.86484999955,13.37696914600,52.55765032400,"0"
"200421","11","0","03","003","2019","10","08","5","3","2","6","0","0","1","0","0","0","0",803404.85933300003,5833517.81907999981,13.47751147800,52.56691998900,"1"
"200422","11","0","12","012","2019","10","08","5","3","2","6","0","0","1","0","0","0","0",793811.75022499997,5832725.58270999976,13.33568695900,52.56508050300,"1"
"200423","11","0","01","001","2019","10","08","5","3","5","2","0","1","1","0","0","0","0",797069.73323999997,5829297.97778999899,13.38054576700,52.53258816500,"1"
"200424","11","0","04","004","2019","10","08","5","2","0","7","0","1","0","0","0","0","0",790452.15404099994,5827317.79702000041,13.28153384500,52.51840256300,"1"
"200425","11","0","06","006","2019","10","12","4","3","5","3","0","1","1","0","0","0","0",792584.63265199994,5818923.08798999898,13.30550571400,52.44200586100,"0"
"200426","11","0","05","005","2019","10","18","4","3","5","3","2","0","1","0","1","0","0",784593.06309099996,5827958.06230000034,13.19596756700,52.52723259600,"0"
"200427","11","0","03","003","2019","10","09","4","3","5","2","0","1","0","0","0","0","1",799153.47385199997,5829211.58645000029,13.41109592500,52.53067417900,"0"
"200428","11","0","04","004","2019","10","18","4","3","5","3","2","1","1","0","0","0","0",793522.33988099999,5825730.33550000004,13.32525180600,52.50252788400,"0"
"200429","11","0","07","007","2019","10","20","4","3","5","2","2","0","1","0","0","0","0",799789.77698500000,5813976.95980000030,13.40676494500,52.39376803900,"0"
"200430","11","0","04","004","2019","10","10","5","3","5","3","0","1","1","0","0","0","0",792650.47183399997,5827115.40156999975,13.31366162500,52.51541289300,"0"
"200431","11","0","03","003","2019","10","20","4","3","5","3","2","1","1","0","0","0","0",802858.78531199996,5832380.87179999985,13.46844176400,52.55703388400,"0"
"200432","11","0","03","003","2019","10","19","4","3","5","3","2","1","1","0","0","0","0",799600.66575799999,5829902.82096000016,13.41829165800,52.53662439600,"0"
"200433","11","0","04","004","2019","10","06","5","3","0","6","1","0","1","0","1","0","0",791187.56494099996,5829062.96404999960,13.29386970400,52.53365563500,"0"
"200434","11","0","08","008","2019","10","14","5","3","5","7","0","0","1","0","0","0","0",802498.43419199996,5817982.27622000035,13.45007019100,52.42817959700,"0"
"200435","11","0","06","006","2019","10","16","4","3","5","3","0","0","1","0","0","0","0",794444.27738300001,5815557.70748000033,13.32982394500,52.41083840500,"0"
"200436","11","0","04","004","2019","10","14","4","2","5","3","0","1","0","0","0","0","0",789345.06935200002,5825247.16595000029,13.26346354400,52.50042734100,"0"
"200437","11","0","08","008","2019","10","14","4","3","5","3","0","1","1","0","0","0","0",804241.65288499999,5818820.21368999965,13.47639244000,52.43472335900,"0"
"200438","11","0","01","001","2019","10","17","4","3","6","4","2","1","0","1","0","0","0",797711.06039300002,5831788.02501999959,13.39220415600,52.55455832800,"0"
"200439","11","0","12","012","2019","10","13","4","3","1","5","0","0","1","0","0","0","0",792691.60585800000,5836009.28885000106,13.32210816000,52.59512064400,"0"
"200440","11","0","05","005","2019","10","17","4","2","0","1","0","0","0","0","1","0","0",785683.17126700003,5829288.71332999971,13.21313644200,52.53859281400,"0"
"200441","11","0","04","004","2019","10","13","4","3","6","4","0","0","1","1","0","0","0",788786.07202199998,5826984.36954000033,13.25675869100,52.51629812800,"0"
"200442","11","0","04","004","2019","10","17","4","3","5","2","0","1","1","0","0","0","0",789463.37942300003,5824385.38659999985,13.26445267900,52.49263850100,"0"
"200443","11","0","02","002","2019","10","09","5","2","6","4","0","1","0","1","0","0","0",801634.46086899994,5828883.74696999975,13.44726202800,52.52636858600,"0"
"200444","11","0","03","003","2019","10","17","4","3","1","5","1","1","1","0","0","0","1",799132.98686599999,5832828.22453000024,13.41405221600,52.56310297800,"1"
"200445","11","0","06","006","2019","10","07","5","2","0","4","0","1","0","1","0","0","0",794523.11856199999,5820034.94560999982,13.33492320500,52.45093254900,"0"
"200446","11","0","02","002","2019","10","14","4","3","6","7","0","0","1","1","0","0","0",798102.13695600000,5825973.65921999980,13.39274223200,52.50222627700,"0"
"200447","11","0","02","002","2019","10","16","4","3","5","2","0","1","1","0","0","0","0",797110.06158199999,5824260.42636999954,13.37664178100,52.48741002500,"0"
"200448","11","0","09","009","2019","10","07","4","3","5","2","0","1","0","0","0","0","1",802352.57165800000,5824748.04944000021,13.45405876900,52.48890263800,"0"
"200449","11","0","01","001","2019","10","16","4","2","1","5","0","0","1","0","0","0","0",794101.38241099997,5830105.79227999970,13.33762684900,52.54143947200,"0"
"200450","11","0","08","008","2019","10","16","4","3","5","7","0","0","1","0","1","0","0",805409.68224200001,5818354.48192000017,13.49309533200,52.42989828600,"0"
"200451","11","0","01","001","2019","10","16","4","3","3","6","0","1","0","0","0","1","0",794253.31118399999,5827263.07383000106,13.33734468100,52.51587428800,"0"
"200452","11","0","08","008","2019","10","15","4","3","2","6","0","0","1","0","0","0","0",803104.66480999999,5818515.15118000004,13.45944217700,52.43262028000,"0"
"200453","11","0","12","012","2019","10","15","4","3","3","6","0","0","1","0","1","0","0",792742.30078900000,5839395.49923000019,13.32585039700,52.62544872900,"0"
"200454","11","0","06","006","2019","10","15","4","3","5","2","0","1","1","0","0","0","0",793122.87585800001,5817654.46941000037,13.31228942600,52.43034468700,"0"
"200455","11","0","11","011","2019","10","15","4","3","5","3","0","1","1","0","0","0","0",805123.42697399994,5826543.65362999961,13.49638596300,52.50345423300,"0"
"200456","11","0","02","002","2019","10","08","5","3","0","6","0","0","0","0","1","0","1",797569.10472700000,5825209.03651999962,13.38422948900,52.49566324800,"0"
"200457","11","0","05","005","2019","10","12","4","3","6","7","0","0","1","1","0","0","0",784525.15551900002,5828659.98950999975,13.19557006400,52.53356154700,"0"
"200458","11","0","03","003","2019","10","10","4","3","5","2","0","1","0","0","0","0","1",798472.04740000004,5834861.23991999961,13.40616045500,52.58168862600,"0"
"200459","11","0","07","007","2019","10","07","5","3","2","6","0","0","1","0","0","0","1",798191.56644800003,5820938.46167999972,13.38955286400,52.45704290200,"1"
"200460","11","0","01","001","2019","10","10","4","3","5","2","0","1","1","0","0","0","0",795020.29910700000,5831150.04353000037,13.35206485300,52.55030358000,"0"
"200461","11","0","10","010","2019","10","10","4","3","5","3","0","1","0","0","0","0","0",808918.02339700004,5827024.39960000012,13.55255964800,52.50562762600,"0"
"200462","11","0","01","001","2019","10","09","4","3","6","4","0","0","1","1","0","0","0",796958.63421799999,5826531.49115000106,13.37644298100,52.50785016900,"0"
"200463","11","0","03","003","2019","10","08","4","3","5","3","0","1","0","0","0","0","1",798213.89516399999,5833046.09836000018,13.40072934600,52.56556007800,"0"
"200464","11","0","07","007","2019","10","08","4","3","5","2","0","1","0","0","0","0","0",796542.91049899999,5823745.71659999993,13.36785572800,52.48310447900,"0"
"200465","11","0","07","007","2019","10","08","4","3","2","6","0","0","1","0","0","0","0",794501.97996899998,5825462.43780000042,13.33940564300,52.49959849000,"0"
"200466","11","0","02","002","2019","10","13","4","3","1","7","0","1","1","0","0","0","0",800930.65811600001,5825418.05381000042,13.43378549300,52.49569372000,"0"
"200467","11","0","10","010","2019","10","07","4","3","0","7","0","0","1","0","0","0","0",809785.32751900004,5831545.28046000004,13.56950846600,52.54565012900,"0"
"200468","11","0","02","002","2019","10","07","4","3","0","6","0","0","1","0","1","0","0",798806.07848400006,5825578.86283999961,13.40272784300,52.49830244600,"0"
"200469","11","0","01","001","2019","10","07","4","3","5","7","0","1","1","0","0","0","0",797408.02833000000,5830030.76040000003,13.38617410700,52.53897219400,"0"
"200470","11","0","07","007","2019","10","07","4","3","2","7","0","0","1","0","0","0","0",794950.38859800005,5823925.50023999996,13.34463159800,52.48557868700,"0"
"200471","11","0","09","009","2019","10","07","4","3","2","6","0","0","1","0","0","0","0",809219.00500000000,5823013.51999999955,13.55325892800,52.46951248100,"0"
"200472","11","0","05","005","2019","10","06","5","3","0","1","2","0","0","0","1","0","0",782294.94399399997,5830523.84601000044,13.16436237000,52.55143333200,"1"
"200473","11","0","08","008","2019","10","13","4","3","0","2","0","0","1","1","0","0","0",802752.93146500003,5822954.65350000001,13.45830878400,52.47260658500,"0"
"200474","11","0","05","005","2019","10","07","4","2","6","4","2","0","1","1","0","0","0",783955.41798999999,5823333.46843000036,13.18264871200,52.48610010800,"0"
"200475","11","0","12","012","2019","10","13","4","3","5","2","0","1","1","0","0","0","0",789955.26500000001,5835567.44600000046,13.28143769800,52.59262541300,"0"
"200476","11","0","08","008","2019","10","12","4","3","5","7","0","1","1","0","0","0","0",801643.71237199998,5821918.91253000032,13.44109159200,52.46393665800,"0"
"200477","11","0","09","009","2019","10","06","4","3","1","5","2","1","1","0","0","0","0",808367.96706699999,5817693.73594000004,13.53586024700,52.42231726800,"0"
"200478","11","0","12","012","2019","10","05","4","3","1","5","2","0","1","0","0","0","1",792710.91430499998,5833872.37832000013,13.32050472100,52.57595396100,"1"
"200479","11","0","09","009","2019","10","12","4","3","0","7","0","0","1","0","1","0","0",807817.62943800003,5818415.80178000033,13.52845711400,52.42909840600,"0"
"200480","11","0","11","011","2019","10","12","4","3","5","2","0","0","1","0","0","0","1",803536.15975200001,5829730.39764999971,13.47598074500,52.53290146200,"0"
"200481","11","0","05","005","2019","10","11","4","3","1","5","0","1","0","0","0","0","1",784745.87703400000,5827428.84858999960,13.19776088100,52.52240786100,"0"
"200482","11","0","01","001","2019","10","11","4","3","2","6","0","0","1","0","0","0","0",795281.14945799997,5831447.56257000100,13.35616536200,52.55282923700,"0"
"200483","11","0","06","006","2019","10","01","4","2","9","1","2","0","1","0","0","0","0",785437.63702699996,5818403.18446999975,13.20020127800,52.44112198100,"0"
"200484","11","0","04","004","2019","10","16","3","3","2","6","0","1","1","0","0","0","0",793337.59809500002,5826652.04839000106,13.32335011100,52.51089000200,"0"
"200485","11","0","01","001","2019","10","08","5","3","5","2","0","1","1","0","0","0","0",797130.76531499997,5828201.59532999899,13.38046310700,52.52272708100,"0"
"200486","11","0","03","003","2019","10","18","3","3","6","7","1","0","1","1","0","0","0",801071.76511899999,5830454.08677999955,13.44041520500,52.54075478500,"0"
"200487","11","0","04","004","2019","10","19","3","3","2","6","2","0","1","0","1","0","0",792433.89973800001,5824907.04880999960,13.30853937000,52.49573174600,"0"
"200488","11","0","10","010","2019","10","19","3","3","5","3","2","0","1","0","0","0","0",807836.99600000004,5829075.91700000037,13.53858069200,52.52462423200,"0"
"200489","11","0","08","008","2019","10","19","3","3","5","7","2","0","1","0","1","0","0",802269.97108100005,5820682.62473999988,13.44916251600,52.45250957700,"0"
"200490","11","0","02","002","2019","10","19","3","3","1","5","2","1","0","0","0","0","1",801808.56993500004,5825769.53000999894,13.44699647000,52.49835929900,"0"
"200491","11","0","11","011","2019","10","19","3","3","2","6","2","0","1","0","0","0","0",803766.76883099996,5827710.33975999989,13.47752500900,52.51466785800,"0"
"200492","11","0","05","005","2019","10","19","3","2","6","4","2","0","1","1","0","0","0",782473.48730000004,5829470.27491000108,13.16609250800,52.54189408900,"0"
"200493","11","0","11","011","2019","10","22","3","3","5","2","2","0","1","0","0","0","0",805720.64483899996,5831369.46843999997,13.50959347600,52.54637047500,"0"
"200494","11","0","03","003","2019","10","22","3","3","5","2","2","0","1","0","1","0","0",798100.87899999996,5834696.27400000021,13.40055034100,52.58041342500,"0"
"200495","11","0","04","004","2019","10","15","3","3","0","6","0","1","0","0","0","0","1",793431.72994600004,5826578.30284999963,13.32466816000,52.51017827800,"0"
"200496","11","0","01","001","2019","10","13","3","3","2","2","0","1","1","0","0","0","0",796301.73522399995,5830675.72226999979,13.37048542700,52.54535626200,"0"
"200497","11","0","09","009","2019","10","12","3","3","5","3","0","0","1","0","0","0","0",804111.25166900002,5824359.41875999980,13.47952612600,52.48444264400,"0"
"200498","11","0","03","003","2019","10","19","5","3","3","6","2","0","1","0","1","0","0",799922.91714100004,5831120.58636999968,13.42412798100,52.54736237500,"0"
"200499","11","0","12","012","2019","10","12","3","3","6","4","0","0","0","1","0","0","1",793306.81692500005,5832644.20897000097,13.32818701000,52.56462330100,"0"
"200500","11","0","05","005","2019","10","10","3","3","0","2","0","0","1","0","0","0","1",784832.85594699997,5829010.14183000103,13.20039423600,52.53654028200,"0"
"200501","11","0","09","009","2019","10","10","3","3","5","2","0","1","1","0","0","0","0",804922.03618699999,5822558.47352000047,13.48978256800,52.46784932100,"0"
"200502","11","0","03","003","2019","10","22","5","3","1","5","2","0","1","0","0","0","0",800066.13827000000,5832052.27089999989,13.42707575000,52.55563445000,"0"
"200503","11","0","06","006","2019","10","09","3","3","2","6","0","1","1","0","0","0","0",793237.42578900000,5819389.36732000019,13.31549150200,52.44583628200,"0"
"200504","11","0","07","007","2019","10","17","3","3","2","2","0","0","1","0","1","0","0",798022.94924300001,5815799.18577000033,13.38249743800,52.41106663300,"0"
"200505","11","0","03","003","2019","10","17","3","3","6","4","0","0","1","1","0","0","0",799007.46634699998,5832777.15144999977,13.41215996400,52.56271413400,"0"
"200506","11","0","08","008","2019","10","17","3","3","0","7","0","1","0","0","0","0","0",801429.73092000000,5823695.87774999905,13.43955706700,52.47998211500,"0"
"200507","11","0","09","009","2019","10","16","3","3","2","6","0","0","1","0","0","0","0",804145.04955700005,5822930.82086999901,13.47871937400,52.47161966800,"0"
"200508","11","0","07","007","2019","10","08","3","3","2","6","0","0","1","0","0","0","1",797799.31620400003,5817210.65034999978,13.38047531600,52.42384075300,"0"
"200509","11","0","09","009","2019","10","06","3","3","5","3","0","1","1","0","0","0","0",808194.61804199999,5819624.74849000107,13.53509874000,52.43972091400,"0"
"200510","11","0","12","012","2019","10","01","3","2","9","1","2","0","1","0","0","0","0",793956.81224899995,5835301.07512999978,13.34010449600,52.58808964800,"0"
"200511","11","0","07","007","2019","10","07","5","3","0","1","0","1","0","0","0","0","0",797337.79349600000,5818372.41201000102,13.37474097600,52.43450586500,"1"
"200512","11","0","05","005","2019","10","07","3","3","5","3","0","0","1","0","1","0","0",787694.90237300005,5829990.55140000023,13.24332427900,52.54382675500,"0"
"200513","11","0","12","012","2019","10","16","3","3","1","5","0","0","1","0","1","0","0",794077.36201899999,5837496.50889000110,13.34382862200,52.60770481400,"0"
"200514","11","0","04","004","2019","10","16","3","3","2","6","0","0","1","0","1","0","0",791837.15007900004,5824686.22534999903,13.29958070100,52.49407151100,"0"
"200515","11","0","01","001","2019","10","15","3","3","5","2","0","1","0","0","0","1","0",795268.28066799999,5829656.97774999961,13.35438438200,52.53678515900,"0"
"200516","11","0","02","002","2019","10","16","3","3","1","5","0","1","1","0","0","0","0",797117.94364499999,5824087.87820000015,13.37660370300,52.48585901800,"0"
"200517","11","0","01","001","2019","10","07","3","3","6","2","1","0","1","1","0","0","0",794814.09915200004,5828307.01021999959,13.34651021900,52.52492958600,"0"
"200518","11","0","05","005","2019","10","15","3","3","2","6","0","0","1","0","0","0","0",785522.46770899999,5828078.06544000003,13.20973339500,52.52782254400,"0"
"200519","11","0","06","006","2019","10","15","3","3","6","2","0","0","1","1","0","0","0",795869.41946300003,5818141.17255999986,13.35299996600,52.43322918700,"0"
"200520","11","0","12","012","2019","10","07","3","3","2","6","0","0","1","0","0","0","0",791306.17222499999,5834150.09625000041,13.30007796900,52.57919739200,"0"
"200521","11","0","06","006","2019","10","15","3","3","3","6","0","1","1","0","0","0","0",793454.54296100000,5820116.43233000021,13.31931564900,52.45223772700,"0"
"200522","11","0","04","004","2019","10","15","3","3","6","4","0","0","0","1","1","0","0",791561.43500499998,5826495.98845000099,13.29711569600,52.51044321300,"0"
"200523","11","0","05","005","2019","10","15","3","3","5","2","0","1","1","0","0","0","0",788173.52897500002,5829380.73173000105,13.24983367000,52.53810653900,"0"