OBJECTID,ULAND,UREGBEZ,UKREIS,UGEMEINDE,UJAHR,UMONAT,USTUNDE,UWOCHENTAG,UKATEGORIE,UART,UTYP1,ULICHTVERH,IstRad,IstPKW,IstFuss,IstKrad,IstGkfz,IstSonstig,LINREFX,LINREFY,XGCSWGS84,YGCSWGS84,STRZUSTAND
"200524","11","0","06","006","2019","10","14","3","3","6","4","0","0","1","1","0","0","0",795589.02633300005,5817107.83669999987,13.34797424700,52.42411754100,"0"
"200525","11","0","02","002","2019","10","06","3","3","5","3","0","0","1","0","1","0","0",801430.32952000003,5827930.44577000104,13.44339824200,52.51793694300,"0"
"200526","11","0","08","008","2019","10","07","3","3","0","3","2","1","1","0","0","0","0",804550.51772999996,5817094.64314000029,13.47935062000,52.41908552500,"1"
"200527","11","0","01","001","2019","10","17","2","3","5","3","1","1","1","0","0","0","0",795756.34591799998,5826351.21642000042,13.35861985100,52.50688727800,"0"
"200528","11","0","05","005","2019","10","17","2","3","2","6","0","0","1","0","0","0","0",785445.57570000004,5828137.52393999975,13.20865407600,52.52839591000,"0"
"200529","11","0","01","001","2019","10","15","2","3","6","2","0","0","1","1","0","0","0",797163.42861599999,5830379.22152999975,13.38288989600,52.54222917300,"0"
"200530","11","0","03","003","2019","10","16","2","3","2","2","0","0","1","0","0","0","1",796796.33635700005,5833946.58731999993,13.38068293200,52.57440652800,"0"
"200531","11","0","08","008","2019","10","16","2","3","5","3","0","1","0","0","0","0","1",805917.18478999997,5816210.01962999906,13.49857604700,52.41039483500,"0"
"200532","11","0","03","003","2019","10","16","2","3","5","3","0","0","1","0","0","0","0",801113.00720300002,5836547.70959000103,13.44655299500,52.59534937100,"0"
"200533","11","0","04","004","2019","10","15","2","3","5","3","0","1","1","0","0","0","0",791797.29872399999,5827063.92903999984,13.30107929100,52.51540858800,"0"
"200534","11","0","08","008","2019","10","15","2","3","5","2","0","1","1","0","0","0","0",806124.23928500002,5815162.16497000027,13.50065281600,52.40088761700,"0"
"200535","11","0","03","003","2019","10","13","2","3","6","7","0","0","0","1","0","0","1",798472.79769599997,5830961.08879000042,13.40266290900,52.54672912800,"0"
"200536","11","0","06","006","2019","10","19","2","2","5","2","0","0","1","0","0","0","0",787136.36399999994,5817205.23500000034,13.22409543300,52.42949202600,"0"
"200537","11","0","03","003","2019","10","15","2","3","1","5","0","1","0","0","0","0","1",798980.72356299998,5830035.77510000020,13.40929827800,52.53815658000,"0"
"200538","11","0","11","011","2019","10","14","2","2","5","3","0","1","0","0","0","0","1",803729.21999999997,5827145.14400000032,13.47645756400,52.50962307700,"0"
"200539","11","0","05","005","2019","10","14","2","2","5","3","0","1","1","0","0","0","0",784825.88156699995,5830254.04867000040,13.20135822600,52.54769673800,"0"
"200540","11","0","04","004","2019","10","14","2","3","2","6","0","0","1","0","0","0","0",794260.98049099999,5825421.77209000103,13.33582970300,52.49936395200,"0"
"200541","11","0","07","007","2019","10","08","5","2","6","4","0","0","0","1","1","0","0",798337.77813600004,5823951.15986999962,13.39439243900,52.48396833700,"0"
"200542","11","0","05","005","2019","10","14","2","2","2","6","0","0","1","0","0","0","0",782486.96325300005,5827002.23421999998,13.16419331100,52.51975771700,"0"
"200543","11","0","06","006","2019","10","14","2","3","5","3","0","1","0","0","0","0","1",788801.21003900003,5818057.26099999994,13.24925024100,52.43625458200,"0"
"200544","11","0","11","011","2019","10","13","2","3","5","3","0","1","1","0","0","0","0",805757.96499999997,5827181.08299999963,13.50629071500,52.50881192300,"0"
"200545","11","0","02","002","2019","10","19","2","3","5","2","2","1","0","0","0","0","1",801206.44823700003,5827467.23763000034,13.43968944700,52.51390882800,"0"
"200546","11","0","06","006","2019","10","19","2","3","0","2","2","0","1","0","1","0","0",795411.58499999996,5820128.61899999995,13.34804207800,52.45129288000,"0"
"200547","11","0","08","008","2019","10","19","2","3","1","5","2","1","1","0","0","0","0",801968.84981699998,5824220.58064000029,13.44794667100,52.48438725700,"0"
"200548","11","0","01","001","2019","10","19","2","3","5","2","2","1","1","0","0","0","0",799124.05883999995,5827123.73654999956,13.40878600300,52.51197583200,"0"
"200549","11","0","09","009","2019","10","19","2","3","4","6","2","0","1","0","0","0","0",804761.23642900004,5820427.95758000016,13.48547797900,52.44884390000,"0"
"200550","11","0","01","001","2019","10","08","5","3","1","7","0","0","1","0","0","0","0",795954.92896799999,5832037.95624000020,13.36660039000,52.55775583200,"1"
"200551","11","0","02","002","2019","10","19","2","3","1","5","2","1","1","0","0","0","0",800333.53785700002,5825943.51051000040,13.42549011500,52.50073248300,"0"
"200552","11","0","01","001","2019","10","18","2","3","0","1","1","1","0","0","0","0","0",797979.28384100005,5828496.70851999987,13.39319694300,52.52490935300,"1"
"200553","11","0","01","001","2019","10","08","5","3","5","3","0","0","1","0","0","0","0",797960.59984299995,5827080.43969000038,13.39165387200,52.51222450400,"0"
"200554","11","0","01","001","2019","10","01","2","3","0","1","2","1","0","0","0","0","0",799446.61301600002,5826756.23610000033,13.41319417900,52.50850477000,"0"
"200555","11","0","06","006","2019","10","19","5","2","0","3","2","0","1","0","1","0","0",792385.95662199997,5816868.44641000032,13.30079426600,52.42369237800,"0"
"200556","11","0","05","005","2019","10","11","2","3","2","6","0","0","1","0","0","1","0",786958.83765899995,5829804.92824999895,13.23233965500,52.54255071900,"0"
"200557","11","0","03","003","2019","10","12","2","3","2","6","0","0","1","0","0","0","0",801002.28630299994,5836004.29416000005,13.44442949500,52.59054003500,"0"
"200558","11","0","07","007","2019","10","12","2","3","5","3","0","0","1","0","0","0","0",793485.58480600000,5822489.17105999961,13.32185757800,52.47349189100,"0"
"200559","11","0","11","011","2019","10","10","2","3","1","7","0","0","1","0","0","0","0",804749.09646799997,5830196.97797000036,13.49423498300,52.53640639500,"0"
"200560","11","0","03","003","2019","10","09","2","3","5","3","0","0","1","0","1","0","0",801403.89760599995,5831496.33526999969,13.44624345700,52.54991290400,"0"
"200561","11","0","04","004","2019","10","08","2","3","2","6","0","0","1","0","0","0","0",794003.85229099996,5824264.68290000036,13.33103163100,52.48912981600,"0"
"200562","11","0","09","009","2019","10","08","2","3","0","2","0","1","1","0","0","0","0",812050.78044799995,5821282.94429000095,13.59319432200,52.45239417700,"0"
"200563","11","0","01","001","2019","10","08","2","3","0","6","0","1","1","0","0","0","0",800167.73548599996,5827387.50329999998,13.42435690700,52.51376675700,"0"
"200564","11","0","11","011","2019","10","06","5","3","5","3","2","1","1","0","0","0","0",803692.26399699994,5827471.39582000021,13.47621239100,52.51256775800,"1"
"200565","11","0","01","001","2019","10","08","2","3","5","3","0","1","1","0","0","0","0",796894.09098700003,5829203.72809999995,13.37787981100,52.53183902000,"0"
"200566","11","0","10","010","2019","10","08","2","3","5","3","0","1","1","0","0","0","0",812064.88897099998,5830625.37012000009,13.60215181100,52.53610588300,"0"
"200567","11","0","12","012","2019","10","07","2","3","4","6","1","1","0","0","0","0","0",787073.21600000001,5838229.10099999979,13.24131786600,52.61801713200,"1"
"200568","11","0","02","002","2019","10","07","2","3","0","1","0","0","1","0","1","0","0",803319.68879000004,5827756.48104999959,13.47099892300,52.51533022000,"1"
"200569","11","0","04","004","2019","10","07","5","3","0","6","0","0","0","0","1","0","0",790130.04064400005,5828221.83557999972,13.27758862100,52.52667882500,"1"
"200570","11","0","06","006","2019","10","07","2","3","0","2","1","1","1","0","0","0","0",789966.79025700002,5816242.92492999975,13.26477533700,52.41937167500,"1"
"200571","11","0","09","009","2019","10","06","2","3","5","2","2","0","1","0","0","0","0",809327.03864499996,5818519.35759000108,13.55068270500,52.42917519700,"0"
"200572","11","0","08","008","2019","10","15","1","2","2","6","0","0","1","0","0","0","0",802220.03739900002,5816787.54287000094,13.44490880900,52.41762476600,"0"
"200573","11","0","06","006","2019","10","10","1","2","1","1","0","0","1","0","0","0","0",790527.17855199997,5821382.99837000109,13.27746147900,52.46515647600,"0"
"200574","11","0","01","001","2019","10","21","1","3","5","2","2","0","1","0","0","0","0",793980.20499999996,5832017.92100000009,13.33753809100,52.55864586000,"0"
"200575","11","0","12","012","2019","10","19","1","2","5","2","2","1","1","0","0","0","0",796175.07519300003,5832754.28445000108,13.37047755300,52.56405726800,"0"
"200576","11","0","05","005","2019","10","17","1","3","5","2","1","0","1","0","0","0","0",780873.07641600003,5828322.24053000100,13.14158548000,52.53242747400,"0"
"200577","11","0","12","012","2019","10","16","1","3","2","6","0","0","1","0","0","0","0",793841.33037700003,5832776.67047000024,13.33616735400,52.56552250700,"0"
"200578","11","0","09","009","2019","10","03","1","2","8","1","2","0","1","0","0","0","0",806777.02844400005,5818391.78019000031,13.51317793200,52.42946758200,"0"
"200579","11","0","08","008","2019","10","09","1","3","1","5","0","0","1","0","0","0","1",802061.47505799995,5821981.04696999956,13.44727842700,52.46426280300,"0"
"200580","11","0","04","004","2019","10","12","1","3","2","6","0","0","1","0","0","0","0",791236.29397999996,5824986.86718000006,13.29101824800,52.49708769900,"0"
"200581","11","0","02","002","2019","10","15","1","3","6","4","0","0","1","1","0","0","0",800616.54263200006,5828462.28914000001,13.43192186300,52.52315317700,"0"
"200582","11","0","02","002","2019","10","11","7","3","0","7","0","1","1","0","0","0","0",797092.78625200002,5824685.55580000021,13.37676711800,52.49123027300,"0"
"200583","11","0","07","007","2019","10","12","7","3","0","6","0","0","1","0","0","0","0",797210.05201500002,5815560.85164000001,13.37036981600,52.40937209200,"0"
"200584","11","0","09","009","2019","10","19","7","2","5","2","2","0","1","0","1","0","0",802361.32227400003,5825340.34262000024,13.45472471300,52.49420653000,"0"
"200585","11","0","05","005","2019","10","18","7","2","2","7","0","0","1","0","1","0","1",785895.46081199998,5829230.55489000026,13.21620794800,52.53796004100,"0"
"200586","11","0","01","001","2019","10","22","7","3","0","1","2","0","0","0","0","0","1",799190.12100000004,5827726.44699999969,13.41029847800,52.51734201400,"0"
"200587","11","0","08","008","2019","10","19","7","3","5","3","2","0","1","0","0","0","0",803203.72658200003,5822728.92540000007,13.46472011400,52.47033337300,"0"
"200588","11","0","06","006","2019","10","17","7","3","5","3","1","0","1","0","0","0","1",793367.80943400005,5815508.07894999906,13.31399971200,52.41097141700,"0"
"200589","11","0","08","008","2019","10","17","7","2","6","4","1","0","1","1","0","0","0",801565.11840599997,5821900.19969000109,13.43992132100,52.46381231100,"1"
"200590","11","0","06","006","2019","10","16","7","3","2","2","0","0","1","0","0","0","0",793549.50689900003,5820062.64350000024,13.32066181600,52.45170453800,"0"
"200591","11","0","01","001","2019","10","16","7","3","3","6","0","0","1","0","1","0","0",793962.79960999999,5828206.05119000096,13.33390915100,52.52448421100,"0"
"200592","11","0","05","005","2019","10","15","7","3","5","2","0","0","1","0","0","0","0",789675.12195599999,5829303.07110000029,13.27184395800,52.53661417700,"0"
"200593","11","0","02","002","2019","10","15","7","3","5","3","0","1","1","0","0","0","0",799925.80200000003,5825743.08999999985,13.41932096300,52.49916027700,"0"
"200594","11","0","07","007","2019","10","16","7","2","0","1","0","0","0","0","0","0","1",794731.61636500002,5825213.42958999891,13.34255836700,52.49724231500,"1"
"200595","11","0","04","004","2019","10","08","5","3","5","2","0","0","1","0","0","0","0",793914.10325399996,5825519.99048000015,13.33082114600,52.50043136500,"0"
"200596","11","0","05","005","2019","10","14","7","3","6","4","0","0","1","1","0","0","0",785620.26111399999,5832199.46552999970,13.21471546500,52.56472299400,"0"
"200597","11","0","11","011","2019","10","19","5","3","6","4","2","0","0","1","0","0","1",804903.36698900000,5832974.47752999980,13.49905252900,52.56121319200,"0"
"200598","11","0","01","001","2019","10","14","7","3","1","5","0","1","1","0","0","0","0",797762.44298000005,5828323.72632999904,13.38985531400,52.52347725000,"0"
"200599","11","0","08","008","2019","10","13","7","3","6","4","0","1","0","1","0","0","0",801331.09557899996,5822166.56242000032,13.43672754900,52.46632889800,"1"
"200600","11","0","11","011","2019","10","11","7","3","6","7","0","0","0","1","0","0","1",805526.70181899995,5834714.75043999963,13.50982224800,52.57646054900,"0"
"200601","11","0","02","002","2019","10","02","7","3","1","5","2","1","1","0","0","0","1",800929.22926800000,5825858.59075000044,13.43416251400,52.49964315700,"1"
"200602","11","0","07","007","2019","10","18","6","3","5","2","2","1","0","0","1","0","0",794951.67937400006,5825644.97004000004,13.34617280800,52.50099189400,"1"
"200603","11","0","07","007","2019","10","03","6","2","0","1","2","1","0","0","0","0","0",796656.01716699998,5824828.39795000106,13.37048017200,52.49274825200,"1"
"200604","11","0","08","008","2019","10","03","6","3","5","2","2","1","0","0","0","0","1",801735.90677799995,5823907.62346000038,13.44424342300,52.48171094700,"0"
"200605","11","0","07","007","2019","10","11","6","3","5","2","0","1","1","0","0","0","0",794999.44321000006,5825633.49012999982,13.34686424800,52.50086316600,"0"
"200606","11","0","07","007","2019","10","11","6","3","1","7","0","0","1","0","1","0","0",795709.96927500004,5824869.10123000108,13.35662250400,52.49362646500,"0"
"200607","11","0","03","003","2019","10","08","5","3","5","3","0","1","0","0","0","0","1",800484.88771200005,5836403.21033999976,13.43717669600,52.59440162200,"1"
"200608","11","0","04","004","2019","10","11","6","3","6","7","0","0","1","1","0","0","0",791981.02031000005,5825245.73056000005,13.30218426900,52.49901044500,"0"
"200609","11","0","04","004","2019","10","19","5","3","1","5","2","1","1","0","0","0","0",791277.08031700004,5826601.55719999969,13.29302997800,52.51154154200,"0"
"200610","11","0","11","011","2019","10","11","6","3","5","3","0","0","1","0","0","0","1",806909.61225000001,5832626.65479000099,13.52823419600,52.55696896000,"0"
"200611","11","0","02","002","2019","10","12","6","3","5","3","0","1","0","0","0","0","0",796945.98111399997,5824295.83387000021,13.37426396100,52.48781668600,"0"
"200612","11","0","02","002","2019","10","12","6","3","5","2","0","0","0","0","0","1","1",801134.77208799997,5828570.37174000032,13.43963496300,52.52383598200,"0"
"200613","11","0","08","008","2019","10","12","6","3","5","2","0","0","0","0","0","1","1",801318.52006000001,5819558.36053999979,13.43418951500,52.44295770400,"0"
"200614","11","0","11","011","2019","10","10","6","3","0","4","0","0","0","1","0","0","1",806625.18963299994,5833176.33203999978,13.52455980800,52.56205540900,"1"
"200615","11","0","04","004","2019","10","10","6","3","3","2","0","0","1","0","0","1","0",790375.13430100004,5825656.17145000026,13.27895218600,52.50354696500,"0"
"200616","11","0","01","001","2019","10","10","6","3","2","6","0","1","1","0","0","0","0",796454.88803999999,5828233.17822000012,13.37055864800,52.52337808000,"1"
"200617","11","0","04","004","2019","10","09","6","3","0","1","0","0","0","0","1","0","0",793847.87858699996,5824906.84551000036,13.32930742100,52.49497048100,"1"
"200618","11","0","01","001","2019","10","09","6","2","5","3","0","1","1","0","0","0","0",796971.62664999999,5830138.51076999959,13.37985481400,52.54017604800,"1"
"200619","11","0","02","002","2019","10","05","5","3","9","1","1","0","1","0","0","0","0",797756.59891800000,5826062.43706999905,13.38774610500,52.50321072600,"0"
"200620","11","0","02","002","2019","10","08","6","3","1","5","0","1","1","0","0","0","0",800359.62659100001,5827741.20648999978,13.42749541600,52.51683147700,"0"
"200621","11","0","05","005","2019","10","07","5","3","2","6","0","0","1","0","0","0","1",781427.19296000001,5828391.09307000041,13.14979117900,52.53275900900,"0"
"200622","11","0","07","007","2019","10","08","6","3","5","2","0","0","1","0","0","1","0",799070.71278299997,5821704.51202000026,13.40313928400,52.46342919600,"1"
"200623","11","0","04","004","2019","10","08","6","3","2","7","0","0","0","0","1","1","0",793867.79059200000,5823094.56386000011,13.32800194800,52.47871348400,"1"
"200624","11","0","11","011","2019","10","07","5","3","2","7","0","0","1","0","0","1","0",804292.31071300001,5828449.44842999894,13.48592172900,52.52099925900,"1"
"200625","11","0","04","004","2019","10","07","6","3","5","3","0","1","1","0","0","0","0",792968.35240500001,5825890.66763999965,13.31725469900,52.50426293400,"1"
"200626","11","0","11","011","2019","10","06","6","3","5","3","1","0","1","0","0","0","1",803331.11959000002,5830081.39891999960,13.47328755000,52.53616153300,"1"
"200627","11","0","01","001","2019","10","06","6","3","2","7","2","0","1","0","0","0","0",794118.50430300005,5830088.22812999971,13.33786304000,52.54127277900,"1"
"200628","11","0","11","011","2019","10","11","5","3","5","3","0","0","1","0","0","0","0",805987.96300600003,5826846.08176000044,13.50936113400,52.50568058300,"1"
"200629","11","0","12","012","2019","10","00","6","2","6","4","2","0","1","1","0","0","0",794328.20667800005,5836224.71263999958,13.34639151100,52.59616847800,"1"
"200630","11","0","01","001","2019","10","19","6","3","6","4","2","1","0","1","0","0","0",799580.53010400000,5828027.67819999997,13.41630611600,52.51982776900,"1"
"200631","11","0","03","003","2019","10","19","6","3","5","3","2","1","1","0","0","0","0",799081.77300000004,5833201.54600000009,13.41363547100,52.56647734600,"1"
"200632","11","0","06","006","2019","10","19","6","3","5","3","2","0","1","0","0","0","0",788835.14282700000,5819582.21750999894,13.25106621700,52.44990870700,"1"
"200633","11","0","03","003","2019","10","17","6","3","5","3","1","1","1","0","0","0","0",802091.24371199997,5830587.04188000038,13.45552274300,52.54138223900,"0"
"200634","11","0","11","011","2019","10","17","6","3","6","4","0","0","1","1","0","0","0",805197.94218699995,5828964.35625000019,13.49970049800,52.52510798400,"0"
"200635","11","0","02","002","2019","10","22","6","3","5","2","2","1","1","0","0","0","0",800374.24153600005,5827890.69842000026,13.42784511900,52.51816337100,"1"
"200636","11","0","05","005","2019","10","02","5","2","6","4","2","0","0","1","0","0","1",784139.84477400000,5827330.73797000106,13.18876882900,52.52184435000,"1"
"200637","11","0","02","002","2019","10","21","6","3","0","2","2","0","1","0","1","0","0",800272.46996300004,5824372.18286000006,13.42317698000,52.48668166200,"1"
"200638","11","0","01","001","2019","10","16","6","2","6","4","0","0","1","1","0","0","0",797411.99661499995,5831253.86634999979,13.38732757600,52.54993366000,"0"
"200639","11","0","02","002","2019","10","13","5","3","2","6","0","0","1","0","1","0","0",797794.59673300001,5824033.02142999973,13.38649022700,52.48499864800,"0"
"200640","11","0","06","006","2019","10","16","6","3","0","7","0","0","0","0","1","0","1",795388.42799999996,5818321.76200000010,13.34610502500,52.43510801500,"1"
"200641","11","0","03","003","2019","10","16","6","3","5","2","0","1","1","0","1","0","0",799081.96716000000,5830219.83014000021,13.41095225400,52.53975080000,"0"
"200642","11","0","02","002","2019","10","20","6","3","5","2","2","1","1","0","0","0","0",801754.32305899996,5826263.11579999980,13.44664701400,52.50281335800,"1"
"200643","11","0","12","012","2019","10","11","5","3","5","7","0","1","1","0","0","0","0",786409.52292500006,5838821.01286000013,13.23205406700,52.62367414100,"1"
"200644","11","0","01","001","2019","10","15","6","3","2","6","0","0","1","0","0","0","0",797205.79202299996,5832002.86997000035,13.38496591800,52.55676010500,"0"
"200645","11","0","10","010","2019","10","14","6","3","5","3","0","0","1","0","1","0","0",809570.32218500006,5825056.65213999990,13.56031096900,52.48762356800,"0"
"200646","11","0","06","006","2019","10","20","6","3","2","6","2","0","1","0","0","0","0",793523.99325800000,5820665.36720000021,13.32081725200,52.45712147000,"1"
"200647","11","0","01","001","2019","10","10","5","3","1","5","0","1","1","0","0","0","1",796922.46906100004,5826850.69440000039,13.37619643000,52.51073117400,"0"
"200648","11","0","09","009","2019","10","20","6","3","0","1","2","1","0","0","0","0","0",811149.11686099996,5822074.30748999957,13.58070591800,52.45999993400,"1"
"200649","11","0","02","002","2019","10","19","6","2","0","1","2","0","0","0","1","0","1",802812.59830499999,5826942.62769000046,13.46280846900,52.50831751200,"1"
"200650","11","0","11","011","2019","10","14","6","3","6","2","0","0","1","1","0","0","0",806996.85610600002,5825780.81171000097,13.52319701700,52.49556674200,"0"
"200651","11","0","06","006","2019","10","18","5","3","5","3","1","0","1","0","0","0","0",793425.58799999999,5820368.85099999979,13.31911257200,52.45451613100,"1"
"200652","11","0","06","006","2019","10","14","6","3","5","3","0","1","1","0","0","0","0",795282.36213100003,5818607.52759000100,13.34480175900,52.43772701100,"0"
"200653","11","0","10","010","2019","10","14","6","3","5","3","0","1","1","0","0","0","0",813012.05072000006,5831230.06264999975,13.61664037900,52.54098138200,"0"
"200654","11","0","06","006","2019","10","09","4","1","6","4","0","0","0","1","0","1","0",792071.47892100003,5818874.15808000043,13.29793476400,52.44184153100,"1"
"200655","11","0","08","008","2019","10","19","6","3","2","3","2","1","1","0","0","0","0",803603.97984499997,5817861.69701000024,13.46617093400,52.42648650400,"1"
"200656","11","0","09","009","2019","10","15","4","3","5","3","0","0","1","0","0","0","0",810837.87675000005,5818460.83619999979,13.57277843600,52.42779450800,"1"
"200657","11","0","12","012","2019","10","06","4","3","3","6","1","1","1","0","0","0","0",792601.77389900002,5839326.42202000041,13.32371912600,52.62490520200,"1"
"200658","11","0","03","003","2019","10","09","6","3","2","6","0","0","1","0","0","0","0",800917.54062600003,5831204.10654999968,13.43882745200,52.54756250500,"0"
"200659","11","0","06","006","2019","10","18","5","3","5","3","0","0","1","0","0","0","1",794316.62000500003,5816909.45719000045,13.32914134700,52.42302501600,"0"
"200660","11","0","01","001","2019","10","13","5","3","1","5","0","1","1","0","0","0","0",799441.84416700003,5826523.98453999963,13.41291521000,52.50642560000,"0"
"200661","11","0","01","001","2019","10","17","4","3","5","2","0","1","1","0","0","0","0",795669.21695499995,5829731.90711999964,13.36034514700,52.53723946100,"0"
"200662","11","0","02","002","2019","10","09","5","3","5","2","0","1","0","0","0","1","0",801787.22717800003,5828672.99827000033,13.44931576200,52.52439509900,"0"
"200663","11","0","12","012","2019","10","16","4","3","5","3","0","0","1","0","0","0","0",792609.72636500001,5833527.32677000109,13.31871126600,52.57291515300,"1"
"200664","11","0","08","008","2019","10","06","5","2","8","1","1","0","1","0","0","0","0",801720.48729800002,5823052.46434000041,13.44324332800,52.47405452400,"1"
"200665","11","0","10","010","2019","10","01","5","2","5","2","2","1","0","0","0","0","1",809577.51506600005,5832688.88260999974,13.56751986900,52.55601668700,"1"
"200666","11","0","01","001","2019","10","22","5","3","5","2","2","0","1","0","0","0","1",797845.19002099999,5826961.29083999991,13.38985163600,52.51121951000,"0"
"200667","11","0","04","004","2019","10","16","4","3","5","3","0","0","1","0","0","0","0",789080.57151699997,5827172.49701000098,13.26125009500,52.51782872200,"1"
"200668","11","0","10","010","2019","10","21","5","2","6","4","2","0","1","1","0","0","0",806464.41738999996,5829702.70512999967,13.51899038700,52.53101482900,"0"
"200669","11","0","01","001","2019","10","20","5","3","0","2","2","1","1","0","0","0","0",799609.61297500005,5827987.18934000004,13.41669699400,52.51944887200,"0"
"200670","11","0","04","004","2019","10","20","5","3","1","5","2","1","1","0","0","0","0",793480.27274599997,5824972.06238999963,13.32396564800,52.49575291300,"0"
"200671","11","0","04","004","2019","10","19","5","3","5","2","2","1","1","0","0","0","0",792600.24785399996,5824204.51996999979,13.31036573200,52.48934459500,"0"
"200672","11","0","04","004","2019","10","15","5","3","2","6","0","0","1","0","1","0","0",793775.49191999994,5826584.27981000021,13.32972417400,52.51004683600,"0"
"200673","11","0","02","002","2019","10","14","5","3","3","6","0","0","1","0","1","0","0",802748.59240600001,5826124.56570999976,13.46112441800,52.50102081200,"0"
"200674","11","0","04","004","2019","10","12","5","3","5","7","0","1","1","0","0","0","0",793919.64219799999,5825534.67717000097,13.33091547100,52.50056004000,"0"
"200675","11","0","08","008","2019","10","14","5","3","6","7","0","0","1","1","0","0","0",801193.85414299998,5823546.92903999984,13.43595976800,52.47877719100,"0"
"200676","11","0","11","011","2019","10","07","5","3","5","3","0","1","0","0","0","0","0",807349.90545099997,5825174.20174000040,13.52782154300,52.48993154700,"1"
"200677","11","0","01","001","2019","10","18","5","3","6","4","2","0","1","1","0","0","0",795291.20021100005,5826136.15273999982,13.35159564700,52.50521135700,"0"
"200678","11","0","05","005","2019","10","07","5","3","3","5","0","0","1","0","0","1","0",784384.93960399996,5828696.58980999980,13.19353979700,52.53396288900,"0"
"200679","11","0","07","007","2019","10","18","5","2","5","2","2","1","1","0","0","0","0",796000.75005000003,5824957.17090999894,13.36097128000,52.49425832300,"0"
"200680","11","0","04","004","2019","10","17","5","3","5","2","0","1","1","0","0","0","0",793635.06951900001,5823953.87954999972,13.32534200100,52.48654208000,"0"
"200681","11","0","02","002","2019","10","21","5","2","3","6","2","1","1","0","0","0","0",798347.69646200002,5825310.51767999958,13.39575511700,52.49614785500,"1"
"200682","11","0","01","001","2019","10","14","5","2","6","4","0","0","1","1","0","0","0",799920.49241599999,5826585.65173999965,13.42000188300,52.50671543900,"0"
"200683","11","0","01","001","2019","10","17","5","3","5","2","0","1","1","0","0","0","0",800044.85678200005,5827113.45696000010,13.42230450800,52.51137798300,"0"
"200684","11","0","07","007","2019","10","13","5","3","0","4","0","0","0","1","0","0","1",796680.30963000003,5815838.47826999892,13.36285070100,52.41214813000,"0"
"200685","11","0","11","011","2019","10","16","5","2","5","7","0","0","1","0","0","0","1",803795.27898399998,5827699.22513999976,13.47793370800,52.51455236300,"0"
"200686","11","0","06","006","2019","10","16","5","3","5","2","0","0","1","0","0","0","0",790244.99415699998,5820069.74467999954,13.27217757600,52.45353281100,"0"
"200687","11","0","04","004","2019","10","15","5","2","5","3","0","1","1","0","0","0","0",793796.37562599999,5826908.20844999980,13.33031696700,52.51293944400,"0"
"200688","11","0","11","011","2019","10","16","4","3","4","5","1","0","1","0","0","1","0",803505.97733400005,5826621.61938000005,13.47270094500,52.50505509000,"1"
"200689","11","0","09","009","2019","10","15","5","2","6","4","0","1","0","1","0","0","0",807611.35222899995,5815414.64269000106,13.52267452200,52.40231717900,"0"
"200690","11","0","03","003","2019","10","13","5","3","5","3","0","1","1","0","0","0","0",803225.26488699997,5838029.16021000035,13.47899842700,52.60745341300,"0"
"200691","11","0","09","009","2019","10","15","5","2","6","7","0","0","1","1","0","0","0",803509.30577500002,5824119.12923000101,13.47047010800,52.48262389100,"0"
"200692","11","0","04","004","2019","10","15","5","2","3","6","0","1","1","0","0","0","0",792860.59126300004,5826142.19457999989,13.31589285900,52.50657564200,"0"
"200693","11","0","10","010","2019","10","10","5","3","3","6","0","0","1","0","0","1","0",807607.95600000001,5830678.90500000026,13.53669865400,52.53911940900,"0"
"200694","11","0","04","004","2019","10","16","4","3","5","2","0","1","1","0","0","0","0",790967.87487699999,5823011.10771999974,13.28535038700,52.47951810600,"1"
"200695","11","0","09","009","2019","10","06","5","3","5","7","2","0","1","0","0","0","0",804667.36218499998,5823483.46946999896,13.48688993200,52.47628182100,"1"
"200696","11","0","04","004","2019","10","08","2","3","6","4","0","0","1","1","0","0","0",793493.86196899996,5826491.53524000011,13.32550453100,52.50936702000,"0"
"200697","11","0","01","001","2019","10","23","5","3","1","5","2","0","1","0","0","1","0",794859.41148500005,5831985.52091000043,13.35044098800,52.55788006900,"0"
"200698","11","0","12","012","2019","11","15","7","3","5","7","0","0","1","0","0","0","0",793664.99329699995,5832607.62719999999,13.33342364100,52.56410228800,"1"
"200699","11","0","12","012","2019","10","21","7","2","4","6","2","0","1","0","0","0","0",792945.05778399995,5835345.39109999966,13.32525207000,52.58903271900,"0"
"200700","11","0","02","002","2019","10","00","3","3","0","3","2","1","0","0","1","0","0",797540.68374899996,5824968.72857000027,13.38359745300,52.49352465200,"1"
"200701","11","0","03","003","2019","11","10","6","3","5","7","0","1","1","0","0","0","0",801631.26199999999,5831292.17300000042,13.44940105800,52.54795715100,"0"
"200702","11","0","02","002","2019","10","14","6","3","1","5","0","0","1","0","1","0","0",797602.47277700005,5824020.43274000008,13.38365801700,52.48499055700,"0"
"200703","11","0","12","012","2019","10","17","2","2","6","2","2","0","1","1","0","0","0",793556.02952200000,5836912.14802999981,13.33563370700,52.60274822700,"1"