OBJECTID,ULAND,UREGBEZ,UKREIS,UGEMEINDE,UJAHR,UMONAT,USTUNDE,UWOCHENTAG,UKATEGORIE,UART,UTYP1,ULICHTVERH,IstRad,IstPKW,IstFuss,IstKrad,IstGkfz,IstSonstig,LINREFX,LINREFY,XGCSWGS84,YGCSWGS84,STRZUSTAND
"200704","11","0","01","001","2019","10","12","5","3","3","6","0","0","1","0","1","0","0",795255.24034000002,5827309.03103999980,13.35210785400,52.51574477600,"0"
"200705","11","0","02","002","2019","10","01","1","2","5","3","2","0","1","0","0","0","0",799148.01378599997,5825786.31488000043,13.40793619600,52.49997463700,"0"
"200706","11","0","04","004","2019","10","16","4","3","1","1","0","1","1","0","0","0","0",794187.54071900004,5824946.11603999976,13.33433085000,52.49513954800,"1"
"200707","11","0","03","003","2019","11","18","6","3","5","2","2","1","1","0","0","0","0",800148.89527199999,5837867.43107999954,13.43355882900,52.60771113900,"0"
"200708","11","0","03","003","2019","10","00","7","2","0","1","2","0","0","0","0","0","1",800956.57571100001,5829213.34864000045,13.43759832300,52.52969748600,"0"
"200709","11","0","07","007","2019","10","10","3","3","2","6","0","0","1","0","0","0","0",799152.84946900001,5819065.03505000100,13.40198050500,52.43972473500,"0"
"200710","11","0","06","006","2019","11","16","6","3","0","6","1","0","0","0","0","0","1",789355.34840699995,5819226.28617000021,13.25839132300,52.44644253200,"1"
"200711","11","0","04","004","2019","10","19","6","3","5","7","2","0","1","0","0","0","0",792865.34018900001,5825527.27811999992,13.31542175000,52.50106056800,"0"
"200712","11","0","04","004","2019","10","11","3","3","5","2","0","0","1","0","1","0","0",791783.58400000003,5827061.71200000029,13.30087581100,52.51539605000,"0"
"200713","11","0","05","005","2019","11","09","6","3","2","6","0","0","1","0","1","0","0",785065.48699999996,5827598.67599999998,13.20260441800,52.52376352100,"0"
"200714","11","0","04","004","2019","10","23","6","3","1","5","2","1","1","0","0","0","1",793192.80068999995,5826095.45287000109,13.32073235400,52.50597819100,"0"
"200715","11","0","04","004","2019","10","16","2","3","2","6","1","0","1","0","0","0","0",792749.42540499999,5826850.98503000103,13.31488307500,52.51298938100,"1"
"200716","11","0","04","004","2019","10","10","5","3","5","2","0","0","1","0","0","0","0",790367.82559200004,5827304.27962000016,13.28028273700,52.51832628700,"0"
"200717","11","0","12","012","2019","10","18","1","3","1","5","2","0","1","0","0","0","0",794080.11107800005,5832881.64400999900,13.33977307300,52.56633459000,"0"
"200718","11","0","04","004","2019","10","13","4","3","5","3","0","0","1","0","1","0","0",789594.73782799998,5826764.45323000103,13.26845126800,52.51389772800,"0"
"200719","11","0","01","001","2019","11","20","6","2","6","4","2","0","1","1","0","0","0",793722.86115799996,5828499.91935000103,13.33064228800,52.52724789500,"1"
"200720","11","0","02","002","2019","10","13","7","2","1","5","0","1","1","0","0","0","0",798291.31522400002,5825672.62043000106,13.39525135200,52.49942446500,"0"
"200721","11","0","02","002","2019","10","07","3","3","0","7","1","0","0","0","1","0","0",797111.49039599998,5824745.12877999991,13.37709491400,52.49175410300,"1"
"200722","11","0","08","008","2019","10","10","6","3","2","6","0","0","1","0","0","1","0",802056.65291599999,5822123.54585999995,13.44733663600,52.46554270800,"0"
"200723","11","0","10","010","2019","10","18","5","3","5","3","2","1","0","0","0","0","1",810639.81819699996,5826003.19367999956,13.57689370700,52.49549857800,"1"
"200724","11","0","01","001","2019","10","12","6","3","0","2","0","1","1","0","0","0","0",795860.55095599999,5832062.54358999897,13.36523422300,52.55802751500,"0"
"200725","11","0","04","004","2019","10","07","2","3","2","6","0","1","1","0","0","0","0",789504.54823900003,5825149.17576999962,13.26572118700,52.49946424600,"0"
"200726","11","0","10","010","2019","10","18","5","3","6","4","2","0","1","1","0","0","0",807934.85004100006,5829268.78681000043,13.54019706800,52.52629746100,"0"
"200727","11","0","08","008","2019","11","21","7","3","6","2","2","0","1","1","0","0","0",806497.45218799997,5815419.51597999968,13.50635687500,52.40298539900,"1"
"200728","11","0","01","001","2019","10","16","7","3","6","4","0","1","0","1","0","0","0",798016.88311299996,5828889.66399999987,13.39410169400,52.52841114000,"0"
"200729","11","0","01","001","2019","10","18","2","2","0","1","2","0","0","0","1","0","0",794490.38069100003,5830681.13468999974,13.34385625200,52.54638690400,"1"
"200730","11","0","08","008","2019","10","19","5","3","6","4","2","0","1","1","0","0","0",800375.04838299996,5824520.51611000020,13.42481680700,52.48795480600,"0"
"200731","11","0","11","011","2019","11","08","7","2","3","6","0","0","0","0","1","0","1",805018.59935100004,5829961.17224999890,13.49797971700,52.53414224400,"1"
"200732","11","0","03","003","2019","10","17","7","3","2","4","2","0","1","1","0","0","0",805360.03708899999,5841928.74447999988,13.51402716300,52.64120702500,"0"
"200733","11","0","01","001","2019","10","10","4","3","2","2","0","0","1","0","0","0","0",796165.14340199996,5832275.69785000104,13.36990430300,52.55977265100,"0"
"200734","11","0","12","012","2019","10","08","4","2","5","2","0","0","1","0","0","0","0",792646.84708500002,5835833.99909999967,13.32129437000,52.59357335300,"0"
"200735","11","0","01","001","2019","11","17","6","2","5","3","2","1","1","0","0","0","0",796955.37583399995,5826855.71537999995,13.37668436900,52.51075826900,"1"
"200736","11","0","02","002","2019","10","18","6","3","1","5","2","1","1","0","0","0","0",797992.29325700004,5826474.92059999984,13.39157740800,52.50677946500,"0"
"200737","11","0","09","009","2019","10","11","3","2","6","4","0","0","0","1","0","1","0",811007.86453699996,5821782.64312999975,13.57836193200,52.45746657200,"0"
"200738","11","0","01","001","2019","10","15","5","3","6","7","0","0","1","1","0","0","0",795591.17855700001,5830809.24801000021,13.36015649400,52.54693917700,"0"
"200739","11","0","03","003","2019","10","12","6","3","2","6","0","0","1","0","0","0","0",798054.61073900003,5835828.99528000038,13.40088837200,52.59059196100,"0"
"200740","11","0","11","011","2019","10","08","2","3","6","4","0","0","1","1","0","0","0",806440.41839799995,5826889.91954999976,13.51604685500,52.50581954200,"0"
"200741","11","0","08","008","2019","10","10","5","2","5","5","0","0","1","0","1","0","0",801056.16594099998,5823509.94239000045,13.43390511100,52.47852158700,"0"
"200742","11","0","03","003","2019","11","16","7","2","5","3","2","0","1","0","0","0","1",797140.31724000000,5838891.19802999962,13.39018064200,52.61854069600,"1"
"200743","11","0","09","009","2019","10","15","7","3","0","6","0","0","0","0","1","0","1",809558.58812800003,5821506.30996999890,13.55684432700,52.45581286800,"0"
"200744","11","0","07","007","2019","10","16","3","3","3","6","2","0","1","0","1","0","0",798062.50461299997,5821899.69024999905,13.38851738500,52.46572963300,"0"
"200745","11","0","01","001","2019","11","12","6","3","2","2","0","0","1","0","0","0","0",797855.24765899999,5826858.21863000095,13.38990715800,52.51029010200,"0"
"200746","11","0","02","002","2019","10","15","6","2","5","2","0","0","1","0","1","0","0",797698.61872000003,5825812.17399000097,13.38667069300,52.50099904800,"0"
"200747","11","0","02","002","2019","10","18","2","3","2","6","2","0","1","0","0","0","0",798639.46422500000,5824687.85943999980,13.39948203900,52.49040697400,"1"
"200748","11","0","04","004","2019","10","07","4","3","1","6","0","0","1","0","0","0","1",790698.62741399999,5824569.29308999982,13.28275604000,52.49363077800,"0"
"200749","11","0","09","009","2019","10","19","3","3","5","3","2","1","1","0","0","0","0",806355.73244199995,5822134.69058999978,13.51043292500,52.46324921000,"0"
"200750","11","0","02","002","2019","11","14","6","3","5","3","0","1","1","0","0","0","0",798668.47921899997,5826432.56814999972,13.40147260000,52.50603008700,"0"
"200751","11","0","08","008","2019","10","16","6","3","5","2","0","1","1","0","0","0","0",803189.16865500004,5822738.88209000044,13.46451550200,52.47043069300,"0"
"200752","11","0","06","006","2019","10","13","2","3","0","2","0","1","1","0","0","0","0",794321.85843200004,5817572.68104000017,13.32980175400,52.42896775300,"1"
"200753","11","0","08","008","2019","10","13","5","3","1","5","0","1","1","0","0","0","1",801243.45056699996,5823811.44223999977,13.43692681700,52.48112073600,"0"
"200754","11","0","01","001","2019","10","12","6","3","2","2","0","0","1","0","0","0","0",796251.87133300002,5828496.73759000096,13.36780986800,52.52585097600,"0"
"200755","11","0","04","004","2019","10","20","2","1","0","7","2","0","1","0","0","0","0",788982.65647299995,5822251.24014999904,13.25554169200,52.47375975200,"1"
"200756","11","0","08","008","2019","10","14","5","1","6","7","0","0","0","1","0","1","0",801592.94338099996,5822558.45787999965,13.44092458300,52.46969707400,"0"
"200757","11","0","05","005","2019","11","14","7","3","1","5","0","0","1","0","0","0","0",784764.38270399999,5827169.80444000009,13.19781111100,52.52007560200,"1"
"200758","11","0","01","001","2019","10","21","7","3","1","5","2","0","1","0","0","0","1",797467.91838699998,5831464.62299000099,13.38833869800,52.55179229200,"0"
"200759","11","0","02","002","2019","10","12","3","3","5","2","0","1","1","0","0","0","0",799078.34905700001,5824615.06469999999,13.40586149600,52.48951419900,"0"
"200760","11","0","11","011","2019","11","10","6","3","6","2","0","0","1","1","0","0","0",805883.99480500002,5825863.22836000007,13.50693134700,52.49693019300,"0"
"200761","11","0","02","002","2019","10","14","6","3","1","5","0","0","1","0","0","0","0",800690.33818299999,5826558.30329999980,13.43128576800,52.50604656500,"0"
"200762","11","0","08","008","2019","10","17","2","3","2","6","2","0","1","0","0","0","0",802777.62966199999,5823387.81890999898,13.45906450100,52.47647535700,"1"
"200763","11","0","12","012","2019","10","07","5","3","2","6","0","0","1","0","0","0","0",795401.83981399995,5834030.65864999965,13.36024016500,52.57591883400,"0"
"200764","11","0","02","002","2019","10","04","1","3","1","5","2","0","1","0","0","0","0",801733.07410500001,5825832.16793000046,13.44594446100,52.49896247500,"0"
"200765","11","0","01","001","2019","10","14","4","3","3","6","0","0","1","0","0","0","0",797734.14625500003,5827616.86031000037,13.38880677900,52.51715651600,"0"
"200766","11","0","02","002","2019","10","12","5","3","0","5","0","1","1","0","0","0","0",797569.10472700000,5825209.03651999962,13.38422948900,52.49566324800,"0"
"200767","11","0","01","001","2019","10","11","6","3","0","5","0","1","1","0","0","0","0",799040.93209500005,5827077.15091000032,13.40752288000,52.51160383700,"0"
"200768","11","0","09","009","2019","10","13","1","3","5","3","0","1","1","0","0","0","0",805814.12299299997,5820339.76649999991,13.50084180900,52.44746557500,"0"
"200769","11","0","01","001","2019","10","17","4","3","5","2","2","1","1","0","0","0","0",795230.52718400001,5826625.85264999978,13.35113863600,52.50963398300,"0"
"200770","11","0","04","004","2019","11","19","6","3","5","2","2","1","1","0","0","0","0",793917.92717200005,5824957.72790999897,13.33038115000,52.49538890000,"1"
"200771","11","0","04","004","2019","10","19","7","3","6","4","2","0","0","1","0","0","1",793441.82600000000,5824086.58270999976,13.32262110400,52.48783561100,"0"
"200772","11","0","05","005","2019","10","10","3","3","5","3","0","0","1","0","1","0","0",784134.27003899997,5828729.92989999987,13.18988267400,52.53439256000,"0"
"200773","11","0","12","012","2019","11","08","6","3","0","6","0","0","1","0","0","0","1",795062.73161100002,5832467.53485000040,13.35385998700,52.56209078100,"0"
"200774","11","0","03","003","2019","10","13","6","3","5","3","0","0","1","0","0","0","1",801906.17285800003,5830326.96798000019,13.45256579000,52.53915377400,"0"
"200775","11","0","10","010","2019","10","16","2","2","6","4","0","0","1","1","0","0","0",809762.28027500003,5834464.44921000022,13.57189407400,52.57182332800,"0"
"200776","11","0","08","008","2019","10","10","5","3","0","1","0","1","0","0","0","0","0",799563.36624000000,5816390.25458000042,13.40560609100,52.41552409900,"0"
"200777","11","0","12","012","2019","10","14","7","3","5","3","0","0","1","0","0","0","0",793125.02736199996,5833868.99052000046,13.32659522800,52.57570069900,"0"
"200778","11","0","11","011","2019","10","11","4","3","1","5","0","0","1","0","0","0","0",805192.05182199995,5829220.73060999904,13.49984923700,52.52740901500,"0"
"200779","11","0","04","004","2019","10","17","4","2","4","7","2","1","0","0","0","0","1",791253.54003699997,5828956.39952000044,13.29474622700,52.53266504600,"0"
"200780","11","0","09","009","2019","11","18","6","2","5","2","2","0","1","0","1","0","0",811761.43799999997,5818271.17499999981,13.58614112000,52.42556942000,"0"
"200781","11","0","08","008","2019","10","12","7","3","5","3","0","0","1","0","0","0","0",801588.49073700001,5820150.01881000027,13.43868352000,52.44811208300,"0"
"200782","11","0","03","003","2019","10","17","3","2","0","7","2","1","0","0","0","0","0",799476.39139899996,5833291.10457000043,13.41952099500,52.56706315800,"0"
"200783","11","0","04","004","2019","11","18","6","3","5","3","2","1","1","0","0","0","0",792912.17799200001,5824395.73158999905,13.31511478300,52.49089147000,"1"
"200784","11","0","02","002","2019","10","01","7","3","5","3","2","1","1","0","0","0","0",803102.32700699999,5827119.04698999971,13.46722499700,52.50973784000,"0"
"200785","11","0","05","005","2019","10","06","3","3","5","2","1","1","1","0","0","0","0",786645.30688000005,5829241.80334999971,13.22724324400,52.53766697900,"0"
"200786","11","0","03","003","2019","10","09","5","3","0","3","0","0","1","0","1","0","0",800780.37146399997,5832464.90918000042,13.43795291200,52.55893900300,"0"
"200787","11","0","04","004","2019","10","13","6","3","5","2","0","0","1","0","1","0","0",793450.57770499995,5824353.44065000024,13.32298461500,52.49022318400,"0"
"200788","11","0","07","007","2019","10","11","2","2","5","3","0","0","1","0","1","0","0",797543.25816299999,5818305.60945999995,13.37769495500,52.43379531800,"0"
"200789","11","0","07","007","2019","10","19","5","3","6","4","2","1","0","1","0","0","0",796039.08624800004,5823519.79401999991,13.36025751900,52.48135265600,"0"
"200790","11","0","08","008","2019","11","08","7","3","5","3","0","0","1","0","1","0","0",805921.37548199994,5816218.95810000040,13.49864563300,52.41047260500,"1"
"200791","11","0","02","002","2019","10","17","7","3","5","2","2","1","1","0","0","0","0",802636.03799999994,5827910.31706999894,13.46109491100,52.51708880200,"0"
"200792","11","0","01","001","2019","10","08","4","3","2","6","0","1","1","0","0","0","0",797179.57525300002,5827492.87456999905,13.38054726100,52.51634759800,"0"
"200793","11","0","04","004","2019","10","18","4","1","5","5","2","0","1","0","1","0","0",793757.87309999997,5823089.38006000035,13.32638356200,52.47872615000,"0"
"200794","11","0","07","007","2019","11","16","6","3","5","3","2","1","1","0","0","0","0",793754.81584099995,5822077.79222999979,13.32544774000,52.46965931800,"0"
"200795","11","0","10","010","2019","10","17","6","3","0","3","1","0","1","0","0","0","1",806310.98100000003,5830175.02699999977,13.51717077300,52.53533410800,"0"
"200796","11","0","12","012","2019","10","14","3","3","6","2","0","0","1","1","0","0","0",794029.20094100002,5838135.18637999985,13.34368701800,52.61345608700,"0"
"200797","11","0","01","001","2019","10","15","5","3","3","6","0","1","1","0","0","0","0",798579.22132799996,5828918.00112000015,13.40239194800,52.52835744400,"0"
"200798","11","0","04","004","2019","10","11","6","3","5","7","0","0","1","0","0","0","0",790249.74402900005,5828028.30618999898,13.27917921600,52.52488010300,"0"
"200799","11","0","06","006","2019","10","08","2","3","5","3","0","1","1","0","0","0","0",788505.83212599996,5816873.11761999968,13.24389547000,52.42579389500,"0"
"200800","11","0","04","004","2019","10","09","5","3","6","2","0","0","0","1","1","0","0",791976.71644900006,5822376.97960000020,13.29960796100,52.47329475700,"0"
"200801","11","0","04","004","2019","10","17","5","3","1","5","1","1","1","0","0","0","0",791848.55826800002,5825272.00674000010,13.30026151100,52.49931686400,"0"
"200802","11","0","12","012","2019","10","09","6","3","6","2","0","0","1","1","0","0","0",792561.40871700004,5832814.22577000037,13.31737130900,52.56654849900,"0"
"200803","11","0","11","011","2019","10","09","2","3","5","2","0","1","1","0","0","0","0",803709.57863100001,5826763.36063000094,13.47582072800,52.50621218800,"0"
"200804","11","0","06","006","2019","10","16","5","2","6","4","2","0","1","1","0","0","0",790140.26162700006,5815557.94161999971,13.26672519400,52.41313860200,"1"
"200805","11","0","06","006","2019","11","22","7","3","5","3","2","1","1","0","0","0","0",795143.35368299996,5818244.08313999977,13.34244187100,52.43454396100,"1"
"200806","11","0","05","005","2019","10","16","7","3","2","6","0","1","1","0","0","0","0",782391.89165000001,5830484.69950999971,13.16575511900,52.55103207500,"0"
"200807","11","0","03","003","2019","10","05","4","3","6","6","2","0","1","1","0","0","0",803177.29494199995,5841356.73087999970,13.48134324800,52.63730357100,"0"
"200808","11","0","08","008","2019","10","17","3","3","6","4","2","0","0","1","1","0","0",803331.58789700002,5822481.40173999965,13.46637164700,52.46804386100,"0"
"200809","11","0","12","012","2019","11","14","6","3","6","4","0","0","1","1","0","0","0",795165.26619300002,5832495.94587999955,13.35539347900,52.56228988700,"0"
"200810","11","0","04","004","2019","10","16","6","3","5","2","0","1","0","0","0","0","1",790493.75030700001,5826547.43912999891,13.28147258900,52.51147410700,"0"
"200811","11","0","12","012","2019","10","17","2","2","2","6","2","0","1","0","0","0","0",795506.18548800005,5833434.72587999981,13.36124443100,52.57052023100,"0"
"200812","11","0","01","001","2019","10","13","5","3","0","1","0","0","0","0","1","0","0",793991.61942500004,5827833.55963999964,13.33400345400,52.52112949900,"0"
"200813","11","0","06","006","2019","10","08","6","3","2","6","0","0","1","0","0","0","0",795654.52255600004,5816943.63013000041,13.34878953100,52.42261014300,"0"
"200814","11","0","12","012","2019","10","17","1","3","2","6","2","0","1","0","0","0","0",789874.91428400006,5835741.60874999966,13.28040728400,52.59422960500,"0"
"200815","11","0","04","004","2019","10","19","4","3","6","2","2","0","1","1","0","0","0",792670.01897199999,5823057.22594999894,13.31038306800,52.47902198000,"0"
"200816","11","0","12","012","2019","11","17","6","3","5","3","1","0","1","0","0","0","0",792992.30329600000,5835645.55283000041,13.32621295900,52.59169804800,"1"
"200817","11","0","04","004","2019","10","14","7","3","0","7","0","0","0","0","0","0","1",793400.89635399997,5825195.13552000001,13.32299627100,52.49779535100,"0"
"200818","11","0","10","010","2019","10","11","3","3","9","7","0","0","0","0","0","0","1",811775.27971999999,5831465.03713000100,13.59868363300,52.54379602000,"0"
"200819","11","0","02","002","2019","11","10","6","3","2","2","0","0","1","0","0","0","0",802446.47679300001,5826267.32775000110,13.45681691900,52.50246791200,"0"
"200820","11","0","02","002","2019","10","22","6","2","5","3","2","0","1","0","0","0","1",800586.62484499998,5827028.73866999894,13.43018710100,52.51032036600,"0"
"200821","11","0","07","007","2019","11","15","7","3","6","2","0","0","0","1","0","0","1",800651.74604700005,5814136.40845999960,13.41953767500,52.39472487700,"1"
"200822","11","0","09","009","2019","10","14","7","3","5","3","0","0","1","0","0","0","0",809220.85469800001,5823023.45722000021,13.55329528200,52.46960049000,"0"
"200823","11","0","07","007","2019","10","14","3","3","2","6","0","0","1","0","0","0","0",796410.56974199996,5819759.12772999890,13.36237164000,52.44743993500,"0"
"200824","11","0","08","008","2019","11","10","6","2","2","6","0","0","1","0","1","0","0",801565.79668200004,5820650.01542000007,13.43880202600,52.45260621100,"0"
"200825","11","0","11","011","2019","10","15","6","3","0","2","0","0","1","0","0","0","1",803538.50471100002,5829731.34351999965,13.47601607300,52.53290863300,"0"
"200826","11","0","04","004","2019","10","18","2","3","5","3","2","0","1","0","0","0","0",790519.95637100004,5826494.61313000042,13.28181154300,52.51098656200,"1"
"200827","11","0","02","002","2019","10","12","5","3","2","6","0","0","1","0","0","0","0",803038.11823799997,5826971.26515000034,13.46614725200,52.50844896400,"0"
"200828","11","0","02","002","2019","10","02","1","3","5","3","2","0","1","0","0","0","0",802113.73216999997,5826365.46138000023,13.45201875900,52.50353181400,"0"
"200829","11","0","07","007","2019","10","16","4","3","5","2","0","0","1","0","1","0","0",795416.49708700005,5820986.52732999902,13.34887315400,52.45898082200,"0"
"200830","11","0","12","012","2019","11","18","6","3","6","2","2","0","1","1","0","0","0",795269.54092000006,5836363.99892000016,13.36037283200,52.59690675800,"1"
"200831","11","0","04","004","2019","10","11","7","3","5","3","0","0","1","0","0","0","0",789642.56700000004,5826509.27699999977,13.26893201300,52.51158462200,"0"
"200832","11","0","09","009","2019","10","10","3","3","1","5","0","1","1","0","0","0","1",808625.14277799998,5818622.19180000015,13.54048686200,52.43049318300,"0"
"200833","11","0","02","002","2019","11","01","6","2","5","5","2","0","1","0","0","0","0",801687.23479999998,5825869.41157000046,13.44530497700,52.49932163600,"0"
"200834","11","0","02","002","2019","10","19","6","3","5","7","2","1","1","0","0","0","0",801679.93687500001,5825874.93286999967,13.44520279600,52.49937515900,"0"
"200835","11","0","01","001","2019","10","23","2","2","4","6","2","1","1","0","0","0","0",797901.73866699997,5828522.79427000042,13.39208069000,52.52518555400,"1"
"200836","11","0","08","008","2019","10","22","5","3","1","5","2","0","1","0","0","0","0",802463.92093499994,5817940.48744999897,13.44952633500,52.42782411700,"0"
"200837","11","0","06","006","2019","10","17","2","3","5","3","2","0","1","0","0","0","0",792410.73390899994,5817836.24658000004,13.30200378600,52.43235542200,"1"
"200838","11","0","03","003","2019","10","04","5","3","5","2","2","0","1","0","1","0","0",799494.82858700003,5831770.17650000006,13.41841961300,52.55342040500,"0"
"200839","11","0","04","004","2019","10","19","1","3","6","2","2","0","1","1","0","0","0",792194.41048800002,5824737.68943999987,13.30487315800,52.49434173900,"0"
"200840","11","0","12","012","2019","10","13","4","3","2","6","0","0","1","0","0","0","0",795413.35807900003,5834067.47996000014,13.36044245200,52.57624264900,"0"
"200841","11","0","09","009","2019","11","21","6","2","0","1","2","1","0","0","0","0","0",812039.81904099998,5821397.37160999980,13.59314044900,52.45342585900,"1"
"200842","11","0","06","006","2019","10","13","7","3","0","1","0","1","0","0","0","0","0",793195.21186499996,5817486.79829999991,13.31320332100,52.42880278300,"0"
"200843","11","0","03","003","2019","10","08","3","3","5","2","0","1","1","0","0","0","0",799785.63238500000,5829587.11859999970,13.42072582200,52.53369292700,"0"
"200844","11","0","01","001","2019","10","17","5","3","5","3","2","1","1","0","0","0","0",798548.32470400003,5827805.40325000044,13.40093910700,52.51840146100,"0"
"200845","11","0","05","005","2019","10","10","2","3","5","2","0","1","1","0","0","0","0",784551.70633500000,5828174.89223000035,13.19554517200,52.52919829000,"0"
"200846","11","0","05","005","2019","10","18","5","3","6","4","2","0","1","1","0","0","0",781606.96575800003,5828424.26350999903,13.15246256400,52.53296357700,"0"
"200847","11","0","01","001","2019","11","00","7","3","2","6","2","0","1","0","0","0","0",795190.09966299997,5831031.16390000004,13.35445616700,52.54914593500,"1"
"200848","11","0","04","004","2019","10","17","7","3","5","3","1","1","1","0","0","0","0",794206.28428999998,5824955.35599999968,13.33461430500,52.49521227600,"0"
"200849","11","0","04","004","2019","10","08","4","3","2","6","0","0","1","0","0","0","1",791238.16020799999,5828951.86868999898,13.29451616300,52.53263264600,"0"
"200850","11","0","12","012","2019","10","19","3","3","5","2","2","1","1","0","0","0","0",789975.07470100001,5833680.45165000018,13.28007809800,52.57569802400,"0"
"200851","11","0","12","012","2019","11","16","6","3","1","5","0","0","1","0","0","0","0",794822.79209999996,5833366.78598000016,13.35112979500,52.57028178700,"0"
"200852","11","0","09","009","2019","10","14","6","3","0","6","0","1","0","0","0","0","0",811575.91328099999,5823108.87322000042,13.58793312900,52.46902796400,"0"
"200853","11","0","06","006","2019","11","09","7","3","2","2","0","0","1","0","0","0","0",792717.50444399996,5816241.90531000029,13.30510802000,52.41789822900,"1"
"200854","11","0","05","005","2019","10","17","7","3","0","7","1","1","1","0","0","0","0",781739.17755400005,5828463.44115000032,13.15443974700,52.53324653500,"0"
"200855","11","0","06","006","2019","10","10","4","3","5","3","0","0","1","0","0","0","0",795189.68581800000,5821190.02873999998,13.34572461600,52.46092764400,"0"
"200856","11","0","01","001","2019","10","13","4","2","2","6","0","0","0","0","1","1","0",796259.30099999998,5828501.03799999971,13.36792289300,52.52588548800,"0"
"200857","11","0","02","002","2019","11","21","6","3","5","3","2","1","1","0","0","0","0",800613.46755399997,5827116.75214000046,13.43066093000,52.51109446400,"1"
"200858","11","0","01","001","2019","10","19","6","3","5","2","2","1","1","0","0","0","0",797648.71891499998,5828129.82046999969,13.38801051400,52.52180121300,"0"
"200859","11","0","07","007","2019","10","12","3","2","5","3","0","1","0","0","1","0","0",797705.55425499997,5822197.89197000023,13.38354460000,52.46859729700,"0"
"200860","11","0","11","011","2019","10","15","5","3","0","2","1","0","1","0","0","0","1",803855.96299200004,5829056.61242000014,13.48006513500,52.52668438100,"0"
"200861","11","0","04","004","2019","10","08","6","3","6","4","0","0","1","1","0","0","0",792457.41855199996,5828245.64467000030,13.31181853200,52.52564873700,"0"
"200862","11","0","01","001","2019","10","08","2","3","5","3","0","1","1","0","0","0","0",795738.58151900000,5829803.55814999901,13.36142863900,52.53784411000,"0"
"200863","11","0","01","001","2019","10","14","5","2","5","3","0","1","1","0","0","0","0",798716.67720699997,5828797.41010999959,13.40430381600,52.52720121600,"0"
"200864","11","0","01","001","2019","11","17","7","3","2","2","2","0","1","0","0","0","0",794961.51762699999,5830169.49524999969,13.35032963700,52.54154559000,"1"
"200865","11","0","01","001","2019","10","15","7","3","2","6","0","0","1","0","0","0","0",794136.60631199996,5830069.64986000024,13.33811274000,52.54109646500,"0"
"200866","11","0","11","011","2019","10","16","3","3","5","2","1","1","0","0","0","0","1",806179.03209100000,5830425.85293000098,13.51546257300,52.53765620100,"0"
"200867","11","0","04","004","2019","11","13","6","3","5","3","0","1","1","0","0","0","0",792911.96130099997,5824396.11237999983,13.31511193500,52.49089500000,"0"
"200868","11","0","08","008","2019","10","15","6","2","5","3","0","0","1","0","1","0","0",803157.71200000006,5818432.57000000030,13.46014519800,52.43185070700,"0"
"200869","11","0","01","001","2019","10","18","2","3","1","5","2","1","1","0","0","0","0",798002.30694200005,5827389.99708000012,13.39254384600,52.51497651300,"1"
"200870","11","0","09","009","2019","10","08","5","3","5","2","0","1","1","0","0","0","0",806455.91377600003,5822104.69708000030,13.51187537700,52.46292422400,"0"
"200871","11","0","04","004","2019","10","08","6","3","5","2","0","1","1","0","0","0","0",790732.26495999994,5823473.34293999989,13.28229397400,52.48378757800,"0"
"200872","11","0","11","011","2019","10","13","1","3","2","6","0","1","1","0","0","0","0",803868.93615299999,5826822.86003000103,13.47821572300,52.50665673500,"0"
"200873","11","0","03","003","2019","10","06","2","3","5","2","0","1","1","0","0","0","0",803364.64703200001,5838250.40596999973,13.48125323800,52.60935857000,"0"
"200874","11","0","03","003","2019","10","10","5","3","0","1","0","0","1","0","0","0","0",804376.41449600004,5841199.15290999971,13.49886324800,52.63522053700,"0"
"200875","11","0","07","007","2019","10","07","6","3","6","2","0","0","1","1","0","0","0",797291.34771999996,5822595.90911999997,13.37781967600,52.47239067200,"0"
"200876","11","0","05","005","2019","10","05","2","3","2","6","1","0","1","0","0","0","0",784713.44087000005,5828562.66306000017,13.19825502500,52.53259059300,"0"
"200877","11","0","02","002","2019","10","19","5","3","1","5","2","1","0","0","0","0","1",798242.69483199995,5826010.18095999956,13.39483954200,52.50247684200,"0"
"200878","11","0","07","007","2019","11","15","7","3","6","4","0","0","1","1","0","0","0",796533.85870700004,5823967.76702999976,13.36792035100,52.48509987300,"1"
"200879","11","0","07","007","2019","10","14","7","3","0","5","0","1","0","0","1","0","0",794642.83828300005,5825743.44534999970,13.34172330600,52.50204151100,"0"
"200880","11","0","03","003","2019","10","13","3","3","2","6","0","0","1","0","0","0","0",800193.87803100003,5836563.44084999897,13.43303867000,52.59599849200,"0"
"200881","11","0","06","006","2019","11","10","6","3","2","6","0","0","1","0","0","0","0",793509.55069099995,5820610.85718000028,13.32055738700,52.45664056100,"0"
"200882","11","0","05","005","2019","10","15","6","2","0","2","0","0","1","0","0","0","1",784783.23260700004,5828813.67458000034,13.19949621900,52.53480469600,"0"
"200883","11","0","03","003","2019","10","17","2","3","5","3","2","0","1","0","0","0","0",799218.97758599999,5829267.87844000012,13.41210935000,52.53114279900,"1"
"200884","11","0","06","006","2019","10","07","5","3","2","6","0","0","1","0","0","0","0",794053.91889199999,5821008.48746000044,13.32889608600,52.45991254500,"1"