OBJECTID,ULAND,UREGBEZ,UKREIS,UGEMEINDE,UJAHR,UMONAT,USTUNDE,UWOCHENTAG,UKATEGORIE,UART,UTYP1,ULICHTVERH,IstRad,IstPKW,IstFuss,IstKrad,IstGkfz,IstSonstig,LINREFX,LINREFY,XGCSWGS84,YGCSWGS84,STRZUSTAND
"200885","11","0","02","002","2019","10","01","1","3","5","2","2","0","1","0","0","0","0",798215.23028899997,5825860.67250999901,13.39430223300,52.50115169800,"0"
"200886","11","0","09","009","2019","10","15","4","3","5","2","0","0","1","0","0","0","0",807713.46151499997,5818118.86290999968,13.52665665500,52.42649576700,"0"
"200887","11","0","07","007","2019","11","18","6","3","2","2","2","1","1","0","0","0","0",795221.99767199997,5824488.66289000027,13.34911877000,52.49048025300,"1"
"200888","11","0","04","004","2019","10","00","7","2","1","5","2","1","1","0","0","0","0",790858.67917200003,5824502.07115000021,13.28504817500,52.49294286400,"0"
"200889","11","0","04","004","2019","10","20","4","3","5","3","1","0","1","0","0","0","0",792090.90423099999,5825307.87825000100,13.30385289400,52.49950878400,"0"
"200890","11","0","01","001","2019","11","20","6","3","5","3","2","0","1","0","0","0","0",796806.94714599999,5831270.42934000026,13.37844524000,52.55041213900,"1"
"200891","11","0","07","007","2019","10","20","7","3","1","7","2","0","1","0","0","0","0",797083.00684699998,5820484.09671999980,13.37288168400,52.45357364400,"0"
"200892","11","0","08","008","2019","10","16","3","3","0","3","0","0","0","0","1","0","1",801514.44508199999,5817626.54863999970,13.43532117000,52.42553423500,"1"
"200893","11","0","07","007","2019","11","09","6","3","2","2","0","0","1","0","0","0","0",795434.74781600002,5824426.85525000095,13.35218832200,52.48981109500,"0"
"200894","11","0","12","012","2019","10","14","6","3","5","7","0","0","1","0","1","0","0",793104.59600000002,5832646.91600000020,13.32521457200,52.56475647400,"0"
"200895","11","0","08","008","2019","10","16","2","3","3","6","0","0","1","0","1","0","0",800523.14072300005,5823413.83490000013,13.42599365600,52.47795370700,"0"
"200896","11","0","09","009","2019","10","10","5","3","3","6","0","0","1","0","0","0","0",804453.31851300003,5821832.96251999959,13.48224210700,52.46160815900,"0"
"200897","11","0","08","008","2019","10","12","7","3","5","3","0","1","1","0","0","0","0",801509.04793600005,5819224.16942999978,13.43668268100,52.43985722600,"0"
"200898","11","0","01","001","2019","10","12","4","3","6","4","0","0","1","1","0","0","0",798689.54339400004,5828337.19596999977,13.40349167800,52.52309091200,"0"
"200899","11","0","09","009","2019","10","17","4","2","0","6","2","0","0","0","1","0","1",810271.71559899999,5817601.98192999978,13.56368173400,52.42041899100,"0"
"200900","11","0","02","002","2019","11","23","6","3","2","6","2","0","1","0","0","0","0",799790.46265899995,5825718.12390999962,13.41731074500,52.49901085800,"1"
"200901","11","0","10","010","2019","10","12","7","3","0","5","0","0","1","0","1","0","0",812383.01880700001,5830461.38105999958,13.60667280500,52.53445412700,"0"
"200902","11","0","06","006","2019","10","08","3","3","5","3","0","1","1","0","0","0","0",787478.79319400003,5817705.57880999893,13.22954824500,52.43379816900,"1"
"200903","11","0","04","004","2019","10","17","5","3","6","4","2","0","1","1","0","0","0",791425.90437100001,5825065.63619999960,13.29387232900,52.49769264100,"0"
"200904","11","0","03","003","2019","10","07","6","3","7","7","1","0","0","0","1","0","0",803738.17549199995,5838767.04325000104,13.48722682300,52.61378031500,"0"
"200905","11","0","10","010","2019","10","09","2","3","5","2","0","0","1","0","1","0","0",809720.33539999998,5826204.99918999895,13.56358064600,52.49782961200,"0"
"200906","11","0","01","001","2019","10","09","3","3","5","2","0","1","0","0","0","0","0",798619.36214700004,5826919.14781999961,13.40118758600,52.51041850100,"0"
"200907","11","0","04","004","2019","10","09","5","3","1","5","0","1","1","0","0","0","0",793288.33970899996,5826150.34606999904,13.32218430400,52.50641893500,"0"
"200908","11","0","10","010","2019","10","16","6","3","0","1","0","1","0","0","0","0","0",813070.61937099998,5826639.62351000030,13.61318108700,52.49981289100,"0"
"200909","11","0","08","008","2019","10","11","2","3","3","6","0","0","1","0","0","0","0",802636.36059800000,5823041.53863000032,13.45667664200,52.47344993400,"0"
"200910","11","0","10","010","2019","10","19","5","3","6","4","2","0","1","1","0","0","0",812033.07398300001,5830790.04535999987,13.60183888000,52.53759977400,"0"
"200911","11","0","03","003","2019","11","08","7","3","5","2","1","1","1","0","0","0","0",800321.10965600004,5831579.78366999980,13.43039788400,52.55125890500,"1"
"200912","11","0","03","003","2019","10","17","7","3","1","5","0","1","1","0","0","0","0",802313.27790099999,5831899.23627000023,13.45998115600,52.55302014200,"0"
"200913","11","0","09","009","2019","10","10","4","3","4","7","0","0","1","0","0","0","1",805447.30993200000,5820488.70514000021,13.49559744700,52.44900549400,"0"
"200914","11","0","07","007","2019","10","08","4","3","6","2","0","0","1","1","0","0","0",795239.15150899999,5822271.42882999964,13.34740731700,52.47059498100,"0"
"200915","11","0","11","011","2019","11","22","6","2","5","3","2","0","1","0","1","0","0",805963.64032999997,5832532.42989000026,13.51423736300,52.55665676700,"1"
"200916","11","0","10","010","2019","10","18","6","3","2","6","1","0","1","0","0","0","0",813391.53124899999,5830122.89761000033,13.62117361700,52.53084210900,"0"
"200917","11","0","06","006","2019","10","08","3","2","5","3","0","0","1","0","0","0","1",790867.71570399997,5815636.88434999902,13.27745921800,52.41346028500,"0"
"200918","11","0","06","006","2019","10","15","5","3","5","3","0","0","1","0","0","0","0",796239.83330000006,5817016.62048000004,13.35743651100,52.42294790700,"0"
"200919","11","0","07","007","2019","10","07","6","3","2","6","0","0","1","0","0","0","0",795013.90409299999,5823241.55544000026,13.34495901900,52.47941324800,"0"
"200920","11","0","12","012","2019","10","08","2","3","2","6","0","0","1","0","0","0","0",794733.52737100003,5836284.45689000096,13.35241135300,52.59648451100,"0"
"200921","11","0","10","010","2019","10","01","5","2","2","3","2","0","1","0","0","0","0",808495.32346300001,5831147.43573999964,13.55017606900,52.54281668400,"0"
"200922","11","0","01","001","2019","11","16","7","3","5","3","0","0","1","0","0","0","1",795726.53627699998,5828198.35776999965,13.35982360600,52.52346147200,"1"
"200923","11","0","01","001","2019","10","15","7","2","6","2","0","0","1","1","0","0","0",794210.01062500000,5828326.64295000024,13.33764914100,52.52543189900,"0"
"200924","11","0","10","010","2019","10","14","3","3","6","6","0","1","0","1","0","0","0",811674.31100600003,5831506.56465000100,13.59723851900,52.54422591800,"0"
"200925","11","0","08","008","2019","10","19","5","2","5","5","2","0","1","0","1","0","0",800550.59746600001,5823327.89247999992,13.42631926200,52.47716826200,"0"
"200926","11","0","04","004","2019","11","20","7","3","2","6","2","0","1","0","0","0","0",793379.96842299995,5826089.26934999973,13.32347663400,52.50582214300,"1"
"200927","11","0","07","007","2019","10","16","7","3","6","7","0","1","0","1","0","0","0",795607.59006199997,5824986.03418000042,13.35522266800,52.49473013300,"0"
"200928","11","0","03","003","2019","10","07","4","3","2","6","0","0","1","0","0","0","0",803576.55678999994,5833492.57086999901,13.48001378800,52.56659798500,"1"
"200929","11","0","11","011","2019","10","18","3","3","0","1","2","0","0","0","1","0","0",804905.98003300000,5826256.17901999969,13.49292909300,52.50099928000,"0"
"200930","11","0","01","001","2019","10","09","6","3","5","7","0","0","1","0","1","0","0",796671.31456600002,5827620.67913000099,13.37319299100,52.51776994800,"0"
"200931","11","0","07","007","2019","11","15","6","3","5","3","0","1","1","0","0","0","0",797277.78357600002,5821223.94931999967,13.37639834300,52.46009980700,"0"
"200932","11","0","09","009","2019","10","16","6","3","6","4","0","0","0","1","0","0","1",808721.94644199999,5815559.01848999970,13.53908065400,52.40298616600,"0"
"200933","11","0","04","004","2019","10","20","2","3","5","3","2","0","1","0","0","0","0",790354.24909199995,5827309.28184000030,13.28008758000,52.51837836100,"1"
"200934","11","0","06","006","2019","10","13","5","3","5","3","0","1","1","0","0","0","0",793241.79876699997,5819537.45127999969,13.31568564300,52.44716147400,"0"
"200935","11","0","05","005","2019","10","03","6","3","9","1","2","0","1","0","0","0","0",780636.47200800001,5821693.05590999965,13.13251902500,52.47310703900,"1"
"200936","11","0","07","007","2019","10","18","1","3","2","2","2","0","1","0","0","0","0",795444.04247700004,5824984.66476999968,13.35281944300,52.49480641000,"0"
"200937","11","0","09","009","2019","10","06","4","3","5","3","2","1","1","0","0","0","0",812301.00494999997,5819155.92948000040,13.59487686700,52.43319037400,"0"
"200938","11","0","02","002","2019","10","09","6","3","2","6","0","1","1","0","0","0","0",800751.56237199996,5828096.96894000005,13.43357563700,52.51980427200,"0"
"200939","11","0","02","002","2019","11","12","7","3","5","3","0","0","1","0","0","0","0",802589.57225500001,5826886.09678999893,13.45948097800,52.50793457400,"1"
"200940","11","0","04","004","2019","10","21","7","3","0","1","2","0","0","0","0","0","1",791945.66442000004,5826112.86354000028,13.30242520800,52.50680306400,"0"
"200941","11","0","01","001","2019","10","11","3","3","5","3","0","1","0","0","1","0","0",798068.98706499999,5827870.39051000029,13.39395395400,52.51924618900,"0"
"200942","11","0","02","002","2019","11","10","6","3","2","2","0","1","1","0","0","0","0",800514.02078699996,5827088.85328999907,13.42917478000,52.51089919300,"0"
"200943","11","0","02","002","2019","10","14","6","3","2","7","0","1","1","0","0","0","0",801458.50135699997,5826068.89812000003,13.44212621200,52.50123606500,"0"
"200944","11","0","07","007","2019","10","17","2","3","0","5","2","1","1","0","0","0","0",797665.30266499997,5819592.47800000012,13.38063098900,52.44526441300,"1"
"200945","11","0","03","003","2019","10","07","5","3","2","6","0","0","1","0","0","0","0",801609.28445499996,5830154.86168999970,13.44804536000,52.53777557700,"0"
"200946","11","0","05","005","2019","10","15","6","3","2","6","0","0","1","0","0","0","0",783665.72303999995,5829668.06285999995,13.18379438500,52.54304808400,"0"
"200947","11","0","12","012","2019","11","11","6","3","2","6","0","0","0","0","0","0","1",791056.31273600005,5834262.91181000043,13.29650004300,52.58034246400,"0"
"200948","11","0","04","004","2019","10","15","6","3","5","3","0","1","1","0","0","0","0",793131.06536200002,5825593.72675000038,13.31938366600,52.50151357700,"0"
"200949","11","0","02","002","2019","10","18","2","3","2","6","2","0","1","0","0","0","0",797857.77924099995,5825639.01336999889,13.38885362300,52.49936001700,"1"
"200950","11","0","03","003","2019","10","07","5","3","5","3","0","1","1","0","0","0","0",801938.36542499997,5832579.45376999956,13.45508704300,52.55932483700,"0"
"200951","11","0","04","004","2019","10","00","6","3","5","2","2","0","1","0","0","0","0",791217.13895699999,5829730.95136999898,13.29488985800,52.53962825400,"0"
"200952","11","0","01","001","2019","10","11","1","3","0","1","0","0","0","0","1","0","0",797360.31243199995,5829139.86426000018,13.38467553500,52.53101242000,"1"
"200953","11","0","04","004","2019","10","16","4","3","5","7","1","0","1","0","0","0","0",793526.12338799995,5825847.23598999903,13.32541043800,52.50357381000,"0"
"200954","11","0","10","010","2019","10","17","5","2","1","4","1","1","1","1","0","0","0",812047.58756400004,5830713.69589000102,13.60198048500,52.53690728700,"0"
"200955","11","0","01","001","2019","11","19","6","3","2","6","2","0","1","0","0","0","0",795193.94146100001,5831363.77995999996,13.35480836400,52.55212547000,"1"
"200956","11","0","04","004","2019","10","12","7","3","5","7","0","0","1","0","0","0","0",793321.26815899997,5823546.89063999988,13.32037574500,52.48306225200,"0"
"200957","11","0","04","004","2019","10","10","3","3","5","2","0","1","1","0","0","0","0",789118.02521700005,5826933.11151999980,13.26159249900,52.51566270700,"1"
"200958","11","0","10","010","2019","10","21","5","3","5","3","2","0","1","0","0","0","0",811899.89918299997,5829748.12268000003,13.59890408800,52.52833916300,"0"
"200959","11","0","03","003","2019","11","07","6","3","5","2","1","1","1","0","0","0","0",802379.36755099997,5828837.98213999998,13.45816714100,52.52554577400,"0"
"200960","11","0","01","001","2019","10","21","6","3","8","1","2","0","0","0","0","0","1",798181.36174199998,5827115.57074000034,13.39492877100,52.51241877400,"0"
"200961","11","0","04","004","2019","10","15","2","3","5","5","0","0","1","0","0","0","1",792717.68363500002,5825847.08579999954,13.31353384500,52.50400677600,"0"
"200962","11","0","02","002","2019","10","07","5","3","5","2","0","1","1","0","0","0","0",798643.80869199999,5826461.00205999985,13.40113570300,52.50629846300,"0"
"200963","11","0","09","009","2019","10","18","5","3","5","2","0","1","1","0","0","0","0",809339.46754200000,5818507.65048000030,13.55085409900,52.42906325200,"0"
"200964","11","0","08","008","2019","10","17","7","3","0","6","1","0","1","0","1","0","0",801070.54390199995,5821996.55810999963,13.43275034800,52.46494872800,"0"
"200965","11","0","01","001","2019","10","11","4","3","5","3","0","1","1","0","0","0","0",797686.27460100001,5832849.58141000103,13.39279184600,52.56408732100,"0"
"200966","11","0","10","010","2019","10","18","5","2","5","2","2","1","1","0","0","0","0",809584.73141699994,5828543.31386000011,13.56376406400,52.51886173500,"1"
"200967","11","0","05","005","2019","10","13","4","2","5","2","0","1","1","0","0","0","0",783720.74564199999,5830619.09260000009,13.18541607300,52.55154648700,"0"
"200968","11","0","01","001","2019","10","16","5","3","1","5","0","1","1","0","0","0","0",797748.91792100004,5827525.90883999970,13.38894243500,52.51633318300,"0"
"200969","11","0","03","003","2019","10","16","5","2","3","5","0","1","1","0","0","0","0",798706.37273099995,5833105.25899999961,13.40802672000,52.56582038400,"0"
"200970","11","0","02","002","2019","10","20","1","3","5","3","2","0","1","0","0","0","0",801249.12530499999,5827829.51312999893,13.44064443100,52.51713239200,"0"
"200971","11","0","12","012","2019","10","14","4","3","2","6","0","0","1","0","0","0","0",790958.00772500003,5837963.68771000020,13.29830511500,52.61357158700,"0"
"200972","11","0","12","012","2019","10","16","5","3","2","6","0","0","1","0","0","0","1",787525.31909700006,5836370.42143999971,13.24636231300,52.60111444400,"0"
"200973","11","0","09","009","2019","10","15","5","3","3","6","0","0","0","0","0","0","1",811024.64387599996,5821818.26623999979,13.57864126900,52.45777626200,"0"
"200974","11","0","04","004","2019","11","17","6","3","3","6","2","0","1","0","0","0","0",790522.59332800005,5827329.19094000012,13.28257898400,52.51846718900,"1"
"200975","11","0","08","008","2019","10","13","7","3","2","2","0","0","1","0","1","0","0",801385.57135099999,5819264.26360000018,13.43490779900,52.44028466300,"0"
"200976","11","0","08","008","2019","10","07","3","3","5","3","0","1","1","0","0","0","0",803809.76282700000,5818819.13071999978,13.47005794800,52.43495369700,"1"
"200977","11","0","09","009","2019","10","15","5","3","5","3","0","0","1","0","0","0","0",809246.28253700002,5815356.65826999955,13.54657673200,52.40087677600,"0"
"200978","11","0","07","007","2019","10","07","5","3","5","2","0","1","1","1","0","0","0",794419.15754599997,5821933.39785000030,13.33507216600,52.46800726200,"0"
"200979","11","0","08","008","2019","10","13","6","3","5","3","0","0","1","0","1","0","0",801344.47378200002,5822036.93128000014,13.43680682700,52.46515960000,"0"
"200980","11","0","03","003","2019","10","10","2","3","6","4","0","1","0","1","0","0","0",800107.33406999998,5832746.79519999959,13.42830957600,52.56183694200,"0"
"200981","11","0","06","006","2019","10","18","5","3","1","5","2","1","1","0","0","0","0",794470.76846599998,5820130.04332999978,13.33423893400,52.45181325700,"0"
"200982","11","0","04","004","2019","11","05","7","3","0","1","2","0","1","0","0","0","0",792880.12408500002,5823287.53909000102,13.31367023900,52.48097403600,"1"
"200983","11","0","03","003","2019","10","17","7","3","5","7","0","0","1","0","0","0","1",797545.40901499998,5834854.87659000047,13.39251912600,52.58213911000,"0"
"200984","11","0","11","011","2019","10","08","4","3","2","6","0","1","1","0","0","0","0",804745.33567299997,5826516.90605000034,13.49080842800,52.50342579700,"0"
"200985","11","0","08","008","2019","10","22","3","3","5","7","2","0","1","0","0","0","0",800362.73074599996,5824342.81488000043,13.42447579900,52.48636877700,"0"
"200986","11","0","04","004","2019","11","16","6","3","5","3","1","0","1","0","0","0","0",792859.51447399997,5826107.34659000020,13.31584638300,52.50626381900,"0"
"200987","11","0","11","011","2019","10","17","6","3","2","6","0","0","1","0","0","0","0",805214.35429799999,5833155.12067999970,13.50379210000,52.56265795100,"0"
"200988","11","0","07","007","2019","10","17","3","3","0","7","1","0","0","1","0","0","1",796314.43959700002,5823017.06701999996,13.36385358500,52.47669679900,"0"
"200989","11","0","01","001","2019","10","14","5","3","5","5","0","1","1","0","0","0","0",798498.85854000004,5828173.86345000099,13.40054289400,52.52173128200,"0"
"200990","11","0","08","008","2019","10","11","6","3","6","4","0","0","1","1","0","0","0",802184.23259599996,5818939.74653000105,13.44632838800,52.43693523900,"0"
"200991","11","0","04","004","2019","11","16","7","3","6","4","0","0","1","1","0","0","0",793374.26476199995,5823924.12418999895,13.32148594500,52.48641554100,"0"
"200992","11","0","08","008","2019","11","20","6","3","8","1","2","0","1","0","0","0","0",801811.41990800004,5821965.89584999904,13.44359517000,52.46426517400,"1"
"200993","11","0","06","006","2019","10","12","7","3","0","2","0","1","1","0","0","0","0",789609.72699999996,5818715.28100000042,13.26168079500,52.44172648300,"0"
"200994","11","0","08","008","2019","11","22","7","3","5","3","2","0","1","0","0","0","0",801745.89742499997,5822047.76652999967,13.44270765000,52.46503518500,"1"
"200995","11","0","10","010","2019","10","13","3","2","6","2","0","0","1","1","0","0","0",811293.98865700001,5829137.05033999961,13.58942922700,52.52320946300,"0"
"200996","11","0","04","004","2019","11","22","7","3","5","2","2","0","1","0","0","0","0",793330.18603700004,5823361.99235999957,13.32034400500,52.48139991300,"1"
"200997","11","0","11","011","2019","10","16","5","3","2","6","2","0","1","0","0","0","0",807186.54961600003,5825592.97491999995,13.52580923800,52.49377659700,"0"
"200998","11","0","03","003","2019","10","10","6","3","5","3","0","0","1","0","0","0","1",802352.81425900001,5838820.81434000004,13.46687736500,52.61503471500,"0"
"200999","11","0","08","008","2019","11","12","7","3","3","6","0","0","1","0","0","0","1",801378.92911100003,5819320.99572999962,13.43486153500,52.44079683300,"1"
"201000","11","0","11","011","2019","11","12","7","3","5","3","0","1","1","0","0","0","0",806908.09054400004,5825961.36118999962,13.52205994000,52.49723478000,"0"
"201001","11","0","02","002","2019","10","08","2","3","5","3","0","0","1","0","1","0","0",802080.23795900005,5827361.37301000021,13.45243054400,52.51247674300,"0"
"201002","11","0","07","007","2019","10","16","5","2","5","3","0","1","1","0","0","0","0",798045.79811500001,5815806.82943999954,13.38283917400,52.41112271200,"0"
"201003","11","0","12","012","2019","11","11","7","2","5","7","0","0","1","0","1","0","0",794867.59284099995,5833751.85795000102,13.35213130100,52.57370935800,"1"
"201004","11","0","09","009","2019","11","11","7","2","3","2","0","0","1","0","0","0","1",810605.95244300005,5821049.19395999983,13.57178366100,52.45112221800,"0"
"201005","11","0","12","012","2019","11","17","7","3","6","4","2","0","1","1","0","0","0",791922.75033399998,5834704.99835000094,13.30964029100,52.58384145200,"1"
"201006","11","0","04","004","2019","10","16","7","3","1","5","0","1","1","0","0","0","0",792770.87617399998,5825497.12918999977,13.31400758800,52.50084098300,"0"
"201007","11","0","08","008","2019","10","06","4","3","5","3","2","1","1","0","0","0","0",805585.52352299995,5818605.40094999969,13.49590290900,52.43204898800,"1"
"201008","11","0","07","007","2019","11","11","7","3","0","2","0","0","1","0","1","0","0",796024.54368600005,5824497.21396000031,13.36091207300,52.49012229600,"1"
"201009","11","0","12","012","2019","10","17","3","3","0","3","2","0","1","0","1","0","1",796479.97079199995,5832475.36749000102,13.37471324400,52.56139114600,"0"
"201010","11","0","03","003","2019","11","11","7","3","0","2","0","1","1","0","0","0","0",799177.29500000004,5831110.59800000023,13.41315590500,52.54768282700,"1"
"201011","11","0","11","011","2019","10","17","5","3","6","4","0","0","1","1","0","0","0",804884.90440400003,5829950.51092000026,13.49600499300,52.53412149300,"0"
"201012","11","0","06","006","2019","11","14","6","3","1","5","0","1","1","0","0","0","0",793196.51728799997,5818274.01102000009,13.31391277200,52.43585929300,"0"
"201013","11","0","05","005","2019","10","16","6","3","0","4","0","0","0","1","0","0","1",784409.31023599999,5831911.73115000036,13.19665180300,52.56277715300,"0"
"201014","11","0","10","010","2019","11","10","7","3","5","3","0","0","1","0","0","0","0",812073.12256199995,5830620.41212000046,13.60226815400,52.53605673900,"1"
"201015","11","0","03","003","2019","10","19","2","3","5","3","2","1","1","0","0","0","0",795881.73577999999,5836453.64592000004,13.36946492000,52.59737759900,"0"
"201016","11","0","11","011","2019","10","08","5","3","1","5","0","1","1","0","0","0","0",803442.41163300001,5828350.33079999965,13.47334353000,52.52058448900,"0"
"201017","11","0","02","002","2019","10","10","6","3","1","5","0","0","1","0","0","0","0",800854.78981300001,5826248.45076999906,13.43342143500,52.50317862000,"0"
"201018","11","0","12","012","2019","11","10","7","3","5","3","0","0","1","0","0","0","0",795592.50472099998,5837236.44632000010,13.36590609500,52.60455186300,"1"
"201019","11","0","09","009","2019","11","10","7","3","5","2","0","0","1","0","0","0","0",807225.34240900003,5818280.22092000023,13.51964860200,52.42821619400,"1"
"201020","11","0","06","006","2019","10","16","1","3","0","3","0","1","1","0","0","0","0",787184.94710200001,5816769.89360999968,13.22443420700,52.42556331800,"1"
"201021","11","0","06","006","2019","10","18","4","3","5","2","2","0","1","0","0","0","0",788144.04601799999,5818738.08674999978,13.24019688600,52.44270524600,"1"
"201022","11","0","06","006","2019","11","10","7","3","0","3","0","0","0","0","1","0","1",792393.14782900002,5821145.68582999893,13.30464248100,52.46203363400,"1"
"201023","11","0","01","001","2019","10","15","5","3","1","5","0","1","1","0","0","0","0",797575.96217800002,5828573.97252000030,13.38733875000,52.52582221000,"0"
"201024","11","0","01","001","2019","11","15","6","3","5","2","1","1","0","0","0","0","1",796966.46920900000,5826853.53122000024,13.37684540200,52.51073265100,"0"
"201025","11","0","04","004","2019","10","20","7","3","0","7","1","0","1","0","0","0","0",792989.23831799999,5822294.73070000019,13.31440013600,52.47201525000,"0"
"201026","11","0","02","002","2019","11","07","3","3","6","4","0","1","0","1","0","0","0",798327.02552100003,5825636.60034000035,13.39574358800,52.49908207100,"0"
"201027","11","0","07","007","2019","11","06","3","2","1","7","1","0","1","0","0","0","1",798037.57556599996,5821128.03222000040,13.38746247800,52.45882618500,"0"
"201028","11","0","06","006","2019","11","14","3","2","1","5","0","0","1","0","0","0","0",788994.39929800003,5816537.48728999961,13.25077083300,52.42252694700,"0"
"201029","11","0","12","012","2019","11","13","3","3","3","6","0","1","1","0","0","0","0",787806.40520899999,5835684.93302000035,13.24990531900,52.59482011900,"0"
"201030","11","0","01","001","2019","11","13","3","3","0","2","0","1","1","0","0","0","0",796643.00246500003,5825782.29605999961,13.37113855200,52.50130609400,"0"
"201031","11","0","01","001","2019","11","11","3","3","5","7","0","0","1","0","0","0","0",794950.38563100004,5831346.61632000003,13.35121136000,52.55210355400,"0"
"201032","11","0","01","001","2019","11","09","3","3","5","2","0","1","1","0","0","0","0",797837.58472399996,5826968.66375000030,13.38974649900,52.51128975200,"0"
"201033","11","0","12","012","2019","11","18","3","3","5","2","2","0","1","0","1","0","0",794815.08544099994,5833276.85862999968,13.35093647700,52.56947983800,"0"
"201034","11","0","12","012","2019","11","18","3","3","2","6","2","0","1","0","0","0","1",791042.54083499999,5833865.55197999999,13.29594849300,52.57678758300,"0"
"201035","11","0","10","010","2019","11","18","3","3","5","2","2","1","1","0","0","0","0",810593.57428700000,5825392.90123999957,13.57564583400,52.49005574600,"0"
"201036","11","0","09","009","2019","11","17","3","3","6","2","2","0","1","1","0","0","0",816565.53979199997,5817456.49966999982,13.65578937400,52.41551146100,"0"
"201037","11","0","04","004","2019","11","17","3","3","0","6","2","0","1","0","0","0","1",793345.71334000002,5829701.33987000026,13.32615916200,52.53822111100,"0"
"201038","11","0","07","007","2019","11","16","3","3","5","2","2","0","1","0","0","0","0",799786.72826300003,5813976.66952000000,13.40672001400,52.39376710600,"0"
"201039","11","0","01","001","2019","11","16","3","3","5","3","2","1","1","0","0","0","0",797876.18677399994,5826766.35147999972,13.39013256700,52.50945519200,"0"
"201040","11","0","11","011","2019","11","15","3","3","2","6","0","0","1","0","0","0","0",805644.07379099994,5831643.29179999977,13.50871979700,52.54886751700,"0"
"201041","11","0","01","001","2019","11","15","2","3","2","6","0","1","1","0","0","0","0",796883.16483999998,5828165.61254999973,13.37679230500,52.52253940400,"0"
"201042","11","0","09","009","2019","11","15","2","3","0","6","0","1","0","1","0","0","0",810253.94794700004,5819676.94177999999,13.56534622800,52.43902435800,"0"
"201043","11","0","03","003","2019","11","07","2","2","5","2","2","1","1","0","0","0","0",799981.56957800000,5835109.04868999962,13.42859670600,52.58307966200,"0"
"201044","11","0","01","001","2019","11","06","2","2","6","2","1","0","1","1","0","0","0",796511.23429900000,5827621.94936999958,13.37084186400,52.51786839400,"0"
"201045","11","0","08","008","2019","11","06","2","3","5","3","1","1","0","0","0","0","1",801235.46829999995,5819770.20976999961,13.43316228800,52.44490234100,"1"
"201046","11","0","01","001","2019","11","12","2","2","3","6","0","1","1","0","0","0","0",794370.12818799994,5828435.94570000004,13.34009921800,52.52632529800,"0"
"201047","11","0","07","007","2019","11","12","2","3","0","3","0","1","0","0","0","0","1",795865.62993800000,5815449.38599999994,13.35056406300,52.40910106600,"0"
"201048","11","0","01","001","2019","11","11","2","3","2","6","0","0","1","0","0","0","0",798922.52279900003,5827792.32065000106,13.40642573900,52.51807921500,"0"
"201049","11","0","12","012","2019","11","11","2","3","5","2","0","0","1","0","0","0","1",790288.72128399997,5840142.08158000000,13.29036066400,52.63345835900,"0"
"201050","11","0","12","012","2019","11","10","2","3","5","7","0","1","1","0","0","0","0",786712.25155299995,5837146.25846999977,13.23506221000,52.60849955200,"0"
"201051","11","0","03","003","2019","11","10","2","3","5","2","0","1","0","0","0","1","0",799858.40966400004,5829810.58633999992,13.42199715700,52.53565591500,"0"
"201052","11","0","06","006","2019","11","09","2","2","5","2","0","1","0","0","0","1","0",792367.11616500001,5820767.91617999971,13.30392954000,52.45866090400,"0"
"201053","11","0","01","001","2019","11","19","2","3","2","6","2","0","1","0","1","0","0",795188.96692699997,5826854.69988999981,13.35073100500,52.51170791600,"0"
"201054","11","0","11","011","2019","11","09","2","3","5","2","0","0","1","0","0","1","0",803660.40393499995,5829508.67836000025,13.47760425000,52.53084506200,"0"
"201055","11","0","07","007","2019","11","18","2","3","2","3","2","0","1","0","0","0","0",794962.19762500003,5824321.13521999959,13.34515515100,52.48911891800,"0"
"201056","11","0","02","002","2019","11","18","2","3","3","3","2","0","1","0","0","0","0",801248.42400000000,5827823.23000000045,13.44062843800,52.51707646300,"0"
"201057","11","0","03","003","2019","11","17","2","3","5","3","2","1","1","0","0","0","0",802510.77604699996,5836828.16576000024,13.46738204400,52.59708733800,"0"
"201058","11","0","03","003","2019","11","17","2","3","3","6","2","0","1","0","0","0","1",801888.29775100003,5831713.75985000096,13.45356344900,52.55159343800,"0"
"201059","11","0","03","003","2019","11","15","2","3","5","3","0","0","1","0","0","0","0",800030.74572100001,5832021.80473999958,13.42652773800,52.55538087300,"0"
"201060","11","0","06","006","2019","11","15","2","3","0","6","1","0","1","0","0","0","1",794240.25113400002,5820273.49141999986,13.33098292600,52.45322333600,"0"
"201061","11","0","09","009","2019","11","15","2","3","5","3","0","0","1","0","0","0","0",804938.90824400005,5820712.54727999959,13.48834405200,52.45129551700,"0"
"201062","11","0","01","001","2019","11","15","2","3","5","2","0","1","1","0","0","0","0",794577.31200000003,5829787.05300000031,13.34434170300,52.53832511800,"0"
"201063","11","0","10","010","2019","11","15","2","3","5","3","0","1","1","0","0","0","0",809643.50497000001,5828927.52101000026,13.56498512100,52.52227148700,"0"
"201064","11","0","03","003","2019","11","15","2","3","5","2","0","1","1","0","0","0","0",800193.96615300002,5830930.27445000038,13.42794120900,52.54550727200,"0"
"201065","11","0","10","010","2019","11","13","2","3","2","2","0","0","1","0","1","0","0",813032.20893399999,5827682.59595999960,13.61359760100,52.50918103700,"0"