OBJECTID,ULAND,UREGBEZ,UKREIS,UGEMEINDE,UJAHR,UMONAT,USTUNDE,UWOCHENTAG,UKATEGORIE,UART,UTYP1,ULICHTVERH,IstRad,IstPKW,IstFuss,IstKrad,IstGkfz,IstSonstig,LINREFX,LINREFY,XGCSWGS84,YGCSWGS84,STRZUSTAND
"201066","11","0","09","009","2019","11","13","2","3","2","6","0","0","1","0","0","0","0",810465.70675600006,5820310.74751000106,13.56904027500,52.44458416600,"0"
"201067","11","0","05","005","2019","11","12","2","3","5","3","0","0","1","0","0","0","0",789753.50695700001,5828852.02794000041,13.27260317300,52.53252884600,"0"
"201068","11","0","06","006","2019","11","21","1","3","5","3","2","0","1","0","0","0","0",795342.08162099996,5819978.97687999997,13.34688996100,52.44998898600,"1"
"201069","11","0","01","001","2019","11","20","1","3","2","6","2","0","1","0","0","0","0",797124.21828999999,5831418.59661999997,13.38324327700,52.55156731400,"0"
"201070","11","0","07","007","2019","11","19","1","2","0","7","2","0","0","1","0","0","1",794970.10457800003,5823982.71898000035,13.34497174600,52.48608096500,"0"
"201071","11","0","06","006","2019","11","17","1","3","5","2","2","0","1","0","1","0","0",793603.17970099999,5815904.77979999967,13.31779813700,52.41440157400,"0"
"201072","11","0","08","008","2019","11","17","1","3","6","2","2","0","1","1","0","0","0",801372.62631600001,5819251.57086000033,13.43470648600,52.44017802700,"1"
"201073","11","0","05","005","2019","11","14","1","3","5","2","0","1","1","0","0","0","0",782195.13986200001,5830532.43183000106,13.16290160100,52.55156203500,"0"
"201074","11","0","12","012","2019","11","13","1","3","3","6","0","1","0","0","0","0","0",793107.62288699998,5835845.83978000004,13.32808768200,52.59343136600,"0"
"201075","11","0","01","001","2019","11","14","1","3","2","6","0","0","1","0","1","0","0",795832.90063900000,5826686.24890000001,13.36004225900,52.50984905000,"0"
"201076","11","0","03","003","2019","11","13","1","3","2","6","0","0","1","0","0","0","1",796824.56455500005,5833932.68498999905,13.38108580800,52.57426651600,"0"
"201077","11","0","05","005","2019","11","13","1","2","0","2","0","0","1","0","0","0","1",784592.05837400001,5831084.02603999991,13.19863069900,52.55526049700,"0"
"201078","11","0","02","002","2019","11","11","1","2","6","4","0","0","1","1","0","0","0",801185.78909800004,5827290.77010000031,13.43922622000,52.51233852700,"0"
"201079","11","0","03","003","2019","11","11","1","3","5","3","0","0","1","0","0","0","0",802315.24197199999,5831336.44515000097,13.45949765300,52.54797482800,"0"
"201080","11","0","11","011","2019","11","10","1","2","0","1","0","0","0","0","1","0","0",804637.48012900003,5833418.41844000015,13.49554990900,52.56534079000,"1"
"201081","11","0","01","001","2019","11","07","1","3","2","6","0","0","1","0","0","0","0",794222.00556900003,5828443.14003000036,13.33792851500,52.52646974900,"0"
"201082","11","0","07","007","2019","11","05","1","3","6","7","2","0","1","1","1","0","0",795961.46771400003,5816391.10379999969,13.35280153700,52.41749117800,"1"
"201083","11","0","03","003","2019","11","00","1","3","0","5","2","0","0","0","1","0","1",798944.06314200000,5830383.82703999989,13.40907250900,52.54129645700,"1"
"201084","11","0","11","011","2019","11","18","7","2","5","3","2","0","1","0","1","0","0",804999.47501699999,5828429.57146000024,13.49629378100,52.52042605200,"1"
"201085","11","0","04","004","2019","11","15","7","3","5","3","0","0","1","1","0","0","0",793302.86531799997,5823637.43489999976,13.32018519000,52.48388383500,"0"
"201086","11","0","01","001","2019","11","17","7","3","1","5","2","1","1","0","0","0","0",796060.80330100004,5825727.85242999904,13.36253828500,52.50113424100,"1"
"201087","11","0","05","005","2019","11","17","7","3","2","7","2","0","1","0","0","0","0",786669.34459600004,5829266.37162000034,13.22761788200,52.53787460500,"1"
"201088","11","0","01","001","2019","11","17","7","3","2","2","2","0","1","0","0","0","0",797564.87483300001,5832745.71394000016,13.39091298400,52.56322264900,"1"
"201089","11","0","08","008","2019","11","16","7","3","5","2","2","1","1","0","0","0","0",801820.75308599998,5823620.62241000030,13.44522923700,52.47909162400,"1"
"201090","11","0","04","004","2019","11","15","7","2","5","2","0","0","1","0","0","0","0",791284.95799999998,5830676.18300000019,13.29671589200,52.54806585600,"1"
"201091","11","0","11","011","2019","11","20","7","3","9","1","2","0","1","0","0","0","0",805623.99670999998,5831593.65326999966,13.50837894400,52.54843390600,"1"
"201092","11","0","09","009","2019","11","14","7","3","5","2","0","0","1","0","0","0","0",806583.57045400003,5822763.85649000108,13.51435406000,52.46876022400,"1"
"201093","11","0","08","008","2019","11","14","7","3","5","2","0","0","1","0","0","0","0",802065.72540700005,5821982.64721999969,13.44734224800,52.46427479600,"1"
"201094","11","0","01","001","2019","11","14","7","3","6","2","0","0","1","1","0","0","0",798241.13957799994,5829625.07830000017,13.39805745800,52.53488049800,"1"
"201095","11","0","06","006","2019","11","14","7","3","5","3","0","0","1","0","0","0","0",792698.89786999999,5818055.68207999971,13.30642242300,52.43416852400,"1"
"201096","11","0","05","005","2019","11","19","7","2","0","1","2","0","0","0","1","0","0",784303.69779000001,5830577.84381000046,13.19395537600,52.55087267500,"1"
"201097","11","0","01","001","2019","11","14","7","3","0","1","0","0","0","0","1","0","0",794604.26550900005,5826142.62009999994,13.34150988300,52.50564068700,"1"
"201098","11","0","08","008","2019","11","14","7","3","6","2","0","0","1","1","0","0","0",800451.63207900000,5823644.41650000028,13.42515167700,52.48005984600,"1"
"201099","11","0","01","001","2019","11","14","7","3","2","6","0","0","1","0","0","0","1",796869.79445100005,5831905.15558000002,13.37993698200,52.55606747300,"1"
"201100","11","0","01","001","2019","11","18","7","2","1","5","2","0","1","0","0","0","0",798498.85596099996,5828173.91335000098,13.40054290100,52.52173173100,"0"
"201101","11","0","12","012","2019","11","18","7","3","5","7","2","0","1","0","0","0","0",792769.31330799998,5832752.83007999975,13.32037572300,52.56588634700,"1"
"201102","11","0","01","001","2019","11","13","7","3","5","3","0","1","1","0","0","0","0",798353.84324700001,5828355.12103000097,13.39857448700,52.52343537700,"1"
"201103","11","0","07","007","2019","11","18","7","3","0","6","2","0","0","0","1","0","1",794953.16291600000,5822485.03591000102,13.34339814100,52.47266432800,"1"
"201104","11","0","07","007","2019","11","13","7","3","4","7","0","0","1","0","0","0","0",796367.55452200002,5819725.28438000008,13.36171053900,52.44715987500,"1"
"201105","11","0","08","008","2019","11","12","7","3","3","6","0","0","1","0","1","0","0",801076.70215300005,5824169.46798000019,13.43480215600,52.48442178000,"1"
"201106","11","0","09","009","2019","11","12","7","3","5","2","0","0","1","0","0","0","0",808323.08732199995,5821628.94852999970,13.53883252500,52.45761027100,"1"
"201107","11","0","08","008","2019","11","11","7","3","2","6","0","0","1","0","0","0","0",802484.43671000004,5820682.08274000045,13.45230843500,52.45238608900,"1"
"201108","11","0","08","008","2019","11","11","7","3","2","6","0","0","1","0","0","0","0",801013.61272099998,5822138.13989999983,13.43204256500,52.46624913900,"1"
"201109","11","0","05","005","2019","11","00","7","3","1","1","2","0","1","0","0","0","1",786889.35528999998,5830105.08088000026,13.23157714600,52.54527835700,"1"
"201110","11","0","02","002","2019","11","00","7","3","0","1","2","1","0","0","0","0","0",801953.58095099998,5826797.98742999975,13.45005874500,52.50749721900,"1"
"201111","11","0","06","006","2019","11","23","7","3","5","2","2","0","1","0","0","0","0",792934.56744500005,5817747.02163999993,13.30960870900,52.43127527000,"1"
"201112","11","0","01","001","2019","11","23","7","3","1","5","2","1","1","0","0","0","1",799793.65127399995,5826996.67267000023,13.41850881100,52.51046931200,"0"
"201113","11","0","02","002","2019","11","22","7","3","5","2","2","1","1","0","0","0","0",803118.71593499999,5826178.99450000003,13.46660988700,52.50130318500,"1"
"201114","11","0","12","012","2019","11","22","7","3","2","6","2","0","1","0","0","0","0",790331.00742000004,5833693.09960999899,13.28532682900,52.57562164100,"0"
"201115","11","0","01","001","2019","11","21","7","2","6","2","2","0","1","1","0","0","0",797899.01641000004,5830307.31563000102,13.39364004000,52.54118296900,"0"
"201116","11","0","05","005","2019","11","21","7","2","2","6","2","0","1","0","0","0","0",784730.14299500000,5827537.93819000106,13.19762300200,52.52339417700,"1"
"201117","11","0","02","002","2019","11","21","7","3","2","6","2","0","1","0","0","0","0",799505.05383200001,5824517.58449000027,13.41203964200,52.48840649800,"1"
"201118","11","0","01","001","2019","11","18","7","3","0","1","2","1","0","0","0","0","0",796097.86280500004,5828420.43307999987,13.36547845300,52.52525064300,"1"
"201119","11","0","01","001","2019","11","11","6","3","5","2","0","1","1","0","0","0","0",796300.41855499998,5830596.30905999988,13.37039522600,52.54464512100,"0"
"201120","11","0","10","010","2019","11","23","6","3","1","5","2","0","1","0","0","1","0",812348.28054299997,5830464.69950999971,13.60616544200,52.53450377200,"1"
"201121","11","0","04","004","2019","11","23","6","3","5","3","2","0","1","0","0","0","0",793139.28139100003,5825759.83480000030,13.31965058900,52.50299826000,"1"
"201122","11","0","02","002","2019","11","22","6","3","2","6","2","0","1","0","0","0","0",799702.96092600003,5825677.67157999985,13.41598919700,52.49869632500,"1"
"201123","11","0","10","010","2019","11","22","6","2","4","6","2","0","1","0","0","0","0",812906.05055599997,5826024.81183999963,13.61018714500,52.49439789400,"1"
"201124","11","0","05","005","2019","11","21","6","3","5","2","2","0","1","0","0","0","0",779594.04513400001,5827829.95473999996,13.12236476700,52.52867085200,"1"
"201125","11","0","09","009","2019","11","20","6","3","5","2","2","0","1","0","0","0","0",804100.37213000003,5823589.30482999980,13.47866400900,52.47754637200,"1"
"201126","11","0","02","002","2019","11","20","6","3","6","2","2","0","1","1","0","0","0",800273.04739900003,5824361.16339999996,13.42317553100,52.48658257300,"1"
"201127","11","0","01","001","2019","11","19","6","2","6","4","2","0","1","1","0","0","0",796486.00674099999,5830109.17076000012,13.37268920600,52.54017748500,"1"
"201128","11","0","05","005","2019","11","19","6","3","5","2","2","0","1","0","1","0","0",783787.44657499995,5828687.16679000109,13.18474668800,52.53418984500,"1"
"201129","11","0","06","006","2019","11","18","6","3","5","3","2","0","1","0","0","0","0",796293.82700000005,5819677.49500000011,13.36058650100,52.44677144000,"1"
"201130","11","0","12","012","2019","11","18","6","3","5","3","2","0","1","0","1","0","0",793021.48754899995,5835689.06718999892,13.32668104000,52.59207240700,"0"
"201131","11","0","12","012","2019","11","18","6","2","6","7","1","0","1","1","0","0","0",793211.01719200006,5832607.17960000038,13.32674499700,52.56434295500,"0"
"201132","11","0","03","003","2019","11","10","6","3","5","2","0","0","1","0","1","0","0",798883.54500000004,5832696.66999999993,13.41026477500,52.56206078100,"0"
"201133","11","0","02","002","2019","11","09","6","3","3","6","0","0","1","0","0","0","0",798878.08486299997,5825085.69178999960,13.40334292600,52.49384241100,"0"
"201134","11","0","11","011","2019","11","14","6","2","6","4","0","0","0","1","0","1","0",803356.62627500005,5830041.19818000030,13.47362576200,52.53578702800,"0"
"201135","11","0","05","005","2019","11","09","6","3","5","5","0","0","1","0","0","0","0",782716.64641499997,5827148.66538999975,13.16769384700,52.52095163600,"0"
"201136","11","0","03","003","2019","11","14","6","3","5","3","0","0","1","0","0","0","0",796299.45378500002,5835140.52687999979,13.37443950000,52.58537957900,"0"
"201137","11","0","08","008","2019","11","13","6","3","5","2","0","1","1","0","0","0","0",800620.15892299998,5823111.12241999991,13.42714500400,52.47518698700,"0"
"201138","11","0","12","012","2019","11","08","6","3","1","5","0","0","1","0","0","0","0",791553.36952800001,5833009.62103999965,13.30271295400,52.56884096700,"0"
"201139","11","0","08","008","2019","11","11","6","3","1","7","0","0","1","0","0","0","0",801135.42869099998,5823069.10336000007,13.43467062700,52.47452652200,"0"
"201140","11","0","04","004","2019","11","11","6","3","5","3","0","0","1","0","1","0","0",792084.96347600000,5828429.93831999972,13.30650603200,52.52750055200,"0"
"201141","11","0","02","002","2019","11","11","6","3","2","6","0","0","1","0","0","0","0",800161.25451600004,5824413.02649999969,13.42158079900,52.48710891500,"0"
"201142","11","0","02","002","2019","11","08","6","3","5","3","0","1","0","0","1","0","0",800454.15853500005,5828240.33590000030,13.42933515000,52.52125325000,"0"
"201143","11","0","07","007","2019","11","07","6","3","5","3","0","1","1","0","0","0","0",799994.83958000003,5814594.17991000041,13.41032218600,52.39918835900,"0"
"201144","11","0","07","007","2019","11","06","6","3","0","2","1","1","1","0","0","0","0",795882.62235199998,5816014.10458999965,13.35131227100,52.41415424300,"0"
"201145","11","0","05","005","2019","11","06","6","3","9","1","2","0","1","0","0","0","0",784801.81945499999,5828811.55372000020,13.19976768900,52.53477596700,"0"
"201146","11","0","11","011","2019","11","17","6","2","6","4","2","0","1","1","0","0","0",803852.37684799999,5828731.48507000040,13.47971536900,52.52377237300,"0"
"201147","11","0","04","004","2019","11","17","6","3","1","5","2","1","1","0","0","0","0",791795.46841800003,5826260.31326000020,13.30034778500,52.50820528200,"1"
"201148","11","0","04","004","2019","11","17","6","3","3","2","2","0","1","0","0","1","0",790429.15435900004,5825932.91751000099,13.27998722600,52.50599926800,"1"
"201149","11","0","08","008","2019","11","17","6","3","6","4","2","0","0","1","0","0","1",801041.99201599997,5823879.37358999904,13.43403058500,52.48184072000,"0"
"201150","11","0","12","012","2019","11","16","6","3","5","2","1","1","1","0","0","0","0",790240.58256200003,5835862.82486999966,13.28589670100,52.59512126600,"1"
"201151","11","0","08","008","2019","11","16","6","3","1","5","2","1","1","0","0","0","0",801061.34008999995,5822020.66885999963,13.43263702900,52.46516991200,"0"
"201152","11","0","08","008","2019","11","13","6","3","6","4","0","0","1","1","0","0","0",805181.67827499995,5817175.72565000039,13.48867682900,52.41946067800,"0"
"201153","11","0","01","001","2019","11","16","6","3","6","4","1","0","1","1","0","0","0",796661.90494200005,5832021.06003000028,13.37698315800,52.55721970700,"1"
"201154","11","0","05","005","2019","11","15","6","3","2","7","1","1","1","0","0","0","0",783601.65744500002,5829157.63798999973,13.18241648500,52.53850488300,"1"
"201155","11","0","05","005","2019","11","16","6","3","6","2","1","0","1","1","0","0","0",782890.27333000000,5826890.29729000106,13.17002628500,52.51854496700,"1"
"201156","11","0","02","002","2019","11","09","6","3","3","5","0","1","1","0","0","0","0",800897.05099000002,5825927.21817000024,13.43375191600,52.50027602600,"0"
"201157","11","0","03","003","2019","11","15","6","3","1","5","0","1","1","0","0","0","0",797873.87075799995,5835264.95806999970,13.39772112400,52.58563518600,"0"
"201158","11","0","04","004","2019","11","15","6","3","5","2","1","0","1","0","0","0","0",791451.43268199998,5825070.20911000110,13.29425131700,52.49772000500,"0"
"201159","11","0","03","003","2019","11","15","6","3","5","3","0","1","1","0","0","0","0",798892.71140399994,5830385.95337000024,13.40831948100,52.54134368600,"0"
"201160","11","0","09","009","2019","11","15","6","3","5","3","0","1","1","0","0","0","0",818580.37390200002,5820448.51388000045,13.68816443700,52.44115172000,"0"
"201161","11","0","01","001","2019","11","15","6","3","2","6","0","1","1","0","0","0","0",794263.78746200004,5828140.43078999966,13.33827475000,52.52373360100,"2"
"201162","11","0","04","004","2019","11","15","6","3","5","2","0","1","0","0","1","0","0",793278.12148900004,5825411.64367000107,13.32138353700,52.49980225500,"0"
"201163","11","0","02","002","2019","11","16","5","3","6","4","1","0","1","1","0","0","0",801066.21670600004,5827134.98452000041,13.43732864200,52.51100819800,"1"
"201164","11","0","01","001","2019","11","08","5","3","0","5","1","1","1","0","0","0","0",796831.31856399996,5826603.60594999976,13.37463691000,52.50856589000,"0"
"201165","11","0","02","002","2019","11","20","5","3","2","2","2","0","1","0","0","0","0",799859.43528300000,5825691.17600999959,13.41829948900,52.49873141900,"0"
"201166","11","0","10","010","2019","11","20","5","3","9","1","2","0","1","0","0","0","0",810682.35694500001,5832013.31237000041,13.58313202200,52.54933356800,"0"
"201167","11","0","12","012","2019","11","19","5","3","6","2","2","0","1","1","0","0","0",794398.81096200005,5836235.23501999956,13.34744022700,52.59622458400,"0"
"201168","11","0","08","008","2019","11","17","5","3","0","6","2","0","1","0","0","0","1",800755.70888399996,5823437.48790999968,13.42942905300,52.47803769500,"0"
"201169","11","0","11","011","2019","11","17","5","3","2","6","2","0","1","0","0","0","0",806923.61619700002,5832608.08029999956,13.52842293800,52.55679460300,"0"
"201170","11","0","01","001","2019","11","17","5","3","6","2","2","0","1","1","0","0","0",796818.02849699999,5831272.81723000109,13.37861032600,52.55042750600,"0"
"201171","11","0","06","006","2019","11","17","5","3","3","2","1","1","1","0","0","0","0",793359.99010199995,5821256.91339999996,13.31893034900,52.46251256100,"0"
"201172","11","0","11","011","2019","11","16","5","3","0","2","2","0","1","0","0","0","1",807234.09499999997,5824085.00200000033,13.52511734300,52.48023515300,"0"
"201173","11","0","02","002","2019","11","18","5","3","3","5","2","1","1","0","0","0","0",799875.29625999997,5825885.68132000044,13.41870757100,52.50046614200,"0"
"201174","11","0","01","001","2019","11","15","5","3","2","2","0","1","1","0","0","0","0",798212.62972800003,5827423.52467000019,13.39566413500,52.51516208900,"0"
"201175","11","0","01","001","2019","11","15","5","3","2","2","0","0","1","0","0","0","0",795999.94338900002,5830329.62184999976,13.36573960700,52.54241786100,"0"
"201176","11","0","09","009","2019","11","14","5","3","2","6","0","0","1","0","0","0","0",806255.37818000000,5822165.69627999980,13.50898884300,52.46358334700,"0"
"201177","11","0","07","007","2019","11","17","5","3","5","2","2","0","1","0","1","0","0",794958.35194500000,5825655.23948999960,13.34627991800,52.50108034600,"0"
"201178","11","0","09","009","2019","11","17","5","3","5","2","2","0","1","0","0","0","1",812120.76055500004,5816649.08758999966,13.58989568000,52.41082833100,"0"
"201179","11","0","03","003","2019","11","13","5","2","5","3","0","0","1","0","0","0","0",797871.13295600004,5836026.16495999973,13.39836523800,52.59245980900,"2"
"201180","11","0","06","006","2019","11","17","5","2","1","5","2","1","1","0","0","0","0",787504.09404500003,5817841.90569000039,13.23003662500,52.43500714800,"1"
"201181","11","0","12","012","2019","11","12","5","3","2","6","0","0","1","0","0","0","0",790580.37980899995,5835965.39982999954,13.29098909800,52.59585937800,"0"
"201182","11","0","02","002","2019","11","12","5","3","4","6","0","1","0","0","0","0","1",800502.41387699998,5828451.68929000106,13.43023517900,52.52312107800,"0"
"201183","11","0","04","004","2019","11","08","5","3","6","7","0","0","0","1","0","0","1",792429.27032100002,5828256.07445000019,13.31141398000,52.52575733500,"0"
"201184","11","0","11","011","2019","11","08","5","3","0","2","0","1","1","0","0","0","0",805112.94234099996,5829102.19627000019,13.49857796600,52.52639093800,"0"
"201185","11","0","01","001","2019","11","08","5","3","1","5","0","1","1","0","0","0","1",796675.39471200004,5827892.44484999962,13.37349531100,52.52020382600,"1"
"201186","11","0","04","004","2019","11","07","5","3","5","3","0","1","1","0","0","0","0",793067.11384600005,5822164.33440000005,13.31542880000,52.47080450800,"0"
"201187","11","0","03","003","2019","11","07","5","3","2","1","0","0","1","0","0","0","0",796746.09037100000,5834025.18166000023,13.38001400100,52.57513843100,"1"
"201188","11","0","07","007","2019","11","07","5","3","5","2","0","1","1","0","0","0","0",797261.17668599996,5820737.60151000042,13.37572160500,52.45574920700,"0"
"201189","11","0","05","005","2019","11","05","5","3","6","4","2","0","0","1","0","0","1",781244.71399900003,5830772.17839999963,13.14912419500,52.55420333200,"1"
"201190","11","0","06","006","2019","11","14","4","3","6","4","0","0","1","1","0","0","0",787679.82521699998,5816448.70588999894,13.23141601000,52.42242364500,"0"
"201191","11","0","01","001","2019","11","08","4","3","5","3","0","1","1","0","0","0","0",798030.20199300000,5826600.30389999971,13.39224654600,52.50788266400,"1"
"201192","11","0","07","007","2019","11","08","4","2","0","5","0","0","1","0","0","0","1",796828.33526299999,5819571.92554000020,13.36833431500,52.44553518200,"1"
"201193","11","0","01","001","2019","11","09","4","3","5","2","0","1","1","0","0","0","0",794264.56563199998,5827283.12827999983,13.33752779300,52.51604799200,"1"
"201194","11","0","11","011","2019","11","08","4","3","6","4","0","0","1","1","0","0","0",802856.83048000000,5831360.80387999956,13.46748254600,52.54789234000,"1"
"201195","11","0","08","008","2019","11","08","4","3","3","6","0","0","1","0","0","1","0",800519.70247100003,5823425.44089999981,13.42595364200,52.47805962800,"1"
"201196","11","0","10","010","2019","11","08","4","3","5","2","0","0","1","0","0","0","0",812083.78926700004,5831815.30695999973,13.60354727500,52.54675821200,"1"
"201197","11","0","10","010","2019","11","07","4","3","6","2","1","0","1","1","0","0","0",809641.61506099999,5829674.51630000025,13.56565288100,52.52896683500,"1"
"201198","11","0","03","003","2019","11","06","4","3","0","3","0","0","1","0","1","0","0",801941.44682800001,5832570.49715999980,13.45512421100,52.55924285100,"1"
"201199","11","0","11","011","2019","11","06","4","3","5","2","2","1","1","0","0","0","0",805764.66509200004,5831835.63951000106,13.51066981900,52.55052371400,"1"
"201200","11","0","04","004","2019","11","01","4","3","5","2","2","0","1","0","0","0","1",792824.15211999998,5823228.33191000018,13.31279639600,52.48047327700,"1"
"201201","11","0","06","006","2019","11","23","4","3","8","1","2","0","1","0","0","0","0",793302.82123500004,5816962.25901999976,13.31432151800,52.42404271200,"0"
"201202","11","0","07","007","2019","11","18","4","3","0","2","2","0","1","0","1","0","0",799272.41366199998,5819056.05831000023,13.40372619100,52.43957885600,"1"
"201203","11","0","04","004","2019","11","20","4","3","0","5","2","0","1","0","1","0","0",791851.92660500004,5826101.29856999964,13.30103787800,52.50674954000,"1"
"201204","11","0","01","001","2019","11","06","4","3","0","5","2","0","1","0","0","0","1",797686.34303700004,5829637.84662999958,13.38991362900,52.53529825600,"1"
"201205","11","0","09","009","2019","11","17","4","3","5","2","2","1","1","0","0","0","0",809796.36046700005,5820483.12562999967,13.55938341400,52.44650860200,"1"
"201206","11","0","02","002","2019","11","16","4","3","0","5","1","1","1","0","0","0","0",800029.29332800000,5825521.60713000037,13.42064144100,52.49711814500,"1"
"201207","11","0","01","001","2019","11","18","4","3","6","7","2","0","0","1","0","0","1",795912.34035099996,5828853.25088999979,13.36313703900,52.52923117800,"1"
"201208","11","0","03","003","2019","11","16","4","2","6","2","2","0","1","1","0","0","0",802909.93907399999,5833159.46626999974,13.46990466900,52.56398377100,"1"
"201209","11","0","03","003","2019","11","16","4","2","5","3","2","0","1","0","0","0","0",800023.42979700002,5832024.31458000001,13.42642242000,52.55540739900,"1"
"201210","11","0","01","001","2019","11","15","4","2","5","3","1","1","1","0","0","0","0",797759.26817699999,5829747.60682999901,13.39108394700,52.53624228000,"1"
"201211","11","0","11","011","2019","11","15","4","3","5","3","0","1","1","0","0","0","0",806507.97300000000,5825546.49000000022,13.51580271000,52.49374144400,"1"
"201212","11","0","01","001","2019","11","19","4","3","5","2","2","0","1","0","0","0","1",799650.56868200004,5827044.15997000039,13.41644955100,52.51097357700,"1"
"201213","11","0","01","001","2019","11","15","4","3","2","6","0","0","1","0","0","0","0",795195.42396299995,5831365.20423000026,13.35483143200,52.55213743400,"1"
"201214","11","0","12","012","2019","11","15","4","3","5","3","0","0","1","0","0","0","0",793389.51000000001,5832514.29899999965,13.32928860700,52.56341417700,"1"
"201215","11","0","11","011","2019","11","14","4","3","5","3","0","1","1","0","0","0","0",803456.24878999998,5826558.44070999976,13.47191295000,52.50451649200,"1"
"201216","11","0","02","002","2019","11","14","4","2","6","4","0","0","1","1","0","0","0",802046.30982299999,5826911.44089999981,13.45152380300,52.50846277700,"1"
"201217","11","0","09","009","2019","11","13","4","3","3","6","0","1","0","0","0","0","1",808959.22295500000,5819389.59047000110,13.54609417500,52.43718204100,"1"
"201218","11","0","07","007","2019","11","13","4","3","1","5","0","1","1","0","0","0","0",796932.83129200002,5823518.93771999981,13.37337882600,52.48085973200,"1"
"201219","11","0","03","003","2019","11","13","4","3","5","3","0","0","1","0","0","0","0",796970.28162100003,5835826.70351999998,13.38492687100,52.59116451100,"1"
"201220","11","0","11","011","2019","11","11","4","3","5","3","0","0","1","0","1","0","0",807312.34690100001,5825365.48618000001,13.52744652000,52.49166700700,"1"
"201221","11","0","08","008","2019","11","11","4","3","5","3","0","1","1","0","0","0","0",802114.99381799996,5823638.89013000019,13.44956519100,52.47909266800,"1"
"201222","11","0","06","006","2019","11","10","4","3","2","6","0","0","1","0","1","0","0",792139.05700000003,5819531.48699999973,13.29950091500,52.44769835700,"1"
"201223","11","0","10","010","2019","11","09","4","2","5","3","0","0","1","0","0","0","0",810562.27672099997,5825072.58973000105,13.57488788000,52.48720306700,"1"
"201224","11","0","01","001","2019","11","08","4","3","5","2","0","1","1","0","0","0","0",799727.25834299996,5827762.84324999899,13.41822353800,52.51737331500,"1"
"201225","11","0","01","001","2019","11","16","4","3","0","1","2","0","0","0","1","0","0",797630.28908899997,5828236.02768000029,13.38783472300,52.52276329200,"1"
"201226","11","0","06","006","2019","11","09","3","3","6","7","0","0","1","1","0","0","0",795224.32181300002,5821146.86703000031,13.34619475400,52.46052201500,"0"
"201227","11","0","02","002","2019","11","17","3","3","0","7","2","0","0","0","1","0","0",802383.00868800003,5827444.91256999969,13.45695439400,52.51305775000,"1"
"201228","11","0","01","001","2019","11","21","3","3","1","5","2","1","1","0","0","0","0",794135.12205799995,5828462.44713000022,13.33666859500,52.52668970800,"0"
"201229","11","0","07","007","2019","11","20","3","3","1","6","2","0","1","0","0","0","0",795117.47490899998,5821327.90746999905,13.34478676700,52.46220264500,"0"
"201230","11","0","01","001","2019","11","18","3","3","5","2","2","0","1","0","1","0","0",795583.46451299998,5826668.56857999973,13.35636187100,52.50982577400,"1"
"201231","11","0","02","002","2019","11","19","3","2","6","4","2","0","1","1","0","0","0",800097.78803399997,5825908.51418999955,13.42199599100,52.50054849400,"1"
"201232","11","0","11","011","2019","11","19","3","3","2","6","2","0","1","0","0","0","0",803606.15665899997,5829765.50217999984,13.47704156700,52.53317710900,"1"
"201233","11","0","07","007","2019","11","22","3","3","5","2","2","0","1","0","1","0","0",797851.38910300005,5822205.66861000098,13.38569204700,52.46858751800,"0"
"201234","11","0","12","012","2019","11","21","3","3","6","2","2","0","1","1","0","0","0",796337.15101100004,5832502.89204000030,13.37263711900,52.56171561900,"1"
"201235","11","0","08","008","2019","11","00","3","3","6","2","2","0","1","1","0","0","0",802163.93951199995,5823374.92191999964,13.45004452200,52.47669961700,"0"
"201236","11","0","01","001","2019","11","11","3","3","6","7","0","0","1","1","0","0","0",798081.41895399999,5826800.68862000015,13.39317839400,52.50965087900,"1"
"201237","11","0","06","006","2019","11","10","3","3","2","2","0","0","1","0","0","0","1",795052.12699999998,5819045.09200000018,13.34181092400,52.44177379500,"0"
"201238","11","0","03","003","2019","11","10","3","3","0","3","0","0","1","0","1","0","0",804240.83356900001,5841815.08652999904,13.49743324700,52.64081667600,"1"
"201239","11","0","08","008","2019","11","10","3","3","1","5","0","1","1","0","0","0","0",801480.42526499997,5823921.50843000039,13.44050529400,52.48197650800,"0"
"201240","11","0","01","001","2019","11","09","3","3","6","4","0","1","0","1","0","0","0",796537.73834399995,5827813.35740999971,13.37140194100,52.51956976200,"1"
"201241","11","0","03","003","2019","11","09","3","2","0","2","0","0","1","0","0","0","1",803225.18654100003,5838044.89919000026,13.47901169500,52.60759451800,"0"
"201242","11","0","03","003","2019","11","09","3","3","0","1","0","0","0","0","1","0","0",800881.36131800001,5831615.14554999955,13.43866793900,52.55126668400,"0"
"201243","11","0","08","008","2019","11","08","3","3","5","3","0","0","1","0","0","0","0",803357.67699199996,5817393.02077000029,13.46213461900,52.42242235500,"1"
"201244","11","0","03","003","2019","11","08","3","2","0","3","0","1","1","0","0","0","0",800680.76772600005,5831567.29891000036,13.43567505400,52.55094859100,"1"
"201245","11","0","06","006","2019","11","08","3","2","6","4","0","0","1","1","0","0","0",795010.18333399994,5819657.66170999967,13.34173649700,52.44728777900,"1"
"201246","11","0","07","007","2019","11","07","3","3","6","4","0","0","1","1","0","0","0",795665.11626399995,5824476.73971000034,13.35561560100,52.49013355000,"0"