OBJECTID,ULAND,UREGBEZ,UKREIS,UGEMEINDE,UJAHR,UMONAT,USTUNDE,UWOCHENTAG,UKATEGORIE,UART,UTYP1,ULICHTVERH,IstRad,IstPKW,IstFuss,IstKrad,IstGkfz,IstSonstig,LINREFX,LINREFY,XGCSWGS84,YGCSWGS84,STRZUSTAND
"201247","11","0","01","001","2019","11","08","3","3","0","4","0","0","0","1","1","0","0",796222.51116400003,5830762.87375999987,13.36939828400,52.54618056600,"1"
"201248","11","0","02","002","2019","11","07","3","3","1","5","0","0","1","0","0","0","0",796995.12443800003,5824255.06314999890,13.37494925900,52.48742448600,"0"
"201249","11","0","11","011","2019","11","07","3","3","5","2","0","1","0","0","0","0","1",805538.72025899997,5833408.49572999962,13.50879571200,52.56474684600,"0"
"201250","11","0","11","011","2019","11","07","3","3","0","1","0","1","0","0","0","0","0",802899.88432600000,5829212.58311999962,13.46615736700,52.52861433400,"1"
"201251","11","0","11","011","2019","11","06","3","3","5","2","1","1","0","0","0","0","0",803850.71606200002,5828776.41598000005,13.47973201500,52.52417599900,"0"
"201252","11","0","03","003","2019","11","02","3","3","8","1","2","0","1","0","0","0","0",799521.38369299995,5833955.30001000036,13.42078263400,52.57299180000,"1"
"201253","11","0","04","004","2019","11","18","3","3","0","1","2","1","0","0","0","0","0",792229.01894800004,5830696.37022999953,13.31061663500,52.54774121600,"0"
"201254","11","0","03","003","2019","11","17","3","3","0","1","1","0","0","0","1","0","0",799133.63437400002,5833866.37605000101,13.41499792400,52.57240798300,"1"
"201255","11","0","07","007","2019","11","17","3","3","0","1","2","0","0","0","1","0","0",796561.90712600003,5823810.98044000007,13.36819271000,52.48367919200,"1"
"201256","11","0","12","012","2019","11","16","3","3","5","3","2","1","1","0","0","0","0",790737.33235699998,5833706.28777999990,13.29131753000,52.57552295000,"1"
"201257","11","0","07","007","2019","11","16","3","3","3","6","0","0","1","0","1","0","0",796572.13073199999,5823846.10412999894,13.36837407100,52.48398849100,"1"
"201258","11","0","11","011","2019","11","17","3","3","5","7","2","0","1","0","1","0","0",804271.03773900005,5827844.58700000029,13.48505597000,52.51558999500,"1"
"201259","11","0","01","001","2019","11","15","3","3","0","4","1","1","0","1","0","0","0",798755.62786300003,5828975.71358999982,13.40503647600,52.52877810800,"1"
"201260","11","0","02","002","2019","11","15","3","3","5","2","1","1","1","0","0","0","0",801126.64397500001,5828575.59908000007,13.43952025400,52.52388732500,"1"
"201261","11","0","04","004","2019","11","15","3","3","5","2","0","1","1","0","0","0","0",791668.23599399999,5823133.05370999966,13.29574046900,52.48023773500,"1"
"201262","11","0","07","007","2019","11","15","3","3","1","5","0","0","1","0","0","0","0",797505.90349000006,5820130.96453000046,13.37877217200,52.45017816400,"0"
"201263","11","0","02","002","2019","11","14","3","3","5","3","0","1","1","0","0","0","0",799912.00756000006,5825985.09999000095,13.41933630300,52.50133710000,"1"
"201264","11","0","02","002","2019","11","14","3","2","5","2","0","1","1","0","0","0","0",797749.36199999996,5824034.29499999993,13.38582718100,52.48503473400,"1"
"201265","11","0","09","009","2019","11","16","3","3","2","6","2","0","1","0","0","0","0",806204.25051299995,5820292.67796999961,13.50652110800,52.44682520300,"0"
"201266","11","0","01","001","2019","11","13","3","3","5","2","0","1","1","0","0","0","0",797775.82700000005,5827350.94799999986,13.38918124200,52.51475018200,"1"
"201267","11","0","01","001","2019","11","12","3","3","5","3","0","0","1","0","1","0","0",797893.58436800004,5831001.19670000020,13.39418245800,52.54740566500,"0"
"201268","11","0","06","006","2019","11","12","3","3","5","3","0","1","1","0","0","0","0",790574.18545500003,5819763.49077000096,13.27674189800,52.45061228200,"0"
"201269","11","0","07","007","2019","11","12","3","3","0","1","0","0","0","0","1","0","0",795572.49432900001,5825157.45753999986,13.35485932200,52.49628581600,"1"
"201270","11","0","03","003","2019","11","12","3","3","5","3","0","1","0","0","0","0","0",798695.63331599999,5833450.05279999971,13.40817921400,52.56891682600,"0"
"201271","11","0","01","001","2019","11","11","3","3","3","6","0","1","1","0","0","0","0",794513.36925999995,5828437.81151999999,13.34220618200,52.52626466300,"1"
"201272","11","0","04","004","2019","11","05","3","3","1","5","2","1","1","0","0","0","0",791857.72806700005,5823626.71886999905,13.29895500100,52.48456215300,"0"
"201273","11","0","01","001","2019","11","22","2","3","0","1","2","0","0","0","1","0","0",795450.01322299999,5829550.36509000044,13.35696122900,52.53573097700,"1"
"201274","11","0","01","001","2019","11","21","2","3","2","2","2","0","1","0","1","0","0",799457.32896600000,5827067.30016000010,13.41363146000,52.51128710900,"1"
"201275","11","0","01","001","2019","11","20","2","3","2","6","2","0","1","0","0","0","1",794201.49617099995,5827151.07942999899,13.33648427000,52.51489827800,"1"
"201276","11","0","01","001","2019","11","18","2","3","7","7","1","1","0","0","0","0","0",794721.08186200005,5830905.50043999963,13.34744765600,52.54827341600,"1"
"201277","11","0","04","004","2019","11","19","2","3","6","4","2","0","1","1","0","0","0",792971.83230500005,5826025.48273999989,13.31742445500,52.50546963600,"1"
"201278","11","0","01","001","2019","11","17","2","3","1","5","2","0","1","0","0","0","1",794793.13540300005,5829957.23443000019,13.34766563600,52.53973395700,"1"
"201279","11","0","07","007","2019","11","13","2","3","2","6","0","0","1","0","0","0","0",799196.24621100002,5820017.88365999982,13.40347024200,52.44824206400,"1"
"201280","11","0","07","007","2019","11","14","2","3","6","4","0","0","1","1","0","0","0",794950.95212499995,5825382.27051000018,13.34592946700,52.49863736500,"0"
"201281","11","0","12","012","2019","11","14","2","3","5","7","0","0","1","0","0","0","0",791450.86485100002,5836601.38423999958,13.30436394900,52.60109494200,"1"
"201282","11","0","12","012","2019","11","18","2","3","5","2","1","1","1","0","0","0","0",794845.73805100005,5833049.45543000102,13.35118529600,52.56742475900,"1"
"201283","11","0","09","009","2019","11","14","2","3","5","7","0","0","1","0","0","0","1",811202.15423700004,5821189.19689999986,13.58065912700,52.45203780700,"0"
"201284","11","0","03","003","2019","11","14","2","3","6","4","0","0","1","1","0","0","0",802089.05949300004,5832462.10269999970,13.45719640300,52.55818945700,"1"
"201285","11","0","12","012","2019","11","18","2","3","5","3","1","0","1","0","0","0","0",794374.31996700005,5836231.58495999966,13.34707645200,52.59620512300,"1"
"201286","11","0","04","004","2019","11","18","2","3","5","2","2","0","1","0","1","0","0",794203.50952199998,5824944.77694999892,13.33456420800,52.49511893600,"1"
"201287","11","0","07","007","2019","11","14","2","3","6","4","0","0","1","1","0","0","0",798112.37261500000,5819919.36885999981,13.38748111700,52.44795106800,"0"
"201288","11","0","06","006","2019","11","18","2","3","5","2","2","1","1","0","0","0","0",793276.90570899996,5819084.81264999975,13.31580340000,52.44308484800,"1"
"201289","11","0","05","005","2019","11","18","2","3","2","6","2","0","1","0","0","0","0",786149.94913199998,5829143.19237999991,13.21987469100,52.53704319800,"1"
"201290","11","0","02","002","2019","11","13","2","3","2","6","1","0","1","0","0","0","0",797117.78757299995,5824091.29480999894,13.37660445700,52.48588972900,"1"
"201291","11","0","09","009","2019","11","17","2","3","6","2","2","0","1","1","0","0","0",802657.26899999997,5824415.36600000039,13.45823051200,52.48575197000,"1"
"201292","11","0","01","001","2019","11","13","2","3","0","3","0","0","1","0","1","0","0",795944.32681200001,5831560.65704999957,13.36601892500,52.55348308700,"1"
"201293","11","0","07","007","2019","11","13","2","3","1","5","0","0","1","0","0","0","0",797917.62257999997,5817153.79552000016,13.38215938600,52.42326670900,"0"
"201294","11","0","03","003","2019","11","13","2","3","5","3","0","0","1","0","0","0","1",802868.91387699998,5838271.41096000001,13.47397387600,52.60982326400,"1"
"201295","11","0","04","004","2019","11","13","2","3","5","3","0","0","1","0","0","0","0",792194.03274199995,5824059.70911999978,13.30427306400,52.48826396800,"1"
"201296","11","0","06","006","2019","11","12","2","2","5","3","0","1","1","0","0","0","0",796263.29399999999,5817908.59999999963,13.35857061100,52.43093116400,"1"
"201297","11","0","10","010","2019","11","12","2","3","0","3","0","0","1","0","0","0","0",813289.49408300000,5829072.11751999985,13.61868440400,52.52148479600,"1"
"201298","11","0","01","001","2019","11","16","2","3","6","4","2","0","1","1","0","0","0",795896.32900000003,5831964.50999999978,13.36567304200,52.55712930400,"1"
"201299","11","0","04","004","2019","11","15","4","2","6","7","0","0","1","1","0","0","0",789447.08099000005,5826676.13155999966,13.26620462700,52.51318428300,"0"
"201300","11","0","01","001","2019","11","15","4","2","5","2","0","1","1","0","0","0","0",793680.17098900001,5828001.17724000011,13.32957435900,52.52279993300,"0"
"201301","11","0","12","012","2019","11","16","2","3","1","5","1","1","0","0","0","0","1",794222.62940099998,5833326.46238000039,13.34226423100,52.57024505300,"0"
"201302","11","0","08","008","2019","11","10","2","2","5","2","0","1","0","0","0","1","0",802753.71839599998,5822970.34136999957,13.45833457200,52.47274676000,"1"
"201303","11","0","06","006","2019","11","15","2","3","5","2","0","0","0","0","1","1","0",791751.35986900004,5819295.88812999893,13.29360671100,52.44579323800,"0"
"201304","11","0","08","008","2019","11","15","4","3","6","4","0","0","1","1","0","0","0",800993.94062999997,5822642.41901999991,13.43220877000,52.47077999900,"0"
"201305","11","0","05","005","2019","11","10","2","3","4","6","0","0","1","0","0","0","0",788076.75642700004,5829040.78297000099,13.24811608000,52.53510992500,"1"
"201306","11","0","04","004","2019","11","10","4","3","2","6","0","1","1","0","0","0","0",790600.62667300005,5825985.25892999955,13.28255219600,52.50637720400,"0"
"201307","11","0","09","009","2019","11","09","2","3","3","6","0","0","1","0","0","0","0",809743.87074499996,5820764.23017000034,13.55887418700,52.44905754300,"1"
"201308","11","0","01","001","2019","11","06","2","3","6","2","1","0","1","1","0","0","0",794554.57765800005,5829071.77524999902,13.34337352500,52.53192544700,"0"
"201309","11","0","08","008","2019","11","08","4","3","0","3","0","0","1","0","0","0","1",802549.33590399998,5822124.63552000001,13.45456786000,52.46527989100,"0"
"201310","11","0","08","008","2019","11","08","2","3","5","3","0","1","1","0","0","0","0",805278.62266300002,5817252.07070999965,13.49016760500,52.42009087100,"1"
"201311","11","0","06","006","2019","11","07","2","3","5","2","0","1","1","0","0","0","0",792369.43409500003,5820812.05004999973,13.30400221000,52.45905531900,"1"
"201312","11","0","09","009","2019","11","07","2","3","2","6","0","0","1","0","0","0","0",803492.01834700000,5820687.93785000034,13.46709561700,52.45188011500,"1"
"201313","11","0","12","012","2019","11","08","4","3","5","2","0","0","1","0","0","0","0",795786.90599999996,5832580.13200000022,13.36461240100,52.56270718800,"0"
"201314","11","0","11","011","2019","11","06","2","3","5","2","1","0","1","0","1","0","0",806067.59333700000,5825805.77529000025,13.50957462200,52.49631235300,"1"
"201315","11","0","01","001","2019","11","07","2","3","0","6","1","1","1","0","0","0","0",797298.57302899996,5831152.48373000044,13.38556894900,52.54908680500,"1"
"201316","11","0","11","011","2019","11","07","4","3","5","3","0","1","1","0","0","0","0",807228.02289499994,5824304.40153000038,13.52523037700,52.48220486500,"0"
"201317","11","0","05","005","2019","11","07","2","3","5","2","0","0","1","0","0","0","1",785632.94214499998,5828030.24858999904,13.21131636600,52.52733595100,"1"
"201318","11","0","10","010","2019","11","06","4","2","5","2","2","0","1","0","1","0","0",811165.85867999995,5828366.98371999990,13.58682649300,52.51638176700,"0"
"201319","11","0","07","007","2019","11","06","2","3","6","2","1","0","1","1","0","0","0",796809.06660699996,5821977.85830000043,13.37019036900,52.46711268500,"1"
"201320","11","0","11","011","2019","11","06","2","3","6","4","2","0","0","1","1","0","0",803811.53010500001,5826269.51982999966,13.47686762600,52.50172926700,"1"
"201321","11","0","01","001","2019","11","08","4","3","2","3","0","1","0","0","0","0","0",795155.56299999997,5827075.52199999988,13.35043606700,52.51370549600,"0"
"201322","11","0","03","003","2019","11","16","4","3","5","2","2","1","0","0","0","0","1",801884.78920500004,5829850.55460999906,13.45181867200,52.53489553400,"0"
"201323","11","0","12","012","2019","11","13","1","3","0","7","0","0","0","0","1","0","0",790697.63347600005,5835383.49213999975,13.29220455600,52.59058002100,"1"
"201324","11","0","12","012","2019","11","05","1","2","1","5","2","0","1","0","0","0","0",795866.49579800002,5836893.97606999893,13.36963405500,52.60133296100,"1"
"201325","11","0","09","009","2019","11","11","3","3","5","7","0","0","0","0","0","0","1",806011.15723400004,5819743.78844000027,13.50318613400,52.44201388500,"0"
"201326","11","0","01","001","2019","11","10","3","3","2","2","0","0","1","0","0","0","0",793673.17088600004,5828112.64238000009,13.32956990800,52.52380293100,"0"
"201327","11","0","02","002","2019","11","03","1","3","0","1","2","1","0","1","0","0","0",802658.97109600005,5826992.06199999992,13.46059673700,52.50884583700,"1"
"201328","11","0","03","003","2019","11","01","1","3","2","6","2","0","1","0","1","0","0",800072.45305600006,5835852.37421999965,13.43060720300,52.58969210300,"1"
"201329","11","0","08","008","2019","11","17","1","3","2","7","2","0","1","0","0","0","0",802187.68655300001,5819292.75040000025,13.44669818700,52.44009737500,"1"
"201330","11","0","02","002","2019","11","10","3","3","5","2","0","1","0","0","0","0","1",803466.78700000001,5827006.25700000022,13.47247593400,52.50852431100,"0"
"201331","11","0","09","009","2019","11","17","1","3","0","1","2","1","0","0","0","0","0",810807.18299999996,5820377.39599999972,13.57411030500,52.44498746400,"1"
"201332","11","0","01","001","2019","11","08","3","3","5","2","0","1","1","0","0","0","0",797530.27975099999,5829429.60952000041,13.38743312100,52.53351688500,"0"
"201333","11","0","01","001","2019","11","15","1","3","5","3","0","1","1","0","0","0","0",797698.97300000000,5831738.17200000025,13.39198169100,52.55411806800,"1"
"201334","11","0","01","001","2019","11","15","1","3","2","6","0","0","1","0","0","0","0",796440.35649899999,5831973.49411000032,13.37368228300,52.55691397400,"0"
"201335","11","0","11","011","2019","11","08","3","3","5","3","0","0","1","0","0","0","1",807999.07279300003,5825553.24954000022,13.53770276700,52.49296272300,"0"
"201336","11","0","03","003","2019","11","15","1","3","5","3","0","1","1","0","0","0","0",797412.35710100003,5833971.48785999976,13.38976868300,52.57429344800,"1"
"201337","11","0","05","005","2019","11","14","1","3","0","7","0","0","0","0","1","0","0",789192.92615600000,5829306.21011000033,13.26475716800,52.53689841400,"1"
"201338","11","0","01","001","2019","11","15","1","3","5","3","0","0","1","0","0","0","0",796410.01103800000,5832009.17351000104,13.37326784600,52.55725031800,"0"
"201339","11","0","05","005","2019","11","08","3","3","5","7","0","0","1","0","0","0","0",786810.68711599999,5828194.82091000024,13.22877148300,52.52819309500,"0"
"201340","11","0","02","002","2019","11","08","3","3","2","6","0","0","1","0","0","0","0",800408.02642899996,5828006.17514999956,13.42844580500,52.51917981400,"0"
"201341","11","0","03","003","2019","11","14","1","3","0","1","0","1","0","0","0","0","0",802252.33814300003,5833053.07440999895,13.46013583100,52.56339565200,"1"
"201342","11","0","02","002","2019","11","06","1","3","1","5","2","0","1","0","0","0","0",802440.90798200003,5826786.86955999956,13.45720706200,52.50712763800,"1"
"201343","11","0","01","001","2019","11","08","3","2","5","2","0","1","1","0","0","0","0",796898.81695400004,5828889.31424999982,13.37766847800,52.52901807400,"0"
"201344","11","0","06","006","2019","11","21","1","3","2","7","2","0","1","0","0","0","0",789829.89964099997,5818697.99492000043,13.26489595700,52.44145485600,"1"
"201345","11","0","04","004","2019","11","19","5","3","6","2","2","0","1","1","0","0","0",792321.42809599999,5825370.77630000003,13.30729436400,52.49994921400,"1"
"201346","11","0","05","005","2019","11","18","5","3","5","3","2","0","0","0","1","0","0",782762.96519599995,5827471.62963999994,13.16864928800,52.52382342900,"1"
"201347","11","0","12","012","2019","11","18","5","3","6","4","2","0","1","1","0","0","0",793204.95020800002,5832390.59049999993,13.32646434700,52.56240462000,"1"
"201348","11","0","09","009","2019","11","07","5","3","2","6","0","0","1","0","0","1","0",804015.57717399998,5821191.45739000104,13.47523475700,52.45610216500,"0"
"201349","11","0","08","008","2019","11","06","5","3","6","4","1","0","1","1","0","0","0",800686.54077900003,5816195.27175999992,13.42189589000,52.41316053400,"0"
"201350","11","0","03","003","2019","11","05","5","3","6","4","2","0","1","1","0","0","0",798435.69985700003,5831740.80982999969,13.40281822400,52.55373853200,"1"
"201351","11","0","05","005","2019","11","07","5","3","5","2","0","0","1","0","0","0","1",784819.22599199996,5829147.34554000013,13.20031142700,52.53777757000,"0"
"201352","11","0","03","003","2019","11","08","4","3","0","2","0","1","1","0","0","0","0",800154.69777600002,5836464.76967000030,13.43237253900,52.59513571500,"1"
"201353","11","0","02","002","2019","11","21","4","3","5","3","2","0","1","0","0","0","0",800458.17835399997,5827591.76798999961,13.42880847200,52.51543773100,"1"
"201354","11","0","11","011","2019","11","19","4","3","6","4","2","0","1","1","0","0","0",805340.10195699998,5833267.72358999960,13.50574503500,52.56359663000,"0"
"201355","11","0","03","003","2019","11","19","4","3","5","3","2","0","1","0","0","0","0",803468.02504600002,5838537.19467000104,13.48303826300,52.61187120900,"1"
"201356","11","0","02","002","2019","11","17","4","3","4","7","2","1","0","0","0","0","0",799690.45064000005,5825221.33473000024,13.41539489800,52.49461282500,"1"
"201357","11","0","01","001","2019","11","17","4","3","5","3","2","1","1","0","0","0","0",796971.32837200002,5830138.93685000110,13.37985080900,52.54018003000,"1"
"201358","11","0","10","010","2019","11","17","4","3","5","3","2","0","1","0","0","1","0",812129.43404099997,5828311.56764999963,13.60092867600,52.51533460900,"1"
"201359","11","0","10","010","2019","11","17","4","3","5","2","2","1","1","0","0","0","0",808531.28640700004,5829984.17399000097,13.54962469600,52.53237143300,"1"
"201360","11","0","05","005","2019","11","16","4","3","5","3","2","0","1","0","0","0","0",787940.23083699995,5830042.03430000041,13.24697655300,52.54415872000,"0"
"201361","11","0","09","009","2019","11","22","4","3","0","1","2","0","0","0","0","0","1",804293.77824699995,5822764.64879999962,13.48075065600,52.47004748600,"0"
"201362","11","0","08","008","2019","11","22","4","3","0","7","2","0","1","0","1","0","0",801044.90643500001,5822061.40366999898,13.43243260300,52.46554408600,"0"
"201363","11","0","02","002","2019","11","19","4","3","0","2","2","0","1","0","1","0","0",797471.96799999999,5824553.36099999957,13.38221746800,52.48983879300,"1"
"201364","11","0","04","004","2019","11","21","4","3","5","3","2","0","1","0","0","0","0",792435.42433199997,5824093.48911000043,13.30784770100,52.48843754700,"0"
"201365","11","0","09","009","2019","11","12","4","3","5","3","0","0","1","0","0","0","0",807818.29442499997,5818416.06558000017,13.52846710600,52.42910039600,"1"
"201366","11","0","07","007","2019","11","11","4","3","9","1","0","0","1","0","0","0","0",797581.11899999995,5815565.23055000044,13.37581285600,52.40920978100,"1"
"201367","11","0","08","008","2019","11","10","4","3","2","6","0","1","1","0","0","0","0",802439.07358400000,5823196.95566000044,13.45392181700,52.47495221300,"1"
"201368","11","0","01","001","2019","11","10","4","2","2","6","0","1","1","0","0","0","0",797529.21527900000,5827586.68027000036,13.38576858600,52.51699782700,"1"
"201369","11","0","02","002","2019","11","10","4","3","5","7","0","1","1","0","0","0","0",802887.79922100005,5826678.81053000037,13.46367308600,52.50591120300,"1"
"201370","11","0","08","008","2019","11","10","4","3","0","6","0","0","1","0","1","0","0",801628.00994300004,5824130.12095999997,13.44286071600,52.48376484000,"1"
"201371","11","0","07","007","2019","11","09","4","3","4","7","0","1","0","0","0","0","0",799073.35512600001,5818818.69053999986,13.40059408200,52.43756004100,"0"
"201372","11","0","11","011","2019","11","09","4","3","6","4","0","0","1","1","0","0","0",804188.85222899995,5830668.24583000038,13.48643184200,52.54094314200,"1"
"201373","11","0","05","005","2019","11","08","4","3","0","1","0","0","0","0","1","0","0",785185.97363799997,5831351.74476999976,13.20759719200,52.55735013600,"1"
"201374","11","0","04","004","2019","11","08","4","2","6","4","0","0","0","1","1","0","0",790335.90281100001,5826677.88511000108,13.27926699500,52.51272760700,"1"
"201375","11","0","04","004","2019","11","08","4","2","6","2","0","0","0","1","0","1","0",792830.71008600004,5824334.19137000106,13.31386423000,52.49038348900,"1"
"201376","11","0","04","004","2019","11","08","4","3","2","6","0","0","1","0","0","0","0",792015.33633199998,5825978.74022999965,13.30333117400,52.50556338600,"1"
"201377","11","0","04","004","2019","11","06","4","3","6","4","1","0","1","1","0","0","0",794162.16092299996,5827016.23670999892,13.33578707300,52.51371070800,"1"
"201378","11","0","06","006","2019","11","07","4","2","5","2","0","1","1","0","0","0","0",792761.35302599997,5817958.28894999903,13.30725321000,52.43326198300,"1"
"201379","11","0","07","007","2019","11","07","4","3","3","6","2","0","1","0","0","1","0",797357.27625500003,5815535.57153000031,13.37250540400,52.40906553500,"1"
"201380","11","0","04","004","2019","11","07","4","3","5","2","0","0","1","0","0","0","1",791475.47521299997,5828279.73264000006,13.29741555200,52.52648019500,"1"
"201381","11","0","09","009","2019","11","16","4","2","5","3","2","1","1","0","0","0","0",805033.97185900004,5820664.82239999995,13.48969502800,52.45081474100,"0"
"201382","11","0","04","004","2019","11","15","4","3","6","4","1","1","0","1","0","0","0",793942.33167999994,5825896.63645000104,13.33156827900,52.50379259900,"0"
"201383","11","0","12","012","2019","11","14","4","3","0","1","0","0","1","0","1","0","0",790554.81104299997,5834541.90878999978,13.28936416700,52.58311166400,"1"
"201384","11","0","11","011","2019","11","14","4","3","6","4","0","0","0","1","0","0","1",804591.75398299994,5831059.06003999989,13.49271265100,52.54422075100,"1"
"201385","11","0","08","008","2019","11","13","4","3","4","6","0","0","1","0","0","0","0",801297.04154899996,5817483.58356000017,13.43200475400,52.42437253600,"1"
"201386","11","0","05","005","2019","11","07","4","3","5","2","0","0","1","0","1","0","0",782233.67549599998,5827613.41793000046,13.16098892900,52.52536901900,"1"
"201387","11","0","04","004","2019","11","07","4","3","0","3","1","1","1","0","0","0","0",794552.66917300003,5826005.74629999977,13.34063079700,52.50444155700,"1"
"201388","11","0","04","004","2019","11","06","4","3","6","2","2","0","1","1","0","0","0",790787.13002699998,5827381.81699999981,13.28651265500,52.51879798600,"1"
"201389","11","0","01","001","2019","11","09","4","3","3","6","0","1","1","0","0","0","0",798270.60938899999,5828838.56326000020,13.39778494100,52.52781432800,"1"
"201390","11","0","05","005","2019","11","06","4","3","7","7","2","1","0","0","0","0","0",787852.69130700000,5829367.50727999955,13.24510478900,52.53815754700,"1"
"201391","11","0","01","001","2019","11","05","4","2","5","2","2","1","1","0","0","0","0",796624.08884900005,5829798.59738999978,13.37444199500,52.53731838400,"1"
"201392","11","0","01","001","2019","11","04","4","3","0","1","2","0","0","0","0","0","1",798667.91644199996,5829439.91517999955,13.40416440800,52.53298707600,"1"
"201393","11","0","03","003","2019","11","13","3","3","6","4","0","0","1","1","0","0","0",799478.33643999998,5829106.72013999987,13.41577619000,52.52955583900,"1"
"201394","11","0","01","001","2019","11","22","3","3","5","2","2","0","1","0","0","0","1",796989.12065000006,5831491.73261000030,13.38132204200,52.55229656900,"1"
"201395","11","0","01","001","2019","11","22","3","2","6","4","2","0","0","1","1","0","0",798027.79514299997,5828916.91827000026,13.39428650200,52.52864947300,"1"
"201396","11","0","04","004","2019","11","23","3","3","2","6","2","0","1","0","0","0","0",791525.40127799998,5828059.33005999960,13.29795616900,52.52447762400,"1"
"201397","11","0","11","011","2019","11","21","3","3","5","3","2","1","1","0","0","0","0",807997.92200000002,5833894.41799999960,13.54541330700,52.56771603000,"1"
"201398","11","0","07","007","2019","11","19","3","3","1","5","2","0","1","0","0","0","1",800203.12196699996,5821228.52438000031,13.41932961000,52.45854173100,"0"
"201399","11","0","01","001","2019","11","19","3","3","6","7","2","0","1","1","0","0","0",797677.27946200001,5827911.84573000018,13.38823514800,52.51983174500,"1"
"201400","11","0","05","005","2019","11","19","3","3","6","2","2","0","1","1","0","0","0",781830.82243099995,5830216.76822999958,13.15727469300,52.54892029300,"1"
"201401","11","0","07","007","2019","11","20","3","2","6","2","2","0","1","1","0","0","0",795383.53384499997,5824017.91966000013,13.35107377900,52.48617299800,"1"
"201402","11","0","03","003","2019","11","18","3","3","6","4","2","0","1","1","0","0","0",798431.72101900005,5831801.41215000022,13.40281419000,52.55428392500,"1"
"201403","11","0","10","010","2019","11","17","3","3","2","6","2","0","1","0","0","0","0",809333.04343299998,5832727.95916000009,13.56396178200,52.55650577800,"0"
"201404","11","0","07","007","2019","11","17","3","3","6","2","2","0","1","1","0","0","0",797290.34615400003,5821379.54487999994,13.37672127300,52.46148773400,"0"
"201405","11","0","08","008","2019","11","17","3","2","6","4","1","0","1","1","0","0","0",802381.53159300005,5819176.28072000016,13.44943591300,52.43894629500,"0"
"201406","11","0","08","008","2019","11","16","3","3","2","6","2","0","1","0","0","1","0",800566.08187800006,5820560.30730000045,13.42405402000,52.45235271400,"0"
"201407","11","0","11","011","2019","11","16","3","3","5","2","2","1","1","0","0","0","0",806577.56726399995,5827759.13312000036,13.51886178200,52.51353257200,"0"
"201408","11","0","04","004","2019","11","15","3","3","5","2","0","0","1","0","0","0","1",790068.35670600005,5827332.83652999904,13.27590656200,52.51874167700,"0"
"201409","11","0","04","004","2019","11","14","3","3","5","3","0","1","1","0","0","0","0",793687.25077499996,5826349.20779000036,13.32822027900,52.50798704400,"0"
"201410","11","0","05","005","2019","11","15","3","2","0","4","1","0","0","1","1","0","0",785050.83709499997,5829397.02412000019,13.20393127900,52.53989506500,"0"
"201411","11","0","07","007","2019","11","19","3","2","1","7","2","0","1","0","0","0","0",800596.21011800005,5814147.32246000040,13.41873373000,52.39485318400,"0"
"201412","11","0","07","007","2019","11","14","3","3","5","7","0","0","1","0","0","0","0",795878.77800000005,5824525.61699999962,13.35879668500,52.49045593100,"0"
"201413","11","0","09","009","2019","11","14","3","3","2","6","0","0","1","0","0","0","0",812035.61253899999,5820032.98959999997,13.59180444300,52.44120151100,"0"
"201414","11","0","04","004","2019","11","14","3","3","5","2","0","0","1","0","0","0","0",793341.42685299995,5829716.17771000043,13.32610924100,52.53835643200,"0"
"201415","11","0","04","004","2019","11","15","3","3","2","6","0","0","1","0","0","0","0",791251.65291099995,5829731.11412000004,13.29539746000,52.53961126700,"0"
"201416","11","0","01","001","2019","11","11","3","3","1","5","0","0","1","0","0","0","0",796436.24111199996,5830101.44184000045,13.37195067100,52.54013527800,"0"
"201417","11","0","11","011","2019","11","11","3","3","2","6","0","0","1","0","0","0","0",804934.79841499997,5829954.27326000016,13.49674174800,52.53412730100,"0"
"201418","11","0","07","007","2019","11","09","3","3","1","5","0","1","1","0","0","0","0",796976.50100599998,5820982.14226999972,13.37176190900,52.45809603900,"0"
"201419","11","0","09","009","2019","11","10","3","2","6","7","0","0","1","1","0","0","0",810378.02665200003,5820333.64823000040,13.56777563600,52.44483916900,"0"
"201420","11","0","02","002","2019","11","06","3","3","5","2","2","1","1","0","0","0","0",801950.57794700004,5829055.51611000020,13.45206351800,52.52773317000,"0"
"201421","11","0","08","008","2019","11","09","3","3","5","3","0","0","1","0","0","0","1",802234.41115499998,5822478.78211999964,13.45026704200,52.46862843500,"0"
"201422","11","0","08","008","2019","11","09","3","3","0","7","0","0","1","0","0","0","0",801749.03126700001,5822595.30900999904,13.44324878600,52.46994118700,"0"
"201423","11","0","04","004","2019","11","08","3","3","5","2","0","1","1","0","0","0","0",792948.32333399996,5825292.44328999892,13.31643418000,52.49891080900,"0"
"201424","11","0","01","001","2019","11","08","3","3","5","3","0","1","1","0","0","0","0",798815.77725699998,5829376.95497999992,13.40628116300,52.53234168900,"0"
"201425","11","0","07","007","2019","11","08","3","3","5","3","0","0","1","0","0","0","0",798284.74785199994,5820981.80202999897,13.39095889500,52.45738055200,"0"
"201426","11","0","09","009","2019","11","07","3","3","2","2","0","1","1","0","0","0","0",806152.05953700002,5820168.51578000002,13.50564179900,52.44574162900,"1"