OBJECTID,ULAND,UREGBEZ,UKREIS,UGEMEINDE,UJAHR,UMONAT,USTUNDE,UWOCHENTAG,UKATEGORIE,UART,UTYP1,ULICHTVERH,IstRad,IstPKW,IstFuss,IstKrad,IstGkfz,IstSonstig,LINREFX,LINREFY,XGCSWGS84,YGCSWGS84,STRZUSTAND
"201427","11","0","02","002","2019","11","07","3","3","8","1","1","1","0","0","0","0","0",801435.89483500004,5825665.58963999990,13.44142916100,52.49763363100,"1"
"201428","11","0","03","003","2019","11","07","3","2","6","2","0","0","0","1","0","1","0",800840.25851199997,5833477.49701000098,13.43975175100,52.56798184800,"0"
"201429","11","0","05","005","2019","11","08","2","3","5","2","0","1","1","0","0","0","0",785043.85480299999,5829397.78751000110,13.20382926000,52.53990556200,"0"
"201430","11","0","08","008","2019","11","17","2","3","6","2","2","0","1","1","0","0","0",801392.35918999999,5819274.67779999971,13.43501674900,52.44037426800,"1"
"201431","11","0","09","009","2019","11","18","2","3","5","2","2","1","0","0","0","1","0",808820.43735300004,5814861.53419000097,13.53988087400,52.39667970500,"1"
"201432","11","0","04","004","2019","11","18","2","3","2","7","2","0","1","0","0","0","0",793897.61560799996,5823106.64018999971,13.32845048500,52.47880569400,"1"
"201433","11","0","01","001","2019","11","17","2","3","0","1","2","1","0","0","0","0","0",795485.34980600001,5827928.01102000009,13.35603884500,52.52116880000,"1"
"201434","11","0","06","006","2019","11","16","2","3","5","3","2","0","1","0","0","0","0",790544.66831800004,5820806.46073000040,13.27721631400,52.45997841000,"1"
"201435","11","0","03","003","2019","11","17","2","3","5","2","2","1","1","0","0","0","0",798652.43234199996,5831486.95237999968,13.40577705200,52.55134427900,"1"
"201436","11","0","02","002","2019","11","18","2","3","0","7","2","1","0","0","0","0","0",802333.62734999997,5827096.64274000004,13.45591256400,52.50996358900,"0"
"201437","11","0","01","001","2019","11","16","2","3","6","2","1","0","1","1","0","0","0",796671.50173200003,5828256.21459999960,13.37376257000,52.52346676000,"1"
"201438","11","0","12","012","2019","11","16","2","3","6","6","2","0","1","1","0","0","0",796680.22667400003,5832831.89847999997,13.37797753600,52.56447795900,"1"
"201439","11","0","11","011","2019","11","16","2","3","0","3","2","0","1","0","0","0","1",802949.85208300001,5829190.49567000102,13.46687156600,52.52838860400,"1"
"201440","11","0","04","004","2019","11","17","2","3","5","3","2","0","1","0","0","0","0",794157.61061700003,5825333.35689000040,13.33423323000,52.49862708700,"1"
"201441","11","0","09","009","2019","11","17","2","2","6","4","2","0","1","1","0","0","0",807558.58014900004,5815389.04619000107,13.52187775800,52.40211741400,"1"
"201442","11","0","10","010","2019","11","15","2","3","5","2","0","1","1","0","0","0","0",807911.97593800002,5830177.70930999890,13.54070277400,52.53445606000,"1"
"201443","11","0","01","001","2019","11","17","2","3","6","4","2","1","0","1","0","0","0",797133.68460599997,5827775.02842999902,13.38012496000,52.51890179700,"1"
"201444","11","0","02","002","2019","11","15","2","3","5","3","0","1","0","0","0","0","1",800580.25473199994,5827008.28022000007,13.43007504400,52.51014050100,"1"
"201445","11","0","03","003","2019","11","13","2","2","5","3","1","1","1","0","0","0","0",798342.17500000005,5834830.07500000019,13.40422133600,52.58148050500,"1"
"201446","11","0","07","007","2019","11","17","2","2","6","2","2","0","1","1","0","0","0",798342.10131599999,5823947.40479999967,13.39445255400,52.48393231600,"1"
"201447","11","0","12","012","2019","11","13","2","3","5","3","0","0","1","0","0","0","0",791240.00298500003,5836664.23704999965,13.30131462600,52.60177138700,"1"
"201448","11","0","04","004","2019","11","13","2","3","2","3","0","1","1","0","0","0","0",793093.02269100002,5822997.53878999967,13.31654132400,52.47826004400,"1"
"201449","11","0","05","005","2019","11","17","2","3","2","6","2","0","1","0","0","0","1",785139.21842900000,5828332.41896000039,13.20431748300,52.53030366000,"1"
"201450","11","0","12","012","2019","11","17","2","3","6","2","2","0","0","1","0","0","1",792920.49251699995,5837069.22719999962,13.32641537500,52.60449912700,"1"
"201451","11","0","12","012","2019","11","12","2","2","5","2","0","1","0","0","0","1","0",792185.42953500000,5832956.49545999989,13.31196533900,52.56802581800,"0"
"201452","11","0","10","010","2019","11","19","2","3","1","5","2","0","1","0","1","0","0",813204.36751899996,5828907.52931000106,13.61727888600,52.52005882700,"1"
"201453","11","0","01","001","2019","11","12","2","2","5","2","0","0","1","0","1","0","0",794556.44022300001,5828348.39807000104,13.34276001900,52.52543986400,"1"
"201454","11","0","01","001","2019","11","19","2","3","2","6","2","0","1","0","1","0","0",798603.14037000004,5829069.09580000024,13.40287919300,52.52969869400,"1"
"201455","11","0","04","004","2019","11","10","2","3","5","2","0","0","1","0","0","0","1",791287.88300000003,5830670.43499999959,13.29675386500,52.54801276200,"1"
"201456","11","0","05","005","2019","11","09","2","2","5","2","0","0","1","0","0","0","0",780070.89613500005,5827690.34956000000,13.12925807700,52.52717424800,"0"
"201457","11","0","06","006","2019","11","09","2","3","2","2","0","0","1","0","0","0","0",794267.90471899998,5820262.01771000028,13.33137859100,52.45310559300,"1"
"201458","11","0","03","003","2019","11","09","2","3","6","4","0","0","1","1","0","0","0",797873.88960100000,5833063.37167000026,13.39574347100,52.56590104500,"0"
"201459","11","0","09","009","2019","11","08","2","2","6","4","0","0","1","1","0","0","0",806506.01596999995,5821467.72458000015,13.51202570500,52.45718734600,"1"
"201460","11","0","09","009","2019","11","08","2","3","5","2","0","1","1","0","0","0","0",810475.99520600005,5821194.30829999968,13.57001233300,52.45249650200,"1"
"201461","11","0","01","001","2019","11","08","2","3","5","2","0","1","0","0","0","0","1",794542.79630799999,5829072.98385000043,13.34320141600,52.53194264800,"0"
"201462","11","0","01","001","2019","11","08","2","3","0","1","0","1","0","0","0","0","0",797303.96258299996,5829025.11806000024,13.38374466200,52.53001459200,"1"
"201463","11","0","07","007","2019","11","07","2","3","2","6","0","0","1","0","1","0","0",797121.29075100005,5819459.10902000032,13.37253170200,52.44436477000,"1"
"201464","11","0","08","008","2019","11","07","2","3","1","5","0","1","1","0","0","0","1",800997.51705799997,5824808.74247999955,13.43421690400,52.49019543400,"1"
"201465","11","0","06","006","2019","11","07","2","3","6","4","0","0","1","1","0","0","0",793806.63794900000,5818010.13662000000,13.32263009900,52.43316634600,"1"
"201466","11","0","12","012","2019","11","06","2","2","5","2","2","0","1","0","0","0","1",792614.39764099999,5832068.91583999991,13.31749355900,52.55983864700,"1"
"201467","11","0","02","002","2019","11","16","1","2","6","4","2","0","1","1","0","0","0",801413.89904299995,5826411.34654999897,13.44178110000,52.50433012400,"1"
"201468","11","0","12","012","2019","11","15","1","3","0","3","0","0","1","0","1","0","0",795225.10574499995,5832472.28424999956,13.35625263200,52.56204534000,"1"
"201469","11","0","03","003","2019","11","15","1","3","5","3","0","1","1","0","0","0","0",802703.29384299996,5831775.81352999900,13.46560349200,52.55169732200,"1"
"201470","11","0","09","009","2019","11","14","1","3","1","7","0","1","0","0","0","0","1",810692.84699999995,5819595.20600000024,13.57170629200,52.43804272800,"1"
"201471","11","0","09","009","2019","11","13","1","3","0","7","0","0","0","0","1","0","0",821418.63459899998,5819147.13877000101,13.72852693400,52.42783126000,"1"
"201472","11","0","02","002","2019","11","10","1","3","5","3","0","0","1","0","0","0","0",797592.10778199998,5825950.10345999990,13.38522948300,52.50229352300,"1"
"201473","11","0","06","006","2019","11","09","1","3","5","3","0","0","1","0","0","0","0",789600.37422300002,5817095.78120000008,13.26014065900,52.42721193700,"1"
"201474","11","0","12","012","2019","11","08","1","3","5","3","0","0","1","0","1","0","0",792121.03956900002,5838486.81223000027,13.31589560100,52.61763724900,"1"
"201475","11","0","08","008","2019","11","17","1","2","6","4","2","0","1","1","0","0","0",800517.27918700001,5822031.77838000003,13.42466258900,52.46556899400,"1"
"201476","11","0","02","002","2019","11","02","1","3","1","5","2","1","1","0","0","0","0",797105.54540900001,5824371.17757999990,13.37667419700,52.48840525300,"0"
"201477","11","0","01","001","2019","11","23","1","3","5","3","2","0","1","0","0","0","0",797168.91723300004,5831918.62930000015,13.38434818200,52.55602511300,"1"
"201478","11","0","12","012","2019","11","06","1","3","8","1","2","0","1","0","0","0","0",793155.23063500004,5835888.46463000029,13.32882621400,52.59378781200,"1"
"201479","11","0","11","011","2019","11","21","1","3","4","1","2","0","1","0","0","0","0",803447.78621000005,5826640.27419999987,13.47186323500,52.50525465500,"1"
"201480","11","0","03","003","2019","11","20","1","3","5","2","2","1","1","0","0","0","0",800291.92736199999,5831596.39310999960,13.42998380100,52.55142386800,"1"
"201481","11","0","08","008","2019","11","20","1","2","6","3","2","0","1","1","0","0","0",799592.97838500002,5816418.45081999991,13.40606543100,52.41576063600,"1"
"201482","11","0","08","008","2019","11","17","1","3","6","4","2","0","1","1","0","0","0",800470.43537800002,5823610.84948999900,13.42539747300,52.47974862600,"1"
"201483","11","0","09","009","2019","11","17","1","2","5","2","2","0","1","0","0","0","0",805016.79162100004,5822703.75291999988,13.49130593200,52.46909851200,"1"
"201484","11","0","07","007","2019","11","15","1","3","1","7","1","0","1","0","0","0","1",795507.30099999998,5823842.73199999984,13.35273587300,52.48453559600,"1"
"201485","11","0","12","012","2019","11","07","1","3","9","1","2","0","1","0","0","0","0",794727.22698699997,5838578.83779000025,13.35436188500,52.61705491400,"1"
"201486","11","0","02","002","2019","11","05","7","3","5","3","2","0","1","0","0","0","0",798213.29612800002,5826240.77381999977,13.39461423700,52.50455988200,"1"
"201487","11","0","10","010","2019","11","14","7","3","5","2","0","0","1","0","0","0","0",811351.13689600001,5831956.27072000038,13.59290985300,52.54844059900,"0"
"201488","11","0","08","008","2019","11","22","7","3","2","6","2","0","1","0","0","0","0",800596.70202500001,5823190.78361000028,13.42687247900,52.47591393000,"0"
"201489","11","0","06","006","2019","11","19","7","3","6","2","2","0","1","1","0","0","0",792760.98557899997,5817474.72015000042,13.30682443900,52.42892704100,"0"
"201490","11","0","02","002","2019","11","18","7","3","2","6","2","0","1","0","0","0","0",799704.30092800001,5825792.79129999969,13.41611247000,52.49972746300,"0"
"201491","11","0","01","001","2019","11","18","7","3","2","6","2","0","1","0","0","0","0",796900.65992799995,5831389.63470000029,13.37992987500,52.55142960600,"0"
"201492","11","0","01","001","2019","11","14","7","3","5","2","0","0","1","0","0","0","0",794506.93056699994,5830649.91645999998,13.34407192500,52.54609810900,"1"
"201493","11","0","01","001","2019","11","00","7","2","1","5","2","0","1","0","0","0","1",797534.47321400000,5828459.25944000017,13.38662636400,52.52481658900,"0"
"201494","11","0","05","005","2019","11","09","7","3","5","2","0","0","1","0","0","0","0",781304.42599999998,5828384.76400000043,13.14798071700,52.53276563700,"1"
"201495","11","0","10","010","2019","11","07","7","3","0","1","2","0","0","0","1","0","0",806477.23191800003,5830220.04626999982,13.51965570200,52.53564412000,"1"
"201496","11","0","06","006","2019","11","06","7","3","5","3","2","1","1","0","0","0","0",793658.72369100002,5817265.07086999901,13.31980634700,52.42656645800,"1"
"201497","11","0","07","007","2019","11","20","7","3","2","6","2","0","1","0","0","0","0",794662.99500000000,5821785.93599999975,13.33852106900,52.46655388800,"0"
"201498","11","0","06","006","2019","11","05","7","2","9","1","2","0","1","1","0","0","0",791275.56403100002,5819857.48852999974,13.28711559300,52.45108172000,"0"
"201499","11","0","02","002","2019","11","20","7","3","5","2","2","0","1","0","0","0","0",797824.23546100000,5824931.06035999954,13.38772798100,52.49303236000,"0"
"201500","11","0","03","003","2019","11","19","7","3","0","3","2","0","1","0","1","0","0",797781.00800000003,5832958.84999999963,13.39428337800,52.56501496100,"0"
"201501","11","0","02","002","2019","11","18","7","3","2","6","2","0","1","0","0","0","0",801708.10617200006,5826161.84320000000,13.44587643400,52.50193119700,"0"
"201502","11","0","09","009","2019","11","13","7","3","5","2","0","0","1","0","0","0","0",803992.42564499995,5823070.49146999978,13.47660662600,52.47295645800,"0"
"201503","11","0","04","004","2019","11","13","7","3","5","7","0","0","1","0","0","0","0",794159.01139600005,5824046.88965999987,13.33311797500,52.48709382700,"0"
"201504","11","0","04","004","2019","11","12","7","3","6","7","0","0","1","1","0","0","0",791058.02304700005,5823011.51436000038,13.28667440100,52.47947371100,"0"
"201505","11","0","01","001","2019","11","02","7","3","0","2","2","0","1","0","0","0","0",799479.81900000002,5828830.29299999960,13.41554899400,52.52707728600,"0"
"201506","11","0","11","011","2019","11","12","7","3","2","6","0","0","1","0","0","0","0",804099.47695399995,5829827.46167000104,13.48434866400,52.53345742700,"1"
"201507","11","0","01","001","2019","11","10","7","2","0","5","0","0","1","0","1","0","0",795027.69770799996,5830902.19261999987,13.35195345000,52.54807779400,"1"
"201508","11","0","01","001","2019","11","11","6","3","6","4","0","0","1","1","0","0","0",794275.11475199996,5829266.55023000110,13.33943797900,52.53382242600,"0"
"201509","11","0","02","002","2019","11","22","6","3","0","3","2","1","1","0","0","0","0",799611.25352100004,5824523.31372999959,13.41360419000,52.48839958100,"0"
"201510","11","0","11","011","2019","11","07","6","3","6","4","2","0","1","1","0","0","0",804725.56324000005,5830609.27149000019,13.49426717200,52.54011472100,"1"
"201511","11","0","07","007","2019","11","19","6","3","5","2","2","1","1","0","0","0","0",793990.63100000005,5821564.09100000001,13.32845667500,52.46492735100,"0"
"201512","11","0","04","004","2019","11","17","6","3","0","5","2","1","1","0","0","0","0",794003.20692999999,5825127.66767999995,13.33178369200,52.49686639300,"0"
"201513","11","0","12","012","2019","11","17","6","3","2","6","2","0","1","0","0","0","0",793510.57978499995,5832412.68321000040,13.33097968900,52.56243799900,"0"
"201514","11","0","01","001","2019","11","13","1","3","5","3","0","0","1","0","1","0","0",796970.23097899999,5826857.93248999957,13.37690459600,52.51077005600,"0"
"201515","11","0","11","011","2019","11","12","1","3","5","3","0","1","1","0","0","0","0",807403.69232200005,5827435.60168999899,13.53069848300,52.51016812600,"0"
"201516","11","0","07","007","2019","11","17","6","3","3","6","2","0","1","0","0","1","0",797283.26373300003,5822715.26190999895,13.37780738200,52.47346494800,"0"
"201517","11","0","04","004","2019","11","12","1","3","3","6","0","0","1","0","0","0","1",790466.74634099996,5826727.73716000002,13.28123316600,52.51310487100,"0"
"201518","11","0","04","004","2019","11","16","6","3","2","6","0","0","1","0","0","0","1",789728.35918399994,5827431.81237000041,13.27099599500,52.51980975900,"0"
"201519","11","0","07","007","2019","11","11","1","3","0","5","0","1","1","0","0","0","0",795998.93483299995,5824088.12684999965,13.36017265600,52.48646905800,"0"
"201520","11","0","03","003","2019","11","10","1","3","5","3","0","0","1","0","0","0","0",802876.53073100001,5838280.70839000028,13.47409452900,52.60990234900,"0"
"201521","11","0","01","001","2019","11","16","6","3","0","1","0","1","0","0","0","0","0",796973.22458299994,5830136.22822999954,13.37987626600,52.54015471700,"1"
"201522","11","0","04","004","2019","11","01","1","3","1","1","2","0","1","0","0","0","0",790964.50819700002,5829482.82801000029,13.29095812700,52.53753880500,"0"
"201523","11","0","04","004","2019","11","16","1","3","6","2","2","0","1","1","0","0","0",791918.82018599997,5822381.67241999973,13.29876210300,52.47336777300,"0"
"201524","11","0","09","009","2019","11","02","1","3","0","1","2","1","0","0","0","0","0",809832.03949400003,5820239.52515999973,13.55968082200,52.44430528900,"1"
"201525","11","0","02","002","2019","11","14","6","3","5","3","0","1","1","0","0","0","0",801242.68510899995,5827686.68049000110,13.44042048800,52.51585571800,"0"
"201526","11","0","03","003","2019","11","14","6","3","5","3","0","1","1","0","0","0","0",801007.25457899994,5832192.39453999978,13.44104245900,52.55637106900,"0"
"201527","11","0","07","007","2019","11","19","1","2","6","4","2","0","1","1","0","0","0",797232.41151799995,5818631.57026000042,13.37342581700,52.43688625700,"0"
"201528","11","0","01","001","2019","11","17","1","3","0","1","2","0","0","0","0","0","1",795321.17249699996,5828215.85111000109,13.35388172500,52.52383799400,"0"
"201529","11","0","10","010","2019","11","15","6","2","5","3","0","1","1","0","0","0","0",808914.22090199997,5828162.46011000033,13.55356003800,52.51582882700,"0"
"201530","11","0","11","011","2019","11","17","7","3","2","6","2","0","1","0","0","0","0",805990.83022200002,5830120.47047000099,13.51241520000,52.53502498900,"0"
"201531","11","0","01","001","2019","11","17","7","2","0","1","2","1","0","0","0","0","0",796989.61823000002,5828921.42360000033,13.37903174500,52.52925643800,"0"
"201532","11","0","07","007","2019","11","15","6","3","5","3","1","0","1","0","0","0","0",797652.38451200002,5815482.48268999904,13.37678390800,52.40842928200,"0"
"201533","11","0","04","004","2019","11","14","6","3","5","3","0","0","1","0","0","0","0",790793.49899999995,5826011.63900000043,13.28540894400,52.50651093300,"0"
"201534","11","0","01","001","2019","11","15","7","3","6","4","0","0","1","1","0","0","0",794839.03426099999,5830601.18833999988,13.34891197500,52.54548167100,"0"
"201535","11","0","11","011","2019","11","13","7","3","2","6","0","0","1","0","0","0","0",804246.80654599995,5828708.47886999976,13.48549007300,52.52334623600,"0"
"201536","11","0","03","003","2019","11","14","6","3","2","6","0","0","1","0","0","0","0",799375.66332199995,5831789.82930999901,13.41668498000,52.55366207300,"0"
"201537","11","0","02","002","2019","11","14","6","3","2","2","0","0","0","0","1","0","1",800925.82885799999,5826867.14843000099,13.43502409500,52.50868498400,"0"
"201538","11","0","03","003","2019","11","12","7","3","0","5","0","0","1","0","0","0","0",802659.84559200006,5831603.91579999961,13.46480795700,52.55018077900,"0"
"201539","11","0","07","007","2019","11","12","7","3","3","6","0","1","1","0","0","0","0",796038.54003699997,5815367.61218000017,13.35302636000,52.40827454700,"0"
"201540","11","0","11","011","2019","11","22","7","3","0","2","2","1","1","0","0","0","0",805170.54634799995,5827714.53675999958,13.49815142300,52.51392188700,"0"
"201541","11","0","07","007","2019","11","12","6","3","6","7","0","0","1","1","0","0","0",798742.28448000003,5823946.89159000106,13.40032775100,52.48370891500,"0"
"201542","11","0","10","010","2019","11","20","7","2","6","4","2","0","1","1","0","0","0",810330.61436100001,5831826.81087999977,13.57778691700,52.54786273500,"0"
"201543","11","0","04","004","2019","11","14","6","3","0","7","0","1","1","0","0","0","0",792682.23100399994,5827414.73307000101,13.31439163900,52.51807925800,"0"
"201544","11","0","01","001","2019","11","19","7","3","0","5","2","0","1","0","0","0","0",796202.06712499994,5832318.25427000038,13.37048537100,52.56013404000,"0"
"201545","11","0","06","006","2019","11","20","7","2","4","6","2","0","1","0","0","0","0",793509.11432099994,5817397.78385000024,13.31772879900,52.42783647600,"0"
"201546","11","0","01","001","2019","11","13","6","2","0","6","0","0","1","0","1","0","0",793531.54411500006,5828191.94208000042,13.32755839800,52.52459007800,"0"
"201547","11","0","10","010","2019","11","19","7","3","0","1","2","0","0","0","1","0","0",811302.66084799997,5831243.53180000000,13.59152929700,52.54208127600,"0"
"201548","11","0","12","012","2019","11","10","7","3","2","6","0","0","1","0","0","0","0",793455.59483299998,5836101.88281999994,13.33343681000,52.59553897600,"0"
"201549","11","0","04","004","2019","11","10","7","3","5","2","0","0","1","0","0","0","0",791659.47158000001,5827534.02403999958,13.29946606800,52.51969664000,"0"
"201550","11","0","11","011","2019","11","13","6","3","6","7","0","0","1","1","0","0","0",805660.71363500005,5831946.91964999959,13.50924391600,52.55157937400,"0"
"201551","11","0","01","001","2019","11","13","6","2","0","2","0","1","1","0","0","0","0",799108.78687600000,5828466.04031999968,13.40976845900,52.52401599200,"0"
"201552","11","0","08","008","2019","11","07","7","3","0","1","2","1","0","0","0","0","0",800472.78726999997,5823727.85214999970,13.42553743800,52.48079607300,"0"
"201553","11","0","11","011","2019","11","02","7","3","9","1","2","0","1","0","0","0","0",805643.38265100005,5831768.53949000034,13.50882491100,52.54999040800,"1"
"201554","11","0","01","001","2019","11","12","6","3","0","2","0","1","1","0","0","0","0",797709.78919699998,5832893.58784000017,13.39317721600,52.56446892300,"0"
"201555","11","0","04","004","2019","11","12","6","3","1","5","0","1","1","0","0","0","0",792099.56688699999,5822057.27426999900,13.30113155300,52.47036295100,"0"
"201556","11","0","12","012","2019","11","09","6","3","5","3","0","1","1","0","0","0","0",794872.06638300000,5835831.68814000022,13.35404765200,52.59235075500,"1"
"201557","11","0","08","008","2019","11","17","6","3","6","2","2","0","1","1","0","0","0",801265.34126400005,5819668.01592000015,13.43350834600,52.44396988400,"0"
"201558","11","0","01","001","2019","11","12","6","3","3","6","0","0","1","0","1","0","0",796522.56378500001,5829892.22044999897,13.37303304600,52.53821286500,"0"
"201559","11","0","12","012","2019","11","21","6","3","5","3","2","0","1","0","0","0","0",790303.90385500004,5834952.33824000042,13.28603095400,52.58692506100,"0"
"201560","11","0","01","001","2019","11","20","6","3","6","7","2","0","1","1","0","0","0",797722.96813000005,5831842.19194000028,13.39242785200,52.55503735400,"0"
"201561","11","0","01","001","2019","11","10","6","3","5","5","0","1","0","0","0","0","1",799496.90214999998,5827092.05912000034,13.41423512000,52.51148731000,"0"
"201562","11","0","05","005","2019","11","10","6","3","5","7","0","0","1","0","1","0","0",787955.47903799999,5828206.12533999979,13.24560996300,52.52769093800,"0"
"201563","11","0","08","008","2019","11","19","6","3","5","2","2","0","1","0","0","0","0",801551.80049099994,5820650.69110000040,13.43859729500,52.45261998800,"0"
"201564","11","0","02","002","2019","11","23","6","3","0","7","2","1","0","0","0","0","0",798827.64932700002,5824523.63568000030,13.40209818400,52.48883194800,"0"
"201565","11","0","06","006","2019","11","19","6","2","1","7","2","0","1","0","0","0","0",791994.49254999997,5820117.75841000024,13.29789235500,52.45303149000,"1"
"201566","11","0","03","003","2019","11","09","6","3","1","5","0","1","1","0","0","0","0",799005.54263799998,5829155.11995999981,13.40887087400,52.53024920400,"0"
"201567","11","0","04","004","2019","11","19","6","3","3","5","2","0","1","0","1","0","0",791369.20413099998,5823439.94142000005,13.29161791400,52.48314861500,"1"
"201568","11","0","05","005","2019","11","10","6","2","0","7","0","0","1","0","0","0","1",782743.61099900003,5828424.26644000039,13.16917494800,52.53237513400,"0"
"201569","11","0","01","001","2019","11","18","6","3","5","2","2","1","1","0","0","0","0",797203.92805400002,5827496.80989999976,13.38090860600,52.51636960400,"0"
"201570","11","0","02","002","2019","11","18","6","3","1","5","2","1","1","0","0","0","1",800862.60633700003,5826860.88410000037,13.43408969600,52.50866370500,"1"
"201571","11","0","09","009","2019","11","08","6","3","2","6","0","0","1","0","0","0","0",804361.81555099995,5821762.93498999905,13.48083560000,52.46103149000,"0"
"201572","11","0","01","001","2019","11","08","6","3","5","2","0","0","1","0","0","0","0",795953.23206299997,5828336.41131999996,13.36327805500,52.52457599400,"0"
"201573","11","0","03","003","2019","11","18","6","3","0","5","2","0","1","0","0","0","0",801854.65714000002,5831260.59116999898,13.45265687100,52.54755035100,"0"
"201574","11","0","11","011","2019","11","06","6","3","0","6","1","0","1","0","1","0","0",802728.97273299994,5829377.74053999968,13.46379603000,52.53018955000,"0"
"201575","11","0","03","003","2019","11","17","6","3","2","6","2","0","1","0","0","0","0",799178.02800000005,5830843.98300000001,13.41292652000,52.54529263600,"0"
"201576","11","0","03","003","2019","11","17","6","3","1","5","2","1","1","0","0","0","0",799031.27621200006,5831444.71248999890,13.41130979300,52.55075781900,"0"
"201577","11","0","03","003","2019","11","08","6","3","6","7","0","1","0","1","0","0","0",801473.68551800004,5831873.45327000041,13.44761199000,52.55325440200,"0"
"201578","11","0","05","005","2019","11","06","6","2","6","4","2","0","1","1","0","0","0",786377.36541400000,5828222.61667000037,13.22242534700,52.52867011800,"0"
"201579","11","0","08","008","2019","11","17","6","3","2","6","2","0","1","0","0","0","0",804804.01188500004,5817830.84695999976,13.48373734600,52.42554284100,"1"
"201580","11","0","05","005","2019","11","17","6","2","0","1","2","1","0","0","0","0","0",784774.51232500002,5828598.27904000040,13.19918344400,52.53287801900,"0"
"201581","11","0","01","001","2019","11","08","6","3","3","6","0","0","1","0","0","1","0",793636.55068400002,5829857.45722999983,13.33057298500,52.53946398100,"0"
"201582","11","0","05","005","2019","11","05","6","2","6","4","2","0","0","1","0","0","1",781903.21186299995,5827174.91679999977,13.15575910300,52.52160818000,"0"
"201583","11","0","09","009","2019","11","17","6","3","0","7","2","1","0","0","0","0","0",806255.93120600004,5819251.81151999999,13.50632527900,52.43746753700,"0"
"201584","11","0","09","009","2019","11","17","6","3","6","7","2","0","1","1","0","0","0",808265.13862800004,5819689.98096000031,13.53619308800,52.44026579000,"0"
"201585","11","0","10","010","2019","11","07","6","2","5","3","1","1","1","0","0","0","0",811312.76011499995,5831178.17597000021,13.59161649600,52.54148983600,"0"
"201586","11","0","10","010","2019","11","17","6","3","0","5","2","0","1","0","0","0","0",809576.82594899996,5828347.85728999972,13.56346605800,52.51711461200,"0"
"201587","11","0","07","007","2019","11","16","5","3","6","2","1","0","0","1","0","0","1",795802.44207700004,5816035.17394000012,13.35015543300,52.41438645100,"0"
"201588","11","0","06","006","2019","11","11","6","3","5","3","0","0","1","0","0","0","0",794564.57696400001,5816321.25660999957,13.33225943300,52.41761861400,"1"
"201589","11","0","09","009","2019","11","10","6","3","8","7","0","0","1","0","0","0","0",809849.65699299995,5816529.37349999975,13.55650219900,52.41104551600,"1"
"201590","11","0","04","004","2019","11","19","5","3","6","7","2","0","0","1","0","0","1",794525.99739300006,5825937.10195999965,13.34017825500,52.50384060100,"0"
"201591","11","0","12","012","2019","11","07","5","3","3","6","2","0","1","0","0","0","0",796673.06734499999,5832743.00915000029,13.37779274100,52.56368507000,"0"
"201592","11","0","02","002","2019","11","16","6","3","1","5","1","1","1","0","0","0","0",801092.76625800005,5824994.76602999959,13.43578361200,52.49181028500,"0"
"201593","11","0","10","010","2019","11","15","6","3","1","5","1","0","1","0","0","0","0",813017.57160599995,5827641.40942999907,13.61334390100,52.50882036100,"0"
"201594","11","0","12","012","2019","11","07","5","3","5","3","0","1","1","0","0","0","0",789628.12319600000,5840182.93111000024,13.28066275300,52.63417727600,"0"
"201595","11","0","06","006","2019","11","09","5","3","6","2","0","0","1","1","0","0","0",794979.14099999995,5816232.57500000019,13.33825943800,52.41660035200,"0"
"201596","11","0","04","004","2019","11","15","6","3","5","2","0","0","1","0","0","0","1",791859.70085999998,5827450.36194000021,13.30233528200,52.51883949600,"0"
"201597","11","0","07","007","2019","11","13","6","3","0","6","0","1","1","0","0","0","0",797475.66341399995,5822858.98835000023,13.38075986100,52.47464855700,"0"
"201598","11","0","04","004","2019","11","01","5","3","5","2","2","0","1","0","0","1","0",791743.59019899997,5828604.72960000020,13.30164162200,52.52925031600,"0"
"201599","11","0","09","009","2019","11","19","5","3","4","6","2","0","1","0","0","0","0",810694.70617200003,5819544.71447999962,13.57168662500,52.43758918500,"0"
"201600","11","0","11","011","2019","11","13","6","3","6","4","0","0","1","1","0","0","0",805280.58819899999,5833199.23811000027,13.50480676400,52.56301621400,"0"
"201601","11","0","02","002","2019","11","09","6","3","5","2","0","1","1","0","0","0","0",802769.51837700000,5827688.03003999963,13.46285376200,52.51502238500,"1"
"201602","11","0","11","011","2019","11","09","6","3","5","2","0","0","1","0","0","0","0",805836.43400000001,5831865.07699999958,13.51175210600,52.55074725100,"0"
"201603","11","0","10","010","2019","11","19","5","2","1","5","2","0","1","0","0","0","1",813072.86565199995,5830185.28227000032,13.61655000600,52.53158423600,"0"
"201604","11","0","11","011","2019","11","18","5","2","6","4","2","0","0","1","0","0","1",805175.16430299997,5833129.01680999901,13.50319174100,52.56244596600,"0"
"201605","11","0","03","003","2019","11","09","6","3","5","3","0","0","1","0","0","0","0",800111.93574999995,5831694.93326000031,13.42742620700,52.55240630700,"0"
"201606","11","0","10","010","2019","11","13","6","3","5","3","0","0","1","0","0","0","0",812925.86327600002,5828342.64652999956,13.61265634300,52.51515677900,"0"
"201607","11","0","01","001","2019","11","17","5","3","2","6","2","0","1","0","0","0","0",796654.21602800000,5831920.00540999975,13.37677975900,52.55631805500,"0"