OBJECTID,ULAND,UREGBEZ,UKREIS,UGEMEINDE,UJAHR,UMONAT,USTUNDE,UWOCHENTAG,UKATEGORIE,UART,UTYP1,ULICHTVERH,IstRad,IstPKW,IstFuss,IstKrad,IstGkfz,IstSonstig,LINREFX,LINREFY,XGCSWGS84,YGCSWGS84,STRZUSTAND
"201608","11","0","10","010","2019","11","15","5","3","5","3","0","1","1","0","0","0","0",811310.01814700000,5831194.54043999966,13.59159152900,52.54163804900,"0"
"201609","11","0","01","001","2019","11","08","6","3","2","6","0","0","1","0","1","0","0",796370.25716299994,5830089.89948000014,13.37097029700,52.54006770400,"1"
"201610","11","0","02","002","2019","11","07","6","3","0","6","1","0","1","0","1","0","0",803168.18295499997,5825761.51348000020,13.46695638600,52.49753388300,"1"
"201611","11","0","07","007","2019","11","15","5","3","5","2","0","1","1","0","0","0","0",796845.77086900000,5821250.56561999954,13.37008220700,52.46057323300,"0"
"201612","11","0","03","003","2019","11","12","6","3","5","3","0","0","1","0","0","0","0",800113.22215799999,5831694.27486999892,13.42744452800,52.55239969700,"0"
"201613","11","0","08","008","2019","11","12","5","2","5","2","0","1","1","0","0","0","0",805554.77916799998,5818554.71719999984,13.49540578300,52.43161190200,"0"
"201614","11","0","01","001","2019","11","06","6","3","2","6","2","0","1","0","0","0","0",796460.49821400002,5831933.81931000110,13.37394307700,52.55654736900,"1"
"201615","11","0","10","010","2019","11","07","6","2","6","2","2","0","1","1","0","0","0",812171.10075400001,5830977.67318999954,13.60404360400,52.53920208400,"1"
"201616","11","0","07","007","2019","11","12","5","2","1","7","0","0","1","0","0","0","0",799233.67787999997,5815020.49949000031,13.39954878000,52.40342621000,"0"
"201617","11","0","04","004","2019","11","12","5","3","2","6","0","0","1","0","0","0","0",792712.18867900001,5825663.11242999975,13.31329138800,52.50236045800,"0"
"201618","11","0","01","001","2019","11","05","6","3","5","2","2","1","0","0","0","1","0",793505.26836999995,5829397.19639000110,13.32823630000,52.53540871300,"1"
"201619","11","0","08","008","2019","11","05","6","3","6","2","2","0","1","1","0","0","0",802579.32378099998,5823086.67408999894,13.45588041000,52.47388608200,"1"
"201620","11","0","10","010","2019","11","11","5","3","3","6","0","0","1","0","0","0","1",808426.80214399996,5831221.62492999900,13.54923774900,52.54352034000,"0"
"201621","11","0","01","001","2019","11","10","5","3","5","7","0","1","1","0","0","0","0",799725.62685000000,5827770.20077999961,13.41820619500,52.51744016100,"0"
"201622","11","0","09","009","2019","11","12","6","2","4","6","0","0","1","0","0","0","0",812864.91036400001,5819328.32723999955,13.60330586400,52.43441307000,"1"
"201623","11","0","09","009","2019","11","11","6","3","2","6","0","0","1","0","0","0","0",810813.43934399995,5820307.47546999902,13.57413702100,52.44435730700,"1"
"201624","11","0","06","006","2019","11","15","5","3","2","6","0","0","1","0","1","0","0",792948.57573599997,5817786.69077999983,13.30984891900,52.43162339600,"0"
"201625","11","0","05","005","2019","11","11","6","3","1","5","0","1","0","0","0","0","1",782925.32909400004,5827993.77321999986,13.17148034500,52.52842090200,"1"
"201626","11","0","01","001","2019","11","14","5","3","5","2","0","1","1","0","0","0","0",795426.02180200000,5829544.37227000110,13.35660321500,52.53569026200,"0"
"201627","11","0","11","011","2019","11","13","5","3","5","2","0","1","1","0","0","0","0",805181.60826200002,5827914.58940999955,13.49849740100,52.51570866000,"0"
"201628","11","0","01","001","2019","11","11","6","3","3","5","0","1","1","0","0","0","0",799385.86528100003,5826385.57727999985,13.41196843600,52.50521570500,"0"
"201629","11","0","11","011","2019","11","13","5","3","6","4","0","0","1","1","0","0","0",805199.90868400002,5833671.47948999982,13.50405464800,52.56729381400,"0"
"201630","11","0","07","007","2019","11","19","6","3","0","7","2","0","0","0","0","0","1",795095.35788999998,5821498.04963999987,13.34461260500,52.46373981000,"1"
"201631","11","0","01","001","2019","11","22","5","3","5","2","2","0","1","0","1","0","0",796343.94264999998,5830061.34104000032,13.37055795700,52.53982601800,"0"
"201632","11","0","11","011","2019","11","19","5","3","3","6","2","1","0","0","0","0","1",804254.13780300005,5829079.33229000028,13.48593708700,52.52666595200,"0"
"201633","11","0","08","008","2019","11","14","5","3","5","2","0","1","1","0","0","0","0",802165.85599099996,5823373.54652000032,13.45007140800,52.47668622900,"0"
"201634","11","0","05","005","2019","11","17","5","3","2","6","2","0","1","0","0","0","0",789249.79589399998,5829176.13939000107,13.26548009100,52.53570212100,"1"
"201635","11","0","12","012","2019","11","10","5","3","5","3","0","0","1","0","0","0","0",787078.19666200003,5838222.64431999996,13.24138562800,52.61795661400,"0"
"201636","11","0","12","012","2019","11","17","5","2","6","2","2","0","1","1","0","0","0",790612.21073599998,5835984.77507000044,13.29147471300,52.59601606400,"1"
"201637","11","0","04","004","2019","11","17","5","2","5","2","2","0","1","0","1","0","0",791662.48100000003,5830679.23199999984,13.30227032000,52.54789119400,"1"
"201638","11","0","10","010","2019","11","17","5","3","2","6","2","0","1","0","0","0","0",806444.15012300003,5830199.48288000003,13.51915053000,52.53547842800,"1"
"201639","11","0","10","010","2019","11","17","5","3","6","2","2","0","1","1","0","0","0",808469.90497499995,5831153.09425000101,13.54980769600,52.54288178400,"1"
"201640","11","0","07","007","2019","11","16","5","3","2","6","2","0","1","0","0","0","0",794964.59427799995,5824287.13616000023,13.34516025300,52.48881284400,"1"
"201641","11","0","11","011","2019","11","19","5","3","6","3","2","0","1","1","0","0","0",807388.76697300002,5827384.94519999996,13.53043247100,52.50972254900,"0"
"201642","11","0","08","008","2019","11","09","5","3","5","3","0","0","1","0","1","0","0",801317.47600000002,5823998.48000000045,13.43818260500,52.48275636000,"0"
"201643","11","0","03","003","2019","11","16","5","3","1","5","2","1","1","0","0","0","1",803421.80463499995,5838399.31467999984,13.48223129500,52.61066126300,"1"
"201644","11","0","01","001","2019","11","17","5","3","6","4","2","0","1","1","0","0","0",799462.97223600000,5828803.71872000024,13.41527747300,52.52684834300,"1"
"201645","11","0","04","004","2019","11","16","5","3","6","2","2","0","1","1","0","0","0",792738.15536800004,5826094.49048999976,13.31405212900,52.50621370000,"1"
"201646","11","0","09","009","2019","11","08","5","3","5","3","0","0","1","0","1","0","0",811065.84924699995,5818034.54858000018,13.57572415600,52.42384472300,"0"
"201647","11","0","07","007","2019","11","16","5","2","6","4","2","0","1","1","0","0","0",794674.35187599994,5825724.45734999981,13.34216942500,52.50185427800,"1"
"201648","11","0","07","007","2019","11","09","5","2","1","7","0","0","1","0","0","0","1",799267.63927799999,5818637.89735999983,13.40328177700,52.43583318900,"0"
"201649","11","0","01","001","2019","11","16","5","3","5","2","2","1","1","0","0","0","0",797894.64259199996,5829897.10654999968,13.39320796500,52.53750837200,"1"
"201650","11","0","01","001","2019","11","16","5","3","5","2","1","0","1","0","0","0","1",797622.53559700004,5827025.78734999895,13.38663813100,52.51191917200,"1"
"201651","11","0","02","002","2019","11","06","5","3","5","5","2","1","0","0","0","0","1",799538.72775700002,5826248.42246000003,13.41409047600,52.50390241900,"0"
"201652","11","0","12","012","2019","11","15","5","3","6","4","1","0","1","1","0","0","0",796206.74824999995,5833349.93391000107,13.37147531900,52.56937938900,"1"
"201653","11","0","12","012","2019","11","15","5","3","6","4","0","0","1","1","0","0","0",792438.47573700000,5837311.96451000031,13.31953252500,52.60693463800,"1"
"201654","11","0","03","003","2019","11","15","5","3","5","2","1","1","0","0","0","0","1",801188.16979499999,5829489.97307999991,13.44125264800,52.53204900000,"0"
"201655","11","0","09","009","2019","11","09","5","3","6","2","0","0","1","1","0","0","0",806169.96939700004,5819203.40438999981,13.50502032500,52.43708181400,"0"
"201656","11","0","06","006","2019","11","15","5","3","6","4","1","0","0","1","0","0","1",790965.46237600001,5820697.24873000104,13.28329700300,52.45877542700,"1"
"201657","11","0","09","009","2019","11","14","5","3","0","1","0","1","0","0","0","0","0",815171.75957600004,5820955.88814000040,13.63866194500,52.44767317700,"1"
"201658","11","0","12","012","2019","11","09","5","3","5","3","0","1","1","0","0","0","0",792528.56472699996,5839293.14396000002,13.32261123100,52.62464631100,"0"
"201659","11","0","06","006","2019","11","14","5","2","0","7","0","0","1","0","0","0","0",795040.75173799996,5819635.68969000038,13.34216557200,52.44707431700,"1"
"201660","11","0","01","001","2019","11","01","5","3","0","1","2","0","0","0","0","0","1",798883.31760199997,5828579.22716999892,13.40655677300,52.52515419000,"0"
"201661","11","0","01","001","2019","11","12","5","3","6","4","0","0","1","1","0","0","0",795965.17090000003,5828764.35890000034,13.36383442300,52.52840566400,"1"
"201662","11","0","06","006","2019","11","12","5","2","6","2","0","0","1","1","0","0","0",793262.06067100004,5819095.77324000001,13.31559523600,52.44319106800,"0"
"201663","11","0","01","001","2019","11","00","5","3","0","1","2","1","0","0","0","0","0",800490.62703600002,5826679.43668000028,13.42846150800,52.50724235100,"1"
"201664","11","0","02","002","2019","11","20","4","3","6","4","2","0","1","1","0","0","0",798051.17917000002,5826470.19405999966,13.39243822000,52.50670493100,"0"
"201665","11","0","01","001","2019","11","12","5","2","3","6","0","1","0","0","0","0","1",799164.27793200000,5827801.86672000028,13.40998657600,52.51803221800,"0"
"201666","11","0","03","003","2019","11","12","5","3","5","3","0","0","1","0","0","0","1",798490.90783200006,5835386.58404000010,13.40691116700,52.58638718300,"0"
"201667","11","0","09","009","2019","11","17","4","3","0","5","2","0","1","1","0","0","1",811107.43203200004,5821513.78715999983,13.57957209500,52.45500054800,"1"
"201668","11","0","08","008","2019","11","07","4","3","5","3","1","1","0","0","0","0","1",799813.31928800000,5823665.43398999982,13.41579965300,52.48059904600,"0"
"201669","11","0","04","004","2019","11","10","5","3","6","4","0","0","1","1","0","0","0",792391.54047500005,5826050.66810999904,13.30892131600,52.50600671600,"0"
"201670","11","0","12","012","2019","11","11","5","3","1","5","0","0","1","0","0","0","0",793108.10129000002,5837388.38164000027,13.32946039400,52.60725902400,"1"
"201671","11","0","04","004","2019","11","09","5","3","5","2","0","1","1","0","0","0","0",793683.74310199998,5826255.47523999959,13.32808605000,52.50714866500,"0"
"201672","11","0","02","002","2019","11","20","4","3","6","4","2","0","1","1","0","0","0",800802.31099999999,5825807.03199999966,13.43225190100,52.49925099300,"0"
"201673","11","0","02","002","2019","11","09","5","3","5","3","0","1","1","0","0","0","0",800278.81535699998,5826092.37310000043,13.42482060700,52.50209690800,"0"
"201674","11","0","09","009","2019","11","19","4","3","5","3","2","1","1","0","0","0","0",807405.57286499999,5818327.23919999972,13.52233425800,52.42853635500,"0"
"201675","11","0","06","006","2019","11","08","5","3","2","2","0","1","1","0","0","0","0",794055.31114999996,5820385.06639000028,13.32836744300,52.45432308100,"0"
"201676","11","0","02","002","2019","11","22","5","3","5","3","2","1","1","0","0","0","0",798248.11911800003,5826087.73115999997,13.39498867800,52.50316901600,"1"
"201677","11","0","04","004","2019","11","18","4","3","5","2","2","1","1","0","0","0","0",793676.04944800003,5823424.20887000021,13.32547713600,52.48177176100,"0"
"201678","11","0","10","010","2019","11","20","5","3","5","2","2","0","1","0","0","0","0",813734.09014600003,5829976.20275000110,13.62606857400,52.52933056700,"1"
"201679","11","0","02","002","2019","11","18","5","3","2","6","2","0","1","0","0","0","0",803239.80545999995,5825943.98520000000,13.46817432900,52.49912955900,"1"
"201680","11","0","01","001","2019","11","20","5","3","6","2","2","0","1","1","0","0","0",797708.12887799996,5830690.60971000046,13.39117717600,52.54472303300,"1"
"201681","11","0","02","002","2019","11","18","4","3","5","2","2","1","1","0","0","0","0",799118.37859300000,5826276.42425999977,13.40794117400,52.50438401400,"0"
"201682","11","0","12","012","2019","11","18","4","2","6","4","2","0","1","1","0","0","0",796075.93701800006,5833931.26566000003,13.37006990000,52.57466156800,"0"
"201683","11","0","01","001","2019","11","19","5","2","1","1","2","0","1","0","0","1","0",795759.20738399995,5831905.56066999957,13.36360379400,52.55667536700,"1"
"201684","11","0","12","012","2019","11","19","5","2","1","5","2","1","1","0","0","0","0",790020.39790900005,5840742.45265000034,13.28693407600,52.63898393200,"1"
"201685","11","0","02","002","2019","11","14","4","3","5","3","0","0","1","0","0","0","0",800293.49626399996,5825546.97166999895,13.42454447800,52.49720019300,"0"
"201686","11","0","04","004","2019","12","22","4","3","4","1","2","0","1","0","0","1","0",790553.55734099995,5827351.81539999973,13.28305379800,52.51865352100,"0"
"201687","11","0","02","002","2019","12","22","4","3","5","2","2","0","1","0","1","0","0",800166.34152899997,5825881.18857999984,13.42297824100,52.50026586000,"0"
"201688","11","0","08","008","2019","12","21","4","3","1","1","2","0","1","0","0","0","0",803791.38249600003,5818796.00258999970,13.46976739000,52.43475661000,"0"
"201689","11","0","02","002","2019","12","12","4","2","1","1","0","1","1","0","0","0","0",803246.09665900003,5827429.65668000001,13.46961992100,52.51244187800,"1"
"201690","11","0","01","001","2019","12","11","4","3","2","6","0","0","1","0","0","0","0",794574.36261399998,5828483.41012999974,13.34314303600,52.52664047100,"0"
"201691","11","0","08","008","2019","12","09","4","3","1","5","0","1","1","0","0","0","1",802234.62757500005,5823821.47589000035,13.45148688700,52.48066300500,"0"
"201692","11","0","04","004","2019","12","09","4","3","2","2","0","1","1","0","0","0","0",794246.15988399996,5825423.56957000028,13.33561359400,52.49938805600,"1"
"201693","11","0","11","011","2019","12","09","4","3","5","2","0","1","1","0","0","0","0",806911.92135500000,5832618.35627999995,13.52826047700,52.55689328700,"0"
"201694","11","0","04","004","2019","12","09","4","3","5","3","0","1","1","0","0","0","0",790958.43726000004,5822396.91112000030,13.28467593400,52.47401681500,"1"
"201695","11","0","02","002","2019","12","09","4","2","6","4","0","0","1","1","0","0","0",800932.53928899998,5826836.46973999962,13.43509493600,52.50840630200,"0"
"201696","11","0","01","001","2019","12","09","4","3","1","5","0","1","1","0","0","0","1",798315.34980900004,5827285.54000999965,13.39704968400,52.51386906400,"0"
"201697","11","0","09","009","2019","12","08","4","3","5","3","0","0","1","0","0","0","0",806841.58299799997,5822481.77790999971,13.51788101400,52.46608731200,"1"
"201698","11","0","05","005","2019","12","08","4","3","3","6","0","0","1","0","1","0","0",785412.45178300003,5830433.43176999968,13.21013931300,52.54899804800,"1"
"201699","11","0","03","003","2019","12","05","4","3","0","3","2","0","0","0","1","0","0",797972.89892700000,5833202.69299000036,13.39732502200,52.56709568500,"1"
"201700","11","0","06","006","2019","12","16","4","3","0","2","2","0","1","1","0","0","0",789168.76438299997,5818564.89249000046,13.25508122900,52.44061154100,"0"
"201701","11","0","01","001","2019","12","16","4","3","1","5","2","1","1","0","0","0","1",794651.79225199996,5831827.95136000030,13.34724742200,52.55657995900,"1"
"201702","11","0","06","006","2019","12","14","4","3","5","2","0","0","1","0","0","0","0",793201.68968099996,5819801.89004999958,13.31532927800,52.44955361600,"0"
"201703","11","0","09","009","2019","12","14","4","3","5","3","0","1","1","0","0","0","0",804937.99734600005,5820711.10051000025,13.48832936800,52.45128305800,"0"
"201704","11","0","10","010","2019","12","15","3","3","4","6","1","1","1","0","0","0","0",808277.13205999997,5828835.51267999969,13.54482482200,52.52222109600,"1"
"201705","11","0","05","005","2019","12","11","3","2","6","4","0","0","1","1","0","0","0",784739.79270700004,5828820.73553999979,13.19886356100,52.53489070200,"1"
"201706","11","0","06","006","2019","12","09","3","3","0","2","0","1","1","0","0","0","0",789568.75982000004,5817313.77799999993,13.25986574700,52.42918310800,"1"
"201707","11","0","11","011","2019","12","09","3","2","6","4","0","0","1","1","0","0","0",805683.17303800001,5831896.46435999963,13.50952768300,52.55111457700,"1"
"201708","11","0","02","002","2019","12","10","3","3","2","6","0","0","1","0","0","0","1",801408.78916599997,5828752.46454000007,13.44382663800,52.52531669500,"1"
"201709","11","0","04","004","2019","12","09","3","3","5","3","0","0","1","0","0","0","0",789360.51754399994,5826200.57077000104,13.26451911800,52.50896668700,"1"
"201710","11","0","07","007","2019","12","09","3","2","5","3","0","0","1","0","0","0","0",797707.29654400004,5821054.15768000018,13.38254996100,52.45834399300,"2"
"201711","11","0","08","008","2019","12","08","3","3","3","6","0","1","1","0","0","0","0",801243.26452600001,5823811.38150999974,13.43692403100,52.48112029500,"0"
"201712","11","0","08","008","2019","12","08","3","3","2","6","0","0","1","0","0","0","0",800188.44249499997,5820494.44300999958,13.41845427800,52.45196984600,"0"
"201713","11","0","11","011","2019","12","07","3","3","0","1","0","1","0","0","0","0","0",803692.74414299999,5827471.11926000006,13.47621919300,52.51256501200,"2"
"201714","11","0","06","006","2019","12","08","3","3","6","2","0","0","1","1","0","0","0",790649.84609999997,5817851.94988999981,13.27618948500,52.43343467300,"0"
"201715","11","0","02","002","2019","12","07","3","3","0","2","0","1","0","0","0","0","1",797531.40613500006,5824961.04834999982,13.38345434400,52.49346086400,"2"
"201716","11","0","09","009","2019","12","07","3","3","5","2","1","0","1","0","1","0","0",809403.31057099998,5818447.31103000045,13.55173429000,52.42848639500,"1"
"201717","11","0","05","005","2019","12","05","3","3","1","5","2","0","1","0","0","0","0",786430.21620400005,5830842.15605999995,13.22546072000,52.55212831500,"2"
"201718","11","0","12","012","2019","12","05","3","3","5","2","2","0","1","0","0","0","0",790689.54243300005,5835381.46659999993,13.29208367700,52.59056618600,"2"
"201719","11","0","01","001","2019","12","21","3","3","6","2","2","0","1","1","0","0","0",798302.87168600003,5829372.30124999955,13.39873802200,52.53258091300,"1"
"201720","11","0","12","012","2019","12","20","3","3","5","2","2","0","1","0","0","0","0",791488.84132999997,5834332.16354000010,13.30292625900,52.58073175000,"0"
"201721","11","0","03","003","2019","12","20","3","3","0","1","2","0","0","0","1","0","0",802710.52000000002,5831810.30900000036,13.46574119200,52.55200248200,"2"
"201722","11","0","09","009","2019","12","20","3","3","5","2","2","1","1","0","0","0","0",806734.19029099995,5820275.78313999996,13.51427865300,52.44637675500,"1"
"201723","11","0","09","009","2019","12","17","3","3","1","1","2","0","1","0","1","0","0",811363.11730200006,5820109.07218000013,13.58201352300,52.44226661000,"1"
"201724","11","0","03","003","2019","12","17","3","3","5","2","2","1","1","0","0","0","0",801135.03914799995,5830741.21554999892,13.44160562900,52.54329338800,"1"
"201725","11","0","03","003","2019","12","17","3","3","2","6","2","0","1","0","0","0","0",802217.18324200006,5832999.72618999891,13.45957019200,52.56293701400,"1"
"201726","11","0","10","010","2019","12","18","3","3","2","2","2","0","1","0","0","0","0",813340.09951600002,5829180.95882000029,13.61953035000,52.52243104100,"1"
"201727","11","0","01","001","2019","12","18","3","3","1","5","2","1","1","0","0","0","0",798384.23761900002,5828507.56481000036,13.39915792600,52.52478519700,"1"
"201728","11","0","01","001","2019","12","16","3","3","2","2","2","0","1","0","0","0","0",799594.04197899997,5828009.07995000109,13.41648791000,52.51965364200,"1"
"201729","11","0","11","011","2019","12","07","3","3","0","6","1","1","1","0","0","0","0",807529.27002599998,5825486.42843000032,13.53074308900,52.49262874300,"2"
"201730","11","0","07","007","2019","12","17","3","3","6","2","2","0","1","1","0","0","0",796142.55586500000,5820762.98175999988,13.35932973300,52.45658395800,"1"
"201731","11","0","12","012","2019","12","17","3","3","1","5","2","0","1","0","1","0","0",796028.19140200003,5832736.85147999972,13.36830137300,52.56398088300,"1"
"201732","11","0","03","003","2019","12","16","3","2","6","4","2","0","1","1","0","0","0",802223.09499999997,5831555.85199999996,13.45834252900,52.54999247500,"1"
"201733","11","0","03","003","2019","12","17","3","3","2","6","2","0","1","0","0","0","0",800767.13508200005,5830597.63547000103,13.43606690700,52.54220966300,"1"
"201734","11","0","03","003","2019","12","16","3","3","5","3","2","0","1","0","0","0","0",800086.64887000003,5831670.99911000021,13.42703273800,52.55220571100,"1"
"201735","11","0","01","001","2019","12","16","3","3","5","2","2","0","1","0","0","0","0",792736.65971299994,5828278.83535000030,13.31595203000,52.52579641500,"1"
"201736","11","0","03","003","2019","12","15","3","3","5","3","0","1","1","0","0","0","0",799243.03939699999,5831804.60953999963,13.41474801900,52.55386743500,"1"
"201737","11","0","07","007","2019","12","15","3","2","1","5","0","0","1","0","0","0","0",797634.81924099999,5817302.65533000045,13.37814518100,52.42475498800,"1"
"201738","11","0","01","001","2019","12","15","3","3","5","3","0","1","1","0","0","0","0",798296.63191899995,5827336.24330999982,13.39682012500,52.51433379000,"1"
"201739","11","0","04","004","2019","12","15","3","3","2","6","0","0","1","0","0","0","0",792501.91097700002,5824453.77637999970,13.30914036100,52.49163182100,"0"
"201740","11","0","04","004","2019","12","14","3","3","5","2","0","1","1","0","0","0","0",791581.42763499997,5824876.13793000020,13.29599093000,52.49591073400,"0"
"201741","11","0","11","011","2019","12","07","3","3","6","2","2","0","1","1","0","0","0",804635.37642099999,5830506.75021999981,13.49284749700,52.53924630000,"1"
"201742","11","0","02","002","2019","12","13","3","3","1","5","0","1","1","0","0","0","0",797900.45088899997,5825059.32837000024,13.38896194700,52.49414054100,"1"
"201743","11","0","09","009","2019","12","12","3","3","6","6","0","0","1","1","0","0","0",810780.22455799999,5821272.67992999963,13.57454783400,52.45302597100,"1"
"201744","11","0","09","009","2019","12","11","3","2","5","2","0","1","1","0","0","0","0",809946.51360199996,5821592.91808000021,13.56261550900,52.45636919900,"0"
"201745","11","0","02","002","2019","12","20","2","2","5","2","2","0","1","0","0","0","0",797126.72594100004,5823996.38666999899,13.37665110100,52.48503411100,"1"
"201746","11","0","01","001","2019","12","21","2","2","3","6","2","1","0","0","0","0","0",796258.73485799995,5828528.94043000042,13.36793943200,52.52613591300,"1"
"201747","11","0","12","012","2019","12","16","2","3","1","5","2","1","0","0","0","0","1",790545.82431000005,5837006.39745000098,13.29139397300,52.60521019400,"0"
"201748","11","0","04","004","2019","12","17","2","3","6","2","2","0","1","1","0","0","0",791572.90511099994,5825112.68587000109,13.29607281400,52.49803591900,"1"
"201749","11","0","04","004","2019","12","17","2","3","2","6","2","0","1","0","0","0","0",791269.70912999997,5830705.13496000040,13.29651703900,52.54833355900,"1"
"201750","11","0","07","007","2019","12","17","2","3","6","2","2","0","1","1","0","0","0",796816.42240799998,5821985.23598999903,13.37030489600,52.46717482300,"1"
"201751","11","0","02","002","2019","12","17","2","3","5","3","2","0","1","0","0","0","1",801250.87994799996,5827844.73574999906,13.44068399500,52.51726786600,"1"
"201752","11","0","07","007","2019","12","17","2","2","6","4","2","0","1","1","0","0","0",795799.83256600006,5816024.84614999965,13.35010804900,52.41429527900,"1"
"201753","11","0","01","001","2019","12","16","2","3","2","6","2","1","1","0","0","0","0",797052.91260399995,5829317.60869000107,13.38031606400,52.53277330100,"1"
"201754","11","0","08","008","2019","12","16","2","3","1","5","2","1","1","0","0","0","0",803402.11323000002,5822522.54743999988,13.46744407500,52.46837348600,"1"
"201755","11","0","12","012","2019","12","16","2","3","5","3","2","0","1","0","0","0","0",792569.70994600002,5833290.41239999980,13.31791346200,52.57081283700,"1"
"201756","11","0","02","002","2019","12","16","2","3","5","2","2","0","1","0","0","0","1",800481.66951299994,5828454.92492999975,13.42993326600,52.52316151200,"1"
"201757","11","0","06","006","2019","12","16","2","3","5","2","2","1","1","0","0","0","0",793123.19772499998,5817653.07503999956,13.31229292400,52.43033201400,"1"
"201758","11","0","04","004","2019","12","16","2","3","2","6","2","0","1","0","0","0","0",792367.41640500003,5828251.87710000016,13.31050115500,52.52575288100,"1"
"201759","11","0","02","002","2019","12","15","2","3","0","7","1","1","0","0","0","0","0",802412.61545599997,5827071.58918000013,13.45705013300,52.50969525400,"1"
"201760","11","0","02","002","2019","12","16","2","2","6","4","2","0","1","1","0","0","0",798346.17873900000,5825564.02983000036,13.39595989500,52.49842109800,"1"
"201761","11","0","02","002","2019","12","22","2","3","8","1","2","0","1","0","0","0","0",802719.98925099999,5828222.65194999892,13.46261254500,52.51984163300,"0"
"201762","11","0","08","008","2019","12","14","2","3","5","3","0","1","1","0","0","0","0",801061.70867700002,5824921.98022999894,13.43526178800,52.49117501600,"1"
"201763","11","0","06","006","2019","12","14","2","3","2","6","0","0","1","0","0","1","0",795506.61535300000,5818614.50915999990,13.34809729300,52.43766847700,"0"
"201764","11","0","02","002","2019","12","21","2","2","3","6","2","1","1","0","0","0","0",799951.10739400005,5825475.33567999955,13.41945150400,52.49674637000,"1"
"201765","11","0","03","003","2019","12","19","2","3","5","7","2","0","1","0","0","0","1",802533.62215800001,5829303.10307000019,13.46085712000,52.52962903300,"1"
"201766","11","0","07","007","2019","12","13","2","3","2","6","0","0","1","0","0","1","0",799415.13147499994,5821781.44507999998,13.40826279700,52.46393018100,"0"
"201767","11","0","06","006","2019","12","19","2","3","6","2","2","0","1","1","0","0","0",792634.01470599999,5821755.27010999899,13.30871219900,52.46736950800,"1"
"201768","11","0","01","001","2019","12","13","2","3","2","6","0","0","1","0","0","1","0",797335.30004500004,5831873.26654000022,13.38675449600,52.55552768000,"1"
"201769","11","0","12","012","2019","12","12","2","3","0","5","0","0","1","0","0","0","1",792372.72668199998,5834073.24449000042,13.31570551600,52.57793643300,"1"
"201770","11","0","03","003","2019","12","18","2","2","6","2","2","0","1","1","0","0","0",800957.36858799995,5831228.11507000029,13.43943479300,52.54775569600,"1"
"201771","11","0","03","003","2019","12","16","2","3","6","4","2","0","1","1","0","0","0",796056.25041800004,5835790.92198999971,13.37144150900,52.59134204800,"1"
"201772","11","0","09","009","2019","12","11","2","3","5","2","0","0","1","0","0","0","0",804105.77011200006,5823594.67743000109,13.47874814400,52.47759152000,"0"
"201773","11","0","07","007","2019","12","17","2","3","1","5","2","0","1","0","0","0","0",796023.02548199997,5815973.18762999959,13.35333441500,52.41371153800,"1"
"201774","11","0","06","006","2019","12","11","2","3","0","3","0","0","0","0","0","0","1",794139.50492199999,5815988.09970000014,13.32573430600,52.41486057600,"0"
"201775","11","0","04","004","2019","12","09","2","3","5","2","0","0","1","0","1","0","0",793564.37373999995,5827768.61899000034,13.32766725200,52.52077752200,"1"
"201776","11","0","04","004","2019","12","05","2","3","5","7","2","0","1","0","0","1","0",791452.00041500002,5825068.60257000104,13.29425825100,52.49770529900,"0"
"201777","11","0","03","003","2019","12","05","2","3","5","3","2","1","1","0","0","0","0",803850.80266299995,5841447.33679999970,13.49134863700,52.63773918100,"0"
"201778","11","0","08","008","2019","12","04","2","3","4","6","2","0","1","0","0","0","0",803534.32698799996,5823039.26345000044,13.46985454100,52.47293130700,"1"
"201779","11","0","02","002","2019","12","02","2","3","6","4","2","0","1","1","0","0","0",802382.66370499996,5827300.55802000035,13.45681816600,52.51176409700,"0"
"201780","11","0","03","003","2019","12","17","2","3","5","7","2","1","1","0","0","0","0",797760.26940999995,5832938.57383000106,13.39396012400,52.56484455600,"1"
"201781","11","0","11","011","2019","12","07","2","3","5","2","0","1","1","0","0","0","0",807202.69104199996,5823904.84114999976,13.52449039700,52.47863818500,"0"
"201782","11","0","07","007","2019","12","22","1","3","5","3","2","0","1","0","0","0","0",797870.33076499996,5821928.96162999980,13.38572305100,52.46609682000,"0"
"201783","11","0","01","001","2019","12","21","1","3","1","6","2","0","1","0","0","0","1",794355.65963500005,5830502.76797000039,13.34171718700,52.54486077900,"0"
"201784","11","0","03","003","2019","12","19","1","2","6","4","2","0","0","1","0","0","1",799113.96451099997,5831778.01099000033,13.41282594600,52.55369992100,"0"
"201785","11","0","05","005","2019","12","18","1","3","5","2","2","0","1","0","1","0","0",784590.46686199994,5827965.90486999974,13.19593611300,52.52730426800,"0"
"201786","11","0","11","011","2019","12","14","1","3","0","4","0","1","0","1","0","0","0",803896.78692200000,5827894.69995000027,13.47960349100,52.51624779500,"0"
"201787","11","0","08","008","2019","12","13","1","3","5","3","0","0","1","0","0","0","0",801256.80318499997,5822874.90557000041,13.43627683800,52.47271894600,"0"
"201788","11","0","03","003","2019","12","10","1","3","2","6","0","0","1","0","0","0","0",802079.69802300003,5832793.81828000024,13.45736066500,52.56116777900,"0"