OBJECTID,ULAND,UREGBEZ,UKREIS,UGEMEINDE,UJAHR,UMONAT,USTUNDE,UWOCHENTAG,UKATEGORIE,UART,UTYP1,ULICHTVERH,IstRad,IstPKW,IstFuss,IstKrad,IstGkfz,IstSonstig,LINREFX,LINREFY,XGCSWGS84,YGCSWGS84,STRZUSTAND
"201789","11","0","08","008","2019","12","04","1","2","5","3","2","0","1","0","0","0","0",803300.41024000000,5818517.65412999969,13.46231488200,52.43253422200,"0"
"201790","11","0","02","002","2019","12","01","1","2","6","7","2","0","1","1","0","0","0",800711.18552299996,5828470.54449999984,13.43332008800,52.52317498500,"0"
"201791","11","0","01","001","2019","12","01","1","3","5","3","2","0","1","0","0","0","1",799499.86090900004,5828347.15713000018,13.41540842300,52.52273571500,"0"
"201792","11","0","02","002","2019","11","15","7","3","0","6","0","0","1","0","1","0","0",798671.55463000003,5825128.38265000097,13.40034816000,52.49433812800,"0"
"201793","11","0","01","001","2019","11","12","7","3","5","3","0","1","1","0","0","0","0",795924.49332799995,5828125.71246999968,13.36266820900,52.52270287100,"0"
"201794","11","0","12","012","2019","11","00","7","3","2","6","2","0","1","0","0","0","0",790083.50014699996,5836067.40168000013,13.28376337200,52.59703909100,"0"
"201795","11","0","05","005","2019","11","09","7","3","6","2","0","0","1","1","0","0","0",784832.02018700005,5829236.82342000026,13.20057625900,52.53857313800,"0"
"201796","11","0","01","001","2019","11","03","7","3","2","6","2","0","1","0","0","0","0",799115.38022399996,5828989.09360000025,13.41033585500,52.52870076800,"0"
"201797","11","0","01","001","2019","11","23","7","3","1","5","2","1","0","0","0","0","1",797286.19101700000,5829045.71442999970,13.38350187200,52.53020890700,"0"
"201798","11","0","02","002","2019","11","19","7","3","5","3","2","0","1","0","1","0","0",802923.43131699995,5828260.63463000022,13.46563632300,52.52006909600,"0"
"201799","11","0","03","003","2019","11","18","7","3","5","2","2","1","1","0","0","0","0",800465.63781099999,5836192.22286000010,13.43670196500,52.59252115800,"0"
"201800","11","0","08","008","2019","11","18","7","3","5","2","2","0","1","0","0","0","0",800861.34586400003,5823837.56797000021,13.43134077900,52.48156556000,"0"
"201801","11","0","05","005","2019","11","16","7","3","5","2","1","0","1","0","0","0","0",788032.23401200003,5829372.84071000107,13.24774931000,52.53811049400,"0"
"201802","11","0","12","012","2019","11","16","7","3","2","6","1","0","1","0","0","0","0",790155.23130099999,5835807.30934000015,13.28459153700,52.59466912000,"0"
"201803","11","0","03","003","2019","11","18","7","3","2","6","2","0","1","0","0","0","0",800303.62899999996,5831589.71999999974,13.43014983000,52.55135760400,"0"
"201804","11","0","05","005","2019","11","14","7","2","6","4","0","0","1","1","0","0","0",784801.24279799999,5828808.64756000042,13.19975671900,52.53475021200,"0"
"201805","11","0","11","011","2019","11","12","7","2","5","2","0","0","1","0","0","0","1",803195.29910199996,5829991.55819000024,13.47120924600,52.53543188700,"0"
"201806","11","0","07","007","2019","11","14","7","3","2","6","0","0","1","0","0","0","0",797354.27553099999,5819351.15467999969,13.37585345700,52.44327041300,"0"
"201807","11","0","02","002","2019","11","07","7","3","0","7","0","1","0","0","0","0","0",800360.34961499996,5825763.32600000035,13.42572141000,52.49910266800,"0"
"201808","11","0","02","002","2019","11","04","7","3","0","1","2","0","0","0","0","0","1",803225.94442299998,5826324.11481000111,13.46831687600,52.50254430300,"0"
"201809","11","0","02","002","2019","11","19","7","3","6","2","2","0","1","1","0","0","0",802607.73075100000,5826135.81347000040,13.45906581500,52.50119975500,"1"
"201810","11","0","02","002","2019","11","17","6","3","5","2","2","0","1","0","0","0","0",798583.50005399995,5825563.68603000045,13.39944518500,52.49828822700,"0"
"201811","11","0","08","008","2019","11","19","6","3","5","7","2","0","1","0","0","0","0",803160.01773500000,5818438.58829000033,13.46018446500,52.43190337100,"1"
"201812","11","0","05","005","2019","11","18","6","3","5","2","2","1","1","0","0","0","0",784837.73662700003,5829252.83786999900,13.20067404500,52.53871373500,"0"
"201813","11","0","05","005","2019","11","18","6","3","6","4","2","0","1","1","0","0","0",784651.97762100003,5829295.43544999976,13.19797903400,52.53919273200,"0"
"201814","11","0","08","008","2019","11","18","6","3","0","6","2","0","0","0","1","0","1",800927.46147300000,5822339.73421000037,13.43096002200,52.46810355500,"0"
"201815","11","0","02","002","2019","11","17","6","3","3","2","1","1","1","0","0","0","0",799443.62930499995,5825642.33368999977,13.41214860500,52.49852192800,"0"
"201816","11","0","02","002","2019","11","16","6","3","5","2","2","1","1","0","0","0","0",799071.50964900001,5824566.77054999955,13.40571772400,52.48908505600,"0"
"201817","11","0","01","001","2019","11","15","6","3","1","5","0","0","1","0","0","1","0",797179.41155299998,5831370.96494000033,13.38401227800,52.55111024400,"0"
"201818","11","0","08","008","2019","11","14","6","3","5","3","0","0","1","0","0","0","0",801549.52682200004,5824662.01819999982,13.44218967300,52.48857568100,"1"
"201819","11","0","09","009","2019","11","12","6","3","0","6","0","0","1","0","1","0","0",818796.02247600001,5812577.85056000017,13.68383458000,52.37050305300,"1"
"201820","11","0","06","006","2019","11","12","6","3","5","7","0","0","1","0","0","0","1",789509.37848800002,5817714.23555999994,13.25934152900,52.43280481700,"0"
"201821","11","0","01","001","2019","11","12","6","3","5","2","0","0","1","0","0","0","0",797766.92018400005,5829737.43147000019,13.39118731500,52.53614689000,"0"
"201822","11","0","06","006","2019","11","11","6","3","6","4","0","0","1","1","0","0","0",795132.59001199994,5821236.24180999957,13.34492754800,52.46137275500,"0"
"201823","11","0","12","012","2019","11","11","6","3","5","2","0","0","1","0","0","0","0",790683.85613600002,5835383.68116000015,13.29200191700,52.59058907800,"0"
"201824","11","0","07","007","2019","11","11","6","2","1","5","0","0","1","0","0","0","0",796412.42060800001,5816601.07057000045,13.35959900600,52.41912934500,"0"
"201825","11","0","02","002","2019","11","09","6","3","6","4","0","0","0","1","0","0","1",798057.20354899997,5826485.51640999969,13.39254043800,52.50683898600,"0"
"201826","11","0","05","005","2019","11","09","6","3","2","6","0","0","1","0","0","1","0",787968.43099999998,5830419.77500000037,13.24771876900,52.54753041500,"0"
"201827","11","0","07","007","2019","11","09","6","3","5","3","0","1","1","0","0","0","0",794512.80676399998,5821899.59578000009,13.33641694700,52.46765376800,"0"
"201828","11","0","02","002","2019","11","16","6","2","0","7","2","1","0","0","0","0","0",798277.35475299996,5825704.86584999971,13.39507518400,52.49972113500,"0"
"201829","11","0","01","001","2019","11","09","6","3","2","6","0","0","1","0","0","0","0",796136.41591900005,5832246.40701000020,13.36945563300,52.55952571300,"0"
"201830","11","0","07","007","2019","11","09","6","3","6","4","0","1","0","1","0","0","0",795872.01516600000,5825386.68341000099,13.35946209800,52.49817834300,"1"
"201831","11","0","02","002","2019","11","08","6","3","5","2","0","1","0","0","0","0","1",801221.35273200006,5828648.38410999905,13.44097791500,52.52448739400,"0"
"201832","11","0","02","002","2019","11","08","6","3","6","4","0","1","0","1","0","0","0",798493.42339100002,5824509.75719000027,13.39717795500,52.48889038900,"1"
"201833","11","0","10","010","2019","11","07","6","3","6","4","2","0","1","1","0","0","0",809981.97743700002,5834056.45774000045,13.57474414100,52.56804208100,"1"
"201834","11","0","05","005","2019","11","19","5","3","2","6","2","0","1","0","0","0","0",786626.98721799999,5829236.49590000045,13.22696929900,52.53762903000,"1"
"201835","11","0","09","009","2019","11","19","5","2","1","5","2","0","1","0","0","0","1",811592.59602800000,5823159.57969000097,13.58822527900,52.46947285100,"1"
"201836","11","0","04","004","2019","11","19","5","3","2","6","2","0","1","0","0","0","0",792711.91993500001,5825653.05812999979,13.31327860100,52.50227046800,"1"
"201837","11","0","04","004","2019","11","18","5","3","3","6","2","0","1","0","1","0","0",791756.82256000000,5827499.32610999979,13.30086633100,52.51933350200,"1"
"201838","11","0","08","008","2019","11","18","5","3","2","3","2","0","1","0","0","0","0",801164.78908999998,5824106.96423999965,13.43603896800,52.48381296500,"1"
"201839","11","0","01","001","2019","11","18","5","2","6","2","2","0","1","1","0","0","0",795607.41117300000,5830515.30912999902,13.36013357500,52.54429547800,"1"
"201840","11","0","03","003","2019","11","19","5","2","6","2","2","0","0","1","0","0","1",798413.13308299996,5831839.86844999902,13.40257540800,52.55463881500,"0"
"201841","11","0","07","007","2019","11","18","5","3","5","2","2","0","1","0","0","0","0",798376.51022199995,5818418.00267999992,13.39001571800,52.43434892400,"1"
"201842","11","0","11","011","2019","11","17","5","3","0","6","2","0","1","0","1","0","0",803713.19004999998,5826313.13451000024,13.47546310000,52.50217491600,"1"
"201843","11","0","01","001","2019","11","17","5","3","2","6","2","0","1","0","0","0","0",795046.52457200002,5830331.65151000023,13.35172347600,52.54295316600,"1"
"201844","11","0","11","011","2019","11","17","5","3","5","2","2","0","1","0","0","0","0",802884.14939799998,5831200.46074999962,13.46773797200,52.54644003300,"1"
"201845","11","0","06","006","2019","11","17","5","3","6","2","2","0","1","1","0","0","0",792520.06998999999,5817218.80212000012,13.30306733300,52.42676161900,"1"
"201846","11","0","11","011","2019","11","17","5","2","6","4","2","1","0","1","0","0","0",805834.72771699994,5830108.25482000038,13.51010968500,52.53500312300,"1"
"201847","11","0","12","012","2019","11","17","5","3","1","5","2","0","1","0","0","0","0",791626.06062600005,5837854.73244000040,13.30804786400,52.61223678300,"0"
"201848","11","0","01","001","2019","11","17","5","3","5","3","2","1","1","0","0","0","0",798049.75368099997,5829152.30016000010,13.39482025800,52.53074735900,"1"
"201849","11","0","05","005","2019","11","17","5","3","6","4","2","0","1","1","0","0","0",784493.93269599997,5828880.30255000107,13.19529959300,52.53555317900,"1"
"201850","11","0","10","010","2019","11","16","5","3","5","3","2","1","1","0","0","0","0",812363.79395900003,5823794.05539000034,13.60013560200,52.47471817700,"1"
"201851","11","0","10","010","2019","11","16","5","3","6","7","2","0","0","1","0","0","1",811167.85097799997,5828452.21769000031,13.58693546900,52.51714444200,"0"
"201852","11","0","09","009","2019","11","16","5","3","6","4","2","0","1","1","0","0","0",811431.14481400000,5820226.98383999988,13.58312102200,52.44328454000,"1"
"201853","11","0","01","001","2019","11","15","5","3","5","2","0","1","1","0","0","0","0",799108.78687600000,5828466.04031999968,13.40976845900,52.52401599200,"0"
"201854","11","0","10","010","2019","11","14","5","3","6","4","0","0","1","1","0","0","0",810001.83181400003,5833209.45492000040,13.57424478400,52.56044042100,"0"
"201855","11","0","04","004","2019","11","21","5","3","5","2","2","1","1","0","0","0","0",793308.37031100004,5823915.96961999964,13.32051112300,52.48637784300,"1"
"201856","11","0","09","009","2019","11","12","5","3","1","5","0","0","1","0","0","0","0",807404.10848699999,5819022.96511999983,13.52295236300,52.43477246600,"0"
"201857","11","0","12","012","2019","11","13","5","3","2","6","0","0","1","0","0","0","0",794333.62480300001,5835477.92095999978,13.34580764200,52.58947117300,"1"
"201858","11","0","03","003","2019","11","13","5","3","7","7","0","1","0","0","0","0","0",799388.01832300005,5830035.76850999892,13.41528558900,52.53793291900,"0"
"201859","11","0","11","011","2019","11","12","5","3","5","2","0","0","1","0","0","0","0",805561.01537599997,5827267.36048999894,13.50347699700,52.50969552100,"0"
"201860","11","0","05","005","2019","11","12","5","3","2","3","0","0","1","0","1","0","0",782969.56238100003,5830876.68204999901,13.17458628100,52.55424688000,"0"
"201861","11","0","04","004","2019","11","20","5","3","5","7","2","0","1","0","1","0","0",792209.56879499997,5824076.46655999962,13.30451591500,52.48840588000,"1"
"201862","11","0","09","009","2019","11","12","5","3","5","7","0","0","1","0","0","1","0",806764.50029300002,5823073.93154000025,13.51729430900,52.47143764700,"0"
"201863","11","0","09","009","2019","11","20","5","3","5","3","2","1","1","0","0","0","0",804463.68426200002,5823218.04403000046,13.48365802000,52.47401646900,"1"
"201864","11","0","02","002","2019","11","11","5","3","5","7","0","1","1","0","0","0","0",800868.99691999995,5825858.35589999985,13.43327767100,52.49967426300,"0"
"201865","11","0","12","012","2019","11","10","5","3","5","2","0","1","1","0","0","0","0",793550.33100000001,5832378.68699999992,13.33153435100,52.56211181300,"0"
"201866","11","0","11","011","2019","11","10","5","3","6","2","0","0","0","1","0","1","0",805541.14998800005,5833383.13509999961,13.50880809200,52.56451819500,"0"
"201867","11","0","03","003","2019","11","10","5","3","1","5","0","1","0","0","0","0","1",800200.36477300001,5836790.93898999970,13.43334038800,52.59803400500,"0"
"201868","11","0","10","010","2019","11","08","5","3","5","3","0","1","1","0","0","0","0",812686.64338499994,5831086.14486999903,13.61172239100,52.53987854900,"0"
"201869","11","0","05","005","2019","11","08","5","3","2","6","0","0","1","0","0","0","0",783930.43347399996,5823390.15096000023,13.18233004600,52.48662133200,"0"
"201870","11","0","02","002","2019","11","07","5","3","6","4","0","1","1","1","0","0","0",800526.08789800003,5826324.82792999968,13.42866232000,52.50404434900,"1"
"201871","11","0","05","005","2019","11","05","5","3","5","2","2","1","1","0","0","0","0",787712.07034800004,5829413.39271000028,13.24307689800,52.53864319400,"1"
"201872","11","0","07","007","2019","11","18","4","3","2","7","2","1","1","0","0","0","0",795392.81654799997,5825166.82588999905,13.35222862100,52.49646707400,"1"
"201873","11","0","07","007","2019","11","17","4","3","6","6","2","1","0","1","0","0","0",798269.35764499998,5821298.20994000044,13.39101575400,52.46022518300,"0"
"201874","11","0","03","003","2019","11","19","4","3","5","3","2","0","1","0","0","0","0",801152.61180099996,5831119.91648000013,13.44220731700,52.54667800800,"1"
"201875","11","0","08","008","2019","11","20","4","3","1","5","2","1","1","0","0","0","0",801205.50159300002,5822209.86942000035,13.43492344000,52.46678632300,"0"
"201876","11","0","08","008","2019","11","16","4","3","6","2","1","0","1","1","0","0","0",800320.78703100001,5816737.20768999960,13.41702075400,52.41821900800,"1"
"201877","11","0","01","001","2019","11","19","4","2","1","5","2","0","1","0","0","0","1",797373.74042199994,5832441.40015999973,13.38782885200,52.56059929100,"1"
"201878","11","0","08","008","2019","11","19","4","3","6","4","2","0","1","1","0","0","0",802530.57773200003,5822956.54012999963,13.45504689100,52.47274668500,"1"
"201879","11","0","09","009","2019","11","19","4","3","2","6","2","0","1","0","0","0","0",803657.29000000004,5820714.04700000025,13.46954395100,52.45202235100,"1"
"201880","11","0","06","006","2019","11","18","4","3","6","2","2","0","1","1","0","0","0",794588.29381399998,5818541.43926999904,13.33456272000,52.43750884600,"1"
"201881","11","0","03","003","2019","12","08","6","3","5","3","0","1","1","0","0","0","0",800769.37570500001,5831333.89004999958,13.43676653900,52.54880759500,"1"
"201882","11","0","04","004","2019","11","18","4","3","5","2","2","0","1","0","0","0","0",793353.18810899998,5829678.56013000105,13.32624894500,52.53801287800,"1"
"201883","11","0","08","008","2019","11","18","4","3","8","1","2","0","1","0","0","0","0",800990.16249100002,5820824.07046999969,13.43051357000,52.45448358600,"1"
"201884","11","0","06","006","2019","12","08","6","3","5","7","0","0","0","0","1","0","1",788699.12913100002,5816806.62524999958,13.24667298500,52.42509579200,"0"
"201885","11","0","03","003","2019","11","17","4","3","2","6","2","0","1","0","0","0","0",801190.12523100001,5831052.35075000022,13.44269758700,52.54605167300,"1"
"201886","11","0","07","007","2019","12","05","6","3","5","3","2","0","1","0","0","0","0",799944.90014399996,5815827.78213000018,13.41069518800,52.41027334400,"0"
"201887","11","0","04","004","2019","11","17","4","3","5","2","2","1","1","0","0","0","0",792146.96135100001,5824075.56441000104,13.30359568600,52.48843130000,"1"
"201888","11","0","12","012","2019","11","17","4","3","6","4","2","0","1","1","0","0","0",793926.97477199999,5835287.21196999960,13.33965303800,52.58798149800,"1"
"201889","11","0","04","004","2019","12","06","6","3","2","6","0","0","1","0","0","0","0",791187.19540600001,5824718.82693000045,13.29006273400,52.49471092100,"1"
"201890","11","0","07","007","2019","11","17","4","3","5","7","2","0","1","0","1","0","0",798430.52223000000,5820499.05846999958,13.39266650600,52.45297374600,"1"
"201891","11","0","07","007","2019","11","17","4","3","5","3","2","0","1","0","0","0","0",796063.48616500001,5822856.73801000044,13.36002706600,52.47539567400,"1"
"201892","11","0","06","006","2019","11","17","4","3","5","3","2","1","1","0","0","0","0",793950.59834499995,5820445.07718999963,13.32688371700,52.45491737800,"1"
"201893","11","0","12","012","2019","12","06","6","3","5","2","2","0","1","0","0","0","1",789903.39946300001,5835694.40503999963,13.28078531100,52.59379124200,"2"
"201894","11","0","03","003","2019","12","06","6","2","5","3","2","1","1","0","0","0","0",798730.65265399998,5833696.37464000005,13.40891622800,52.57110550600,"0"
"201895","11","0","02","002","2019","11","17","4","3","5","2","2","1","1","0","0","0","0",800402.04015100002,5825786.38580999896,13.42635451500,52.49928641400,"1"
"201896","11","0","01","001","2019","11","17","4","3","5","2","2","0","1","0","1","0","0",795079.73300000001,5827225.23099999968,13.34945463300,52.51508855600,"1"
"201897","11","0","07","007","2019","12","07","6","3","5","3","1","1","1","0","0","0","0",795522.87816299999,5824356.51797000039,13.35342016500,52.48913287200,"0"
"201898","11","0","01","001","2019","11","17","4","3","6","2","2","0","1","1","0","0","0",795015.22443499998,5830113.22982000001,13.35106930200,52.54101214000,"1"
"201899","11","0","01","001","2019","11","20","4","3","5","2","2","1","1","0","0","0","0",793697.82849600003,5828111.58145000041,13.32993136500,52.52378013800,"0"
"201900","11","0","05","005","2019","12","07","6","3","5","3","1","1","1","0","0","0","0",785095.19640799996,5832236.48287000041,13.20702196200,52.56533010500,"1"
"201901","11","0","08","008","2019","12","00","6","2","6","2","2","0","1","1","0","0","0",802573.85075800004,5823087.17463000026,13.45580053100,52.47389360000,"0"
"201902","11","0","01","001","2019","11","22","4","3","0","7","2","0","0","0","0","0","1",797396.46513599996,5829158.37127999961,13.38522347800,52.53115859000,"1"
"201903","11","0","03","003","2019","11","13","4","3","3","6","0","1","1","0","0","0","0",800804.68970400002,5838719.42554999981,13.44398862700,52.61498506000,"0"
"201904","11","0","11","011","2019","12","13","6","2","6","4","0","0","1","1","0","0","0",803873.10697199998,5830122.30312999897,13.48129120600,52.53622622900,"1"
"201905","11","0","06","006","2019","12","13","6","3","2","6","0","0","1","0","0","0","0",790370.85504499997,5820824.04844000004,13.27468057900,52.46022847100,"1"
"201906","11","0","10","010","2019","11","13","4","3","2","6","0","0","1","0","0","0","1",809582.06205700000,5824834.43401999958,13.56027692200,52.48562545400,"0"
"201907","11","0","02","002","2019","11","12","4","3","0","1","0","0","0","0","0","0","1",801879.71715399995,5827402.60156000033,13.44952210700,52.51295728700,"0"
"201908","11","0","09","009","2019","11","12","4","3","2","6","0","0","1","0","0","0","0",804659.49440800003,5822150.11120000016,13.48555686900,52.46433576100,"1"
"201909","11","0","11","011","2019","12","12","6","3","5","7","0","0","1","0","0","0","1",803671.03871500003,5829503.90985000040,13.47775618800,52.53079639900,"1"
"201910","11","0","07","007","2019","11","12","4","3","3","6","0","1","0","0","0","1","0",797761.44200000004,5823954.55099999998,13.38593331900,52.48431333200,"0"
"201911","11","0","04","004","2019","12","12","6","3","0","1","0","0","0","0","1","0","0",792159.20172999997,5828115.03902999964,13.30732056200,52.52463778200,"1"
"201912","11","0","08","008","2019","11","11","4","3","2","6","0","0","1","0","0","0","1",800293.91173299996,5824361.14367999975,13.42348186100,52.48657092100,"0"
"201913","11","0","03","003","2019","11","11","4","3","5","3","0","0","1","0","0","0","0",803000.47443900001,5832007.16428000014,13.47018425800,52.55360563100,"0"
"201914","11","0","02","002","2019","12","12","6","3","0","1","0","0","0","0","1","0","0",797741.90648200002,5826099.60357999988,13.38756352100,52.50355189800,"1"
"201915","11","0","06","006","2019","11","10","4","3","2","7","0","0","1","0","0","0","0",795914.61424999998,5819900.07950999960,13.35522027800,52.44897212300,"0"
"201916","11","0","10","010","2019","11","16","4","3","6","4","2","0","0","1","0","0","1",812247.43799999997,5830698.22099999990,13.60490293600,52.53665415700,"1"
"201917","11","0","01","001","2019","11","09","4","2","5","3","0","1","1","0","0","0","0",797023.08025899995,5829351.97467999998,13.37990826500,52.53309761000,"0"
"201918","11","0","01","001","2019","12","11","6","3","6","2","0","0","0","1","0","0","1",795044.29325999995,5830921.59564999957,13.35221472200,52.54824273900,"0"
"201919","11","0","12","012","2019","12","11","6","3","0","3","0","0","1","0","1","0","0",793121.03410599998,5833869.00722000003,13.32653648400,52.57570299900,"1"
"201920","11","0","12","012","2019","11","07","4","3","5","3","0","0","1","0","0","0","0",793660.02683400002,5837139.28459000029,13.33736640500,52.60472817800,"0"
"201921","11","0","01","001","2019","11","16","4","3","6","2","2","0","1","1","0","0","0",799981.68277700001,5826939.98233000096,13.42122005800,52.50985780600,"1"
"201922","11","0","11","011","2019","12","10","6","3","3","6","0","0","1","0","0","0","0",806619.07360700006,5827397.82369999960,13.51913863800,52.51027111600,"1"
"201923","11","0","06","006","2019","12","18","6","1","6","2","2","0","1","1","0","0","0",795662.46298800001,5818244.63845000044,13.35005613400,52.43426859400,"1"
"201924","11","0","05","005","2019","11","07","4","2","5","2","0","0","0","0","0","0","1",784819.20895700005,5829150.51838999894,13.20031389600,52.53780602700,"0"
"201925","11","0","11","011","2019","11","16","4","3","6","2","1","0","1","1","0","0","0",806132.42413299996,5826844.33674999978,13.51148129200,52.50558391000,"1"
"201926","11","0","06","006","2019","12","17","6","1","6","2","2","0","1","1","0","0","0",788846.25844500004,5819589.92896000016,13.25123599600,52.44997197100,"1"
"201927","11","0","02","002","2019","11","16","4","3","5","3","2","1","1","0","0","0","0",799281.74641699996,5826219.65613000095,13.41028986100,52.50378558600,"1"
"201928","11","0","10","010","2019","11","05","4","3","5","3","2","0","1","0","1","0","0",807869.95050699997,5830165.76259000041,13.54007408500,52.53437273300,"0"
"201929","11","0","01","001","2019","12","17","5","3","1","5","2","1","1","0","0","0","0",794799.60169200005,5828940.68070000038,13.34685898900,52.53061781800,"1"
"201930","11","0","10","010","2019","12","13","5","3","0","4","0","0","0","1","0","0","1",812609.39442400006,5830320.19385000039,13.60986661800,52.53305916200,"0"
"201931","11","0","04","004","2019","11","15","4","3","2","6","0","0","1","0","0","0","0",792724.70949299994,5826067.65467000101,13.31383099200,52.50598033900,"1"
"201932","11","0","03","003","2019","11","15","4","3","6","4","1","0","1","1","0","0","0",801319.27412600000,5833555.22350999899,13.44686846100,52.56841358700,"1"
"201933","11","0","02","002","2019","11","15","4","3","6","4","0","0","1","1","0","0","0",802535.74827200000,5826193.45617000107,13.45806097500,52.50175631600,"1"
"201934","11","0","03","003","2019","12","12","5","3","5","3","0","0","1","0","0","0","0",802862.67689400003,5838282.38564999960,13.47389209300,52.60992510100,"0"
"201935","11","0","01","001","2019","11","15","4","3","2","1","0","1","0","0","0","0","1",796234.17545400001,5828127.86646000016,13.36722121300,52.52255402100,"1"
"201936","11","0","10","010","2019","12","12","5","3","0","3","0","0","0","0","0","0","1",809618.70720399998,5834146.06348999962,13.56948514700,52.56905180400,"0"
"201937","11","0","11","011","2019","11","07","4","3","0","1","1","1","0","0","0","0","0",804002.74147899996,5828219.50427000038,13.48145691500,52.51909985700,"0"
"201938","11","0","08","008","2019","11","17","4","3","4","5","2","0","1","0","1","0","0",800283.06569900003,5824187.26116000023,13.42316596200,52.48501830500,"0"
"201939","11","0","12","012","2019","12","09","5","3","6","4","0","0","1","1","0","0","0",790600.18284999998,5834049.91172000021,13.28960056800,52.57867674700,"0"
"201940","11","0","04","004","2019","12","09","5","2","2","6","0","0","1","0","1","0","0",793036.19453500002,5825373.77214999963,13.31779648000,52.49959271600,"1"
"201941","11","0","03","003","2019","11","07","3","3","6","4","1","0","1","1","0","0","0",797219.15099999995,5835545.03000000026,13.38833713300,52.58850374800,"0"
"201942","11","0","03","003","2019","12","09","5","3","2","6","0","1","1","0","0","0","0",800771.80139399995,5831764.84845000040,13.43719256800,52.55266899900,"0"
"201943","11","0","08","008","2019","11","19","3","2","0","1","2","1","0","0","0","0","0",800466.69460499997,5823725.65526999906,13.42544601300,52.48077973400,"0"
"201944","11","0","10","010","2019","11","18","3","2","6","4","2","0","0","1","0","0","1",808644.93207900005,5830145.07244000025,13.55144417400,52.53374903100,"0"
"201945","11","0","08","008","2019","12","23","5","2","6","4","2","0","1","1","0","0","0",801804.36322199996,5823632.33313999977,13.44499923500,52.47920564700,"0"
"201946","11","0","08","008","2019","12","08","5","3","2","6","0","0","1","0","0","0","0",800589.43413099996,5824492.76527000032,13.42793964700,52.48758807200,"0"
"201947","11","0","12","012","2019","11","17","3","3","5","3","2","0","1","0","1","0","0",791111.69394999999,5834239.79334000032,13.29729476200,52.58010558500,"0"
"201948","11","0","08","008","2019","11","16","3","3","5","3","2","0","1","0","0","0","0",801297.76456899999,5822263.42702000029,13.43632584900,52.46721550400,"0"
"201949","11","0","06","006","2019","12","07","5","3","1","5","0","1","1","0","0","0","0",792148.58673099999,5816784.35042000003,13.29723994300,52.42306524100,"0"
"201950","11","0","04","004","2019","12","21","5","3","5","2","2","1","1","0","0","0","0",793952.34444599994,5824716.49158999976,13.33067379800,52.49320780000,"0"
"201951","11","0","04","004","2019","11","16","3","3","2","6","2","0","1","0","0","0","0",786252.44000399997,5826003.28418000042,13.21867906900,52.50883770400,"0"
"201952","11","0","01","001","2019","11","16","3","3","2","6","1","0","1","0","0","0","0",795827.83434299997,5829879.28926999960,13.36280817700,52.53847452500,"0"
"201953","11","0","11","011","2019","12","07","5","3","5","3","2","1","1","0","0","0","0",805860.11735700001,5825310.07999000046,13.50607289200,52.49198604700,"1"
"201954","11","0","06","006","2019","11","16","3","2","6","4","2","0","1","1","0","0","0",793153.88947000005,5820820.48630999960,13.31552214400,52.45871071600,"0"
"201955","11","0","11","011","2019","12","07","5","3","5","3","2","1","1","0","0","0","0",805124.22573099995,5830056.39690000005,13.49961954300,52.53493656700,"1"
"201956","11","0","12","012","2019","11","16","3","3","2","6","2","0","1","0","0","0","0",796673.95488500001,5832754.02873000037,13.37781565000,52.56378336400,"0"
"201957","11","0","09","009","2019","11","16","3","3","0","5","1","0","1","0","0","0","0",812951.69296200003,5821064.45811000094,13.60620402300,52.44992129400,"0"
"201958","11","0","04","004","2019","12","21","5","3","1","5","2","0","1","0","0","0","0",794380.41864000005,5825692.11141000036,13.33782307400,52.50172296900,"0"
"201959","11","0","04","004","2019","12","00","5","2","0","7","2","0","0","0","0","0","1",791758.71064700000,5826455.68941000104,13.29997898100,52.50997646000,"0"
"201960","11","0","08","008","2019","11","15","3","3","3","6","1","1","0","0","0","0","1",801583.43228099996,5824067.40617000032,13.44214951300,52.48322733800,"0"
"201961","11","0","06","006","2019","11","20","3","3","5","3","2","1","1","0","0","0","0",792516.90414300002,5821409.60142999981,13.30669015600,52.46433336100,"1"
"201962","11","0","07","007","2019","12","10","5","2","5","3","0","1","0","0","0","1","0",796597.73492199997,5821140.41253000032,13.36634433800,52.45972048200,"0"
"201963","11","0","06","006","2019","12","19","5","3","1","1","2","0","1","0","1","0","0",788819.00040300004,5816481.02410999965,13.24814987400,52.42211332600,"1"
"201964","11","0","02","002","2019","11","19","3","3","5","2","2","1","1","0","0","0","0",799117.32431199995,5826273.94574999902,13.40792346100,52.50436237500,"0"
"201965","11","0","04","004","2019","11","19","3","3","5","3","1","0","1","0","0","0","0",792528.27448100003,5828727.36344000045,13.31328380100,52.52992917100,"0"
"201966","11","0","12","012","2019","12","17","5","3","6","4","2","0","1","1","0","0","0",792611.68631899997,5835738.13360000029,13.32069208900,52.59273288700,"0"
"201967","11","0","02","002","2019","12","18","5","3","0","1","2","0","0","0","1","0","0",798477.95047899999,5824730.65443000104,13.39714860600,52.49087891100,"0"
"201968","11","0","12","012","2019","11","19","3","3","2","6","2","0","1","0","1","0","0",789784.21704000002,5833673.87275999971,13.27726379600,52.57574070700,"0"
"201969","11","0","07","007","2019","11","19","3","3","1","5","2","1","1","0","0","0","0",793733.79560399998,5821688.17059999984,13.32479618100,52.46617781200,"0"