OBJECTID,ULAND,UREGBEZ,UKREIS,UGEMEINDE,UJAHR,UMONAT,USTUNDE,UWOCHENTAG,UKATEGORIE,UART,UTYP1,ULICHTVERH,IstRad,IstPKW,IstFuss,IstKrad,IstGkfz,IstSonstig,LINREFX,LINREFY,XGCSWGS84,YGCSWGS84,STRZUSTAND
"201970","11","0","05","005","2019","11","19","3","3","5","2","2","0","1","0","0","0","0",784719.41084499995,5828608.24160999898,13.19838184200,52.53299613100,"0"
"201971","11","0","02","002","2019","12","17","5","3","6","4","2","0","1","1","0","0","0",801139.46668900002,5826282.66581000108,13.43763373700,52.50332826200,"0"
"201972","11","0","03","003","2019","12","17","5","3","3","6","2","0","1","0","0","0","1",799906.82174499996,5831665.56017000042,13.42438352300,52.55225600200,"0"
"201973","11","0","06","006","2019","11","18","3","3","2","6","2","0","1","0","0","0","0",793224.08279200003,5816823.29265000019,13.31304507500,52.42283910300,"0"
"201974","11","0","12","012","2019","11","15","3","3","5","3","1","0","1","0","0","0","0",790424.04817500000,5835943.39470999967,13.28866829100,52.59574561700,"0"
"201975","11","0","04","004","2019","12","18","5","3","1","5","2","1","0","0","0","0","1",791554.54731599998,5826675.70559999999,13.29717193400,52.51205803700,"0"
"201976","11","0","02","002","2019","12","17","5","3","6","6","1","0","1","1","0","0","0",803188.68727100000,5827123.41595999990,13.46849757800,52.50972901000,"0"
"201977","11","0","02","002","2019","11","14","3","3","5","2","0","0","1","0","0","1","0",799071.47339599999,5825609.75329000037,13.40665345500,52.49843396300,"0"
"201978","11","0","01","001","2019","11","15","3","3","0","1","0","0","0","0","1","0","0",795177.87715800002,5829505.07488999981,13.35292044200,52.53547244700,"0"
"201979","11","0","06","006","2019","12","18","5","3","5","3","2","1","1","0","0","0","0",787500.75619099999,5816884.52364000026,13.22916449800,52.42642521500,"0"
"201980","11","0","04","004","2019","11","14","3","3","1","5","0","0","1","0","0","0","0",790361.48118400003,5827394.71439000033,13.28026843400,52.51914041900,"0"
"201981","11","0","04","004","2019","12","16","5","3","0","3","2","1","0","0","1","0","0",792840.36722000001,5825522.40474000014,13.31505061800,52.50103028200,"1"
"201982","11","0","07","007","2019","11","14","3","3","5","3","0","1","1","0","0","0","0",797356.15523799998,5822015.78895999957,13.37825393600,52.46715521400,"0"
"201983","11","0","02","002","2019","11","13","3","3","5","2","0","1","0","0","0","0","1",799292.68462099996,5826222.04409999959,13.41045267700,52.50380099100,"0"
"201984","11","0","07","007","2019","12","16","5","3","5","2","2","0","1","0","1","0","0",795664.37586999999,5823778.77250999957,13.35498555100,52.48387721400,"1"
"201985","11","0","03","003","2019","12","16","5","3","1","5","2","1","1","0","0","0","0",800824.91554900003,5829173.76702000014,13.43562750500,52.52941537900,"0"
"201986","11","0","09","009","2019","11","13","3","3","5","2","0","0","1","0","0","0","0",807223.47831599996,5818287.02481000032,13.51962752200,52.42827821900,"0"
"201987","11","0","11","011","2019","11","10","3","3","5","3","0","0","1","0","0","0","0",806363.85308999999,5826858.41750000045,13.51489332300,52.50558020900,"0"
"201988","11","0","11","011","2019","12","16","5","3","6","4","2","0","1","1","0","0","0",805119.20459900005,5834459.97958999965,13.50359303200,52.57440583000,"1"
"201989","11","0","03","003","2019","12","14","5","3","5","3","0","1","1","0","0","0","0",804356.79822000000,5840432.63960999902,13.49786834500,52.62836182800,"0"
"201990","11","0","07","007","2019","11","10","3","3","0","7","0","0","1","0","0","0","1",799778.01319700002,5813975.83973000105,13.40659157600,52.39376443700,"0"
"201991","11","0","01","001","2019","11","12","3","3","0","7","0","0","0","0","1","0","1",793699.52718800004,5828016.46385999955,13.32987233200,52.52292654400,"0"
"201992","11","0","01","001","2019","12","15","5","3","2","2","0","1","1","0","0","0","0",797296.77487800003,5827242.85905000102,13.38204595700,52.51404261900,"0"
"201993","11","0","04","004","2019","11","09","3","3","3","6","0","0","1","0","1","0","0",790816.24938900000,5826017.85640999954,13.28574862800,52.50655454500,"0"
"201994","11","0","05","005","2019","12","14","5","3","2","6","0","0","1","0","0","0","0",785961.68333999999,5829207.10324000008,13.21716149900,52.53771503200,"0"
"201995","11","0","09","009","2019","12","14","5","2","6","4","0","0","1","1","0","0","0",806510.40371500002,5822282.57445999980,13.51283827000,52.46448786200,"0"
"201996","11","0","01","001","2019","11","09","3","3","5","2","0","0","1","0","0","0","1",796159.74450200005,5832269.93099999987,13.36981974800,52.55972389300,"0"
"201997","11","0","12","012","2019","12","14","5","3","0","6","0","0","1","0","1","0","0",791346.83082599996,5834499.85465000104,13.30098374900,52.58231111300,"0"
"201998","11","0","02","002","2019","11","07","3","3","0","3","0","1","0","0","1","0","0",798023.47328000003,5824680.21270999964,13.39042954700,52.49067506900,"0"
"201999","11","0","06","006","2019","12","14","5","2","5","3","0","1","1","0","0","0","0",792504.67214399995,5817218.72448000032,13.30284145100,52.42676915500,"0"
"202000","11","0","12","012","2019","12","13","5","3","2","7","0","0","1","0","0","0","0",792671.08294500003,5834738.12939999998,13.32068303300,52.58373641100,"0"
"202001","11","0","05","005","2019","11","07","3","3","2","6","1","0","1","0","0","0","0",789365.28178800002,5829284.60470999964,13.26727244100,52.53661322700,"0"
"202002","11","0","04","004","2019","11","07","3","3","5","3","0","1","1","0","0","0","0",791590.69661999994,5825066.62944999896,13.29629383500,52.49761352200,"0"
"202003","11","0","08","008","2019","12","13","5","3","5","7","0","1","1","0","0","0","0",801243.00973499997,5820641.38430999964,13.43405853900,52.45270682200,"0"
"202004","11","0","06","006","2019","11","07","3","3","1","5","1","0","0","0","0","0","1",791329.32071600005,5821857.78423000034,13.28965013900,52.46898583600,"0"
"202005","11","0","08","008","2019","11","12","3","3","6","4","0","0","1","1","0","0","1",801840.09361099999,5816753.16433000099,13.43930798800,52.41752628100,"0"
"202006","11","0","08","008","2019","11","10","3","3","3","6","0","1","1","0","0","0","0",801549.78622699995,5823813.10833999980,13.44142553500,52.48096659800,"0"
"202007","11","0","01","001","2019","11","11","3","3","1","5","0","1","1","0","0","0","0",795596.80634600006,5826117.30061999988,13.35606837700,52.50487687700,"0"
"202008","11","0","11","011","2019","11","10","3","3","6","4","0","0","0","1","0","0","1",805274.72253799997,5833221.78710999899,13.50474124400,52.56322159400,"0"
"202009","11","0","02","002","2019","12","13","5","3","1","5","0","0","1","0","0","0","0",797492.69315800001,5826228.32830000017,13.38401778100,52.50484170100,"0"
"202010","11","0","05","005","2019","12","18","4","3","5","2","1","0","1","0","0","0","1",783919.32400000002,5826605.16600000020,13.18490807500,52.51545362400,"0"
"202011","11","0","03","003","2019","11","10","3","3","5","2","0","0","1","0","0","0","1",800079.77905699995,5837502.58456000034,13.43221042600,52.60447913400,"0"
"202012","11","0","11","011","2019","11","13","2","3","5","2","0","1","0","0","0","0","1",807099.28930599999,5823655.34922999982,13.52274290100,52.47646033900,"0"
"202013","11","0","01","001","2019","11","08","2","3","5","3","0","0","1","0","0","0","0",793833.69395099999,5831855.62296999898,13.33523943400,52.55727003800,"0"
"202014","11","0","04","004","2019","12","07","4","3","6","2","1","0","1","1","0","0","0",790950.81710200000,5823018.67533999961,13.28510652900,52.47959503800,"0"
"202015","11","0","01","001","2019","11","08","2","3","6","4","0","1","0","1","0","0","0",797160.43500000006,5827685.96100000013,13.38043848300,52.51808883100,"0"
"202016","11","0","01","001","2019","12","14","4","3","6","4","0","0","1","1","0","0","0",795389.55805400002,5830607.32930999901,13.35701223300,52.54523851300,"0"
"202017","11","0","11","011","2019","11","15","2","2","6","7","0","0","1","1","0","0","0",805238.22610500001,5832168.55656000040,13.50323589000,52.55380266700,"0"
"202018","11","0","08","008","2019","11","21","2","3","6","4","2","0","1","1","0","0","0",802568.86597699998,5823090.57930999901,13.45573045300,52.47392687700,"0"
"202019","11","0","06","006","2019","12","19","4","2","5","2","2","0","1","0","1","0","0",792587.56828000001,5815927.38171000034,13.30292787200,52.41514801800,"0"
"202020","11","0","10","010","2019","11","20","2","2","5","2","2","1","1","0","0","0","0",809940.02811299998,5831602.80248999968,13.57183616700,52.54607763200,"0"
"202021","11","0","02","002","2019","11","19","2","3","0","1","2","1","1","0","0","0","0",801751.89481600001,5825816.55276000034,13.44620672400,52.49881210800,"0"
"202022","11","0","05","005","2019","11","17","2","3","5","3","2","1","1","0","0","0","0",782291.12492500001,5820464.01891999971,13.15577540000,52.46123412600,"0"
"202023","11","0","07","007","2019","12","18","4","3","5","2","2","0","1","0","1","0","0",797584.75191999995,5819588.24734999891,13.37944554600,52.44527033500,"0"
"202024","11","0","08","008","2019","11","16","2","3","2","6","2","0","1","0","0","0","0",802955.54443699995,5822492.12731000036,13.46086261400,52.46834864300,"0"
"202025","11","0","08","008","2019","11","16","2","3","5","3","2","0","1","0","1","0","0",801545.49045200006,5820647.12373000104,13.43850149800,52.45259149400,"0"
"202026","11","0","12","012","2019","12","18","4","3","9","1","2","0","1","0","0","0","0",789496.43232999998,5836129.50205000024,13.27517450600,52.59790867600,"0"
"202027","11","0","04","004","2019","11","16","2","3","2","3","2","1","1","0","0","0","0",791283.92326499999,5826071.24627999961,13.29266643700,52.50678368600,"0"
"202028","11","0","07","007","2019","12","18","4","2","6","4","2","0","0","1","1","0","0",797328.14600299997,5821868.02663999982,13.37771117700,52.46584591800,"1"
"202029","11","0","02","002","2019","11","15","2","3","1","1","0","0","1","0","0","0","0",798319.07168699999,5825079.99081000034,13.39512828200,52.49409712000,"0"
"202030","11","0","08","008","2019","11","18","2","3","0","1","2","1","0","0","0","0","0",800471.47748899995,5823727.37987000030,13.42551778400,52.48079256000,"0"
"202031","11","0","04","004","2019","12","17","4","3","1","5","2","1","1","0","0","0","1",792786.80610199994,5825502.33136000019,13.31424616800,52.50087907200,"0"
"202032","11","0","08","008","2019","12","17","4","3","6","4","2","1","0","1","0","0","0",800488.93263900001,5824245.83375000022,13.42624135500,52.48543005700,"0"
"202033","11","0","02","002","2019","11","11","2","3","5","3","0","1","1","0","0","0","0",797016.74944699998,5824467.61460999958,13.37545623500,52.48931803000,"0"
"202034","11","0","07","007","2019","11","14","2","3","0","4","0","1","0","1","0","0","0",793489.29374400002,5821987.88152000029,13.32147100100,52.46899601200,"0"
"202035","11","0","04","004","2019","12","17","4","3","0","7","2","0","0","0","1","0","0",791507.12835799996,5826224.61008000001,13.29608008100,52.50803935900,"0"
"202036","11","0","02","002","2019","12","16","4","3","5","3","2","1","1","0","0","0","0",801132.30032000004,5828599.96260000020,13.43962543400,52.52410257500,"0"
"202037","11","0","09","009","2019","11","15","2","3","7","7","0","0","1","0","0","0","1",807665.57277900004,5815710.93848999962,13.52374117200,52.40494221600,"0"
"202038","11","0","12","012","2019","11","15","2","3","4","6","0","0","1","0","0","0","0",788178.14927299996,5831485.53203000035,13.25172807700,52.55697440200,"0"
"202039","11","0","09","009","2019","11","15","2","3","2","6","0","0","1","0","0","0","0",809687.18586099998,5821241.84317000024,13.55848558500,52.45336992800,"0"
"202040","11","0","01","001","2019","12","18","4","3","5","2","2","1","1","0","0","0","0",796415.37190400006,5826326.50361999962,13.36827940800,52.50630809500,"0"
"202041","11","0","10","010","2019","11","15","2","3","2","6","0","0","1","0","0","0","0",808181.87603299995,5831319.51405000035,13.54572831100,52.54453618800,"0"
"202042","11","0","01","001","2019","12","15","4","3","5","3","1","0","1","0","0","0","0",799770.26156100002,5828632.56132999901,13.41963920600,52.52514531700,"0"
"202043","11","0","03","003","2019","11","13","2","3","6","2","0","0","1","1","0","0","0",803457.35213799996,5838505.03084999975,13.48285162100,52.61158890000,"0"
"202044","11","0","02","002","2019","11","11","2","3","5","3","0","1","1","0","0","0","0",798791.28235400002,5824111.68969999999,13.40119486900,52.48515930300,"0"
"202045","11","0","09","009","2019","12","23","4","3","6","2","2","0","1","1","0","0","0",810528.61106999998,5820028.80157999974,13.56970082400,52.44202174100,"0"
"202046","11","0","11","011","2019","11","09","2","3","0","6","0","0","1","0","1","0","0",805387.42098000005,5833300.38095000107,13.50647100700,52.56386277600,"0"
"202047","11","0","01","001","2019","11","08","2","3","6","4","0","1","0","1","0","0","0",794855.00717600004,5829889.10666999966,13.34851481800,52.53908977000,"0"
"202048","11","0","04","004","2019","11","08","2","3","9","1","0","0","0","0","0","0","1",791265.99360199994,5829188.62573000044,13.29513281200,52.53474026900,"0"
"202049","11","0","02","002","2019","12","23","4","3","2","6","2","0","1","0","0","0","0",801289.71110299998,5826168.23183999956,13.43973699900,52.50221963100,"1"
"202050","11","0","02","002","2019","12","22","4","3","2","6","2","0","1","0","0","0","0",802659.03855000006,5828003.04186000023,13.46151719200,52.51790712200,"0"
"202051","11","0","12","012","2019","11","06","2","2","5","3","2","1","1","0","0","0","0",789759.74689199997,5833884.88016000018,13.27708813100,52.57764542100,"0"
"202052","11","0","08","008","2019","11","00","2","3","1","5","2","1","1","0","0","0","0",801481.64153499994,5823923.26651000045,13.44052474000,52.48199159400,"0"
"202053","11","0","03","003","2019","12","14","7","3","2","1","0","1","1","0","0","0","0",800087.03746599995,5831664.17717999965,13.42703228600,52.55214435000,"1"
"202054","11","0","04","004","2019","12","14","7","3","0","1","0","1","0","0","0","0","0",793972.08797300002,5824964.42946999893,13.33118255400,52.49541980700,"1"
"202055","11","0","08","008","2019","12","13","7","3","4","2","0","1","1","0","0","0","0",801100.99155200005,5824355.67484000046,13.43532697200,52.48607740900,"1"
"202056","11","0","10","010","2019","12","13","7","3","5","2","0","0","1","0","0","0","0",811281.17378399998,5831543.41576000024,13.59149447300,52.54478088600,"1"
"202057","11","0","05","005","2019","12","13","7","3","0","1","0","1","0","0","0","0","0",783579.97896199999,5828907.48362000007,13.18188421800,52.53627323700,"1"
"202058","11","0","06","006","2019","12","12","7","3","5","3","0","0","1","0","0","0","0",792832.64414400002,5816434.39850999974,13.30696468400,52.41956232000,"1"
"202059","11","0","06","006","2019","12","12","7","3","5","7","0","0","1","0","0","0","0",793038.40882799996,5816601.06496999972,13.31012773400,52.42094632500,"1"
"202060","11","0","06","006","2019","12","11","7","3","5","2","0","1","1","0","0","0","0",794648.81170199998,5820986.84123999998,13.33760742900,52.45939807600,"1"
"202061","11","0","01","001","2019","12","11","7","3","2","6","0","0","1","0","1","0","0",797909.66471899999,5829898.52280000038,13.39343006600,52.53751285600,"1"
"202062","11","0","03","003","2019","12","10","7","3","5","3","0","1","1","0","0","0","0",798880.50600000005,5830395.91399999987,13.40814900600,52.54143966300,"1"
"202063","11","0","02","002","2019","12","05","7","3","6","2","2","0","1","1","0","0","0",802002.45162399998,5826394.44194999896,13.45041056300,52.50385317000,"1"
"202064","11","0","02","002","2019","12","03","7","3","0","1","2","0","0","0","0","0","1",802309.47259999998,5827480.71757999994,13.45590660200,52.51341943000,"1"
"202065","11","0","08","008","2019","12","23","7","3","5","2","2","0","1","0","0","0","0",801459.44015299994,5823891.01090999972,13.44016963600,52.48171473700,"1"
"202066","11","0","02","002","2019","12","23","7","3","2","6","2","0","1","0","0","0","0",799946.02171200002,5826078.87958000042,13.41992036600,52.50215899100,"1"
"202067","11","0","11","011","2019","12","21","7","2","6","4","2","0","1","1","0","0","0",805771.59774400003,5830082.50722999964,13.50915816100,52.53480778600,"1"
"202068","11","0","07","007","2019","12","20","7","2","5","2","2","0","1","0","0","0","0",799740.30266399996,5814500.78696000017,13.40650861500,52.39849057000,"1"
"202069","11","0","04","004","2019","12","19","7","3","6","6","2","1","0","1","0","0","0",793174.30899199995,5824511.15914000012,13.31906608400,52.49178551800,"1"
"202070","11","0","08","008","2019","12","16","7","3","2","6","2","0","1","0","0","0","0",803279.12357099995,5818514.90438000020,13.46200023800,52.43252137700,"1"
"202071","11","0","11","011","2019","12","17","7","3","0","7","2","0","1","0","0","0","1",803314.13326200005,5830107.35902999900,13.47306157200,52.53640366000,"0"
"202072","11","0","10","010","2019","12","17","7","3","6","2","2","0","1","1","0","0","0",812065.43648300006,5830622.57500999980,13.60215723200,52.53608052200,"1"
"202073","11","0","01","001","2019","12","15","7","3","0","1","1","0","0","0","1","0","0",797712.31776200002,5832057.38446999900,13.39246422700,52.55697209300,"1"
"202074","11","0","02","002","2019","12","15","7","3","5","3","0","0","1","0","0","0","0",797469.12534599996,5826071.93977000099,13.38353185600,52.50345270500,"1"
"202075","11","0","05","005","2019","12","22","6","3","6","2","2","0","1","1","0","0","0",785292.46722400002,5830004.15732999891,13.20800582700,52.54521208800,"0"
"202076","11","0","09","009","2019","12","21","6","3","1","5","2","1","0","0","0","0","1",811502.98485100002,5820070.90364999976,13.58402908300,52.44184491200,"1"
"202077","11","0","09","009","2019","12","13","6","3","6","4","0","0","1","1","0","0","0",811477.26542299998,5819235.27998999972,13.58287327500,52.43437110900,"0"
"202078","11","0","01","001","2019","12","13","6","3","5","3","0","0","1","0","0","0","0",798815.45386400004,5829375.30637000035,13.40627492700,52.53232708900,"0"
"202079","11","0","09","009","2019","12","13","6","3","0","6","0","0","1","0","0","0","1",811998.69380999997,5821165.23383999988,13.59232035800,52.45136905900,"0"
"202080","11","0","12","012","2019","12","12","6","3","6","4","0","0","1","1","0","0","0",793316.02171700005,5832703.94333999977,13.32837523100,52.56515382600,"0"
"202081","11","0","07","007","2019","12","11","6","3","5","3","0","0","1","0","0","0","1",795223.10320100002,5822274.48785000108,13.34717445100,52.47063107600,"0"
"202082","11","0","06","006","2019","12","07","6","3","6","2","1","0","1","1","0","0","0",793211.56650299998,5819813.37251000106,13.31548427700,52.44965125600,"1"
"202083","11","0","07","007","2019","12","10","6","3","5","3","0","1","1","0","0","0","0",794992.99624699994,5825090.20748000033,13.34628836400,52.49599649400,"0"
"202084","11","0","04","004","2019","12","10","6","3","5","2","0","0","1","0","1","0","0",792839.82872300001,5825503.20710000023,13.31502582500,52.50085847100,"0"
"202085","11","0","07","007","2019","12","10","6","3","0","1","0","1","0","0","0","0","0",799238.98909299995,5813123.85120999906,13.39793294300,52.38642204400,"2"
"202086","11","0","10","010","2019","12","10","6","3","0","1","0","0","0","0","1","0","0",809150.30896299996,5831069.74497999996,13.55973131900,52.54174923600,"2"
"202087","11","0","04","004","2019","12","09","6","2","6","2","0","0","1","1","0","0","0",792689.84388199996,5825324.89716000017,13.31266587400,52.49934044200,"0"
"202088","11","0","09","009","2019","12","09","6","3","4","1","0","0","1","0","0","0","0",807876.71885399998,5818167.84415000025,13.52909521300,52.42684291200,"2"
"202089","11","0","06","006","2019","12","08","6","3","5","3","0","0","0","0","1","1","0",794322.94372200000,5816920.21313000098,13.32924353800,52.42311803800,"1"
"202090","11","0","04","004","2019","12","08","6","3","5","2","0","1","1","0","0","0","0",793979.40500699996,5824651.05862999894,13.33101349600,52.49260665200,"0"
"202091","11","0","01","001","2019","12","08","6","2","0","1","1","0","0","0","1","0","0",794544.97807299998,5827511.64023999963,13.34185055400,52.51794508300,"2"
"202092","11","0","12","012","2019","12","08","6","3","3","6","0","1","1","0","0","0","0",793524.67613499996,5836870.28404999897,13.33513495800,52.60238987400,"0"
"202093","11","0","04","004","2019","12","07","6","3","5","2","1","1","0","0","0","0","1",792231.56458999997,5823140.28522999957,13.30401820500,52.48000139500,"0"
"202094","11","0","07","007","2019","12","07","6","3","5","2","0","1","1","0","0","0","0",800159.65754499997,5821496.27737999987,13.41893257900,52.46096560900,"1"
"202095","11","0","11","011","2019","12","07","6","3","5","7","2","1","1","0","0","0","0",807206.46200000006,5825569.21100000013,13.52607970400,52.49355241500,"1"
"202096","11","0","04","004","2019","12","14","6","2","6","4","0","0","1","1","0","0","0",794013.91751000006,5825926.12770999968,13.33264594200,52.50401840200,"0"
"202097","11","0","01","001","2019","12","19","6","3","5","3","2","0","1","0","0","0","0",797893.85677800002,5828168.49873000104,13.39164750600,52.52201404900,"0"
"202098","11","0","03","003","2019","12","19","6","2","0","1","2","1","0","0","0","0","0",798796.63173100003,5830351.04710000008,13.40687558100,52.54108349700,"0"
"202099","11","0","05","005","2019","12","19","6","3","2","6","2","0","1","0","0","0","0",783610.48083999997,5830663.86335000023,13.18383241900,52.55200533500,"0"
"202100","11","0","09","009","2019","12","18","6","3","1","5","2","1","1","0","0","0","0",802309.12861799996,5825528.61216999963,13.45412910800,52.49592290400,"0"
"202101","11","0","01","001","2019","12","18","6","2","5","3","2","1","1","0","0","0","0",794649.79804499994,5831458.69825000037,13.34689033800,52.55327097100,"0"
"202102","11","0","07","007","2019","12","17","6","3","2","6","2","0","1","0","0","0","0",798755.54668799997,5819084.38143000100,13.39617025600,52.44011533500,"0"
"202103","11","0","11","011","2019","12","17","6","3","2","6","2","0","1","0","0","0","0",805758.43028299999,5833536.47047000099,13.51214495800,52.56577044300,"1"
"202104","11","0","05","005","2019","12","16","6","3","0","6","2","0","1","0","0","0","1",784819.04691999999,5829040.11223000102,13.20021687900,52.53681621300,"0"
"202105","11","0","06","006","2019","12","16","6","3","2","2","1","0","1","0","0","0","0",795330.63224700000,5819980.79686000012,13.34672358300,52.45001148600,"0"
"202106","11","0","01","001","2019","12","16","6","3","0","1","0","1","0","0","0","0","0",795321.43498200004,5827750.86395999976,13.35347272200,52.51966961700,"0"
"202107","11","0","03","003","2019","12","16","6","3","8","1","2","0","1","0","0","0","0",796253.94609800004,5835298.92999999970,13.37391139800,52.58682426500,"0"
"202108","11","0","05","005","2019","12","15","6","3","5","3","0","0","1","0","0","0","1",784404.59679300000,5829512.20070999954,13.19452691300,52.54126542800,"0"
"202109","11","0","01","001","2019","12","15","6","3","2","2","2","0","0","0","0","0","1",797160.43500000006,5827685.96100000013,13.38043848300,52.51808883100,"1"
"202110","11","0","02","002","2019","12","15","6","3","2","7","0","1","1","0","0","0","0",801811.78874400002,5827957.62182000000,13.44902759400,52.51796955500,"0"
"202111","11","0","03","003","2019","12","14","6","3","6","4","0","0","1","1","0","0","0",798130.34736300004,5835469.20971000101,13.40167929800,52.58732551200,"0"
"202112","11","0","03","003","2019","12","06","5","3","6","7","2","1","0","1","0","0","0",799922.29500000004,5834443.36500000022,13.42712216400,52.57714567200,"0"
"202113","11","0","04","004","2019","12","13","5","2","6","4","0","0","1","1","0","0","0",791869.51933200005,5824789.06132999901,13.30014623000,52.49497611400,"0"
"202114","11","0","02","002","2019","12","11","5","3","5","2","0","1","1","0","0","0","0",801837.21419800003,5825745.45624999981,13.44739533200,52.49812768200,"0"
"202115","11","0","01","001","2019","12","16","5","3","3","6","2","1","0","0","0","0","1",796789.38737699995,5828824.37471000105,13.37600212300,52.52849554900,"0"
"202116","11","0","08","008","2019","12","16","5","3","5","3","2","1","1","0","0","0","0",801218.26847400004,5823891.14723999985,13.43662913500,52.48184904400,"0"
"202117","11","0","12","012","2019","12","16","5","3","6","4","1","0","1","1","0","0","0",793984.33385399997,5836609.77862999961,13.34167123400,52.59980629900,"1"
"202118","11","0","06","006","2019","12","15","5","3","3","6","2","0","1","0","0","0","0",791694.08178200002,5819361.86079000030,13.29282394000,52.44641524600,"1"
"202119","11","0","07","007","2019","12","15","5","3","5","3","1","0","1","0","0","0","0",798794.24610100000,5817120.11754000001,13.39498270200,52.42248687200,"1"
"202120","11","0","09","009","2019","12","15","5","3","5","3","2","0","1","0","0","0","0",806287.17187500000,5820685.27673000097,13.50809735200,52.45029740000,"1"
"202121","11","0","01","001","2019","12","14","5","3","1","5","0","0","1","0","0","0","0",796959.20708600001,5826717.15988999978,13.37661703700,52.50951418100,"0"
"202122","11","0","08","008","2019","12","20","5","3","6","7","2","0","0","1","0","0","1",802162.05448499997,5822786.81974000018,13.44948409500,52.47142943600,"1"
"202123","11","0","01","001","2019","12","13","5","3","0","5","0","0","1","0","1","0","0",798133.53146800003,5830932.12060999963,13.39764854500,52.54665523400,"1"
"202124","11","0","06","006","2019","12","13","5","3","2","2","0","0","1","0","0","0","0",790734.03048399999,5815384.21996999905,13.27527975900,52.41126609700,"1"
"202125","11","0","01","001","2019","12","12","5","3","5","3","0","1","1","0","0","0","0",796981.21240199998,5831508.98799000029,13.38122118100,52.55245555500,"1"
"202126","11","0","10","010","2019","12","12","5","3","5","3","0","1","1","0","0","0","0",812883.43347900000,5828217.38028000016,13.61191533400,52.51405860400,"1"
"202127","11","0","11","011","2019","12","12","5","3","0","1","0","0","0","0","1","0","0",803347.48369100003,5826400.70954000019,13.47017172500,52.50316325600,"1"
"202128","11","0","09","009","2019","12","12","5","2","5","2","1","1","0","0","0","1","0",805510.40342500003,5821508.89456999954,13.49745623800,52.45811375100,"0"
"202129","11","0","09","009","2019","12","11","5","3","8","1","0","0","1","0","0","0","0",805160.60073299997,5821478.46616999898,13.49229613600,52.45803645400,"1"
"202130","11","0","01","001","2019","12","11","5","3","5","3","0","0","1","0","1","0","0",798422.53543100005,5828389.82373000029,13.39961509800,52.52370884800,"1"
"202131","11","0","02","002","2019","12","10","5","3","0","5","0","0","1","0","0","0","0",798020.06744500005,5825846.15861000028,13.39142263400,52.50112821900,"0"
"202132","11","0","08","008","2019","12","10","5","2","2","6","0","0","1","0","0","1","0",800323.69196900004,5816754.78485000040,13.41707911500,52.41837496900,"0"
"202133","11","0","09","009","2019","12","09","5","3","3","6","0","0","1","0","0","0","1",809662.16436299996,5821475.94484000001,13.55833561900,52.45548207400,"1"
"202134","11","0","02","002","2019","12","21","5","2","5","3","2","1","0","0","0","0","0",797270.42361900001,5824744.30790999904,13.37942818400,52.49166021600,"1"
"202135","11","0","01","001","2019","12","20","5","3","1","5","0","1","1","0","0","0","0",798411.29530600004,5829204.44598000031,13.40018101600,52.53101697500,"0"
"202136","11","0","08","008","2019","12","19","5","2","6","1","2","0","1","1","0","0","0",801386.22481599997,5821165.91399000026,13.43663311000,52.45732939800,"0"
"202137","11","0","05","005","2019","12","19","5","3","2","6","2","0","1","0","0","0","0",786933.04851700005,5829325.55640999973,13.23154640700,52.53826644600,"0"
"202138","11","0","06","006","2019","12","18","5","3","5","3","2","1","1","0","0","0","0",790633.82057400001,5817849.78758999892,13.27595254300,52.43342380300,"1"
"202139","11","0","02","002","2019","12","18","5","3","2","2","2","1","1","0","0","0","0",799585.33222900005,5826345.25574999955,13.41486216600,52.50474479700,"0"
"202140","11","0","03","003","2019","12","17","5","2","5","3","2","0","1","0","0","0","0",800942.45648499997,5833548.09736999962,13.44131909900,52.56855815700,"1"
"202141","11","0","03","003","2019","12","17","5","2","6","4","2","0","1","1","0","0","0",802768.82856499997,5832700.16655000020,13.46741017800,52.55994566700,"1"
"202142","11","0","04","004","2019","12","16","5","3","5","2","2","0","1","0","0","0","0",791662.48100000003,5830679.23199999984,13.30227032000,52.54789119400,"0"
"202143","11","0","01","001","2019","12","08","5","3","5","3","0","0","1","0","0","0","1",798035.54573000001,5827401.84951000102,13.39304283600,52.51506459300,"1"
"202144","11","0","09","009","2019","12","07","5","3","3","5","0","0","0","0","1","0","1",803926.85660099995,5823420.80329999980,13.47596345800,52.47613271400,"1"
"202145","11","0","03","003","2019","12","07","5","3","5","2","0","0","1","0","0","0","0",799829.70700000005,5831977.58100000024,13.42353136600,52.55509519500,"1"
"202146","11","0","03","003","2019","12","07","5","3","2","6","1","0","1","0","0","0","0",801743.10890600004,5830056.55528999958,13.44992323300,52.53682037700,"1"
"202147","11","0","06","006","2019","12","07","5","2","6","4","0","0","1","1","0","0","0",789635.14941900002,5817024.75903000031,13.26058917700,52.42655678400,"1"
"202148","11","0","01","001","2019","12","07","5","3","5","2","2","0","1","0","0","0","0",798079.60400000005,5829993.13100000005,13.39601310100,52.53826796800,"1"
"202149","11","0","09","009","2019","12","06","5","3","4","6","2","1","0","0","0","0","0",810842.74938499997,5821379.93015000038,13.57556480900,52.45395155400,"1"
"202150","11","0","08","008","2019","12","06","5","3","6","2","1","0","0","1","0","0","1",805554.96970100002,5818554.59549000021,13.49540846500,52.43161070500,"1"