OBJECTID,ULAND,UREGBEZ,UKREIS,UGEMEINDE,UJAHR,UMONAT,USTUNDE,UWOCHENTAG,UKATEGORIE,UART,UTYP1,ULICHTVERH,IstRad,IstPKW,IstFuss,IstKrad,IstGkfz,IstSonstig,LINREFX,LINREFY,XGCSWGS84,YGCSWGS84,STRZUSTAND
"202151","11","0","12","012","2019","12","06","5","3","2","6","2","0","1","0","0","0","0",790796.47624200000,5837635.44209999964,13.29563759800,52.61071540500,"1"
"202152","11","0","05","005","2019","12","05","5","3","6","2","2","0","0","1","0","0","1",781965.72602099995,5828466.33794000000,13.15777326300,52.53315535100,"1"
"202153","11","0","09","009","2019","12","07","4","3","4","5","0","1","1","0","0","0","0",805009.22269500000,5822035.32084000017,13.49058391400,52.46311183700,"0"
"202154","11","0","03","003","2019","12","16","4","3","0","6","1","1","1","0","0","0","0",799838.77449700003,5830337.21112000011,13.42218372100,52.54038703900,"0"
"202155","11","0","08","008","2019","12","20","4","3","0","2","2","1","0","0","0","0","1",801016.20150299999,5823909.12748000026,13.43367881800,52.48212163000,"0"
"202156","11","0","12","012","2019","12","20","4","3","1","1","2","0","1","0","0","0","0",792799.70674299996,5836645.11239000037,13.32426176500,52.60076225000,"2"
"202157","11","0","03","003","2019","12","17","4","3","4","6","1","0","1","0","1","0","0",803002.79008199996,5832693.68283999991,13.47084498300,52.55975742300,"0"
"202158","11","0","01","001","2019","12","17","4","3","5","2","2","1","1","0","0","0","0",794557.14667599997,5828963.71805999987,13.34331553800,52.53095540200,"0"
"202159","11","0","06","006","2019","12","16","4","3","5","3","0","0","1","0","0","0","0",794572.31978500006,5817030.66100999899,13.33299752400,52.42397397200,"0"
"202160","11","0","09","009","2019","12","16","4","3","6","4","2","0","1","1","0","0","0",809147.75005999999,5819247.42808999959,13.54872724900,52.43580146700,"0"
"202161","11","0","11","011","2019","12","16","4","3","5","2","2","0","1","0","0","0","0",806311.61640399997,5833876.90283000097,13.52059519000,52.56851048400,"0"
"202162","11","0","01","001","2019","12","15","4","3","5","3","0","0","1","0","0","0","0",796704.75734999997,5829874.16968000028,13.37569535500,52.53795189400,"1"
"202163","11","0","10","010","2019","12","15","4","3","2","2","1","0","1","0","0","0","0",809926.70204400003,5831594.07258000039,13.57163213200,52.54600697900,"0"
"202164","11","0","04","004","2019","12","15","4","3","0","6","0","0","1","0","0","0","1",793113.94669699995,5825588.31151000038,13.31912742900,52.50147422700,"0"
"202165","11","0","05","005","2019","12","15","4","2","9","1","0","0","1","0","0","0","0",786354.62407899997,5829174.46781000029,13.22291109300,52.53721609300,"0"
"202166","11","0","05","005","2019","12","14","4","2","5","2","0","0","1","0","0","0","0",782380.06505700003,5827031.90268999897,13.16264721200,52.52007910500,"0"
"202167","11","0","07","007","2019","12","13","4","3","6","4","0","0","1","1","0","0","0",796246.71883899998,5820460.35584000032,13.36058974000,52.45381470700,"0"
"202168","11","0","04","004","2019","12","13","4","3","0","4","0","1","0","1","0","0","0",790963.23842900002,5826754.29207000043,13.28855200100,52.51307830800,"0"
"202169","11","0","01","001","2019","12","12","4","3","5","2","0","1","1","0","0","0","0",799652.47324800002,5827049.72642999981,13.41648254200,52.51102242600,"0"
"202170","11","0","08","008","2019","12","12","4","3","0","2","0","0","1","0","0","0","1",801301.84206900001,5819612.39242000040,13.43399360000,52.44345120000,"0"
"202171","11","0","03","003","2019","12","07","4","3","0","6","1","0","1","0","0","0","1",801257.21185700002,5833176.71030999906,13.44561181000,52.56505531600,"0"
"202172","11","0","09","009","2019","12","07","4","3","2","2","1","0","1","0","0","0","0",808256.15051499999,5818783.44725000020,13.53522537800,52.43214640200,"0"
"202173","11","0","04","004","2019","12","06","4","3","6","2","2","0","1","1","0","0","0",794037.95512699999,5823920.69911000039,13.33122896000,52.48602780200,"0"
"202174","11","0","12","012","2019","12","22","4","2","6","4","2","0","0","1","1","0","0",793876.32568400004,5836161.33217000030,13.33968310000,52.59584470200,"0"
"202175","11","0","01","001","2019","12","19","4","3","2","6","2","0","1","0","0","0","0",797027.70833599998,5831894.73015999980,13.38225006500,52.55588791900,"0"
"202176","11","0","01","001","2019","12","17","4","3","6","2","2","1","0","1","0","0","0",798933.78854400001,5827028.49136999901,13.40590507400,52.51122640000,"0"
"202177","11","0","04","004","2019","12","15","4","1","5","3","0","1","1","0","0","0","0",791668.69839100004,5827715.83731000032,13.29976109300,52.52132163100,"0"
"202178","11","0","09","009","2019","12","17","3","3","6","6","2","0","1","1","0","0","0",811098.40039500000,5814752.76262999978,13.57315223500,52.39441595700,"0"
"202179","11","0","12","012","2019","12","07","3","3","2","6","0","0","1","0","0","0","0",791157.66885799996,5830953.35883000027,13.29508703100,52.55061874300,"0"
"202180","11","0","01","001","2019","12","14","3","3","3","2","0","1","0","0","0","0","1",797624.15395900002,5827015.50444999896,13.38665271200,52.51182611500,"0"
"202181","11","0","12","012","2019","12","11","3","2","6","7","0","0","1","1","0","1","1",790948.91859899997,5831297.81560999900,13.29231885500,52.55381829800,"0"
"202182","11","0","07","007","2019","12","16","3","3","6","7","2","0","0","1","0","0","1",796969.68932799995,5817198.85943000019,13.36830002000,52.42418593200,"0"
"202183","11","0","04","004","2019","12","15","3","3","2","6","1","0","1","0","0","0","1",790857.36757300003,5824367.40706999972,13.28491135100,52.49173629200,"0"
"202184","11","0","12","012","2019","12","15","3","3","2","2","1","0","1","0","0","0","0",791416.60100000002,5838760.56699999981,13.30576122600,52.62046959900,"0"
"202185","11","0","01","001","2019","12","23","3","3","5","2","2","0","1","0","1","0","0",795136.52910499997,5829256.65988999978,13.35209201100,52.53326800000,"0"
"202186","11","0","07","007","2019","12","14","3","3","5","3","0","1","1","0","0","0","0",798504.51277799997,5814424.92344999965,13.38833151900,52.39848545100,"0"
"202187","11","0","04","004","2019","12","13","3","3","5","3","0","0","1","0","0","0","0",791500.29946400004,5823584.67346999981,13.29366951100,52.48437616200,"0"
"202188","11","0","07","007","2019","12","13","3","3","6","2","0","0","1","1","0","0","0",796909.97434800002,5822270.47054999974,13.37193181700,52.46968085100,"0"
"202189","11","0","11","011","2019","12","13","3","3","2","6","0","0","1","0","0","0","0",805466.18521599995,5830046.33317000046,13.50463618800,52.53465483200,"0"
"202190","11","0","11","011","2019","12","12","3","3","1","5","0","1","1","0","0","0","0",805065.54992200003,5831264.54452000000,13.49986642700,52.54579731400,"1"
"202191","11","0","09","009","2019","12","12","3","3","5","2","0","1","1","0","0","0","0",808195.10170899995,5819624.28041000105,13.53510540200,52.43971644600,"1"
"202192","11","0","01","001","2019","12","12","3","3","5","2","0","1","1","0","0","0","0",794560.92603400000,5828649.01503000036,13.34309225900,52.52813226500,"2"
"202193","11","0","05","005","2019","12","11","3","3","1","5","0","0","1","0","1","0","0",784731.75627100002,5827528.15340999980,13.19763833900,52.52330560400,"0"
"202194","11","0","02","002","2019","12","10","3","3","1","5","0","0","1","0","0","0","0",798404.39075300004,5824235.12251999974,13.39562469100,52.48647730700,"1"
"202195","11","0","02","002","2019","12","10","3","3","6","7","0","0","1","1","0","0","0",801446.31959099998,5825783.90227000043,13.44168933700,52.49868833000,"0"
"202196","11","0","04","004","2019","12","09","3","2","5","2","0","1","1","0","0","0","0",792856.95624700002,5824324.29019999970,13.31424098500,52.49028064800,"0"
"202197","11","0","05","005","2019","12","10","3","3","2","6","0","0","1","0","0","0","0",785279.30791900004,5829297.44979999959,13.20720540000,52.53888272600,"1"
"202198","11","0","03","003","2019","12","09","3","3","1","5","0","0","1","0","0","0","1",796533.85563300003,5834281.07909999974,13.37712020600,52.57754793300,"0"
"202199","11","0","10","010","2019","12","08","3","3","7","7","0","1","0","0","0","0","0",813514.25388199999,5827712.33055999968,13.62070509900,52.50917069200,"0"
"202200","11","0","02","002","2019","12","22","3","3","5","3","2","1","1","0","0","0","0",797274.07073299994,5824525.62822999898,13.37928665200,52.48969800000,"1"
"202201","11","0","01","001","2019","12","20","3","3","5","2","2","0","1","0","0","0","0",793531.23174299998,5829122.97377000097,13.32837580200,52.53293646900,"0"
"202202","11","0","09","009","2019","12","20","3","3","5","2","2","0","1","0","0","0","0",809591.44527899998,5818925.24686999898,13.55493496600,52.43266317900,"1"
"202203","11","0","02","002","2019","12","19","3","3","6","4","2","0","1","1","0","0","0",798579.66933599999,5825333.12499000039,13.39918225100,52.49622364600,"0"
"202204","11","0","05","005","2019","12","19","3","3","1","5","2","0","1","0","0","0","0",785419.75961900002,5829254.91459999979,13.20923412200,52.53842781300,"0"
"202205","11","0","07","007","2019","12","19","3","3","1","5","2","0","1","0","0","0","0",797258.88158699998,5823155.62899000105,13.37784196100,52.47742565800,"0"
"202206","11","0","01","001","2019","12","19","3","3","5","3","2","0","1","0","1","0","0",796638.83411000005,5826891.64522999898,13.37206580100,52.51125257000,"0"
"202207","11","0","03","003","2019","12","18","3","3","2","6","2","0","1","0","0","0","0",799078.85145900003,5833211.97592999972,13.41360189900,52.56657243900,"0"
"202208","11","0","04","004","2019","12","17","3","3","1","5","2","1","1","0","0","0","0",793651.96816799999,5825790.76054000016,13.32720933900,52.50299982000,"1"
"202209","11","0","06","006","2019","12","17","3","3","6","2","2","0","1","1","0","0","0",790225.76563100005,5815099.41927000042,13.26758129400,52.40898244900,"0"
"202210","11","0","01","001","2019","12","17","3","3","1","5","2","1","1","0","0","0","1",794555.50986100000,5828999.78866000008,13.34332344000,52.53127963400,"0"
"202211","11","0","08","008","2019","12","16","3","2","5","3","2","0","1","0","0","0","0",803517.25713899999,5818209.16512999963,13.46521473000,52.42964897100,"0"
"202212","11","0","06","006","2019","12","16","3","3","5","3","1","1","1","0","0","0","0",796782.64893799997,5818442.92341000028,13.36666149000,52.43543943000,"0"
"202213","11","0","04","004","2019","12","07","3","2","0","1","2","1","0","0","0","0","0",786899.81743199995,5825765.39321000036,13.22798663900,52.50636475700,"2"
"202214","11","0","07","007","2019","12","06","3","3","5","2","2","0","1","0","0","0","0",794244.89300000004,5822030.26900000032,13.33259967000,52.46896955100,"1"
"202215","11","0","11","011","2019","12","04","3","3","0","2","2","1","0","0","0","0","1",806402.55524000002,5831228.44376000017,13.51948806700,52.54472352300,"1"
"202216","11","0","02","002","2019","12","16","3","3","6","4","2","0","1","1","0","0","0",801789.43751800002,5828403.54463999998,13.44910374300,52.52197875200,"0"
"202217","11","0","11","011","2019","12","00","3","2","9","1","2","0","1","0","0","0","0",802421.80599999998,5828884.68400000036,13.45883325100,52.52594082100,"1"
"202218","11","0","01","001","2019","12","08","3","3","0","2","0","0","0","1","0","0","1",794587.30540700001,5828457.31369000021,13.34331014600,52.52639954100,"0"
"202219","11","0","06","006","2019","12","08","3","3","0","1","0","1","0","0","0","0","0",791835.70993799996,5821375.65557000041,13.29666199600,52.46439329800,"2"
"202220","11","0","04","004","2019","12","07","3","3","5","2","0","0","1","0","0","0","0",791263.85549600003,5823331.68209000025,13.28997635800,52.48223427600,"1"
"202221","11","0","03","003","2019","12","07","3","3","6","7","0","1","0","1","0","0","0",802771.26155299996,5837403.23627000023,13.47174194400,52.60209653300,"0"
"202222","11","0","04","004","2019","12","07","3","3","5","2","1","0","1","0","0","0","0",791662.26271200005,5827531.51094000041,13.29950488300,52.51967261700,"0"
"202223","11","0","12","012","2019","12","07","3","2","5","3","2","0","1","0","0","1","0",791934.03562600003,5831490.40878999978,13.30697692500,52.55501769900,"1"
"202224","11","0","12","012","2019","12","20","2","3","2","6","2","0","1","0","0","0","0",792879.43039600004,5835203.89486000035,13.32416101500,52.58779962400,"1"
"202225","11","0","09","009","2019","12","17","2","3","6","6","0","1","0","1","0","0","0",812169.72560100001,5820407.45399000030,13.59412091600,52.44448069100,"0"
"202226","11","0","01","001","2019","12","09","2","3","5","3","0","1","1","0","0","0","0",797156.74259299994,5826452.32601999957,13.37928268200,52.50703266900,"1"
"202227","11","0","08","008","2019","12","12","2","3","5","3","0","1","1","0","0","0","0",801498.85484900000,5820182.09853999969,13.43739753700,52.44844906000,"0"
"202228","11","0","05","005","2019","12","15","2","3","2","6","1","0","1","0","0","0","0",780537.66966799996,5820677.08117999975,13.13021390700,52.46404768600,"1"
"202229","11","0","12","012","2019","12","21","2","3","6","4","2","0","1","1","0","0","0",789937.36550099996,5834933.35140000004,13.28061922100,52.58695032800,"1"
"202230","11","0","06","006","2019","12","20","2","3","0","7","2","1","1","0","0","0","0",795771.31351600005,5820232.71523000021,13.35341237500,52.45203151800,"1"
"202231","11","0","11","011","2019","12","19","2","3","3","6","2","0","1","0","0","0","0",805489.79278200003,5830034.12619000021,13.50497193400,52.53453219800,"1"
"202232","11","0","02","002","2019","12","19","2","3","6","2","2","0","1","1","0","0","0",797524.63947000005,5824016.36696000025,13.38251155400,52.48499653000,"1"
"202233","11","0","07","007","2019","12","19","2","3","6","2","2","0","1","1","0","0","0",797856.10204999999,5821887.80568999890,13.38547748400,52.46573565900,"1"
"202234","11","0","05","005","2019","12","20","2","3","2","6","0","0","1","0","0","0","0",785753.56009499996,5829284.84453000035,13.21416812800,52.53852122000,"1"
"202235","11","0","09","009","2019","12","19","2","3","5","2","2","0","1","0","1","0","0",807093.50699999998,5821912.88200000022,13.52105433100,52.46084719600,"1"
"202236","11","0","02","002","2019","12","05","2","3","0","6","2","0","1","0","1","0","0",802215.66521899996,5827742.06634000037,13.45476582600,52.51581387800,"1"
"202237","11","0","03","003","2019","12","18","4","3","5","3","2","1","1","0","0","0","0",799723.32999100001,5830079.38497999962,13.42025402200,52.53813955900,"0"
"202238","11","0","07","007","2019","12","18","2","3","6","2","2","0","1","1","0","0","0",797292.86137900001,5817293.39462999906,13.37312273800,52.42485787200,"1"
"202239","11","0","12","012","2019","12","18","2","2","6","2","2","0","0","1","0","0","1",793384.26649800001,5833150.01743000094,13.32977369900,52.56911584600,"1"
"202240","11","0","06","006","2019","12","17","4","3","5","2","2","0","1","0","0","0","0",795329.85519100004,5819980.90170999896,13.34671227500,52.45001284600,"0"
"202241","11","0","08","008","2019","12","17","4","3","5","2","2","1","1","0","0","0","0",800912.81015899999,5824454.71172000002,13.43265341800,52.48706885100,"0"
"202242","11","0","12","012","2019","12","18","2","2","6","2","2","0","1","1","0","0","0",793947.04282099998,5836638.70992999896,13.34114791200,52.60008580700,"1"
"202243","11","0","08","008","2019","12","18","2","3","6","4","2","0","1","1","0","0","0",800788.53643500002,5824329.81472000014,13.43071601600,52.48601783900,"1"
"202244","11","0","03","003","2019","12","17","4","2","9","1","2","0","1","0","0","0","0",799221.08434499998,5829275.63076000009,13.41214729300,52.53121113100,"0"
"202245","11","0","07","007","2019","12","17","4","3","5","2","2","1","1","0","0","0","0",794664.69661600003,5821802.18565000035,13.33856039500,52.46669863900,"0"
"202246","11","0","06","006","2019","12","17","2","3","5","2","2","0","1","0","0","0","0",793834.70122100005,5817555.71569999959,13.32264238500,52.42907752600,"1"
"202247","11","0","04","004","2019","12","13","4","3","2","6","0","1","1","0","0","0","1",794393.87370100000,5825715.42908000015,13.33804133800,52.50192473900,"0"
"202248","11","0","08","008","2019","12","17","2","3","5","2","2","0","1","0","0","0","1",802367.06668299995,5817759.77960999962,13.44794282000,52.42625793000,"1"
"202249","11","0","04","004","2019","12","11","4","3","2","6","0","0","1","0","0","0","0",789033.73700600001,5827002.94230000023,13.26041449000,52.51633343800,"0"
"202250","11","0","09","009","2019","12","10","4","3","5","3","0","0","1","0","0","0","0",808171.49966700003,5815764.21411999967,13.53120383000,52.40513520100,"0"
"202251","11","0","07","007","2019","12","17","2","2","2","2","2","0","1","0","0","1","0",798664.08946100005,5816173.75779999979,13.39222971000,52.41407486400,"1"
"202252","11","0","07","007","2019","12","17","2","3","5","3","2","0","1","0","0","0","1",794975.07704000000,5825092.06367999967,13.34602682000,52.49602281900,"1"
"202253","11","0","09","009","2019","12","10","4","3","6","7","0","0","1","1","0","0","0",811007.61842399999,5821782.10214000009,13.57835781800,52.45746186400,"1"
"202254","11","0","05","005","2019","12","09","4","3","0","1","0","0","0","0","1","0","0",781822.29336000001,5828434.94354999904,13.15563768000,52.53294803900,"0"
"202255","11","0","06","006","2019","12","17","2","3","2","6","2","0","1","0","0","0","0",794058.74384500005,5818770.20373999979,13.32699635300,52.43984461100,"1"
"202256","11","0","01","001","2019","12","23","3","3","2","6","2","0","1","0","0","0","0",795255.95926000003,5826623.40756000020,13.35151011300,52.50959830000,"0"
"202257","11","0","08","008","2019","12","23","3","2","6","4","2","0","1","1","0","0","0",800972.59762100002,5824759.31367999967,13.43380634800,52.48976612900,"0"
"202258","11","0","03","003","2019","12","16","2","2","5","2","2","0","1","0","1","0","0",803000.61004099995,5832007.15447000042,13.47018624300,52.55360546800,"1"
"202259","11","0","03","003","2019","12","16","2","3","5","3","2","0","1","0","0","0","1",799473.98155799997,5837476.86593000032,13.42326849200,52.60458264700,"1"
"202260","11","0","09","009","2019","12","20","3","3","5","2","2","1","1","0","0","0","0",806271.10300100001,5820979.26494999975,13.50813121900,52.45294125000,"0"
"202261","11","0","06","006","2019","12","19","3","3","2","2","2","0","1","0","0","0","0",790146.45422800002,5819658.21640000027,13.27037399500,52.44989566000,"0"
"202262","11","0","05","005","2019","12","19","3","3","5","2","2","1","1","0","0","0","0",782383.23091699998,5827031.02403999958,13.16269300100,52.52006958800,"0"
"202263","11","0","10","010","2019","12","17","3","3","2","6","2","1","1","0","0","0","0",811181.19657799997,5829153.07063999958,13.58778710800,52.52341740500,"0"
"202264","11","0","04","004","2019","12","16","3","3","2","6","2","0","1","0","0","0","0",791660.11247499997,5823712.91966000013,13.29612851600,52.48544053600,"0"
"202265","11","0","04","004","2019","12","15","2","3","1","5","1","1","1","0","0","0","0",791927.23571699997,5827194.87504000030,13.30310358100,52.51651295800,"1"
"202266","11","0","08","008","2019","12","16","2","3","6","2","2","0","1","1","0","0","0",804868.90263799997,5817569.23278000019,13.48445031300,52.42316190600,"1"
"202267","11","0","01","001","2019","12","16","3","3","5","3","2","1","1","0","0","0","0",799131.13921800000,5827129.00361999962,13.40889475900,52.51201916100,"0"
"202268","11","0","10","010","2019","12","16","2","3","2","6","2","0","1","0","0","0","0",811203.64646299998,5828909.67686000001,13.58788921600,52.52122346300,"1"
"202269","11","0","06","006","2019","12","16","3","3","5","3","2","0","1","0","0","0","0",796880.80375199998,5817491.44912999962,13.36725636100,52.42685699100,"1"
"202270","11","0","04","004","2019","12","15","2","3","5","3","1","1","1","0","0","0","0",791761.89475600002,5826439.52376999892,13.30001159400,52.50982983500,"1"
"202271","11","0","04","004","2019","12","15","2","3","5","3","0","0","1","0","0","0","0",793289.23504299996,5824602.42948000040,13.32083429600,52.49254198600,"0"
"202272","11","0","05","005","2019","12","16","3","2","6","4","2","0","1","1","0","0","0",784009.37877299997,5830505.63375000097,13.18956453500,52.55037878000,"0"
"202273","11","0","02","002","2019","12","13","2","3","5","2","0","0","1","0","1","0","0",803426.96674399998,5826923.13535000104,13.47181524200,52.50780145800,"0"
"202274","11","0","01","001","2019","12","13","2","3","1","5","0","1","0","0","0","1","0",798951.11194400000,5828949.21650000010,13.40788572100,52.52843343500,"0"
"202275","11","0","01","001","2019","12","12","2","3","2","6","0","0","1","0","0","0","1",793505.64062900003,5829361.69701999985,13.32821042200,52.53509028000,"0"
"202276","11","0","10","010","2019","12","10","3","2","0","7","1","1","0","0","0","0","0",806554.69548999995,5830221.09157000110,13.52079516700,52.53560992400,"0"
"202277","11","0","12","012","2019","12","05","3","3","6","2","2","0","1","1","0","0","0",794947.18759800005,5833094.49201999977,13.35271778600,52.56777351700,"0"
"202278","11","0","08","008","2019","12","11","2","3","0","3","0","0","1","0","1","0","0",803350.53715400002,5817401.04418999981,13.46203721800,52.42249822700,"1"
"202279","11","0","04","004","2019","12","11","2","3","2","6","0","0","1","0","1","0","0",793349.47367400001,5823003.37270999979,13.32031169300,52.47817465100,"0"
"202280","11","0","07","007","2019","12","15","3","3","5","2","0","1","1","0","0","0","0",794934.48369799997,5824320.31159999967,13.34474743700,52.48912650800,"0"
"202281","11","0","10","010","2019","12","11","2","2","5","3","0","0","1","0","0","0","0",812270.06286399998,5827748.52457000036,13.60246605000,52.51020860100,"0"
"202282","11","0","03","003","2019","12","09","2","2","4","6","0","0","1","0","0","0","0",795926.01073800004,5836461.34164000023,13.37012356500,52.59742249100,"0"
"202283","11","0","07","007","2019","12","15","3","3","5","2","0","1","1","0","0","0","0",799931.25093900005,5814007.69297000021,13.40886536900,52.39396608200,"0"
"202284","11","0","07","007","2019","12","13","3","3","5","3","0","1","1","0","0","0","0",799251.72016200004,5812641.97321000043,13.39768939600,52.38209559800,"1"
"202285","11","0","02","002","2019","12","09","2","3","5","2","0","1","1","0","0","0","0",798401.58077799994,5826418.73187000025,13.39753951300,52.50605210400,"0"
"202286","11","0","09","009","2019","12","09","2","3","1","5","0","0","1","0","0","0","0",812153.74521600001,5817822.52190000005,13.59147341500,52.42132519800,"0"
"202287","11","0","06","006","2019","12","13","3","3","0","1","0","1","0","0","0","0","0",786768.09431199997,5817058.02534000017,13.21856749300,52.42836532600,"1"
"202288","11","0","10","010","2019","12","13","3","3","5","3","0","1","1","0","0","0","0",811113.23398999998,5831265.98503000103,13.58876613100,52.54239066800,"0"
"202289","11","0","03","003","2019","12","07","2","2","5","3","1","1","0","0","0","0","1",800812.66942299996,5833502.98539000098,13.43936903800,52.56822554800,"1"
"202290","11","0","04","004","2019","12","07","2","3","5","3","2","1","1","0","0","0","0",793378.20990300004,5821960.19058000017,13.31981605200,52.46880743800,"0"
"202291","11","0","08","008","2019","12","06","2","3","5","3","1","1","0","0","0","0","1",801396.72151499998,5824766.87578000035,13.44004084300,52.48959992100,"0"
"202292","11","0","04","004","2019","12","13","3","3","5","3","0","1","0","0","0","0","0",793018.48823799996,5824224.46425000019,13.31652549000,52.48929905700,"0"
"202293","11","0","08","008","2019","12","06","2","3","5","3","2","1","1","0","0","0","0",802116.75993900001,5823637.62712000031,13.44958997300,52.47908037100,"0"
"202294","11","0","04","004","2019","12","12","3","3","5","2","0","0","1","0","0","0","0",790960.39247800002,5824830.28615999967,13.28682876300,52.49583111100,"0"
"202295","11","0","09","009","2019","12","06","2","3","5","2","2","1","0","0","0","0","1",809660.84913400002,5821507.81037000101,13.55834587500,52.45576839200,"1"
"202296","11","0","11","011","2019","12","06","2","3","5","3","2","0","1","0","0","0","0",805619.85208200000,5831775.86988000013,13.50848570500,52.55006930700,"0"
"202297","11","0","02","002","2019","12","12","3","3","0","2","0","1","1","0","0","0","0",797766.01854700001,5826038.60957000032,13.38786316300,52.50299200100,"0"
"202298","11","0","03","003","2019","12","15","2","3","5","3","1","0","1","0","0","0","1",801612.60722899996,5836130.64096000046,13.45352661100,52.59133439600,"1"
"202299","11","0","01","001","2019","12","20","1","3","2","6","2","0","1","0","0","0","1",795356.21555299999,5831471.99643000029,13.35729103900,52.55300756400,"1"
"202300","11","0","01","001","2019","12","18","1","3","3","6","2","0","1","0","0","0","0",795685.20114599995,5830919.63520000037,13.36163730000,52.54787767100,"1"
"202301","11","0","05","005","2019","12","11","3","2","6","7","0","0","1","1","0","0","0",789557.48376700003,5829274.42270000000,13.27008942000,52.53641985600,"0"
"202302","11","0","11","011","2019","12","11","3","3","5","3","0","1","1","0","0","0","0",806133.50187399995,5826708.19292999897,13.51137194400,52.50436314300,"0"
"202303","11","0","07","007","2019","12","18","1","3","2","6","2","0","1","0","0","0","0",794982.53790700005,5825666.21324000042,13.34664491000,52.50116564400,"1"
"202304","11","0","08","008","2019","12","18","1","3","5","7","2","0","1","0","0","0","1",800427.93071400002,5823790.27582999971,13.42493515300,52.48138028000,"0"
"202305","11","0","04","004","2019","12","09","3","3","5","3","0","0","1","0","0","0","0",789790.52984400000,5827130.70380999893,13.27164740600,52.51707723500,"1"
"202306","11","0","08","008","2019","12","09","3","3","5","2","0","0","1","0","0","0","0",801025.60851100006,5817070.16758000012,13.42765301200,52.42081628900,"1"
"202307","11","0","03","003","2019","12","17","1","3","6","4","2","0","1","1","0","0","0",798075.00784900005,5833617.85001000110,13.39920014600,52.57076107900,"1"
"202308","11","0","01","001","2019","12","16","1","3","5","3","2","0","1","0","0","0","0",796361.22342499997,5826128.43159000110,13.36730762300,52.50456198300,"1"
"202309","11","0","09","009","2019","12","09","3","3","5","3","0","1","1","0","0","0","0",807475.51702999999,5817763.67442999966,13.52284171800,52.42344622700,"1"
"202310","11","0","05","005","2019","12","16","1","3","3","6","2","0","1","0","0","0","0",784965.04679699999,5829420.67726000026,13.20269003100,52.54015201100,"1"
"202311","11","0","06","006","2019","12","16","1","3","1","5","2","0","1","0","0","0","0",787545.16083099996,5817948.63336000033,13.23073085600,52.43594245600,"1"
"202312","11","0","04","004","2019","12","08","3","3","0","2","0","0","1","0","1","0","0",792628.70634399995,5825452.59683000110,13.31188001700,52.50051802200,"1"
"202313","11","0","08","008","2019","12","07","3","3","6","2","2","0","1","1","0","0","0",802575.26361400005,5823075.11926999968,13.45581033300,52.47378476400,"1"
"202314","11","0","03","003","2019","12","15","1","3","5","3","1","0","1","0","0","0","0",802746.01427599997,5839064.29623000044,13.47289000000,52.61699805600,"1"
"202315","11","0","06","006","2019","12","15","1","3","3","6","0","0","1","0","0","0","0",787136.36399999994,5817205.23500000034,13.22409543300,52.42949202600,"1"
"202316","11","0","04","004","2019","12","13","1","3","5","5","0","0","1","0","0","0","0",790894.41177100001,5827398.82722999901,13.28810416500,52.51889326500,"1"
"202317","11","0","08","008","2019","12","08","3","3","6","4","0","0","1","1","0","0","0",801399.60341500002,5816472.14802999981,13.43259747700,52.41525015900,"1"
"202318","11","0","07","007","2019","12","14","1","3","3","6","0","0","1","0","0","0","0",799941.12124400004,5821288.48323999997,13.41553897600,52.45922302700,"1"
"202319","11","0","12","012","2019","12","07","3","3","2","2","0","0","1","0","1","0","0",795748.44637500006,5837039.45763000101,13.36802607400,52.60270126800,"1"
"202320","11","0","05","005","2019","12","03","1","2","9","1","2","0","1","0","0","0","0",783343.69313999999,5827676.56754000019,13.17736062200,52.52535946000,"1"
"202321","11","0","08","008","2019","12","03","1","3","9","1","2","0","1","0","0","0","0",800986.10418200004,5822152.94902999979,13.43165221000,52.46639703300,"0"
"202322","11","0","10","010","2019","12","07","3","3","5","2","0","0","1","0","0","0","1",812367.08004200005,5823889.43819000106,13.60027315200,52.47557104700,"1"
"202323","11","0","09","009","2019","12","07","3","3","6","4","2","0","1","1","0","0","0",806310.36635499995,5819359.83303000033,13.50722254700,52.43840519300,"1"
"202324","11","0","03","003","2019","12","07","1","3","0","7","0","0","0","0","1","0","1",799927.40263999999,5829773.17556000035,13.42297753700,52.53528262600,"1"
"202325","11","0","10","010","2019","12","06","3","3","4","6","2","1","1","0","0","0","0",810803.00014599995,5827999.80719999969,13.58115332500,52.51329823600,"1"
"202326","11","0","12","012","2019","12","00","1","2","6","4","2","0","1","1","0","0","0",791323.94777400000,5838650.71002000012,13.30429967000,52.61953445800,"1"
"202327","11","0","07","007","2019","12","17","7","2","5","2","2","0","1","0","0","0","0",796580.08962500002,5815865.63812000025,13.36140560800,52.41244590400,"0"
"202328","11","0","07","007","2019","12","09","3","2","6","3","0","0","0","1","0","0","1",797669.28021999996,5823706.61684000026,13.38435873700,52.48214113000,"0"
"202329","11","0","11","011","2019","12","16","3","1","6","4","2","0","1","1","0","0","0",803670.08608599997,5829760.39328000043,13.47797648800,52.53309570800,"0"
"202330","11","0","05","005","2019","12","17","7","2","1","5","2","0","1","0","0","0","0",786573.51407899999,5829238.38745999988,13.22618467900,52.53767411200,"1"