OBJECTID,ULAND,UREGBEZ,UKREIS,UGEMEINDE,UJAHR,UMONAT,USTUNDE,UWOCHENTAG,UKATEGORIE,UART,UTYP1,ULICHTVERH,IstRad,IstPKW,IstFuss,IstKrad,IstGkfz,IstSonstig,LINREFX,LINREFY,XGCSWGS84,YGCSWGS84,STRZUSTAND
"202331","11","0","07","007","2019","12","17","7","3","6","4","2","0","1","1","0","0","0",799785.64568700001,5813184.28342999890,13.40599546900,52.38666493700,"1"
"202332","11","0","12","012","2019","12","11","3","1","9","1","0","0","1","0","0","0","0",785293.52018899994,5837213.18226999976,13.21422546500,52.60984607400,"0"
"202333","11","0","03","003","2019","12","17","2","3","4","5","0","0","1","0","0","0","1",798159.01044800004,5833059.99072999973,13.39993449700,52.56571466400,"0"
"202334","11","0","10","010","2019","12","17","7","3","6","4","2","0","0","1","0","0","1",807573.71862599999,5830747.26243999973,13.53625870500,52.53975134800,"1"
"202335","11","0","12","012","2019","12","17","7","2","5","2","2","0","1","0","1","0","0",791746.10400000005,5839573.71700000018,13.31133231300,52.62758229200,"1"
"202336","11","0","03","003","2019","12","06","2","3","2","6","2","0","1","0","0","0","0",801679.11482999998,5835903.41194000002,13.45429849100,52.58926088800,"0"
"202337","11","0","05","005","2019","12","16","7","3","2","6","2","0","1","0","0","0","0",785679.51962499996,5829271.47740000021,13.21306792800,52.53844019400,"0"
"202338","11","0","01","001","2019","12","23","2","3","2","6","2","0","1","0","0","0","0",793556.35578700004,5828903.39298000000,13.32855121200,52.53095451200,"1"
"202339","11","0","07","007","2019","12","15","7","3","5","3","0","0","1","0","0","0","0",799283.29332800000,5814284.55197000038,13.39961844100,52.39680219200,"0"
"202340","11","0","10","010","2019","12","21","7","3","2","6","2","0","1","0","0","0","0",809546.63223200000,5826922.74780000001,13.56169715500,52.50436039800,"1"
"202341","11","0","04","004","2019","12","21","2","2","0","1","2","1","0","0","0","0","0",788237.12758600002,5827767.50389999989,13.24936996900,52.52360967000,"1"
"202342","11","0","01","001","2019","12","21","2","3","5","3","2","0","1","0","0","0","0",795610.56649100001,5830517.20318000019,13.36018165400,52.54431074400,"1"
"202343","11","0","04","004","2019","12","20","7","2","6","4","2","0","1","1","0","0","0",794032.54827200004,5823103.22850000020,13.33042856700,52.47870247700,"1"
"202344","11","0","03","003","2019","12","12","7","3","0","5","0","0","1","0","0","0","1",798611.57593299996,5835825.71143000107,13.40908275700,52.59025705000,"1"
"202345","11","0","12","012","2019","12","21","2","3","6","2","2","0","1","1","0","0","0",791659.00694100000,5834473.81379000098,13.30555516500,52.58191041200,"1"
"202346","11","0","02","002","2019","12","20","2","3","0","1","2","1","0","0","0","0","0",798763.19278599997,5824008.52845000103,13.40068997500,52.48424996900,"1"
"202347","11","0","04","004","2019","12","11","7","3","6","4","0","0","1","1","0","0","0",794317.84537999996,5825929.70057000034,13.33711390600,52.50388657200,"1"
"202348","11","0","12","012","2019","12","11","7","3","5","2","0","0","1","0","0","0","0",790132.78493400000,5835779.82383000106,13.28423701100,52.59443469100,"0"
"202349","11","0","04","004","2019","12","19","2","3","5","7","2","1","1","0","0","0","0",794367.24466700002,5825669.28088000044,13.33760937300,52.50152541400,"1"
"202350","11","0","01","001","2019","12","19","2","3","6","2","2","0","1","1","0","0","0",797906.49655799998,5830317.15278999973,13.39375883100,52.54126705700,"1"
"202351","11","0","04","004","2019","12","11","7","3","2","6","0","0","1","0","0","0","0",793923.34749900002,5825761.26413000096,13.33116989700,52.50258928200,"1"
"202352","11","0","08","008","2019","12","06","7","3","6","2","2","0","1","1","0","0","0",802023.54273200000,5823481.87280999962,13.44808049200,52.47773588500,"1"
"202353","11","0","05","005","2019","12","04","7","3","5","3","2","0","1","0","0","0","0",783046.09600000002,5826061.54999999981,13.17161161100,52.51103329000,"1"
"202354","11","0","04","004","2019","12","16","2","3","3","6","2","1","1","0","0","0","0",793650.07962800004,5826067.46568000037,13.32742564200,52.50548136900,"0"
"202355","11","0","06","006","2019","12","07","2","3","5","2","1","0","1","0","0","0","1",792007.60472599999,5818957.34540999960,13.29707039700,52.44262141600,"0"
"202356","11","0","04","004","2019","12","09","7","3","5","2","0","1","1","0","0","0","0",792667.57843899995,5823054.80893999990,13.31034511300,52.47900162000,"1"
"202357","11","0","01","001","2019","12","01","7","3","8","1","2","0","1","0","0","0","0",796974.66143800004,5826705.42370000016,13.37683361200,52.50940056500,"1"
"202358","11","0","01","001","2019","12","09","2","3","0","3","0","0","1","0","1","0","0",796336.75675700000,5831650.03416000027,13.37186985200,52.55407088700,"0"
"202359","11","0","02","002","2019","12","06","2","3","5","3","2","0","1","0","0","0","1",798346.97983199998,5825549.21425999980,13.39595839000,52.49828785800,"0"
"202360","11","0","11","011","2019","12","19","7","2","6","4","2","0","1","1","0","0","0",806840.35176500003,5827740.41433000099,13.52270478200,52.51321705200,"1"
"202361","11","0","08","008","2019","12","19","7","3","5","3","2","0","1","0","0","0","1",801090.32927900006,5821972.96394000016,13.43301942100,52.46472634400,"1"
"202362","11","0","09","009","2019","12","05","2","3","5","3","2","1","1","0","0","0","0",807641.35153900005,5819358.64427000098,13.52674009400,52.43764752400,"1"
"202363","11","0","01","001","2019","12","19","7","3","5","2","2","0","1","0","0","0","0",796693.42572499998,5831634.47797000036,13.37710122200,52.55373726700,"1"
"202364","11","0","01","001","2019","12","18","2","3","3","6","2","1","1","0","0","0","0",794889.21554000000,5831280.14025000110,13.35025274300,52.55154077100,"1"
"202365","11","0","02","002","2019","12","18","7","3","2","6","2","0","1","0","1","0","0",798201.12325700000,5826382.69567999989,13.39456254000,52.50583868500,"1"
"202366","11","0","08","008","2019","12","18","7","3","1","5","2","1","1","0","0","0","0",802070.34934600000,5823442.08860000037,13.44873154800,52.47735340900,"1"
"202367","11","0","06","006","2019","12","18","2","3","2","6","2","0","1","0","1","0","0",795411.99796499999,5817614.53471999988,13.34582589800,52.42875540300,"0"
"202368","11","0","12","012","2019","12","17","2","3","5","3","2","1","1","0","0","0","0",792559.86613900005,5832822.09343000036,13.31735555400,52.56661985800,"1"
"202369","11","0","11","011","2019","12","18","7","3","2","6","2","0","1","0","0","0","0",806340.81242400000,5826853.46169999987,13.51455035800,52.50554873000,"1"
"202370","11","0","08","008","2019","12","18","7","3","2","6","2","0","1","0","0","0","0",800897.20378500002,5823846.95067999978,13.43187567700,52.48162990300,"0"
"202371","11","0","01","001","2019","12","17","2","3","5","7","2","0","1","0","1","0","0",795310.28095499997,5832243.63681999967,13.35730202400,52.55994953400,"1"
"202372","11","0","11","011","2019","12","17","2","3","2","6","2","0","1","0","0","0","0",805745.30240900000,5833555.97532999981,13.51196985600,52.56595262100,"1"
"202373","11","0","05","005","2019","12","18","7","3","5","2","2","1","1","0","0","0","0",787938.60550199996,5827887.62887999974,13.24508611600,52.52484438200,"1"
"202374","11","0","02","002","2019","12","20","6","3","6","4","2","0","0","1","0","0","1",797505.20900000003,5824003.04399999976,13.38221436400,52.48488769100,"0"
"202375","11","0","10","010","2019","12","16","2","3","2","6","2","0","1","0","0","0","0",810356.85334599996,5831816.03046000004,13.57816256000,52.54775118000,"2"
"202376","11","0","09","009","2019","12","20","6","3","6","4","2","0","0","1","0","0","1",807701.37008300005,5817727.85001000110,13.52611972900,52.42299821400,"1"
"202377","11","0","08","008","2019","12","14","2","2","0","3","0","0","0","0","1","0","1",805256.45310799999,5817385.55735000037,13.48996439200,52.42129963700,"1"
"202378","11","0","02","002","2019","12","13","2","3","2","6","0","0","1","0","0","0","0",798322.69935600006,5825114.17863999959,13.39521217100,52.49440158800,"0"
"202379","11","0","12","012","2019","12","20","6","2","4","6","2","1","0","0","0","0","0",787228.27867000003,5836084.62738000043,13.24174055900,52.59870919100,"0"
"202380","11","0","03","003","2019","12","12","2","3","9","1","0","0","1","0","0","0","1",800914.66216800001,5829196.31826999970,13.43696690800,52.52956797800,"1"
"202381","11","0","07","007","2019","12","16","6","3","6","4","2","1","0","1","0","0","0",795079.17555399996,5825806.79729000106,13.34818901200,52.50237363200,"1"
"202382","11","0","04","004","2019","12","09","2","3","2","6","0","0","1","0","0","0","0",793311.59681899997,5823898.70060000010,13.32054330700,52.48622129900,"0"
"202383","11","0","10","010","2019","12","18","1","3","5","3","2","0","1","0","0","0","1",806330.91824599996,5830178.56869999971,13.51746705900,52.53535464400,"1"
"202384","11","0","06","006","2019","12","17","6","3","6","2","2","0","1","1","0","0","0",793263.58602599998,5819084.04456999898,13.31560732000,52.44308510600,"1"
"202385","11","0","12","012","2019","12","17","6","3","6","4","2","0","1","1","0","0","0",793386.01297200006,5837768.30900000036,13.33388947600,52.61051488700,"1"
"202386","11","0","04","004","2019","12","02","1","3","5","3","2","0","1","0","0","0","0",793075.72396400000,5825004.25406999979,13.31805198900,52.49625888700,"1"
"202387","11","0","09","009","2019","12","17","6","3","6","4","2","0","1","1","0","0","0",811039.34345699998,5821968.70736000035,13.57899706600,52.45911608000,"1"
"202388","11","0","01","001","2019","12","17","6","3","0","2","2","0","1","1","0","0","0",798310.11388600001,5829387.75389999989,13.39885834100,52.53271546200,"1"
"202389","11","0","12","012","2019","12","17","6","3","6","2","2","0","1","1","0","0","0",795612.33868100005,5833076.89432999957,13.36248724900,52.56725498400,"1"
"202390","11","0","03","003","2019","12","17","6","3","6","4","2","0","1","1","0","0","0",801392.58402700000,5831509.61809000093,13.44608916400,52.55003821800,"1"
"202391","11","0","04","004","2019","12","15","6","3","5","2","1","1","1","0","0","0","0",793334.31000000006,5823067.53199999966,13.32014549900,52.47875796200,"1"
"202392","11","0","08","008","2019","12","17","1","2","1","5","2","0","1","0","0","1","0",805892.71352100000,5816925.33198999893,13.49887105600,52.41681956800,"1"
"202393","11","0","04","004","2019","12","19","1","3","5","3","2","1","1","0","0","0","0",792819.07267200004,5821879.01518000010,13.31153719500,52.46837970100,"1"
"202394","11","0","10","010","2019","12","16","6","3","5","3","2","1","1","0","0","0","0",809874.84323799994,5831436.64694000036,13.57072296600,52.54462570500,"1"
"202395","11","0","08","008","2019","12","16","6","3","2","6","2","0","1","0","0","0","0",801212.79064599995,5817164.72357000038,13.43048238300,52.42156084300,"1"
"202396","11","0","06","006","2019","12","16","6","3","8","1","2","0","1","0","0","0","0",793030.96250899998,5818150.57368000038,13.31137619100,52.43484142000,"1"
"202397","11","0","12","012","2019","12","19","1","3","2","6","2","0","1","0","0","0","0",791176.34070099995,5830884.69897999987,13.29530142300,52.54999323800,"0"
"202398","11","0","01","001","2019","12","16","6","3","2","6","2","0","1","0","0","0","1",796461.05614700005,5831649.50872999895,13.37369737100,52.55399853300,"1"
"202399","11","0","06","006","2019","12","17","1","3","5","3","2","0","1","0","0","0","0",789719.23861500004,5818444.22654999979,13.26305245900,52.43923836500,"1"
"202400","11","0","06","006","2019","12","12","6","2","2","7","0","0","1","0","0","0","0",791014.01874600002,5818627.90871000104,13.28220670200,52.44019765200,"1"
"202401","11","0","09","009","2019","12","22","6","3","6","2","2","0","1","1","0","0","0",812066.98517700005,5821206.83495999966,13.59336090200,52.45170288400,"1"
"202402","11","0","06","006","2019","12","17","1","3","6","7","2","1","0","1","0","0","0",787629.36408400000,5818129.55496999901,13.23212177400,52.43752028000,"1"
"202403","11","0","02","002","2019","12","21","6","3","6","2","2","0","1","1","0","0","0",799032.72707899997,5826075.06675000023,13.40650219700,52.50262607600,"1"
"202404","11","0","04","004","2019","12","20","6","3","5","7","2","0","1","0","0","0","1",792357.45167200000,5828664.44361000042,13.31071746300,52.52945675800,"1"
"202405","11","0","10","010","2019","12","19","6","3","2","6","2","0","1","0","0","0","0",809496.39439599996,5831430.62526999973,13.56515442200,52.54478684100,"1"
"202406","11","0","04","004","2019","12","16","1","3","5","3","2","0","1","0","0","0","0",791209.44452799996,5829731.00681999978,13.29477677500,52.53963286400,"0"
"202407","11","0","09","009","2019","12","19","6","3","5","3","2","0","1","0","0","0","0",807709.54734199995,5818115.24091000110,13.52659593800,52.42646550700,"1"
"202408","11","0","06","006","2019","12","19","6","3","5","3","2","0","1","0","0","0","0",793470.52389800001,5820167.24720999971,13.31959479800,52.45268468800,"1"
"202409","11","0","08","008","2019","12","14","1","3","5","3","0","1","1","0","0","0","0",800548.86935000005,5824778.15971999988,13.42760141400,52.49016849700,"1"
"202410","11","0","08","008","2019","12","19","6","3","2","6","2","0","1","0","0","0","0",801757.95172400004,5822043.23355000094,13.44288045100,52.46498789800,"1"
"202411","11","0","08","008","2019","12","14","1","2","5","2","0","0","1","0","0","0","0",806239.86611900001,5816367.32170000020,13.50344912700,52.41162426500,"1"
"202412","11","0","07","007","2019","12","19","6","3","0","4","2","1","0","1","0","0","0",795024.21158799995,5823837.19438999891,13.34563745700,52.48474719800,"1"
"202413","11","0","04","004","2019","12","18","6","3","2","6","2","0","1","0","0","0","0",790570.57105000003,5827354.22016000003,13.28330593600,52.51866601400,"1"
"202414","11","0","04","004","2019","12","13","1","3","2","6","0","0","1","0","0","0","0",790385.39977000002,5829032.04033000022,13.28204986300,52.53380637900,"1"
"202415","11","0","12","012","2019","12","11","1","3","5","2","0","0","1","0","0","0","0",791167.25194400002,5834028.10183000099,13.29792643500,52.57817809300,"1"
"202416","11","0","12","012","2019","12","18","6","3","6","4","2","0","1","1","0","0","0",791262.75595899997,5836437.61447000038,13.30145025300,52.59972759700,"1"
"202417","11","0","04","004","2019","12","18","6","3","0","7","2","0","1","0","0","0","0",791588.28008000006,5825300.54664000031,13.29646313300,52.49971185900,"1"
"202418","11","0","09","009","2019","12","06","1","3","8","1","2","0","1","0","0","0","0",805509.38721399999,5821509.58523000032,13.49744196000,52.45812051000,"2"
"202419","11","0","04","004","2019","12","05","1","3","9","1","2","0","1","0","0","0","0",793516.70981200004,5826486.22946000006,13.32583554100,52.50930716300,"1"
"202420","11","0","04","004","2019","12","18","6","2","6","4","2","1","0","1","0","0","0",791528.39138000004,5822489.75226000044,13.29312470400,52.47454522800,"1"
"202421","11","0","05","005","2019","12","16","6","2","6","2","2","0","1","1","0","0","0",789210.13103000005,5829267.95933999959,13.26497683600,52.53654635700,"1"
"202422","11","0","04","004","2019","12","16","6","2","0","7","2","1","0","0","0","0","0",792660.21968400001,5825767.02302999981,13.31261928000,52.50331986200,"1"
"202423","11","0","09","009","2019","12","05","1","3","9","1","2","0","1","0","0","0","0",813786.89153499994,5818810.98677000031,13.61633815300,52.42924905400,"1"
"202424","11","0","02","002","2019","12","14","6","3","5","3","0","0","1","0","0","0","0",802556.11952499999,5827390.82110000029,13.45944837800,52.51247694000,"1"
"202425","11","0","01","001","2019","12","01","1","2","5","3","2","1","1","0","0","0","0",799730.15178399999,5827539.76224000007,13.41806509000,52.51537215500,"1"
"202426","11","0","09","009","2019","12","14","6","3","5","2","0","1","1","0","0","0","0",807990.75608399999,5815469.40806999896,13.52828418800,52.40259476300,"1"
"202427","11","0","04","004","2019","12","10","6","3","5","3","0","1","1","0","0","0","0",790282.50325600000,5824205.66657999996,13.27632719100,52.49059227900,"1"
"202428","11","0","03","003","2019","12","12","1","3","2","6","0","0","1","0","0","0","0",801100.53344899998,5834663.61330000032,13.44465727300,52.57846914400,"0"
"202429","11","0","11","011","2019","12","09","6","3","5","3","0","0","1","0","0","0","0",804690.23827500001,5826668.96004999895,13.49013834800,52.50481936000,"1"
"202430","11","0","04","004","2019","12","09","6","3","6","4","0","0","1","1","0","0","0",790695.90090400004,5822714.86486000009,13.28109867100,52.47700709900,"1"
"202431","11","0","08","008","2019","12","08","6","3","5","7","0","1","1","0","0","0","0",801172.70264599996,5822731.31993000023,13.43491278000,52.47147832100,"0"
"202432","11","0","11","011","2019","12","00","1","1","6","4","2","0","1","1","0","0","0",806129.62541400001,5830144.44651000109,13.51447717900,52.53516193000,"1"
"202433","11","0","08","008","2019","12","14","7","2","5","7","0","0","1","0","1","0","0",801545.28099999996,5824656.68900000025,13.44212251000,52.48853026000,"1"
"202434","11","0","02","002","2019","12","08","6","3","0","1","0","1","0","0","0","0","0",800154.16106800002,5824656.59365999978,13.42169600900,52.48929601200,"0"
"202435","11","0","08","008","2019","12","14","2","3","5","3","0","0","1","0","0","0","0",805259.27076500002,5817236.94517000020,13.48987012000,52.41996609900,"0"
"202436","11","0","08","008","2019","12","13","2","3","1","5","0","1","1","0","0","0","0",800712.88591099996,5823798.44888000004,13.42912595100,52.48129669600,"0"
"202437","11","0","12","012","2019","12","11","2","3","5","3","0","0","1","0","0","0","0",796698.95832300000,5833013.31068999972,13.37841531400,52.56609390000,"0"
"202438","11","0","08","008","2019","12","10","2","3","5","2","0","0","1","0","1","0","0",801020.64191400004,5823900.75614999980,13.43373644900,52.48204414800,"0"
"202439","11","0","04","004","2019","12","08","2","3","6","4","0","0","0","1","1","0","0",792767.34222800005,5830589.59004000016,13.31843871700,52.54649493700,"0"
"202440","11","0","06","006","2019","12","21","2","2","5","3","2","0","1","0","0","1","0",794482.95972399996,5816586.09767999966,13.33129585600,52.42003673300,"0"
"202441","11","0","09","009","2019","12","06","2","2","0","1","2","1","0","0","0","0","0",806522.66453199997,5822605.72781000100,13.51331500000,52.46737719600,"0"
"202442","11","0","08","008","2019","12","16","1","3","6","7","2","0","1","1","0","0","0",803392.05942900002,5817533.82870000042,13.46276638200,52.42366536000,"0"
"202443","11","0","11","011","2019","12","15","1","3","5","3","0","0","1","0","0","0","0",803410.35768799996,5826620.93848999962,13.47129586200,52.50510216700,"0"
"202444","11","0","04","004","2019","12","14","1","3","2","6","0","0","1","0","0","0","0",791685.30795199994,5823702.26353000104,13.29648918400,52.48533154400,"0"
"202445","11","0","06","006","2019","12","04","1","3","5","3","2","0","1","0","0","0","0",795662.83282699995,5818244.40737000108,13.35006135400,52.43426632200,"0"
"202446","11","0","04","004","2019","12","02","1","3","1","5","2","0","1","0","0","0","0",792139.73494300002,5826114.51252000034,13.30527791700,52.50671396000,"0"
"202447","11","0","11","011","2019","12","21","7","2","6","4","2","0","1","1","0","0","0",806882.06734199997,5832599.05312999897,13.52780365200,52.55673711500,"0"
"202448","11","0","01","001","2019","12","21","7","3","1","5","2","0","1","0","0","0","1",798641.47604800004,5828885.22939999960,13.40327748000,52.52802959100,"0"
"202449","11","0","08","008","2019","12","20","7","3","2","2","2","0","1","0","0","0","0",803172.24536700000,5821961.84671999980,13.46356116000,52.46347555900,"1"
"202450","11","0","01","001","2019","12","17","7","3","6","7","2","0","1","1","0","0","0",796836.94949000003,5831562.88858999964,13.37914789000,52.55301735000,"0"
"202451","11","0","01","001","2019","12","16","7","3","0","1","2","1","0","0","0","0","0",795998.14432199998,5828687.64998000022,13.36425077300,52.52770013900,"0"
"202452","11","0","07","007","2019","12","17","7","3","6","4","2","0","1","1","0","0","0",798020.03474499995,5821181.45258000027,13.38725276700,52.45931460400,"0"
"202453","11","0","02","002","2019","12","15","7","3","6","3","0","1","0","1","0","0","0",800734.15899599995,5828488.31221000105,13.43367374500,52.52332157100,"0"
"202454","11","0","06","006","2019","12","14","7","3","6","4","0","0","1","1","0","0","0",795879.65587000002,5819859.12956999894,13.35467110800,52.44862395700,"0"
"202455","11","0","08","008","2019","12","13","7","3","5","3","0","0","1","0","0","0","1",803003.75236200006,5819891.91956999898,13.45921046600,52.44501623400,"0"
"202456","11","0","01","001","2019","12","12","7","3","5","3","0","0","0","0","0","0","1",798668.30232100002,5828150.34571000095,13.40301174500,52.52142769600,"0"
"202457","11","0","04","004","2019","12","12","7","3","5","7","0","0","1","0","1","0","0",791745.92422199994,5827246.03091999982,13.30048403200,52.51706858500,"0"
"202458","11","0","08","008","2019","12","12","7","3","6","4","0","0","1","1","0","0","0",800887.19566299999,5824280.21879999992,13.43211980600,52.48551893500,"0"
"202459","11","0","02","002","2019","12","07","7","3","5","3","2","1","1","0","0","0","0",801155.90981900005,5825955.24079000019,13.43757914700,52.50038440700,"0"
"202460","11","0","08","008","2019","12","23","7","2","0","1","2","1","0","0","0","0","0",800848.21092500002,5824514.69464000035,13.43175906400,52.48764209600,"0"
"202461","11","0","01","001","2019","12","00","7","2","5","3","2","0","1","0","0","0","1",799648.70245999994,5827039.63351999968,13.41641805900,52.51093403000,"0"
"202462","11","0","04","004","2019","12","00","6","2","8","1","2","0","1","0","0","0","0",792747.34400899999,5827036.61632999964,13.31501580200,52.51465462100,"1"
"202463","11","0","01","001","2019","12","16","6","3","5","3","2","1","1","0","0","0","0",795130.19518100005,5829614.96035999991,13.35231707800,52.53648330400,"0"
"202464","11","0","02","002","2019","12","13","6","3","0","7","0","0","1","0","0","0","0",799506.98868499999,5824517.29513000045,13.41206779300,52.48840284300,"0"
"202465","11","0","09","009","2019","12","10","6","3","3","6","0","1","1","0","0","0","0",810798.35681999999,5822472.42257000040,13.57593063300,52.46376725300,"1"
"202466","11","0","07","007","2019","12","10","6","3","0","3","0","0","0","0","1","0","1",795069.67350999999,5821620.11656999961,13.34434356700,52.46484793600,"1"
"202467","11","0","02","002","2019","12","09","6","3","8","1","0","0","1","0","0","0","0",798706.75464599999,5824670.02548000030,13.40045418200,52.49021030100,"1"
"202468","11","0","04","004","2019","12","07","6","3","5","3","1","1","0","0","0","0","1",790853.04040499998,5823648.41299999971,13.28422027600,52.48529277100,"0"
"202469","11","0","01","001","2019","12","21","6","3","2","6","2","0","1","0","0","0","0",795841.81591400004,5826022.82294999901,13.35958366600,52.50389717100,"1"
"202470","11","0","05","005","2019","12","20","6","3","6","2","2","0","1","1","0","0","0",785200.78697200003,5830989.06716999970,13.20750348400,52.55409066400,"1"
"202471","11","0","04","004","2019","12","19","6","3","1","5","2","1","1","0","0","0","0",792983.17475100001,5822335.65593999997,13.31434706800,52.47238538600,"0"
"202472","11","0","08","008","2019","12","17","6","3","2","6","2","0","1","0","0","0","0",801367.42984600004,5819295.06455999985,13.43466948800,52.44057074000,"1"
"202473","11","0","07","007","2019","12","17","6","3","5","3","2","1","1","0","0","0","0",796273.15283100004,5823229.02402999904,13.36343577900,52.47861921000,"1"
"202474","11","0","11","011","2019","12","16","6","3","5","3","2","0","1","0","0","0","0",805141.39270500001,5829994.53254999965,13.49981505700,52.53437250300,"1"
"202475","11","0","09","009","2019","12","19","6","2","6","4","2","0","1","1","0","0","0",814202.17970600002,5821282.29538999964,13.62474934100,52.45115612700,"1"
"202476","11","0","03","003","2019","12","14","6","2","0","1","0","1","0","0","0","0","0",798043.36837899999,5833591.00786999892,13.39871056300,52.57053780300,"1"
"202477","11","0","06","006","2019","12","09","6","2","5","3","0","1","1","0","0","0","0",789992.88085299998,5819150.95504000038,13.26768015400,52.44542938700,"1"
"202478","11","0","12","012","2019","12","17","5","3","2","2","2","1","1","0","0","0","0",795892.06842400006,5833185.19443000108,13.36669892700,52.56807381300,"1"
"202479","11","0","08","008","2019","12","20","5","3","5","3","2","0","1","0","0","0","0",802483.93864700000,5823139.99730999954,13.45452870600,52.47441684900,"1"
"202480","11","0","10","010","2019","12","17","5","3","5","2","2","0","1","0","0","0","0",811142.72000500001,5829166.15780999977,13.58723406100,52.52355664000,"1"
"202481","11","0","11","011","2019","12","17","5","3","5","3","2","0","1","0","0","0","0",804684.09092400002,5830729.18831999972,13.49376752600,52.54121266100,"1"
"202482","11","0","11","011","2019","12","17","5","3","2","6","2","0","1","0","1","0","0",803731.87120000005,5826229.11557999998,13.47566083800,52.50141147800,"1"
"202483","11","0","08","008","2019","12","16","5","3","5","3","2","0","1","0","0","0","0",800670.13950499997,5824245.42097999994,13.42890152400,52.48532660100,"1"
"202484","11","0","01","001","2019","12","11","5","3","0","1","0","0","1","0","1","0","0",798304.30801399995,5830113.41456000041,13.39942435700,52.53922319100,"1"
"202485","11","0","09","009","2019","12","09","5","3","0","1","0","1","0","0","0","0","0",814202.74148600001,5821334.28521000035,13.62480648600,52.45162168300,"1"
"202486","11","0","05","005","2019","12","02","5","3","8","1","2","0","1","0","0","0","0",784570.72110099997,5828185.05986000039,13.19583342000,52.52927952700,"1"
"202487","11","0","04","004","2019","12","00","5","3","0","1","2","0","0","0","0","0","1",791718.40760999999,5828239.88236000016,13.30095134100,52.52599300800,"1"
"202488","11","0","11","011","2019","12","15","5","2","5","1","0","0","1","0","0","0","0",806107.75499499997,5830140.71767000109,13.51415231000,52.53514079400,"1"
"202489","11","0","09","009","2019","12","14","5","2","5","2","0","0","1","0","0","0","0",805016.58536599996,5822703.43180000037,13.49130261100,52.46909574900,"1"
"202490","11","0","01","001","2019","12","06","5","2","3","6","2","1","1","0","0","0","0",796971.27264099999,5831449.96263999958,13.38102221500,52.55193188200,"1"
"202491","11","0","04","004","2019","12","12","4","3","5","2","0","0","1","0","0","0","0",793891.21953100001,5823091.49785999954,13.32834323100,52.47867339100,"1"
"202492","11","0","01","001","2019","12","23","4","3","5","7","2","0","1","0","1","0","0",798024.22690300003,5830081.59473999962,13.39527836700,52.53909121500,"1"
"202493","11","0","04","004","2019","12","19","4","3","2","7","2","0","1","0","0","0","0",792340.12113800005,5825392.82230999973,13.30758830900,52.50013683700,"1"
"202494","11","0","07","007","2019","12","16","4","3","1","1","2","0","1","0","0","0","1",795440.35266700003,5820986.30001000036,13.34922303500,52.45896588900,"1"
"202495","11","0","08","008","2019","12","13","4","3","5","3","0","0","1","0","0","0","1",801895.19044899999,5816959.60489000101,13.44030192100,52.41934628400,"1"
"202496","11","0","04","004","2019","12","23","3","3","6","2","2","0","1","1","0","0","0",788803.63020300004,5825929.40416999906,13.25610121700,52.50683069200,"1"
"202497","11","0","09","009","2019","12","21","3","3","5","2","2","0","1","0","0","0","0",805015.82457800000,5822702.24732000008,13.49129036300,52.46908555800,"1"
"202498","11","0","05","005","2019","12","20","3","3","6","2","2","0","1","1","0","0","0",785231.40408300003,5831827.23916000035,13.20867419200,52.56158954800,"1"
"202499","11","0","10","010","2019","12","19","3","3","5","3","2","0","1","0","0","0","0",813483.56617400004,5829447.40132999979,13.62188911100,52.52473614900,"1"
"202500","11","0","11","011","2019","12","18","3","3","1","5","2","0","1","0","0","0","0",805221.93938100000,5833905.99988000002,13.50459446900,52.56938330400,"1"
"202501","11","0","06","006","2019","12","18","3","3","8","1","2","0","1","0","0","0","0",794540.36138000002,5817690.44543000031,13.33310992200,52.42990586900,"1"
"202502","11","0","01","001","2019","12","14","3","3","0","1","0","0","1","0","1","0","0",795150.25213299994,5829394.98321999982,13.35241657000,52.53450052500,"0"
"202503","11","0","05","005","2019","12","13","3","3","0","6","0","0","1","0","0","0","1",787566.18417999998,5828029.72852999903,13.23973473500,52.52631494300,"1"
"202504","11","0","08","008","2019","12","13","3","3","6","4","0","0","1","1","0","0","0",801395.24786999996,5823748.11904000025,13.43909806700,52.48046939800,"0"
"202505","11","0","03","003","2019","12","11","3","3","5","2","0","1","1","0","0","0","0",799011.17886900005,5833158.61106000002,13.41255835400,52.56613128000,"0"
"202506","11","0","02","002","2019","12","10","3","3","5","3","0","1","0","0","0","0","0",801001.84720299998,5828043.53835999966,13.43720488500,52.51918727300,"0"
"202507","11","0","10","010","2019","12","09","3","3","2","2","0","0","1","0","0","0","0",810050.68041000003,5832619.39695999958,13.57441190600,52.55512484300,"0"
"202508","11","0","03","003","2019","12","20","2","3","6","4","2","0","1","1","0","0","0",801224.97994400002,5831966.17322999891,13.44403899000,52.55422305600,"0"
"202509","11","0","02","002","2019","12","17","2","3","2","2","1","0","1","0","1","0","0",799878.06404199998,5825706.14185999986,13.41858656400,52.49885532800,"0"
"202510","11","0","10","010","2019","12","07","2","3","6","7","2","1","0","1","0","0","0",809823.01046899997,5831966.07780999970,13.57045492700,52.54939968100,"0"
"202511","11","0","10","010","2019","12","13","2","3","2","6","0","0","1","0","0","0","1",809598.95917000005,5828501.58389999997,13.56393424700,52.51847969000,"1"