OBJECTID,ULAND,UREGBEZ,UKREIS,UGEMEINDE,UJAHR,UMONAT,USTUNDE,UWOCHENTAG,UKATEGORIE,UART,UTYP1,ULICHTVERH,IstRad,IstPKW,IstFuss,IstKrad,IstGkfz,IstSonstig,LINREFX,LINREFY,XGCSWGS84,YGCSWGS84,STRZUSTAND
"202512","11","0","04","004","2019","12","12","2","3","6","7","0","0","1","1","0","0","0",788511.84097200003,5827506.53966999892,13.25318146000,52.52112472900,"1"
"202513","11","0","09","009","2019","12","12","2","3","1","5","0","0","1","0","0","0","0",811341.77611300000,5822688.55611000024,13.58410531200,52.46539478600,"0"
"202514","11","0","02","002","2019","12","19","2","3","1","5","2","1","1","0","0","0","0",801337.24376999994,5826132.52603000030,13.44040283400,52.50187334600,"0"
"202515","11","0","04","004","2019","12","20","2","3","6","4","2","0","1","1","0","0","0",793929.43900000001,5826192.21899999958,13.33163983800,52.50644928900,"0"
"202516","11","0","02","002","2019","12","18","2","3","5","7","2","0","1","0","0","0","0",803046.30575299996,5825837.44089999981,13.46523562200,52.49828209900,"0"
"202517","11","0","11","011","2019","12","12","2","2","6","4","0","0","1","1","0","0","0",804577.47046700004,5831044.96874000039,13.49248975300,52.54410244200,"1"
"202518","11","0","09","009","2019","12","17","2","3","2","6","2","0","1","0","0","0","0",804359.54128300003,5819755.69349000044,13.47897304900,52.44304230500,"0"
"202519","11","0","06","006","2019","12","16","2","2","9","1","2","0","1","0","0","0","0",795695.37190200004,5816868.96499999985,13.34932251400,52.42191874400,"0"
"202520","11","0","12","012","2019","12","16","2","3","2","6","1","0","1","0","0","0","0",790284.50397900003,5835028.24526999891,13.28581191200,52.58761591200,"0"
"202521","11","0","06","006","2019","12","16","2","3","5","3","2","0","1","0","0","0","0",796232.15079400002,5818607.69691000041,13.35873331600,52.43721492300,"1"
"202522","11","0","08","008","2019","12","16","2","3","0","5","1","1","1","0","0","0","0",804713.21764000005,5817702.84081999958,13.48228957800,52.42444611800,"1"
"202523","11","0","12","012","2019","12","15","2","2","5","2","0","1","1","0","0","0","0",791159.75643700000,5833450.46901999973,13.29730886700,52.57300375500,"0"
"202524","11","0","04","004","2019","12","11","2","2","9","7","0","0","1","0","0","0","0",790669.53641800000,5822718.61854000017,13.28071484900,52.47705478400,"1"
"202525","11","0","08","008","2019","12","11","2","3","5","3","0","1","1","0","0","0","0",801398.33396900003,5820277.00583000109,13.43600854000,52.44935516800,"1"
"202526","11","0","06","006","2019","12","09","2","3","6","4","0","1","0","1","0","0","0",795146.14673899999,5821243.04899999965,13.34513252600,52.46142645500,"1"
"202527","11","0","04","004","2019","12","09","2","2","6","2","0","0","1","1","0","0","0",793991.49622199999,5826149.25965999998,13.33251359800,52.50603074400,"1"
"202528","11","0","02","002","2019","12","08","2","3","1","5","0","1","0","0","0","0","1",801242.76746799995,5825903.77782000042,13.43880828600,52.49987519400,"1"
"202529","11","0","01","001","2019","12","07","2","3","5","3","1","0","1","0","0","0","0",793761.87874800002,5831852.41220000014,13.33418032200,52.55728000000,"1"
"202530","11","0","08","008","2019","12","07","2","3","6","2","2","0","1","1","0","0","0",802031.14270800003,5823470.22596000042,13.44818150700,52.47762729000,"1"
"202531","11","0","05","005","2019","12","18","2","3","5","3","2","0","1","0","0","0","1",784712.07275699999,5828600.63568000030,13.19826743700,52.53293177000,"0"
"202532","11","0","02","002","2019","12","14","1","3","0","1","0","1","0","0","0","0","0",798297.52393899998,5824513.23773999978,13.39430445200,52.48902866300,"1"
"202533","11","0","03","003","2019","12","14","1","3","0","5","0","0","1","0","0","0","0",800646.72245600005,5829381.08241999988,13.43319610300,52.53137189700,"0"
"202534","11","0","12","012","2019","12","12","1","2","5","2","0","1","1","0","0","0","0",794852.97657599999,5833077.82931999955,13.35131700400,52.56767518700,"0"
"202535","11","0","08","008","2019","12","12","1","3","5","2","0","0","1","0","0","0","0",801546.29087200004,5820647.21418999974,13.43851332300,52.45259186300,"1"
"202536","11","0","12","012","2019","12","09","1","3","2","2","0","0","1","0","1","0","0",791876.40154800005,5833393.41602999903,13.30780335200,52.57210844800,"1"
"202537","11","0","04","004","2019","12","08","1","3","5","3","0","0","1","0","0","0","0",793518.37037400005,5825716.43788999971,13.32518124300,52.50240543300,"1"
"202538","11","0","02","002","2019","12","07","1","3","5","3","2","0","1","0","0","0","0",799206.64488699997,5824557.17848000024,13.40769343500,52.48892503000,"1"
"202539","11","0","11","011","2019","12","18","1","3","1","5","2","0","1","0","0","0","0",806964.01038300002,5825765.94165000040,13.52270101500,52.49545194700,"1"
"202540","11","0","12","012","2019","12","21","1","3","2","6","2","0","1","0","0","0","0",792879.13367799995,5832146.88836999889,13.32145645200,52.56039530700,"0"
"202541","11","0","04","004","2019","12","18","1","3","5","3","2","0","1","0","1","0","0",793133.76905600005,5825598.99206999969,13.31942801800,52.50155932600,"0"
"202542","11","0","01","001","2019","12","16","1","3","3","6","2","1","0","0","0","0","0",798798.64823799999,5829226.52988999896,13.40589418200,52.53100273600,"1"
"202543","11","0","08","008","2019","12","14","1","3","1","5","0","0","1","0","0","0","0",804644.11341999995,5817817.27660000045,13.48138065700,52.42551025900,"0"
"202544","11","0","06","006","2019","12","13","1","3","5","3","0","0","1","0","0","0","0",785895.65800000005,5816551.60800000001,13.20533802900,52.42428136700,"0"
"202545","11","0","07","007","2019","12","21","7","3","2","2","2","0","1","0","0","0","0",796892.99316700001,5822307.71762999892,13.37171571000,52.47002396500,"0"
"202546","11","0","02","002","2019","12","20","7","2","0","3","2","0","1","0","0","0","0",800637.65700000001,5825688.15400000010,13.42972633800,52.49827618300,"1"
"202547","11","0","05","005","2019","12","19","7","3","2","6","2","0","1","0","0","0","1",781059.69231700001,5828357.04301000107,13.14435881400,52.53264333300,"1"
"202548","11","0","12","012","2019","12","17","7","2","0","4","2","0","0","1","0","0","1",796689.13570900005,5832921.14897000045,13.37818839900,52.56527313100,"0"
"202549","11","0","08","008","2019","12","16","7","3","0","1","2","0","0","0","1","0","0",801380.95011500001,5823760.68432000000,13.43889952600,52.48058991400,"1"
"202550","11","0","06","006","2019","12","14","7","3","2","2","0","0","1","0","0","0","0",790008.42551800003,5819157.34343999997,13.26791377300,52.44547841700,"1"
"202551","11","0","05","005","2019","12","13","7","3","2","7","0","0","1","0","0","0","0",784679.65538400004,5828253.27873999998,13.19749332900,52.52983429800,"0"
"202552","11","0","09","009","2019","12","13","7","3","6","4","0","0","1","1","0","0","0",814202.38171400002,5821303.06374999974,13.62477184000,52.45134211500,"0"
"202553","11","0","08","008","2019","12","13","7","2","5","2","0","0","1","0","0","0","0",805266.58999999997,5817242.52900000010,13.48998250900,52.42001206300,"0"
"202554","11","0","06","006","2019","12","12","7","3","1","1","0","0","1","0","0","0","1",791698.51808900002,5816269.30128999893,13.29019096600,52.41868788100,"1"
"202555","11","0","07","007","2019","12","12","7","3","0","3","0","1","1","0","0","0","0",796513.97134900000,5816378.54542000033,13.36089073400,52.41707956200,"1"
"202556","11","0","07","007","2019","12","11","7","2","8","1","0","0","1","0","0","0","0",797597.66348900006,5815556.25894999970,13.37604739200,52.40912036600,"1"
"202557","11","0","12","012","2019","12","11","7","3","5","7","0","0","1","0","0","0","0",791744.34976300003,5832948.38998000044,13.30546891300,52.56818972600,"1"
"202558","11","0","12","012","2019","12","10","7","3","2","6","0","0","1","0","0","0","0",790131.06694799999,5835996.02515000105,13.28440113400,52.59637383100,"1"
"202559","11","0","01","001","2019","12","10","7","3","2","6","0","0","1","0","0","0","0",797469.77000000002,5828832.25700000022,13.38600914900,52.52819537000,"0"
"202560","11","0","02","002","2019","12","09","7","3","2","6","0","0","1","0","0","0","1",803653.21341600001,5827411.32041999977,13.47558390800,52.51205105800,"1"
"202561","11","0","08","008","2019","12","08","7","3","0","3","0","0","1","0","0","0","1",801459.26921099995,5823878.31861000042,13.44015565000,52.48160106800,"1"
"202562","11","0","02","002","2019","12","03","7","3","5","2","2","0","1","0","0","0","0",798586.52093200001,5825563.98912999965,13.39948982500,52.49828929100,"1"
"202563","11","0","10","010","2019","12","16","6","3","2","6","1","0","1","0","0","0","0",809183.92248900002,5833279.01198999956,13.56228254000,52.56152876500,"1"
"202564","11","0","01","001","2019","12","15","6","3","0","3","0","1","1","0","0","0","0",797415.00292500004,5831909.82242999971,13.38795940200,52.55581183800,"1"
"202565","11","0","06","006","2019","12","17","6","3","0","7","2","0","1","1","0","0","0",793422.86591800000,5821329.34853000101,13.31991684900,52.46312816000,"1"
"202566","11","0","04","004","2019","12","16","6","3","5","3","2","0","1","0","0","0","0",791182.22247000004,5827451.08303000033,13.29237962100,52.51920813000,"0"
"202567","11","0","08","008","2019","12","16","6","3","1","5","2","1","1","0","0","0","0",801496.52325900004,5823944.77754999977,13.44076267000,52.48217618600,"1"
"202568","11","0","07","007","2019","12","20","6","3","5","2","2","0","1","0","0","0","0",797234.00697100000,5820691.62698999979,13.37528200500,52.45535186500,"1"
"202569","11","0","03","003","2019","12","19","6","2","5","2","2","0","1","0","1","0","0",802803.85782899999,5838577.18310000002,13.47329588700,52.61260002600,"1"
"202570","11","0","04","004","2019","12","19","6","3","2","6","2","0","1","0","0","0","0",792721.27956099994,5825952.55190999899,13.31367939700,52.50495031900,"0"
"202571","11","0","11","011","2019","12","19","6","3","6","2","2","0","1","1","0","0","0",804494.16197100002,5826390.56599999964,13.48700387400,52.50243368100,"0"
"202572","11","0","12","012","2019","12","18","6","3","5","3","2","0","1","0","0","0","0",789631.46247400006,5839732.35292000044,13.28031702900,52.63013611100,"1"
"202573","11","0","01","001","2019","12","18","6","3","5","3","2","0","1","0","0","0","0",795163.69642699999,5827238.42418999970,13.35070007500,52.51516139000,"0"
"202574","11","0","07","007","2019","12","17","6","2","6","4","2","0","1","1","0","0","0",796543.09582799999,5822753.46427000035,13.36697602800,52.47420973400,"1"
"202575","11","0","10","010","2019","12","10","6","2","6","4","0","0","1","1","0","0","0",809709.20471399999,5829684.88355999999,13.56665570500,52.52902135000,"1"
"202576","11","0","01","001","2019","12","16","6","3","6","2","2","0","1","1","0","0","0",795523.65473199997,5828187.92941000033,13.35683270800,52.52347799000,"1"
"202577","11","0","05","005","2019","12","17","6","3","6","4","2","0","1","1","0","0","0",781316.83463699999,5830754.24911000021,13.15016994300,52.55400532000,"0"
"202578","11","0","12","012","2019","12","10","6","3","0","5","0","1","1","0","0","0","0",790265.52473399998,5833690.77501999959,13.28436119800,52.57563573200,"1"
"202579","11","0","04","004","2019","12","09","6","3","5","3","0","1","1","0","0","0","0",792707.35794799996,5825893.92389999982,13.31342333000,52.50443220500,"1"
"202580","11","0","04","004","2019","12","09","6","3","5","3","0","0","1","0","0","0","0",792078.37371399999,5828571.92669999972,13.30653390600,52.52877697200,"0"
"202581","11","0","10","010","2019","12","08","6","2","6","4","0","0","1","1","0","0","0",811315.40219099994,5831727.13380999956,13.59216977500,52.54640767100,"1"
"202582","11","0","01","001","2019","12","07","6","3","2","2","1","1","1","0","0","0","0",798562.01738900004,5826812.28514999896,13.40024926500,52.50949201000,"0"
"202583","11","0","11","011","2019","12","07","6","3","6","4","2","0","1","1","0","0","0",807525.81171699998,5827573.55494000018,13.53261969300,52.51133564100,"1"
"202586","11","0","02","002","2019","12","06","6","3","1","5","2","1","1","0","0","0","0",797727.58875000000,5826432.59396999981,13.38765098000,52.50654457400,"1"
"202587","11","0","11","011","2019","12","06","6","3","6","2","2","0","1","1","0","0","0",804850.85730399995,5827939.15428999905,13.49366080900,52.51611378900,"0"
"202590","11","0","12","012","2019","12","16","6","3","5","2","1","1","1","0","0","0","0",794864.72345199995,5833056.27763999999,13.35147065800,52.56747563200,"0"
"202591","11","0","02","002","2019","12","15","6","3","0","3","1","1","1","0","0","0","0",801323.79106600001,5826142.31481000036,13.44021410400,52.50196851400,"1"
"202593","11","0","06","006","2019","12","15","6","3","6","4","1","0","1","1","0","0","0",788737.63303999999,5820190.24064000044,13.25016106400,52.45541146300,"1"
"202595","11","0","08","008","2019","12","14","6","2","6","4","0","0","1","1","0","0","0",805264.00637700001,5817256.12897999957,13.48995704200,52.42013539600,"1"
"202596","11","0","07","007","2019","12","14","6","3","5","3","0","1","0","0","0","1","0",797737.45108599996,5819125.38449999969,13.38127320700,52.44103811400,"0"
"202599","11","0","04","004","2019","12","14","6","3","0","6","0","0","1","0","0","0","1",793514.69421700004,5825734.57985000033,13.32514323200,52.50257004500,"0"
"202600","11","0","02","002","2019","12","23","6","3","5","3","2","0","1","0","0","0","0",802542.72871699999,5826734.52414000034,13.45865513300,52.50660201500,"1"
"202602","11","0","10","010","2019","12","22","6","2","0","1","2","1","0","0","0","0","0",810571.46179600002,5831924.01059999969,13.58141828900,52.54859653400,"1"
"202603","11","0","03","003","2019","12","22","6","3","0","5","2","0","1","1","0","0","0",799528.54154000001,5831576.53737000097,13.41874067600,52.55166620800,"0"
"202606","11","0","04","004","2019","12","21","6","3","5","3","2","0","1","0","0","0","1",791443.25814299996,5827203.23957000021,13.29599872900,52.51684679600,"0"
"202607","11","0","10","010","2019","12","14","6","3","5","2","0","1","0","0","0","0","1",809937.93253700004,5827049.21819000039,13.56756146200,52.50527165500,"0"
"202608","11","0","07","007","2019","12","14","6","3","3","6","0","1","0","0","0","0","0",794681.61553600000,5825212.52758000046,13.34182315800,52.49726122900,"0"
"202609","11","0","10","010","2019","12","17","6","2","5","2","2","1","1","0","0","0","0",812466.03826800000,5830966.55240000039,13.60836773700,52.53893340800,"1"
"202610","11","0","10","010","2019","12","16","6","3","5","2","2","1","1","0","0","0","0",809778.07692200004,5830711.00253999978,13.56862400300,52.53817784200,"0"
"202613","11","0","06","006","2019","12","14","6","3","3","6","0","0","1","0","0","0","0",787683.05267899996,5818215.42456000019,13.23298330600,52.43826192600,"0"
"202615","11","0","06","006","2019","12","16","6","2","6","2","2","0","1","1","0","0","0",796475.51246899995,5818331.59501999989,13.36205798600,52.43460802100,"0"
"202618","11","0","08","008","2019","12","13","6","3","5","7","0","0","1","0","0","0","0",800359.63217800006,5824203.50679000095,13.42430477100,52.48512180800,"0"
"202622","11","0","06","006","2019","12","07","6","3","5","2","0","1","1","0","0","0","0",793169.82117000001,5818223.83069999982,13.31347718300,52.43542374600,"0"
"202623","11","0","01","001","2019","12","21","6","3","5","2","2","1","1","0","0","0","0",798080.98293699999,5830001.89228000026,13.39604123100,52.53834574700,"1"
"202626","11","0","05","005","2019","12","20","6","3","6","2","2","0","1","1","0","0","0",789209.67864199996,5829269.00657000020,13.26497109600,52.53655598600,"1"
"202629","11","0","01","001","2019","12","13","6","3","5","3","0","1","1","0","0","0","0",795617.60852799995,5829351.10668999981,13.35924772700,52.53385392400,"1"
"202630","11","0","03","003","2019","12","20","6","3","6","2","2","0","1","1","0","0","0",799700.18618299998,5837335.77680000011,13.42647097900,52.60319338900,"0"
"202633","11","0","05","005","2019","12","13","6","3","5","7","0","0","1","0","1","0","0",785405.53609199997,5830528.22798999958,13.21011907800,52.54985159900,"1"
"202634","11","0","06","006","2019","12","13","6","3","3","6","0","1","1","0","0","0","0",793726.73806600005,5821058.06211999990,13.32413804100,52.46053291600,"0"
"202638","11","0","05","005","2019","12","12","6","3","6","4","0","0","1","1","0","0","0",785254.72486600000,5832225.92905000038,13.20936007100,52.56515191400,"0"
"202640","11","0","07","007","2019","12","12","6","3","6","7","0","0","1","1","0","0","0",799124.51913100004,5823861.67822000012,13.40586335000,52.48273583500,"0"
"202643","11","0","01","001","2019","12","12","6","3","0","7","0","1","1","0","0","0","0",794906.64952400001,5826168.79911999963,13.34597531000,52.50571200200,"1"
"202647","11","0","11","011","2019","12","10","6","3","6","4","0","0","1","1","0","0","0",806412.40543499996,5825656.28835999966,13.51450043700,52.49477914200,"0"
"202648","11","0","01","001","2019","12","12","5","3","0","2","0","1","1","0","0","0","0",795446.52162300004,5831606.44187999982,13.35873875200,52.55416376700,"0"
"202651","11","0","07","007","2019","12","18","5","3","6","2","2","0","1","1","0","0","0",799752.64870599995,5814503.76073999982,13.40669219300,52.39851047000,"0"
"202652","11","0","08","008","2019","12","17","5","3","0","7","2","0","0","1","0","0","1",800679.22858200001,5824383.81558999978,13.42915981500,52.48656207400,"0"
"202655","11","0","07","007","2019","12","17","5","2","6","4","2","0","1","1","0","0","0",798008.97719899996,5820465.22492999956,13.38645125800,52.45290044300,"0"
"202658","11","0","07","007","2019","12","17","5","2","6","4","2","0","1","1","0","0","0",799805.27494799998,5813185.60137000028,13.40628421600,52.38666601100,"1"
"202659","11","0","04","004","2019","12","17","5","3","5","2","2","1","1","0","0","0","0",794019.37433000002,5823818.35493000038,13.33086583300,52.48512034200,"0"
"202663","11","0","03","003","2019","12","17","5","2","6","2","2","0","1","1","0","0","0",799228.16978100000,5837643.90115999989,13.41980058500,52.60621517700,"1"
"202665","11","0","05","005","2019","12","16","5","3","3","6","2","0","1","0","0","0","0",785196.96267499996,5829358.54569999967,13.20604699900,52.53947361000,"0"
"202668","11","0","10","010","2019","12","16","5","3","0","3","2","0","1","0","1","0","0",813775.54593300004,5830050.20156999957,13.62674751700,52.52996979900,"1"
"202669","11","0","04","004","2019","12","22","5","3","5","2","2","0","1","0","0","0","0",791791.93238699995,5827049.88994000014,13.30098812200,52.51528560100,"0"
"202671","11","0","06","006","2019","12","21","5","3","5","3","2","0","1","0","1","0","0",789359.20794899995,5815364.94433000032,13.25510682400,52.41182171600,"1"
"202674","11","0","07","007","2019","12","22","5","3","5","3","2","1","1","0","0","0","0",795698.23919200001,5825435.05391000025,13.35695262300,52.49870613100,"0"
"202675","11","0","02","002","2019","12","20","5","3","5","3","2","0","1","0","0","0","1",796877.95564900001,5823982.64328000043,13.37298609400,52.48504623600,"0"
"202678","11","0","02","002","2019","12","18","5","3","5","3","2","1","0","0","0","0","0",800385.63968799997,5826384.87591999955,13.42665351100,52.50465991700,"1"
"202679","11","0","07","007","2019","12","18","5","3","2","6","2","0","1","0","0","0","1",795226.40457999997,5823507.11402999982,13.34831407800,52.48167896400,"1"
"202682","11","0","06","006","2019","12","17","5","3","0","2","2","1","1","0","0","0","0",789088.94119000004,5816841.24708000012,13.25241978600,52.42520037800,"1"
"202684","11","0","04","004","2019","12","15","5","3","6","4","0","0","1","1","0","0","0",794480.22025000001,5825879.66538999975,13.33945498000,52.50335042600,"0"
"202687","11","0","08","008","2019","12","13","5","3","5","3","0","0","1","0","0","0","0",806729.17542500002,5817710.24631000031,13.51185134400,52.42338622200,"0"
"202688","11","0","11","011","2019","12","12","5","3","5","3","0","1","0","0","0","0","0",806201.28232500004,5827036.76537999976,13.51266962000,52.50726987200,"0"
"202691","11","0","04","004","2019","12","12","5","3","5","2","0","1","1","0","0","0","0",791508.96500299999,5826852.05877000093,13.29665664200,52.51366338600,"0"
"202692","11","0","11","011","2019","12","09","5","3","2","7","0","0","1","0","0","0","1",805812.87241700001,5832288.03414999973,13.51179526400,52.55455111800,"0"
"202695","11","0","07","007","2019","12","08","5","3","2","6","0","0","1","0","0","0","1",798470.65814800002,5818152.32155000046,13.39115933000,52.43191602700,"1"
"202696","11","0","01","001","2019","12","08","5","3","5","7","0","1","1","0","0","0","0",799403.31930099998,5826428.73183999956,13.41226363000,52.50559294400,"0"
"202700","11","0","12","012","2019","12","08","5","3","0","2","0","0","1","0","0","0","1",790508.51585800003,5835338.45413000043,13.28938121400,52.59027730300,"0"
"202701","11","0","06","006","2019","12","08","5","3","2","6","0","0","1","0","0","0","0",789533.73190599994,5817451.42403999995,13.25947117400,52.43043570600,"0"
"202704","11","0","12","012","2019","12","16","5","3","5","3","2","1","1","0","0","0","0",788036.12040000001,5831023.94859999977,13.24923835200,52.55291127700,"0"
"202705","11","0","11","011","2019","12","06","5","3","5","3","2","0","1","0","0","0","0",805179.11490799999,5831384.16232000012,13.50164585400,52.54680577200,"0"
"202708","11","0","02","002","2019","12","14","5","3","2","6","0","0","1","0","0","0","0",799337.25366100005,5826210.17747000046,13.41109667500,52.50367017500,"0"
"202710","11","0","08","008","2019","12","14","5","3","1","5","0","1","1","0","0","0","0",802726.60502100002,5822557.63427000027,13.45756211900,52.46906268600,"0"
"202713","11","0","09","009","2019","12","15","5","3","2","6","0","0","1","0","0","0","0",805719.79289000004,5818813.54836999904,13.49806204500,52.43383950800,"0"
"202714","11","0","01","001","2019","12","15","5","3","6","2","0","0","1","1","0","0","0",799494.97349100001,5828789.43905999977,13.41573491400,52.52670276900,"0"
"202717","11","0","11","011","2019","12","15","5","3","5","3","0","1","1","0","0","0","0",804587.23542200006,5829994.48467999976,13.49167036200,52.53468203100,"1"
"202718","11","0","07","007","2019","12","13","5","3","2","2","0","0","1","0","0","0","1",799141.25336600002,5816519.63941000029,13.39953370400,52.41691473000,"0"
"202721","11","0","05","005","2019","12","12","4","3","2","6","0","0","1","0","0","0","0",784788.57108100003,5828836.94087999966,13.19959465000,52.53501051100,"0"
"202723","11","0","10","010","2019","12","18","4","3","1","6","2","1","1","0","0","0","0",812159.82551999995,5831065.61168000009,13.60396050700,52.53999656800,"0"
"202724","11","0","10","010","2019","12","04","4","3","0","6","2","0","1","0","1","0","0",809601.74889599998,5831209.99916000012,13.56649744700,52.54274983300,"1"
"202726","11","0","07","007","2019","12","18","4","3","1","7","2","0","1","0","0","0","0",795566.81849900004,5825474.39972000010,13.35505720600,52.49913002800,"0"
"202728","11","0","04","004","2019","12","06","4","3","5","7","2","0","1","0","0","1","0",792252.30994399998,5830683.09509999957,13.31094745700,52.54760971400,"0"
"202729","11","0","12","012","2019","12","09","4","3","5","3","0","0","1","0","0","0","0",792211.82789700001,5833720.76267999969,13.31302713800,52.57486300200,"0"
"202732","11","0","06","006","2019","12","08","4","2","5","2","0","1","1","0","0","0","0",792236.76651700004,5816667.46494000033,13.29843092200,52.42197027800,"0"
"202738","11","0","03","003","2019","12","08","4","3","5","3","0","1","1","0","0","0","0",800906.23979100003,5832083.89035999961,13.43945860000,52.55545435600,"0"
"202739","11","0","08","008","2019","12","07","4","3","6","4","2","0","1","1","0","0","0",805535.55998599995,5818566.53273999970,13.49513476600,52.43172853400,"0"
"202743","11","0","03","003","2019","12","23","4","3","8","1","2","0","1","0","0","0","0",802339.39703300002,5840967.59071999975,13.46864300100,52.63428300700,"0"
"202744","11","0","02","002","2019","12","21","3","3","6","4","2","0","1","1","0","0","0",802613.09231900005,5826990.02744999900,13.45992095000,52.50885305200,"0"
"202745","11","0","12","012","2019","12","21","4","3","1","5","2","1","1","0","0","0","0",793100.80109900003,5837640.86383000109,13.32957653100,52.60952629900,"0"
"202746","11","0","04","004","2019","12","15","3","3","5","5","0","0","1","0","0","0","0",791330.22411800001,5826067.20244000014,13.29334315500,52.50672271100,"0"
"202747","11","0","12","012","2019","12","15","3","3","1","7","1","0","1","0","0","0","0",792685.35848099994,5835983.57973000035,13.32199347000,52.59489353800,"0"
"202748","11","0","09","009","2019","12","17","4","3","5","3","2","1","1","0","0","0","0",801690.47656400001,5824865.36294000037,13.44444333700,52.49032042000,"0"
"202749","11","0","01","001","2019","12","13","3","3","5","3","0","1","1","0","0","0","0",793850.56796899997,5830086.20997999981,13.33392183800,52.54139924700,"0"
"202750","11","0","06","006","2019","12","12","3","3","0","6","0","0","1","0","0","0","1",793889.27997999999,5820480.45777000021,13.32601506000,52.45526752500,"0"
"202751","11","0","04","004","2019","12","12","3","3","1","5","0","1","1","0","0","0","0",794383.74694300001,5825697.87937000021,13.33787706500,52.50177288000,"0"
"202752","11","0","08","008","2019","12","21","4","3","3","6","2","1","1","0","0","0","0",801007.06212799996,5819751.58970000036,13.42979506400,52.44486122500,"0"
"202753","11","0","01","001","2019","12","02","3","3","2","7","2","1","1","0","0","0","0",799673.39526699996,5827039.88179000095,13.41678104600,52.51092269000,"1"
"202754","11","0","08","008","2019","12","18","3","2","5","2","2","0","1","0","0","0","0",802025.98247399996,5824301.47205999959,13.44885876100,52.48508069600,"0"
"202755","11","0","01","001","2019","12","21","4","3","5","2","2","0","1","0","0","0","0",796164.12259699998,5832274.72577999998,13.36988842100,52.55976449200,"0"
"202756","11","0","03","003","2019","12","15","3","2","5","2","0","0","1","0","0","0","0",800201.71142499999,5832140.31701000035,13.42914908200,52.55634891600,"0"
"202757","11","0","07","007","2019","12","14","4","3","3","6","0","0","1","0","0","0","0",794951.60464699997,5825651.05614999961,13.34617710100,52.50104649200,"0"
"202758","11","0","11","011","2019","12","11","3","2","6","4","0","0","1","1","0","0","0",809013.44306800002,5834371.02864000015,13.56079278700,52.57141175700,"0"
"202759","11","0","02","002","2019","12","19","2","3","6","7","2","1","0","1","0","0","0",797271.93799500004,5824653.50643999968,13.37936941400,52.49084545300,"0"
"202760","11","0","04","004","2019","12","08","4","3","2","6","0","1","1","0","0","0","0",791908.78777499998,5826103.95292999968,13.30187560500,52.50674291500,"0"
"202761","11","0","10","010","2019","12","16","4","3","5","3","2","0","1","0","0","0","0",811967.27651500003,5829297.11569000036,13.59947097700,52.52425906100,"0"
"202762","11","0","06","006","2019","12","22","2","3","0","3","2","0","0","0","0","0","1",793994.10902600002,5815486.81622999907,13.32316240400,52.41044482200,"0"
"202763","11","0","04","004","2019","12","19","2","3","2","2","2","0","1","0","0","0","0",794097.26362700004,5826438.56477000099,13.33432302600,52.50856720100,"0"
"202764","11","0","06","006","2019","12","18","4","3","0","7","2","0","1","0","0","0","0",794784.89800000004,5818004.45899999980,13.33697305200,52.43258914400,"0"
"202765","11","0","11","011","2019","12","15","4","3","2","6","1","0","1","0","0","0","0",804847.40751699999,5827901.21183000039,13.49357536500,52.51577565800,"0"
"202766","11","0","01","001","2019","12","18","2","3","5","2","2","0","1","0","0","0","0",795898.14363599999,5831931.16170999967,13.36567000200,52.55682938400,"0"
"202767","11","0","01","001","2019","12","18","2","3","6","7","2","1","1","1","0","0","0",799730.60237400001,5827747.76272000000,13.41825908700,52.51723630400,"0"
"202768","11","0","01","001","2019","12","17","2","3","5","3","2","0","1","0","1","0","0",795718.44542500004,5828196.98257999960,13.35970347700,52.52345353300,"0"
"202769","11","0","01","001","2019","12","15","4","3","5","2","0","0","1","0","0","0","0",794907.60246800003,5830231.58925000019,13.34959206500,52.54213139700,"0"
"202770","11","0","03","003","2019","12","17","2","3","2","6","2","0","1","0","0","0","0",802278.09348100005,5829275.94639999978,13.45707705400,52.52952737900,"0"
"202771","11","0","07","007","2019","12","18","4","3","0","7","2","1","0","0","0","0","0",798433.82840100001,5821074.70306000020,13.39322950200,52.45813191700,"1"
"202772","11","0","11","011","2019","12","16","2","3","5","3","2","1","1","0","0","0","0",805846.84728400002,5830095.53775999974,13.51027610700,52.53488234900,"0"
"202773","11","0","10","010","2019","12","16","2","3","2","6","1","0","1","0","1","0","0",809642.63711300003,5825781.83016999904,13.56204641600,52.49408139000,"0"
"202774","11","0","02","002","2019","12","18","4","3","1","5","2","1","1","0","0","0","0",798351.94308300002,5825293.43085000105,13.39580218200,52.49599237200,"1"
"202775","11","0","01","001","2019","12","15","2","3","3","6","0","0","1","1","0","0","0",799498.01899999997,5828344.44900000002,13.41537891700,52.52271245200,"0"
"202776","11","0","01","001","2019","12","14","2","3","1","5","0","1","1","0","0","0","0",797455.18352600001,5827060.27637999970,13.38421021500,52.51231961200,"0"
"202777","11","0","01","001","2019","12","14","2","3","2","2","0","0","1","0","0","0","1",799730.88199999998,5827547.13800000027,13.41808246300,52.51543786500,"0"
"202778","11","0","11","011","2019","12","18","4","2","5","2","2","0","1","0","1","0","0",805189.97096499999,5827912.64838000014,13.49861847700,52.51568658400,"0"
"202779","11","0","01","001","2019","12","14","4","3","2","2","0","1","1","0","0","0","0",797197.67970099999,5827499.89812999964,13.38081955400,52.51640069100,"0"